{
  "implementation": "deepspeed_oneccl",
  "operation": "allreduce",
  "num_ranks": 4,
  "hidden_dim": 2048,
  "seq_len": 4096,
  "batch": 8,
  "tensor_size_mb": 128.0,
  "num_elements": 67108864,
  "mean_time_ms": 55.62707862933166,
  "median_time_ms": 55.61952362768352,
  "min_time_ms": 54.85194083303213,
  "max_time_ms": 57.36148590222001
}