{
  "implementation": "deepspeed_oneccl",
  "operation": "allreduce",
  "num_ranks": 4,
  "hidden_dim": 4096,
  "seq_len": 2048,
  "batch": 8,
  "tensor_size_mb": 128.0,
  "num_elements": 67108864,
  "mean_time_ms": 55.66412642830983,
  "median_time_ms": 55.67116406746209,
  "min_time_ms": 54.4911096803844,
  "max_time_ms": 57.328775990754366
}