{
  "mpi_implementation": "intelmpi",
  "operation": "allgather",
  "num_ranks": 4,
  "tensor_shape": {
    "batch": 32,
    "seq_len": 1,
    "hidden_dim": 4096
  },
  "num_elements": 131072,
  "tensor_size_bytes": 262144,
  "tensor_size_mb": 0.25,
  "dtype": "bfloat16",
  "dtype_note": "Generated as bf16, converted to fp32 for MPI, size reported as bf16",
  "warmup_iterations": 10,
  "measurement_iterations": 100,
  "timing_method": "time.perf_counter()",
  "timings": [
    [
      0.0004141000099480152,
      0.00042496295645833015,
      0.0004230579361319542,
      0.0004277038387954235,
      0.0004278840497136116,
      0.0004216143861413002,
      0.00042883818969130516,
      0.0004204725846648216,
      0.00042709382250905037,
      0.00042168376967310905,
      0.00042212801054120064,
      0.0004186122678220272,
      0.00042230216786265373,
      0.0004250439815223217,
      0.000420999713242054,
      0.00042500486597418785,
      0.00042256806045770645,
      0.00042369822040200233,
      0.0004225960001349449,
      0.00042011402547359467,
      0.00042464863508939743,
      0.00042090192437171936,
      0.0004234542138874531,
      0.00042094290256500244,
      0.00042449403554201126,
      0.0004205130971968174,
      0.0004192572087049484,
      0.00042361626401543617,
      0.0004200548864901066,
      0.0004229019396007061,
      0.00042111892253160477,
      0.0004231231287121773,
      0.000420162919908762,
      0.0004197857342660427,
      0.0004252973012626171,
      0.00042122090235352516,
      0.00042262207716703415,
      0.00042051076889038086,
      0.00042431894689798355,
      0.00041963718831539154,
      0.00042072683572769165,
      0.0004241727292537689,
      0.0004226476885378361,
      0.00042259786278009415,
      0.00042156828567385674,
      0.00042153196409344673,
      0.00042055919766426086,
      0.0004210313782095909,
      0.0004217042587697506,
      0.0004197200760245323,
      0.0004214821383357048,
      0.0004194979555904865,
      0.0004231799393892288,
      0.0004189182072877884,
      0.0004210909828543663,
      0.00041879620403051376,
      0.00042050471529364586,
      0.0004229010082781315,
      0.0004232749342918396,
      0.0004207310266792774,
      0.00041926605626940727,
      0.0004234500229358673,
      0.00041954405605793,
      0.0004196772351861,
      0.00042421137914061546,
      0.0004195072688162327,
      0.00042327214032411575,
      0.0004202430136501789,
      0.0004238281399011612,
      0.00042023416608572006,
      0.00042073288932442665,
      0.00042251497507095337,
      0.0004189503379166126,
      0.0004226788878440857,
      0.00042141182348132133,
      0.0004234421066939831,
      0.00041999807581305504,
      0.00041962089017033577,
      0.0004230169579386711,
      0.00041927676647901535,
      0.000421235803514719,
      0.0004200912080705166,
      0.000423280056566,
      0.0004193149507045746,
      0.00041998783126473427,
      0.00042341137304902077,
      0.00042091403156518936,
      0.00042371684685349464,
      0.00042111193761229515,
      0.0004229247570037842,
      0.00042049819603562355,
      0.0004194900393486023,
      0.00042347609996795654,
      0.00041988957673311234,
      0.0004231971688568592,
      0.00041922787204384804,
      0.0004234849475324154,
      0.00041868677362799644,
      0.00041904719546437263,
      0.00042389193549752235
    ],
    [
      0.00042487122118473053,
      0.0004376024007797241,
      0.0004302128218114376,
      0.00043297093361616135,
      0.00043263286352157593,
      0.00042894110083580017,
      0.0004377951845526695,
      0.0004288116469979286,
      0.0004330999217927456,
      0.00042843911796808243,
      0.00043462682515382767,
      0.00042663002386689186,
      0.00042946217581629753,
      0.0004337928257882595,
      0.00042917998507618904,
      0.0004318789578974247,
      0.00042901886627078056,
      0.00043159211054444313,
      0.0004299231804907322,
      0.00042841630056500435,
      0.0004336661659181118,
      0.00042845821008086205,
      0.0004317648708820343,
      0.0004290379583835602,
      0.00043394602835178375,
      0.0004273168742656708,
      0.0004294300451874733,
      0.0004307669587433338,
      0.00042819976806640625,
      0.00043131597340106964,
      0.0004279189743101597,
      0.00043114088475704193,
      0.00042940862476825714,
      0.0004278849810361862,
      0.00043321307748556137,
      0.0004274039529263973,
      0.0004308507777750492,
      0.0004288707859814167,
      0.0004326789639890194,
      0.00042791198939085007,
      0.0004296586848795414,
      0.00043132202699780464,
      0.00042984215542674065,
      0.0004305131733417511,
      0.0004302072338759899,
      0.00042852526530623436,
      0.000428598839789629,
      0.0004280959255993366,
      0.0004312698729336262,
      0.00042746402323246,
      0.0004300149157643318,
      0.00042633432894945145,
      0.0004322160966694355,
      0.00042726006358861923,
      0.00043322890996932983,
      0.0004276917316019535,
      0.00042849406599998474,
      0.00043247686699032784,
      0.00042749103158712387,
      0.00042686890810728073,
      0.0004271729849278927,
      0.00043251924216747284,
      0.0004262486472725868,
      0.0004269401542842388,
      0.00043314602226018906,
      0.0004274491220712662,
      0.00043169502168893814,
      0.00042903097346425056,
      0.00043170293793082237,
      0.0004263329319655895,
      0.0004288279451429844,
      0.00043044984340667725,
      0.0004284502938389778,
      0.0004293108358979225,
      0.0004298337735235691,
      0.0004307180643081665,
      0.0004279622808098793,
      0.0004268782213330269,
      0.00043064774945378304,
      0.0004263748414814472,
      0.0004297378472983837,
      0.00042777182534337044,
      0.00043070269748568535,
      0.0004266859032213688,
      0.0004284060560166836,
      0.0004308922216296196,
      0.0004303678870201111,
      0.00043197115883231163,
      0.00042791711166501045,
      0.00043012574315071106,
      0.00042930198833346367,
      0.00042807310819625854,
      0.0004321020096540451,
      0.00042779697105288506,
      0.00043077999725937843,
      0.0004275962710380554,
      0.00043264077976346016,
      0.00042762700468301773,
      0.00042794784530997276,
      0.000432073138654232
    ],
    [
      0.00042330427095294,
      0.00043455325067043304,
      0.0004294952377676964,
      0.0004294910468161106,
      0.0004317890852689743,
      0.00042850710451602936,
      0.000435809139162302,
      0.00042859185487031937,
      0.0004315497353672981,
      0.00042812619358301163,
      0.00043247686699032784,
      0.0004259217530488968,
      0.0004286309704184532,
      0.0004326207563281059,
      0.00042868591845035553,
      0.0004302533343434334,
      0.00042746402323246,
      0.0004309453070163727,
      0.0004291301593184471,
      0.0004278901033103466,
      0.0004326608031988144,
      0.0004270053468644619,
      0.0004316391423344612,
      0.0004273708909749985,
      0.0004315134137868881,
      0.00042679207399487495,
      0.000427973922342062,
      0.0004303627647459507,
      0.0004273615777492523,
      0.000430526677519083,
      0.00042720977216959,
      0.00043103937059640884,
      0.00042911898344755173,
      0.00042638927698135376,
      0.0004323599860072136,
      0.0004271389916539192,
      0.00043078092858195305,
      0.0004295189864933491,
      0.0004310482181608677,
      0.000427336897701025,
      0.00042893877252936363,
      0.00043176813051104546,
      0.0004300917498767376,
      0.00043096672743558884,
      0.0004287511110305786,
      0.00042891083285212517,
      0.00042823003605008125,
      0.00042801909148693085,
      0.0004306579940021038,
      0.00042634084820747375,
      0.0004287939518690109,
      0.0004269760102033615,
      0.00043085310608148575,
      0.00042715901508927345,
      0.0004336531274020672,
