{
  "mpi_implementation": "intelmpi",
  "operation": "allreduce",
  "num_ranks": 4,
  "tensor_shape": {
    "batch": 1,
    "seq_len": 1,
    "hidden_dim": 2048
  },
  "num_elements": 2048,
  "tensor_size_bytes": 4096,
  "tensor_size_mb": 0.00390625,
  "dtype": "bfloat16",
  "dtype_note": "Generated as bf16, converted to fp32 for MPI, size reported as bf16",
  "warmup_iterations": 10,
  "measurement_iterations": 100,
  "timing_method": "time.perf_counter()",
  "timings": [
    [
      4.733307287096977e-05,
      4.196399822831154e-05,
      4.035141319036484e-05,
      4.429509863257408e-05,
      4.0012411773204803e-05,
      4.093395546078682e-05,
      4.066014662384987e-05,
      4.297774285078049e-05,
      4.028668627142906e-05,
      4.055211320519447e-05,
      3.823963925242424e-05,
      4.471791908144951e-05,
      4.1492749005556107e-05,
      3.9896927773952484e-05,
      4.032626748085022e-05,
      4.197191447019577e-05,
      3.986107185482979e-05,
      4.022521898150444e-05,
      3.906991332769394e-05,
      4.206458106637001e-05,
      3.988994285464287e-05,
      3.9664097130298615e-05,
      3.928784281015396e-05,
      4.346109926700592e-05,
      3.9822887629270554e-05,
      4.1629187762737274e-05,
      3.818795084953308e-05,
      4.290975630283356e-05,
      4.000309854745865e-05,
      3.929203376173973e-05,
      3.914022818207741e-05,
      4.212604835629463e-05,
      3.944104537367821e-05,
      3.984570503234863e-05,
      3.9523933082818985e-05,
      4.408881068229675e-05,
      3.9777252823114395e-05,
      3.9662234485149384e-05,
      3.842310979962349e-05,
      3.9179809391498566e-05,
      4.041893407702446e-05,
      3.979215398430824e-05,
      3.957608714699745e-05,
      4.258193075656891e-05,
      3.926688805222511e-05,
      4.008505493402481e-05,
      3.978610038757324e-05,
      4.202593117952347e-05,
      4.064291715621948e-05,
      4.038866609334946e-05,
      3.883708268404007e-05,
      4.3194741010665894e-05,
      3.930693492293358e-05,
      4.133908078074455e-05,
      3.88631597161293e-05,
      4.277937114238739e-05,
      4.0085986256599426e-05,
      3.978889435529709e-05,
      3.96212562918663e-05,
      4.268297925591469e-05,
      4.1250139474868774e-05,
      4.0256883949041367e-05,
      3.8255006074905396e-05,
      4.1798222810029984e-05,
      3.936700522899628e-05,
      4.043476656079292e-05,
      3.8929283618927e-05,
      4.187924787402153e-05,
      4.059029743075371e-05,
      4.1179824620485306e-05,
      3.937212750315666e-05,
      4.2662955820560455e-05,
      4.123197868466377e-05,
      4.144897684454918e-05,
      3.8327183574438095e-05,
      4.1528139263391495e-05,
      4.002917557954788e-05,
      4.044594243168831e-05,
      3.963010385632515e-05,
      4.20939177274704e-05,
      3.906991332769394e-05,
      4.0106941014528275e-05,
      3.842776641249657e-05,
      4.180101677775383e-05,
      4.137493669986725e-05,
      0.00012485124170780182,
      4.417402669787407e-05,
      4.339683800935745e-05,
      4.106992855668068e-05,
      3.9283186197280884e-05,
      3.885990008711815e-05,
      4.247482866048813e-05,
      4.0253158658742905e-05,
      4.0331389755010605e-05,
      3.88571061193943e-05,
      4.1309744119644165e-05,
      4.050787538290024e-05,
      3.9972830563783646e-05,
      3.8458965718746185e-05,
      4.2986124753952026e-05
    ],
    [
      4.685996100306511e-05,
      4.1530001908540726e-05,
      4.032580181956291e-05,
      4.4250860810279846e-05,
      3.969436511397362e-05,
      4.070531576871872e-05,
      3.969622775912285e-05,
      4.277285188436508e-05,
      4.0321145206689835e-05,
      4.029693081974983e-05,
      3.786291927099228e-05,
      4.463177174329758e-05,
      4.064897075295448e-05,
      3.963010385632515e-05,
      4.00361604988575e-05,
      4.153186455368996e-05,
      3.9348844438791275e-05,
      4.009576514363289e-05,
      3.921985626220703e-05,
      4.225689917802811e-05,
      3.9264094084501266e-05,
      3.92240472137928e-05,
      3.937212750315666e-05,
      4.315795376896858e-05,
      3.9794016629457474e-05,
      4.119286313652992e-05,
      3.7902966141700745e-05,
      4.296237602829933e-05,
      3.92720103263855e-05,
      3.8743019104003906e-05,
      3.88571061193943e-05,
      4.1915103793144226e-05,
      3.9041973650455475e-05,
      3.950577229261398e-05,
      3.894977271556854e-05,
      4.3421052396297455e-05,
      3.957096487283707e-05,
      3.9439182728528976e-05,
      3.788713365793228e-05,
      3.8596801459789276e-05,
      3.978889435529709e-05,
      3.9448030292987823e-05,
      3.904104232788086e-05,
      4.2250845581293106e-05,
      3.888504579663277e-05,
      4.001474007964134e-05,
      3.916863352060318e-05,
      4.2016152292490005e-05,
      4.008784890174866e-05,
      4.020007327198982e-05,
      3.8679223507642746e-05,
      4.3064355850219727e-05,
      3.944011405110359e-05,
      4.0879007428884506e-05,
      3.881007432937622e-05,
      4.191882908344269e-05,
      3.964593634009361e-05,
      3.949413076043129e-05,
      3.8747210055589676e-05,
      4.24911268055439e-05,
      3.914022818207741e-05,
      4.006410017609596e-05,
      3.814511001110077e-05,
      4.146993160247803e-05,
      3.9185862988233566e-05,
      3.973115235567093e-05,
      3.820238634943962e-05,
      4.169624298810959e-05,
      3.9641279727220535e-05,
      4.078168421983719e-05,
      3.846967592835426e-05,
      4.213489592075348e-05,
      4.085106775164604e-05,
      4.098797217011452e-05,
      3.774184733629227e-05,
      4.098890349268913e-05,
      3.9756763726472855e-05,
      4.006922245025635e-05,
      3.923708572983742e-05,
      4.1954685002565384e-05,
      3.862427547574043e-05,
      3.979075700044632e-05,
      3.7789810448884964e-05,
      4.1182152926921844e-05,
      4.083756357431412e-05,
      0.00012493226677179337,
      4.37968410551548e-05,
      4.270533099770546e-05,
      4.047621041536331e-05,
      3.91458161175251e-05,
      3.819214180111885e-05,
      4.205387085676193e-05,
      3.9754901081323624e-05,
      3.981310874223709e-05,
      3.850692883133888e-05,
      4.080822691321373e-05,
      3.9464328438043594e-05,
      3.9647333323955536e-05,
      3.765011206269264e-05,
      4.221871495246887e-05
    ],
    [
      4.649115726351738e-05,
      4.141591489315033e-05,
      4.02526929974556e-05,
      4.398077726364136e-05,
      3.959285095334053e-05,
      4.103919491171837e-05,
      3.9842911064624786e-05,
      4.307599738240242e-05,
      4.028528928756714e-05,
      4.0215905755758286e-05,
      3.7705060094594955e-05,
      4.4479966163635254e-05,
      4.057725891470909e-05,
      3.989227116107941e-05,
      3.99160198867321e-05,
      4.155607894062996e-05,
      3.958260640501976e-05,
      3.984570503234863e-05,
      3.865314647555351e-05,
      4.171021282672882e-05,
      3.946991637349129e-05,
      3.9517879486083984e-05,
      3.876723349094391e-05,
      4.2933039367198944e-05,
      3.9637088775634766e-05,
      4.1224993765354156e-05,
      3.758398815989494e-05,
      4.2607076466083527e-05,
      3.962405025959015e-05,
      3.875698894262314e-05,
      3.856327384710312e-05,
      4.1667837649583817e-05,
      3.918306902050972e-05,
      3.9789360016584396e-05,
      3.8846395909786224e-05,
      4.330882802605629e-05,
      3.9218924939632416e-05,
      3.9218924939632416e-05,
      3.789924085140228e-05,
      3.845198079943657e-05,
      4.000216722488403e-05,
      3.989366814494133e-05,
      3.873975947499275e-05,
      4.194164648652077e-05,
      3.88389453291893e-05,
      3.961287438869476e-05,
      3.885384649038315e-05,
      4.199612885713577e-05,
      4.006410017609596e-05,
      4.005618393421173e-05,
      3.8294121623039246e-05,
      4.312489181756973e-05,
      3.888178616762161e-05,
      4.124315455555916e-05,
      3.825780004262924e-05,
      4.1931867599487305e-05,
