{
  "mpi_implementation": "intelmpi",
  "operation": "reduce",
  "num_ranks": 4,
  "tensor_shape": {
    "batch": 16,
    "seq_len": 4096,
    "hidden_dim": 4096
  },
  "num_elements": 268435456,
  "tensor_size_bytes": 536870912,
  "tensor_size_mb": 512.0,
  "dtype": "bfloat16",
  "dtype_note": "Generated as bf16, converted to fp32 for MPI, size reported as bf16",
  "warmup_iterations": 10,
  "measurement_iterations": 100,
  "timing_method": "time.perf_counter()",
  "timings": [
    [
      4.9202925600111485,
      4.899240485392511,
      4.901634565088898,
      4.897945682052523,
      4.9173322902061045,
      4.901659247931093,
      4.900309111922979,
      4.896228332072496,
      4.912388198077679,
      4.897429835051298,
      4.899676064029336,
      4.8993332288227975,
      4.914511368144304,
      4.896473257802427,
      4.9025536379776895,
      4.8981206440366805,
      4.913180746138096,
      4.903416823130101,
      4.9005008530803025,
      4.900892861653119,
      4.911707814782858,
      4.906653417740017,
      4.90689049474895,
      4.9043802809901536,
      4.917321650311351,
      4.903248432092369,
      4.908840348012745,
      4.907622357830405,
      4.9159411997534335,
      4.9179901429452,
      4.901804312132299,
      4.905997170135379,
      4.919804548844695,
      4.9010808458551764,
      4.9015695117414,
      4.903376990929246,
      4.916659944690764,
      4.904960978310555,
      4.9025359391234815,
      4.9069043677300215,
      4.907557719852775,
      4.915558949112892,
      4.907100143842399,
      4.903375032823533,
      4.908234651200473,
      4.9179861675947905,
      4.9007571609690785,
      4.90508086187765,
      4.906253394205123,
      4.915738339070231,
      4.904426448047161,
      4.904451919719577,
      4.905420807190239,
      4.922765028197318,
      4.902104022912681,
      4.90387390833348,
      4.904904908966273,
      4.913401084020734,
      4.900487063918263,
      4.909342657774687,
      4.902168094646186,
      4.9188683168031275,
      4.901556469034404,
      4.907679040916264,
      4.912003207020462,
      4.920526889152825,
      4.905752609949559,
      4.90706120012328,
      4.905812576878816,
      4.911357700359076,
      4.903043372090906,
      4.907040835823864,
      4.901349027175456,
      4.913429022300988,
      4.905515343416482,
      4.906462109647691,
      4.901569875888526,
      4.912072722800076,
      4.902464004699141,
      4.902309122029692,
      4.900983312167227,
      4.913743300829083,
      4.900014957878739,
      4.9071638328023255,
      4.9030775860883296,
      4.9102629399858415,
      4.90104291215539,
      4.89832618413493,
      4.89956553792581,
      4.902293331921101,
      4.9209349802695215,
      4.902703944593668,
      4.906726883258671,
      4.904377223923802,
      4.912852447014302,
      4.903792242985219,
      4.905567925889045,
      4.901221402920783,
      4.917996918782592,
      4.9144880110397935
    ],
    [
      4.08154125418514,
      4.0598522196523845,
      4.062835294753313,
      4.059488808736205,
      4.076464645098895,
      4.059088304638863,
      4.0650850920937955,
      4.0645029717125,
      4.068404995370656,
      4.0572566906921566,
      4.063976374920458,
      4.060931094922125,
      4.0759397582151,
      4.060199263971299,
      4.06383208790794,
      4.062833521980792,
      4.0813476042822,
      4.066395801957697,
      4.066579426173121,
      4.064640583936125,
      4.075829762965441,
      4.065894712228328,
      4.069047841243446,
      4.062398547772318,
      4.074166745413095,
      4.066008036956191,
      4.0681337043643,
      4.069133291020989,
      4.075627459678799,
      4.081895619165152,
      4.062013344839215,
      4.069629560224712,
      4.068716978188604,
      4.060785777401179,
      4.060639055911452,
      4.059803133830428,
      4.060126664116979,
      4.06879864493385,
      4.06745107518509,
      4.0702602453529835,
      4.06839628983289,
      4.078528740908951,
      4.065500821918249,
      4.069123762194067,
      4.063439147081226,
      4.081687731202692,
      4.062653590925038,
      4.07023934694007,
      4.068538278806955,
      4.080958736129105,
      4.066426027100533,
      4.06359687494114,
      4.067421713843942,
      4.084245695266873,
      4.062666343059391,
      4.0633264519274235,
      4.06640752684325,
      4.082990637049079,
      4.061589795630425,
      4.071711604017764,
      4.063848054967821,
      4.080983566120267,
      4.065034790895879,
      4.0701052416116,
      4.067074855323881,
      4.082540923263878,
      4.062411965802312,
      4.066874450072646,
      4.069550075568259,
      4.082693829201162,
      4.063740790355951,
      4.066653974819928,
      4.063641760032624,
      4.075894420966506,
      4.067015844862908,
      4.064413754735142,
      4.061290001962334,
      4.067661785054952,
      4.063776479102671,
      4.059157222975045,
      4.062669388949871,
      4.0674488241784275,
      4.062309817876667,
      4.065954627934843,
      4.062717275228351,
      4.062344501260668,
      4.064059738069773,
      4.060262610204518,
      4.0626694210805,
      4.058923590928316,
      4.081015065778047,
      4.064835781231523,
      4.070104364305735,
      4.0625677620992064,
      4.075256810057908,
      4.0646128710359335,
      4.064314927905798,
      4.0628570090048015,
      4.0768254161812365,
      4.0680708242580295
    ],
    [
      4.072035064920783,
      4.053557057864964,
      4.056362980045378,
      4.053520122077316,
      4.071986733004451,
      4.05127061298117,
      4.058663582894951,
      4.052381383720785,
      4.068134920205921,
      4.0474194679409266,
      4.054061469621956,
      4.052943204995245,
      4.067760077305138,
      4.052170039154589,
      4.059492886066437,
      4.049324335996062,
      4.068682849872857,
      4.058343747165054,
      4.054565021302551,
      4.056336842942983,
      4.063563478179276,
      4.059881574008614,
      4.062517332844436,
      4.055775310844183,
      4.0700593469664454,
      4.057913284748793,
      4.062195340171456,
      4.060988679062575,
      4.0713507710024714,
      4.073163476772606,
      4.053318388294429,
      4.058975973166525,
      4.061508909799159,
      4.054198805708438,
      4.056282332167029,
      4.055523920804262,
      4.054406607057899,
      4.060387972276658,
      4.056959175970405,
      4.061817314941436,
      4.059813285712153,
      4.069928372744471,
      4.057756993919611,
      4.060504878871143,
      4.058191417250782,
      4.073310027830303,
      4.052837071940303,
      4.059851494152099,
      4.059902401641011,
      4.070601929910481,
      4.057806758675724,
      4.056901638861746,
      4.061486796010286,
      4.07777097588405,
      4.0561371562071145,
      4.056835691910237,
      4.06017838511616,
      4.066695412155241,
      4.0548406252637506,
      4.065474088769406,
      4.055207390803844,
      4.0724114696495235,
      4.053968971129507,
      4.061738797929138,
      4.065266918856651,
      4.076159637887031,
      4.055546641815454,
      4.060820701066405,
      4.060981282033026,
      4.066742276307195,
      4.0576577191241086,
      4.060644214041531,
      4.055454272776842,
      4.067815027199686,
      4.0586733422242105,
      4.055343993008137,
      4.054796466138214,
      4.063206440769136,
      4.055955782067031,
      4.052415663842112,
      4.054474571719766,
      4.05779523588717,
      4.053370535373688,
      4.058117731940001,
      4.054222247097641,
      4.051925020758063,
      4.053972609806806,
      4.051750097889453,
      4.0543605904094875,
      4.051104991231114,
      4.07431125594303,
      4.054952536243945,
      4.059968669898808,
      4.054647260345519,
      4.067235102877021,
      4.055664957035333,
      4.057828946039081,
      4.056704345159233,
      4.071378930937499,
