{
  "mpi_implementation": "intelmpi",
  "operation": "broadcast",
  "num_ranks": 4,
  "tensor_shape": {
    "batch": 1,
    "seq_len": 1,
    "hidden_dim": 4096
  },
  "num_elements": 4096,
  "tensor_size_bytes": 8192,
  "tensor_size_mb": 0.0078125,
  "dtype": "bfloat16",
  "dtype_note": "Generated as bf16, converted to fp32 for MPI, size reported as bf16",
  "warmup_iterations": 10,
  "measurement_iterations": 100,
  "timing_method": "time.perf_counter()",
  "timings": [
    [
      6.511807441711426e-06,
      5.361158400774002e-06,
      5.424022674560547e-06,
      5.027744919061661e-06,
      5.342066287994385e-06,
      4.803761839866638e-06,
      4.964414983987808e-06,
      4.950910806655884e-06,
      6.47176057100296e-06,
      4.9602240324020386e-06,
      4.999805241823196e-06,
      4.931353032588959e-06,
      4.90434467792511e-06,
      5.076173692941666e-06,
      5.008187144994736e-06,
      6.079208105802536e-06,
      5.302950739860535e-06,
      5.175825208425522e-06,
      5.045905709266663e-06,
      5.532987415790558e-06,
      5.144160240888596e-06,
      4.719942808151245e-06,
      2.130866050720215e-06,
      2.3301690816879272e-06,
      2.00001522898674e-06,
      2.614688128232956e-06,
      2.074986696243286e-06,
      1.9920989871025085e-06,
      2.0489096641540527e-06,
      2.229120582342148e-06,
      2.2063031792640686e-06,
      2.1979212760925293e-06,
      2.0256265997886658e-06,
      2.105720341205597e-06,
      2.1937303245067596e-06,
      2.0191073417663574e-06,
      2.0740553736686707e-06,
      1.8640421330928802e-06,
      2.0191073417663574e-06,
      2.089887857437134e-06,
      2.085696905851364e-06,
      2.0959414541721344e-06,
      2.069864422082901e-06,
      2.0568259060382843e-06,
      2.2030435502529144e-06,
      1.9408762454986572e-06,
      2.125278115272522e-06,
      1.8123537302017212e-06,
      1.948792487382889e-06,
      2.282671630382538e-06,
      1.967884600162506e-06,
      2.010725438594818e-06,
      2.17510387301445e-06,
      2.345070242881775e-06,
      2.010725438594818e-06,
      1.816079020500183e-06,
      2.1383166313171387e-06,
      1.982320100069046e-06,
      2.151820808649063e-06,
      2.0829029381275177e-06,
      2.0656734704971313e-06,
      2.2370368242263794e-06,
      2.0498409867286682e-06,
      2.055894583463669e-06,
      2.162996679544449e-06,
      2.093147486448288e-06,
      1.994892954826355e-06,
      2.017710357904434e-06,
      2.1569430828094482e-06,
      2.0228326320648193e-06,
      2.0549632608890533e-06,
      2.1709129214286804e-06,
      2.0172446966171265e-06,
      2.023298293352127e-06,
      2.040993422269821e-06,
      1.9781291484832764e-06,
      2.076849341392517e-06,
      2.1080486476421356e-06,
      1.8961727619171143e-06,
      2.1811574697494507e-06,
      2.1033920347690582e-06,
      1.9599683582782745e-06,
      2.0670704543590546e-06,
      2.035871148109436e-06,
      2.0260922610759735e-06,
      2.239830791950226e-06,
      2.073124051094055e-06,
      1.9511207938194275e-06,
      2.0791776478290558e-06,
      2.1248124539852142e-06,
      2.127140760421753e-06,
      2.1760351955890656e-06,
      1.9907020032405853e-06,
      2.4349428713321686e-06,
      2.069864422082901e-06,
      2.2030435502529144e-06,
      2.326909452676773e-06,
      2.4172477424144745e-06,
      2.1685846149921417e-06,
      2.1886080503463745e-06
    ],
    [
      1.0692980140447617e-05,
      8.9230015873909e-06,
      9.588897228240967e-06,
      8.795876055955887e-06,
      1.124618574976921e-05,
      8.699018508195877e-06,
      9.089242666959763e-06,
      9.634997695684433e-06,
      1.0128598660230637e-05,
      9.607989341020584e-06,
      9.345822036266327e-06,
      8.573289960622787e-06,
      9.574927389621735e-06,
      8.802860975265503e-06,
      9.105075150728226e-06,
      9.743031114339828e-06,
      1.0175630450248718e-05,
      1.0026618838310242e-05,
      9.829644113779068e-06,
      9.913928806781769e-06,
      9.147915989160538e-06,
      8.26176255941391e-06,
      3.992114216089249e-06,
      4.2780302464962006e-06,
      3.883615136146545e-06,
      4.55416738986969e-06,
      4.0335580706596375e-06,
      3.9031729102134705e-06,
      3.963243216276169e-06,
      4.134140908718109e-06,
      4.104338586330414e-06,
      4.200264811515808e-06,
      3.981869667768478e-06,
      4.041939973831177e-06,
      4.144851118326187e-06,
      4.109926521778107e-06,
      4.013068974018097e-06,
      3.872904926538467e-06,
      3.958120942115784e-06,
      4.080124199390411e-06,
      4.038680344820023e-06,
      4.047062247991562e-06,
      4.009809345006943e-06,
      3.97535040974617e-06,
      4.013068974018097e-06,
      3.919936716556549e-06,
      3.9869919419288635e-06,
      3.827735781669617e-06,
      3.876164555549622e-06,
      4.192814230918884e-06,
      3.848690539598465e-06,
      3.970228135585785e-06,
      4.013068974018097e-06,
      4.1960738599300385e-06,
      3.958120942115784e-06,
      3.7099234759807587e-06,
      4.0531158447265625e-06,
      3.939028829336166e-06,
      4.110857844352722e-06,
      4.0209852159023285e-06,
      4.0209852159023285e-06,
      4.193279892206192e-06,
      3.952067345380783e-06,
      4.03914600610733e-06,
      4.081986844539642e-06,
      4.035886377096176e-06,
      3.932975232601166e-06,
      3.930181264877319e-06,
      4.103872925043106e-06,
      3.98978590965271e-06,
      3.959052264690399e-06,
      4.122965037822723e-06,
      3.9208680391311646e-06,
      3.919005393981934e-06,
      4.023779183626175e-06,
      4.036817699670792e-06,
      4.011671990156174e-06,
      4.083849489688873e-06,
      3.898981958627701e-06,
      3.967899829149246e-06,
      4.065223038196564e-06,
      3.940891474485397e-06,
      4.005152732133865e-06,
      4.001893103122711e-06,
      4.037749022245407e-06,
      4.0619634091854095e-06,
      4.0209852159023285e-06,
      3.9371661841869354e-06,
      3.96091490983963e-06,
      4.005152732133865e-06,
      4.134140908718109e-06,
      4.073139280080795e-06,
      3.962777554988861e-06,
      4.348810762166977e-06,
      4.015862941741943e-06,
      4.1262246668338776e-06,
      4.2137689888477325e-06,
      4.321802407503128e-06,
      4.108063876628876e-06,
      4.0871091187000275e-06
    ],
    [
      1.0644085705280304e-05,
      8.993782103061676e-06,
      9.9940225481987e-06,
      9.82917845249176e-06,
      1.0753050446510315e-05,
      9.357929229736328e-06,
      9.668059647083282e-06,
      8.789822459220886e-06,
      1.0204967111349106e-05,
      1.0231975466012955e-05,
      9.291339665651321e-06,
      9.309966117143631e-06,
      9.465962648391724e-06,
      9.424984455108643e-06,
      9.058043360710144e-06,
      1.0380055755376816e-05,
      8.999835699796677e-06,
      9.441282600164413e-06,
      1.002894714474678e-05,
      1.0936986654996872e-05,
      8.816830813884735e-06,
      9.11019742488861e-06,
      4.030764102935791e-06,
      4.298985004425049e-06,
      3.9138831198215485e-06,
      4.53973188996315e-06,
      4.0209852159023285e-06,
      3.883149474859238e-06,
      3.983732312917709e-06,
      4.103872925043106e-06,
      4.102010279893875e-06,
      4.190951585769653e-06,
      3.9529986679553986e-06,
      4.068948328495026e-06,
      4.12575900554657e-06,
      4.0209852159023285e-06,
      3.96091490983963e-06,
      3.803987056016922e-06,
      3.926455974578857e-06,
      3.990251570940018e-06,
      4.0433369576931e-06,
      4.025176167488098e-06,
      3.981869667768478e-06,
      3.951136022806168e-06,
      3.948807716369629e-06,
      3.927852958440781e-06,
      4.017725586891174e-06,
      3.7779100239276886e-06,
      3.909692168235779e-06,
      4.147179424762726e-06,
      3.899913281202316e-06,
      3.912951797246933e-06,
      3.999099135398865e-06,
      4.189088940620422e-06,
      3.899913281202316e-06,
      3.705732524394989e-06,
