{
  "mpi_implementation": "intelmpi",
  "operation": "reduce",
  "num_ranks": 4,
  "tensor_shape": {
    "batch": 32,
    "seq_len": 4096,
    "hidden_dim": 2048
  },
  "num_elements": 268435456,
  "tensor_size_bytes": 536870912,
  "tensor_size_mb": 512.0,
  "dtype": "bfloat16",
  "dtype_note": "Generated as bf16, converted to fp32 for MPI, size reported as bf16",
  "warmup_iterations": 10,
  "measurement_iterations": 100,
  "timing_method": "time.perf_counter()",
  "timings": [
    [
      4.905343431048095,
      4.912195320241153,
      4.901509393937886,
      4.927996483631432,
      4.90544515196234,
      4.904668767936528,
      4.904889111872762,
      4.925459057092667,
      4.905195557978004,
      4.905546683818102,
      4.906221617944539,
      4.921729613095522,
      4.90454511390999,
      4.906038693152368,
      4.903187943156809,
      4.918451853096485,
      4.9020174578763545,
      4.908559683710337,
      4.904838889371604,
      4.908047962002456,
      4.9066873961128294,
      4.911206764169037,
      4.90632017981261,
      4.922997076995671,
      4.908958970569074,
      4.90876292809844,
      4.905287756118923,
      4.935771209187806,
      4.905725160147995,
      4.906498192809522,
      4.902570246253163,
      4.915473050903529,
      4.916033369954675,
      4.9092273991554976,
      4.9101430722512305,
      4.923681577667594,
      4.9060882441699505,
      4.9073338392190635,
      4.9114917032420635,
      4.914283358026296,
      4.906854789238423,
      4.903384965844452,
      4.90537041798234,
      4.907276285812259,
      4.924547651782632,
      4.908783509861678,
      4.903424163814634,
      4.902365178335458,
      4.914720022119582,
      4.90379339735955,
      4.909788890276104,
      4.902384728193283,
      4.918836547061801,
      4.898717002943158,
      4.90423964522779,
      4.904349206015468,
      4.919721982907504,
      4.905735305976123,
      4.908139736391604,
      4.910124104935676,
      4.913048463873565,
      4.926066752988845,
      4.908922418020666,
      4.907978896051645,
      4.90755997505039,
      4.922876969911158,
      4.908216513227671,
      4.910600029863417,
      4.911108806263655,
      4.918430836871266,
      4.909716962836683,
      4.910888621583581,
      4.91017286805436,
      4.921311083715409,
      4.908136954996735,
      4.907482805196196,
      4.904890414793044,
      4.919714697171003,
      4.906865027733147,
      4.910833945032209,
      4.905372775159776,
      4.925957581028342,
      4.909212019760162,
      4.90644844295457,
      4.911027720198035,
      4.915367266628891,
      4.916246780194342,
      4.907272610347718,
      4.9261817070655525,
      4.910830672830343,
      4.91727843368426,
      4.909968113061041,
      4.913884320296347,
      4.910519422963262,
      4.920732364989817,
      4.91207687696442,
      4.912716654129326,
      4.90779297426343,
      4.9263314618729055,
      4.919473692774773
    ],
    [
      4.068516401108354,
      4.072665260639042,
      4.068402762990445,
      4.085238263942301,
      4.069337848108262,
      4.058926817961037,
      4.0690399669110775,
      4.0857256930321455,
      4.063135418109596,
      4.065402391832322,
      4.061957340221852,
      4.082108864095062,
      4.064513227902353,
      4.0682069677859545,
      4.067728532943875,
      4.075564200989902,
      4.062246480956674,
      4.069764230865985,
      4.064951768144965,
      4.070363074075431,
      4.066241267137229,
      4.070146434940398,
      4.064377347938716,
      4.081050871871412,
      4.06747448630631,
      4.0678113219328225,
      4.067761607002467,
      4.101034179795533,
      4.072672490030527,
      4.063149107154459,
      4.06536273797974,
      4.071422080043703,
      4.067682464141399,
      4.067504561971873,
      4.066250908654183,
      4.071658671833575,
      4.066421066876501,
      4.0709322658367455,
      4.070537484250963,
      4.0700775240547955,
      4.068091853987426,
      4.065608432982117,
      4.065637147985399,
      4.0711770337074995,
      4.0833991202525795,
      4.070258795283735,
      4.060339828021824,
      4.062065048143268,
      4.0783400209620595,
      4.065265899989754,
      4.071671096142381,
      4.061877973377705,
      4.080832725390792,
      4.058158027939498,
      4.061485678888857,
      4.065531978849322,
      4.081642326898873,
      4.068949379958212,
      4.071547652129084,
      4.07429708680138,
      4.0754736959934235,
      4.088493870105594,
      4.070391320157796,
      4.071562649216503,
      4.067288431804627,
      4.0856744190678,
      4.0715719922445714,
      4.07044965820387,
      4.076189787127078,
      4.078836522065103,
      4.072673676069826,
      4.071299184113741,
      4.073337662965059,
      4.077525406144559,
      4.069506729021668,
      4.069511519279331,
      4.064645750913769,
      4.064959449227899,
      4.069392036180943,
      4.065684197936207,
      4.066401306074113,
      4.069888205267489,
      4.066848549991846,
      4.068917250726372,
      4.071038308087736,
      4.075178479775786,
      4.078661778010428,
      4.064833060838282,
      4.0868810140527785,
      4.0707823545672,
      4.076010785996914,
      4.0738500859588385,
      4.075487924739718,
      4.072856435086578,
      4.083453636150807,
      4.0707246800884604,
      4.072526819072664,
      4.070319744292647,
      4.087682837154716,
      4.076049097813666
    ],
    [
      4.0608237269334495,
      4.066527592018247,
      4.0644256179220974,
      4.080705303698778,
      4.062942777294666,
      4.061940325889736,
      4.058716817758977,
      4.079504300374538,
      4.059200453106314,
      4.059101505205035,
      4.060089055914432,
      4.075650865212083,
      4.057903693057597,
      4.062154985032976,
      4.059215292800218,
      4.070915633812547,
      4.055897687096149,
      4.0614897990599275,
      4.05877890996635,
      4.059934659861028,
      4.0598405208438635,
      4.0661940556019545,
      4.061833753716201,
      4.0750651359558105,
      4.061383759137243,
      4.062014415394515,
      4.059772489126772,
      4.092769308947027,
      4.062371243722737,
      4.056633735075593,
      4.056878762785345,
      4.065102273132652,
      4.069394959136844,
      4.063276224769652,
      4.061308044940233,
      4.063467415049672,
      4.0599490837194026,
      4.062389364931732,
      4.064058308023959,
      4.061812394764274,
      4.059717649128288,
      4.057103268802166,
      4.0572144370526075,
      4.064588401000947,
      4.076948066242039,
      4.061576945241541,
      4.061694473959506,
      4.053466716315597,
      4.07019801158458,
      4.059336674865335,
      4.065277190878987,
      4.053044744301587,
      4.074495121836662,
      4.049096224829555,
      4.054931364022195,
      4.059151808265597,
      4.073061611037701,
      4.060419832821935,
      4.060976883862168,
      4.065467280801386,
      4.067246537189931,
      4.080060207284987,
      4.061997355893254,
      4.061680451966822,
      4.060891663189977,
      4.077623611781746,
      4.063053021673113,
      4.063831374049187,
      4.067806610837579,
      4.070296306628734,
      4.066283720079809,
      4.063591259997338,
      4.063572749961168,
      4.07402438391,
      4.0630182842724025,
      4.060974443331361,
      4.056888766121119,
      4.063553797081113,
      4.063126831781119,
      4.06399277318269,
      4.059989126864821,
      4.064041757956147,
      4.062380485236645,
      4.060521023813635,
      4.06242225272581,
      4.066587049048394,
      4.070196101907641,
      4.0582762458361685,
      4.080201022326946,
      4.0642427508719265,
      4.0694486778229475,
      4.063617203850299,
      4.069135680329055,
      4.064207743853331,
      4.074897752143443,
      4.06437326176092,
      4.066205132752657,
      4.061667151283473,
      4.079191769938916,
