{
  "mpi_implementation": "intelmpi",
  "operation": "gather",
  "num_ranks": 4,
  "tensor_shape": {
    "batch": 8,
    "seq_len": 1,
    "hidden_dim": 4096
  },
  "num_elements": 32768,
  "tensor_size_bytes": 65536,
  "tensor_size_mb": 0.0625,
  "dtype": "bfloat16",
  "dtype_note": "Generated as bf16, converted to fp32 for MPI, size reported as bf16",
  "warmup_iterations": 10,
  "measurement_iterations": 100,
  "timing_method": "time.perf_counter()",
  "timings": [
    [
      9.533576667308807e-05,
      9.266100823879242e-05,
      8.917180821299553e-05,
      8.777901530265808e-05,
      9.59089957177639e-05,
      9.08002257347107e-05,
      8.429680019617081e-05,
      8.680671453475952e-05,
      9.019486606121063e-05,
      8.884677663445473e-05,
      8.384604007005692e-05,
      8.268188685178757e-05,
      8.414313197135925e-05,
      8.539808914065361e-05,
      9.093619883060455e-05,
      9.798631072044373e-05,
      9.66251827776432e-05,
      8.49640928208828e-05,
      8.44588503241539e-05,
      8.497340604662895e-05,
      9.020324796438217e-05,
      8.817296475172043e-05,
      8.304929360747337e-05,
      8.291099220514297e-05,
      8.292216807603836e-05,
      8.51210206747055e-05,
      8.959230035543442e-05,
      9.780097752809525e-05,
      8.544791489839554e-05,
      8.325185626745224e-05,
      8.343299850821495e-05,
      8.50181095302105e-05,
      8.887099102139473e-05,
      8.825305849313736e-05,
      8.215801790356636e-05,
      8.352892473340034e-05,
      8.31708312034607e-05,
      8.636293932795525e-05,
      0.00010218191891908646,
      9.004492312669754e-05,
      8.413707837462425e-05,
      8.356431499123573e-05,
      8.398806676268578e-05,
      8.358992636203766e-05,
      8.940417319536209e-05,
      8.549494668841362e-05,
      8.170679211616516e-05,
      8.061481639742851e-05,
      8.077779784798622e-05,
      8.374685421586037e-05,
      9.52770933508873e-05,
      8.76961275935173e-05,
      8.099712431430817e-05,
      8.082529529929161e-05,
      8.193682879209518e-05,
      8.336175233125687e-05,
      8.761370554566383e-05,
      8.599460124969482e-05,
      8.105812594294548e-05,
      8.097803220152855e-05,
      8.192099630832672e-05,
      8.308002725243568e-05,
      0.00010102987289428711,
      8.652359247207642e-05,
      8.180085569620132e-05,
      8.12401995062828e-05,
      8.021295070648193e-05,
      8.362671360373497e-05,
      8.754106238484383e-05,
      8.476432412862778e-05,
      8.066091686487198e-05,
      8.155312389135361e-05,
      8.065486326813698e-05,
      9.505636990070343e-05,
      8.973898366093636e-05,
      8.636992424726486e-05,
      7.997686043381691e-05,
      8.092308416962624e-05,
      8.114799857139587e-05,
      8.337479084730148e-05,
      8.652079850435257e-05,
      8.543208241462708e-05,
      7.970724254846573e-05,
      7.904227823019028e-05,
      8.118711411952972e-05,
      9.67630185186863e-05,
      8.9254230260849e-05,
      8.586794137954712e-05,
      8.106091991066933e-05,
      7.701991125941277e-05,
      7.709581404924393e-05,
      7.865019142627716e-05,
      8.314196020364761e-05,
      8.178595453500748e-05,
      7.641082629561424e-05,
      7.656775414943695e-05,
      7.812771946191788e-05,
      9.26838256418705e-05,
      8.535990491509438e-05,
      8.100690320134163e-05
    ],
    [
      2.6288442313671112e-05,
      2.4814624339342117e-05,
      2.917042002081871e-05,
      2.8625130653381348e-05,
      2.9633287340402603e-05,
      3.282399848103523e-05,
      3.0318275094032288e-05,
      2.7508940547704697e-05,
      2.8801150619983673e-05,
      2.8718262910842896e-05,
      2.9443297535181046e-05,
      2.8809066861867905e-05,
      2.860603854060173e-05,
      2.7603935450315475e-05,
      2.494780346751213e-05,
      2.8180889785289764e-05,
      3.311922773718834e-05,
      2.961931750178337e-05,
      3.0671246349811554e-05,
      2.6965979486703873e-05,
      2.817530184984207e-05,
      2.8527341783046722e-05,
      2.9175076633691788e-05,
      2.8546899557113647e-05,
      2.8617680072784424e-05,
      2.7107074856758118e-05,
      2.822279930114746e-05,
      3.126077353954315e-05,
      3.0623748898506165e-05,
      2.9280781745910645e-05,
      2.95969657599926e-05,
      2.6910100132226944e-05,
      2.8347130864858627e-05,
      2.8573907911777496e-05,
      2.9433052986860275e-05,
      2.8098933398723602e-05,
      2.4751294404268265e-05,
      2.7768313884735107e-05,
      2.8422102332115173e-05,
      2.938276156783104e-05,
      3.147730603814125e-05,
      2.8635840862989426e-05,
      2.9816292226314545e-05,
      2.6691239327192307e-05,
      2.749590203166008e-05,
      2.8681010007858276e-05,
      2.8848648071289062e-05,
      2.778833732008934e-05,
      2.8925947844982147e-05,
      2.6034656912088394e-05,
      3.0288007110357285e-05,
      2.968311309814453e-05,
      2.9055867344141006e-05,
      2.7972739189863205e-05,
      2.9120128601789474e-05,
      2.596527338027954e-05,
      2.4116598069667816e-05,
      2.7745962142944336e-05,
      2.8747133910655975e-05,
      2.7960631996393204e-05,
      2.863910049200058e-05,
      2.626189962029457e-05,
      3.761379048228264e-05,
      2.836482599377632e-05,
      2.9332004487514496e-05,
      2.8786715120077133e-05,
      2.7939211577177048e-05,
      2.6321038603782654e-05,
      2.846168354153633e-05,
      2.781720831990242e-05,
      2.867402508854866e-05,
      2.8246082365512848e-05,
      2.7789734303951263e-05,
      2.596108242869377e-05,
      2.4244654923677444e-05,
      2.8851907700300217e-05,
      2.789730206131935e-05,
      2.8044916689395905e-05,
      2.8856098651885986e-05,
      2.5996007025241852e-05,
      2.8469134122133255e-05,
      2.759695053100586e-05,
      2.8518028557300568e-05,
      2.792617306113243e-05,
      2.9165763407945633e-05,
      2.5890301913022995e-05,
      2.9022805392742157e-05,
      2.967286854982376e-05,
      2.9040034860372543e-05,
      2.645188942551613e-05,
      2.7529895305633545e-05,
      2.5155022740364075e-05,
      2.6487745344638824e-05,
      2.4249311536550522e-05,
      2.6232562959194183e-05,
      2.631591632962227e-05,
      2.781907096505165e-05,
      2.5272835046052933e-05,
      2.7724076062440872e-05,
      2.7074944227933884e-05
    ],
    [
      2.5877263396978378e-05,
      2.8139911592006683e-05,
      3.0155759304761887e-05,
      2.8960872441530228e-05,
      2.88388691842556e-05,
      3.3834949135780334e-05,
      2.9653776437044144e-05,
      2.8420239686965942e-05,
      2.987310290336609e-05,
      2.8610695153474808e-05,
      2.967938780784607e-05,
      2.9379036277532578e-05,
      2.9715709388256073e-05,
      2.7141999453306198e-05,
      2.609100192785263e-05,
      2.8413720428943634e-05,
      3.360724076628685e-05,
      2.9789283871650696e-05,
      2.939719706773758e-05,
      2.7888920158147812e-05,
      2.942606806755066e-05,
      2.9066111892461777e-05,
      2.797180786728859e-05,
      2.898508682847023e-05,
      2.9399991035461426e-05,
      2.76113860309124e-05,
      2.921605482697487e-05,
      3.258092328906059e-05,
      2.580275759100914e-05,
      2.8514768928289413e-05,
      2.9207207262516022e-05,
      2.7773436158895493e-05,
      2.9026996344327927e-05,
      2.8877053409814835e-05,
      2.8274022042751312e-05,
      2.8806738555431366e-05,
      2.992618829011917e-05,
      2.8448645025491714e-05,
      2.9305927455425262e-05,
      2.9865186661481857e-05,
      2.8796028345823288e-05,
      2.942793071269989e-05,
      2.8728973120450974e-05,
      2.7224887162446976e-05,
      2.453988417983055e-05,
      2.7540139853954315e-05,
      2.7928967028856277e-05,
      2.8362032026052475e-05,
      2.824980765581131e-05,
      2.736598253250122e-05,
      2.8292648494243622e-05,
      3.0359718948602676e-05,
      2.8036069124937057e-05,
      2.8780195862054825e-05,
      2.8152018785476685e-05,
