{
  "mpi_implementation": "intelmpi",
  "operation": "reduce",
  "num_ranks": 4,
  "tensor_shape": {
    "batch": 1,
    "seq_len": 4096,
    "hidden_dim": 2048
  },
  "num_elements": 8388608,
  "tensor_size_bytes": 16777216,
  "tensor_size_mb": 16.0,
  "dtype": "bfloat16",
  "dtype_note": "Generated as bf16, converted to fp32 for MPI, size reported as bf16",
  "warmup_iterations": 10,
  "measurement_iterations": 100,
  "timing_method": "time.perf_counter()",
  "timings": [
    [
      0.14391294168308377,
      0.1430559540167451,
      0.14282653713598847,
      0.14308081613853574,
      0.14277646830305457,
      0.14311511628329754,
      0.1429657181724906,
      0.14335820404812694,
      0.14276918163523078,
      0.14309672778472304,
      0.14316978584975004,
      0.14295486407354474,
      0.14304832555353642,
      0.14307714765891433,
      0.1442998223938048,
      0.14297583186998963,
      0.14305713027715683,
      0.1428948948159814,
      0.1429158542305231,
      0.14324874570593238,
      0.14306195406243205,
      0.14305952889844775,
      0.14295531902462244,
      0.14310157811269164,
      0.1431197989732027,
      0.1432961691170931,
      0.14317945390939713,
      0.14310398790985346,
      0.14313547825440764,
      0.14327866211533546,
      0.1428770930506289,
      0.14316736720502377,
      0.1430026930756867,
      0.1435286421328783,
      0.14303572801873088,
      0.1432917141355574,
      0.14304707199335098,
      0.1431314037181437,
      0.14362109173089266,
      0.1434906693175435,
      0.1441654423251748,
      0.1485007433220744,
      0.14971108501777053,
      0.14332423405721784,
      0.14318294683471322,
      0.14319719513878226,
      0.1432655407115817,
      0.14314332511276007,
      0.14329245407134295,
      0.1430659987963736,
      0.14301810320466757,
      0.14309920091181993,
      0.14310360606759787,
      0.14285137318074703,
      0.14268718799576163,
      0.14272542903199792,
      0.1425539213232696,
      0.14283094182610512,
      0.14246496697887778,
      0.14272212516516447,
      0.14259740710258484,
      0.14281212212517858,
      0.14250754797831178,
      0.1429016157053411,
      0.14247803064063191,
      0.14275878388434649,
      0.14259626436978579,
      0.14299070788547397,
      0.14263435220345855,
      0.14291717624291778,
      0.14350332878530025,
      0.1427374081686139,
      0.1427486320026219,
      0.14324637735262513,
      0.14315385185182095,
      0.14324178360402584,
      0.14294316014274955,
      0.14293936733156443,
      0.14319844916462898,
      0.1429834640584886,
      0.1430226252414286,
      0.143070915248245,
      0.14299443271011114,
      0.1431289711035788,
      0.14302095025777817,
      0.1430437108501792,
      0.14292339282110333,
      0.1431034621782601,
      0.14316259184852242,
      0.14320483012124896,
      0.14313188893720508,
      0.14313000533729792,
      0.14310614112764597,
      0.1432684059254825,
      0.14317723410204053,
      0.14304128801450133,
      0.1432825312949717,
      0.14323847880586982,
      0.14393967809155583,
      0.14338098792359233
    ],
    [
      0.11878518015146255,
      0.11806780472397804,
      0.11783247301355004,
      0.11792847095057368,
      0.11777413403615355,
      0.11812975304201245,
      0.11794070806354284,
      0.11837216187268496,
      0.11785040097311139,
      0.1179717630147934,
      0.11819203291088343,
      0.11807297123596072,
      0.11795526184141636,
      0.11792423576116562,
      0.1188499229028821,
      0.11796755623072386,
      0.11802685586735606,
      0.11790118925273418,
      0.11813955288380384,
      0.1181706371717155,
      0.11789942299947143,
      0.11794574232771993,
      0.11787696788087487,
      0.1179815111681819,
      0.11790827615186572,
      0.11835304694250226,
      0.11812204821035266,
      0.11795562924817204,
      0.11800158116966486,
      0.11805859208106995,
      0.1178712216205895,
      0.11803277535364032,
      0.11811686726287007,
      0.11836125375702977,
      0.11791989114135504,
      0.11817220877856016,
      0.117926309350878,
      0.11804520804435015,
      0.11795829609036446,
      0.11861722311004996,
      0.11820668168365955,
      0.12249643029645085,
      0.12448562309145927,
      0.11826500622555614,
      0.11791928112506866,
      0.11812450597062707,
      0.11842198204249144,
      0.11839189985767007,
      0.11789747886359692,
      0.11789326323196292,
      0.11777959391474724,
      0.11793419113382697,
      0.11804518196731806,
      0.11846495699137449,
      0.11738763423636556,
      0.11772300396114588,
      0.11743738409131765,
      0.11784386727958918,
      0.11738269170746207,
      0.11810679128393531,
      0.11763825686648488,
      0.11784450337290764,
      0.11728520598262548,
      0.11787278018891811,
      0.1172521342523396,
      0.11791518097743392,
      0.11780098779127002,
      0.11816947208717465,
      0.11756186885759234,
      0.11788703920319676,
      0.11865073814988136,
      0.11764004500582814,
      0.11751943407580256,
      0.11812494974583387,
      0.11806861590594053,
      0.11794499307870865,
      0.11780299991369247,
      0.11776992678642273,
      0.11797281121835113,
      0.11784250615164638,
      0.11811590380966663,
      0.11807383224368095,
      0.11782849300652742,
      0.1178299873135984,
      0.11772879818454385,
      0.11786877876147628,
      0.11773643316701055,
      0.11809573322534561,
      0.11795384204015136,
      0.11792951170355082,
      0.11786608630791306,
      0.11804989911615849,
      0.1177761908620596,
      0.11789182387292385,
      0.11813907977193594,
      0.1181147750467062,
      0.11799811385571957,
      0.1179992719553411,
      0.11895848996937275,
      0.1179261477664113
    ],
    [
      0.12004914088174701,
      0.11906820209696889,
      0.11884600995108485,
      0.11906039901077747,
      0.11878488818183541,
      0.1190929370932281,
      0.11895073112100363,
      0.11936538014560938,
      0.11876546265557408,
      0.11907485406845808,
      0.11921199969947338,
      0.11897781305015087,
      0.11895125592127442,
      0.11899413028731942,
      0.1200424749404192,
      0.11889409506693482,
      0.11898103170096874,
      0.1188475308008492,
      0.11920383013784885,
      0.119053706061095,
      0.1189355943351984,
      0.11895954003557563,
      0.11884137708693743,
      0.11902111116796732,
      0.11900878371670842,
      0.11960737500339746,
      0.11895950837060809,
      0.11898907879367471,
      0.1191354333423078,
      0.11923993472009897,
      0.11869365908205509,
      0.11913869716227055,
      0.11922421073541045,
      0.11924973269924521,
      0.11886393371969461,
      0.1191667690873146,
      0.1188879138790071,
      0.11901373788714409,
      0.11904693488031626,
      0.11979631893336773,
      0.11911631468683481,
      0.12328693782910705,
      0.1254138802178204,
      0.1193587826564908,
      0.1190718631260097,
      0.11908931192010641,
      0.11955386400222778,
      0.11892045056447387,
      0.11915476713329554,
      0.11892703967168927,
      0.11892743315547705,
      0.11885862285271287,
      0.11906427098438144,
      0.11896124202758074,
      0.11856082826852798,
      0.11827752413228154,
      0.11828924808651209,
      0.1183504918590188,
      0.1182034988887608,
      0.11832634778693318,
      0.11826891824603081,
      0.1183388577774167,
      0.11821925500407815,
      0.11842200998216867,
      0.11827486893162131,
      0.1183294216170907,
      0.1186078698374331,
      0.11862881015986204,
      0.11830619815737009,
      0.11846580728888512,
      0.11925604101270437,
      0.1183282071724534,
      0.11878250911831856,
      0.11900205723941326,
      0.11876742215827107,
      0.11901013879105449,
      0.1187025629915297,
      0.11869667423889041,
      0.1190221719443798,
