{
  "mpi_implementation": "intelmpi",
  "operation": "allreduce",
  "num_ranks": 4,
  "tensor_shape": {
    "batch": 16,
    "seq_len": 4096,
    "hidden_dim": 4096
  },
  "num_elements": 268435456,
  "tensor_size_bytes": 536870912,
  "tensor_size_mb": 512.0,
  "dtype": "bfloat16",
  "dtype_note": "Generated as bf16, converted to fp32 for MPI, size reported as bf16",
  "warmup_iterations": 10,
  "measurement_iterations": 100,
  "timing_method": "time.perf_counter()",
  "timings": [
    [
      5.9458921030163765,
      5.99189662700519,
      5.9895233367569745,
      5.993720979895443,
      5.993076036684215,
      5.990793776232749,
      5.995563282165676,
      5.997301486320794,
      5.989654213190079,
      5.98943972075358,
      5.9890948459506035,
      5.987884794827551,
      5.993539368268102,
      6.006551958620548,
      6.0074652642942965,
      6.01377996429801,
      6.010010709986091,
      6.014410059899092,
      6.011867180000991,
      6.002026895061135,
      6.005899534095079,
      6.010423397179693,
      6.013367726933211,
      6.013326010201126,
      6.008246710989624,
      6.01173827284947,
      6.008333517238498,
      6.011512274853885,
      6.009686062112451,
      6.008932064753026,
      6.0142794218845665,
      6.010663683991879,
      6.012875373009592,
      6.013922694139183,
      6.014896073844284,
      6.01503009814769,
      6.014994069002569,
      6.013617349788547,
      6.014161740895361,
      6.010002159047872,
      6.010965679772198,
      6.007567480672151,
      6.008599432185292,
      6.013854232151061,
      6.013796091079712,
      5.995993877295405,
      6.004559115041047,
      6.007712266873568,
      6.005899665877223,
      6.006941211875528,
      6.0098162377253175,
      6.0043016113340855,
      6.003192068077624,
      6.008731323294342,
      5.997968419920653,
      6.007932072039694,
      6.010921408887953,
      6.004786076024175,
      6.001711823046207,
      6.000000234693289,
      6.0103969615884125,
      6.00080161774531,
      5.996887777931988,
      6.003671315032989,
      6.007287283893675,
      6.003060278017074,
      6.00959418527782,
      6.008367486298084,
      6.007107143290341,
      6.010476981755346,
      6.013244152069092,
      6.010324351023883,
      6.007579740136862,
      6.004953192081302,
      6.007389976177365,
      6.005282941740006,
      6.015883556101471,
      6.007592821028084,
      6.007096312008798,
      6.011223752051592,
      6.014102119021118,
      6.012390551157296,
      6.0079874391667545,
      6.013368372339755,
      6.015612841118127,
      6.013460643123835,
      6.017277535051107,
      6.00857823016122,
      6.008876642212272,
      6.0080101429484785,
      6.013601218815893,
      6.010050311218947,
      6.00679661007598,
      6.015740209259093,
      6.012102815788239,
      6.010633488185704,
      6.018366652075201,
      6.010496492963284,
      6.0191408740356565,
      6.020896412897855
    ],
    [
      5.954906862229109,
      6.000684067141265,
      5.995320276822895,
      6.001549805048853,
      5.998920459765941,
      6.000008723232895,
      6.000626712106168,
      6.002552988938987,
      5.998085326980799,
      5.996076423209161,
      5.9960309821181,
      5.9950966546311975,
      6.00127566466108,
      6.0129359578713775,
      6.013481867965311,
      6.020256416872144,
      6.015509474091232,
      6.021716479212046,
      6.0213101003319025,
      6.015710713341832,
      6.014441007748246,
      6.018464068882167,
      6.0167889152653515,
      6.018889985978603,
      6.019286883063614,
      6.0186638929881155,
      6.014300977811217,
      6.017861547879875,
      6.016123034991324,
      6.013231441844255,
      6.020650966092944,
      6.018461498897523,
      6.020317263901234,
      6.020756353158504,
      6.02288076095283,
      6.020608880091459,
      6.020889487117529,
      6.019836939871311,
      6.021254957187921,
      6.020282129757106,
      6.019318738952279,
      6.013891075272113,
      6.0161700220778584,
      6.019951656926423,
      6.020321064162999,
      6.002642383333296,
      6.009059301111847,
      6.0152909201569855,
      6.011019152123481,
      6.010638866107911,
      6.014957608189434,
      6.010830421932042,
      6.01086525991559,
      6.015052349306643,
      6.002643757965416,
      6.013458797242492,
      6.0160849168896675,
      6.0109234931878746,
      6.008977389894426,
      6.007525543682277,
      6.0162576120346785,
      6.005770009942353,
      6.003890533931553,
      6.008739433251321,
      6.014880987349898,
      6.008424506988376,
      6.017108926083893,
      6.01583352079615,
      6.013864672277123,
      6.014114556834102,
      6.020809073932469,
      6.017020594328642,
      6.0154003840871155,
      6.0117717939428985,
      6.015238033141941,
      6.0124545828439295,
      6.018348086159676,
      6.014289275743067,
      6.012977201957256,
      6.014211549889296,
      6.017649393994361,
      6.018748355098069,
      6.014208910986781,
      6.018433080986142,
      6.021025994792581,
      6.018029005732387,
      6.0222633932717144,
      6.0173602141439915,
      6.0141971302218735,
      6.01628155214712,
      6.020585163962096,
      6.016259718220681,
      6.0152492630295455,
      6.0187211679294705,
      6.018142112996429,
      6.017671701032668,
      6.0233607538975775,
      6.015596275683492,
      6.024621268268675,
      6.025788194965571
    ],
    [
      5.950529718771577,
      5.993679949082434,
      5.991540953051299,
      5.9978764820843935,
      5.997389286290854,
      5.997618745081127,
      5.996253072749823,
      5.999614275991917,
      5.993243023287505,
      5.992826240137219,
      5.993481101002544,
      5.990875832736492,
      6.000631437636912,
      6.010762883350253,
      6.011034130118787,
      6.016543256118894,
      6.011057705618441,
      6.0187132600694895,
      6.017716579139233,
      6.012083533685654,
      6.010517292190343,
      6.014567667152733,
      6.013614440802485,
      6.015765951946378,
      6.014012842904776,
      6.0136028388515115,
      6.011655381880701,
      6.0144362449646,
      6.013699011411518,
      6.0094898119568825,
      6.018368083052337,
      6.015188017860055,
      6.016140296123922,
      6.017012030351907,
      6.019189422950149,
      6.017080356832594,
      6.016584485769272,
      6.0165462689474225,
      6.016563600394875,
      6.012269935104996,
      6.015372884925455,
      6.007938257884234,
      6.012987213209271,
      6.0161580932326615,
      6.017286226153374,
      5.995933872181922,
      6.004502246156335,
      6.011952687986195,
      6.006745455786586,
      6.007138670887798,
      6.010178016964346,
      6.006138565950096,
      6.00527596892789,
      6.011011789087206,
      5.997610948979855,
      6.008134143892676,
      6.011435351334512,
      6.009186151903123,
      6.002738030161709,
      6.003642097115517,
      6.011104008182883,
      6.001323373988271,
      5.998465811833739,
      6.003811419941485,
      6.006371712777764,
      6.000826471019536,
      6.013777338899672,
      6.010345238726586,
      6.007644965313375,
      6.010192580986768,
      6.014962086919695,
      6.0085924114100635,
      6.009411062113941,
      6.005944326054305,
      6.008149798959494,
      6.00690912315622,
      6.013787582051009,
      6.0076268427073956,
      6.00831756927073,
      6.009018591605127,
      6.011787672061473,
      6.01046915538609,
      6.01011231308803,
      6.013307167217135,
      6.017634269315749,
      6.012848635204136,
      6.019227786920965,
      6.012384290806949,
      6.008957612793893,
      6.011081066913903,
      6.014955861959606,
      6.011964493896812,
      6.009185867849737,
      6.013673702720553,
      6.012944191228598,
      6.012490037828684,
      6.018051895778626,
      6.012068023905158,
