{
  "mpi_implementation": "intelmpi",
  "operation": "allgather",
  "num_ranks": 4,
  "tensor_shape": {
    "batch": 8,
    "seq_len": 8192,
    "hidden_dim": 4096
  },
  "num_elements": 268435456,
  "tensor_size_bytes": 536870912,
  "tensor_size_mb": 512.0,
  "dtype": "bfloat16",
  "dtype_note": "Generated as bf16, converted to fp32 for MPI, size reported as bf16",
  "warmup_iterations": 10,
  "measurement_iterations": 100,
  "timing_method": "time.perf_counter()",
  "timings": [
    [
      4.604277653153986,
      4.866016373038292,
      4.864355112891644,
      4.848907831124961,
      4.848039011005312,
      4.858065315056592,
      4.866682588122785,
      4.852826620917767,
      4.853641004301608,
      4.8427918208763,
      4.860348300077021,
      4.857961589004844,
      4.853091858327389,
      4.8547730799764395,
      4.872942915186286,
      4.846897731069475,
      4.853765923064202,
      4.853478180710226,
      4.868134547024965,
      4.850143616087735,
      4.856636635959148,
      4.85688201431185,
      4.8652185830287635,
      4.858522781170905,
      4.852141043171287,
      4.856527202762663,
      4.871302540879697,
      4.850841748993844,
      4.853095654863864,
      4.853609716985375,
      4.860042227897793,
      4.849702855106443,
      4.856151597108692,
      4.849182577803731,
      4.86673655314371,
      4.843222363386303,
      4.860728775151074,
      4.854659215081483,
      4.871518229134381,
      4.85253471089527,
      4.856962840072811,
      4.858385669998825,
      4.869085295125842,
      4.844281584955752,
      4.861137546598911,
      4.851416547317058,
      4.8725997768342495,
      4.849901811685413,
      4.850199893582612,
      4.857489456888288,
      4.853151112329215,
      4.869456845801324,
      4.85058752913028,
      4.855728764086962,
      4.854554650839418,
      4.864614607766271,
      4.8554092310369015,
      4.849921414162964,
      4.849106498993933,
      4.867089197970927,
      4.857111176010221,
      4.849506171885878,
      4.848657191265374,
      4.8698309496976435,
      4.856444728095084,
      4.857640729285777,
      4.853660339023918,
      4.865390992723405,
      4.851802036166191,
      4.849511328153312,
      4.8528206227347255,
      4.865440523717552,
      4.857708438299596,
      4.861873080022633,
      4.85824418393895,
      4.866070908028632,
      4.855709793046117,
      4.85404655104503,
      4.856013962067664,
      4.877504289150238,
      4.864994565024972,
      4.867167359683663,
      4.855531638022512,
      4.872058366890997,
      4.858234511688352,
      4.855046160053462,
      4.861197256948799,
      4.8728940901346505,
      4.860702296253294,
      4.8596727210097015,
      4.852024653926492,
      4.867528012022376,
      4.858863340225071,
      4.861639771144837,
      4.851402474101633,
      4.87279819091782,
      4.847920030821115,
      4.845870165154338,
      4.854764032177627,
      4.8684392548166215
    ],
    [
      4.615565856918693,
      4.880112150218338,
      4.879903058987111,
      4.869394475128502,
      4.86731700738892,
      4.871044666040689,
      4.882433534134179,
      4.8706451850011945,
      4.871485047973692,
      4.866332301869988,
      4.879570230841637,
      4.869187781121582,
      4.871497009880841,
      4.872720038983971,
      4.892598588950932,
      4.871410762891173,
      4.8719798400998116,
      4.871609963942319,
      4.887812742963433,
      4.875993758905679,
      4.880823581945151,
      4.875066861975938,
      4.885382724925876,
      4.8743475009687245,
      4.874795742332935,
      4.878908394835889,
      4.889876257628202,
      4.872582712210715,
      4.870262383017689,
      4.874147201888263,
      4.8865220211446285,
      4.8702347218059,
      4.879384629894048,
      4.8744502710178494,
      4.891000183764845,
      4.868904143106192,
      4.875572435557842,
      4.876366090029478,
      4.88900755206123,
      4.87703908700496,
      4.876422533765435,
      4.878329908940941,
      4.89142068522051,
      4.869175883941352,
      4.884141567628831,
      4.8727762419730425,
      4.897441569715738,
      4.878396874759346,
      4.872434176970273,
      4.8769840290769935,
      4.879494645167142,
      4.896450045984238,
      4.876512773800641,
      4.879703576210886,
      4.876643338240683,
      4.885876047890633,
      4.8754676869139075,
      4.86968404892832,
      4.874054190237075,
      4.888372598215938,
      4.877228586003184,
      4.878122633323073,
      4.873183263931423,
      4.885635717306286,
      4.8764812191948295,
      4.883094735909253,
      4.876028636004776,
      4.887259530834854,
      4.874192103277892,
      4.874857684131712,
      4.873455435037613,
      4.89306933991611,
      4.884907180909067,
      4.88206427777186,
      4.880304848309606,
      4.892541526351124,
      4.876270222011954,
      4.875659081619233,
      4.875363360159099,
      4.891150203999132,
      4.882215482182801,
      4.881861282978207,
      4.874281253200024,
      4.885471804998815,
      4.87093022512272,
      4.873781576752663,
      4.874326610937715,
      4.897266939748079,
      4.8810223820619285,
      4.880194108001888,
      4.87941393814981,
      4.892178948968649,
      4.883354773744941,
      4.888926029205322,
      4.874095433857292,
      4.893455822020769,
      4.876646568998694,
      4.875654402188957,
      4.881242787931114,
      4.902022705879062
    ],
    [
      4.610300980973989,
      4.873594502918422,
      4.870315051171929,
      4.860369893256575,
      4.858819206710905,
      4.8652997110039,
      4.871102826669812,
      4.861134349834174,
      4.863271612208337,
      4.857872772961855,
      4.8659738432615995,
      4.862314116675407,
      4.8636914771050215,
      4.8614019537344575,
      4.879025858826935,
      4.858663414139301,
      4.85892369132489,
      4.863137271255255,
      4.881249872967601,
      4.858618673868477,
      4.868230291176587,
      4.86812359187752,
      4.878738124854863,
      4.866169066168368,
      4.856910523958504,
      4.8661905489861965,
      4.877932528033853,
      4.866154410876334,
      4.859953361097723,
      4.867480230983347,
      4.868398115038872,
      4.863400427158922,
      4.870264250785112,
      4.86974310176447,
      4.880051702260971,
      4.859904881101102,
      4.868976063095033,
      4.863382885698229,
      4.881100476719439,
      4.865649705287069,
      4.86935926694423,
      4.8699113028123975,
      4.88018352817744,
      4.85391756799072,
      4.872644955758005,
      4.86145220277831,
      4.884032481815666,
      4.859325845260173,
      4.866027868818492,
      4.866293791681528,
      4.867312202695757,
      4.881728119216859,
      4.867621093988419,
      4.866263749077916,
      4.868049389217049,
      4.873237372841686,
      4.863814947661012,
      4.8629727070219815,
      4.863578106742352,
      4.87829106580466,
      4.866453918162733,
      4.862497185822576,
      4.86206850130111,
      4.87682962231338,
      4.863205989822745,
      4.87250442802906,
      4.866045648697764,
      4.872482364065945,
      4.864935114979744,
      4.862453900743276,
      4.864730406086892,
      4.875109690241516,
      4.871479618828744,
      4.873553229030222,
      4.869136909022927,
      4.87961851619184,
      4.864984143059701,
      4.866948468144983,
      4.865743454080075,
      4.882848131004721,
      4.873437178786844,
      4.873872452881187,
      4.863204834982753,
      4.874867984093726,
      4.866933754179627,
      4.867163845337927,
      4.865867151878774,
      4.886844160966575,
      4.876738088205457,
      4.86951977526769,
      4.866163495928049,
      4.878557754680514,
      4.869676870759577,
      4.87280760705471,
      4.864970425143838,
      4.884273768868297,
      4.860974719747901,
      4.862484032753855,
      4.863846468739212,
