{
  "mpi_implementation": "intelmpi",
  "operation": "broadcast",
  "num_ranks": 4,
  "tensor_shape": {
    "batch": 8,
    "seq_len": 1,
    "hidden_dim": 4096
  },
  "num_elements": 32768,
  "tensor_size_bytes": 65536,
  "tensor_size_mb": 0.0625,
  "dtype": "bfloat16",
  "dtype_note": "Generated as bf16, converted to fp32 for MPI, size reported as bf16",
  "warmup_iterations": 10,
  "measurement_iterations": 100,
  "timing_method": "time.perf_counter()",
  "timings": [
    [
      2.1744053810834885e-05,
      2.185814082622528e-05,
      1.9494909793138504e-05,
      2.1736137568950653e-05,
      1.9717030227184296e-05,
      2.1744053810834885e-05,
      1.9253231585025787e-05,
      2.236897125840187e-05,
      1.925509423017502e-05,
      2.228701487183571e-05,
      1.8658582121133804e-05,
      2.0268838852643967e-05,
      1.9078142940998077e-05,
      1.9102822989225388e-05,
      2.0332634449005127e-05,
      1.9272323697805405e-05,
      2.0849984139204025e-05,
      1.9280239939689636e-05,
      2.030283212661743e-05,
      1.8907245248556137e-05,
      2.0727049559354782e-05,
      1.958617940545082e-05,
      1.1523719877004623e-05,
      1.1151190847158432e-05,
      1.1192169040441513e-05,
      1.0739080607891083e-05,
      1.113303005695343e-05,
      1.1693686246871948e-05,
      1.171603798866272e-05,
      1.1903233826160431e-05,
      1.154281198978424e-05,
      1.1156313121318817e-05,
      1.1105090379714966e-05,
      1.1499039828777313e-05,
      1.1198222637176514e-05,
      1.1208001524209976e-05,
      1.1907890439033508e-05,
      1.1810101568698883e-05,
      1.073768362402916e-05,
      1.1053867638111115e-05,
      1.1209864169359207e-05,
      1.181289553642273e-05,
      1.13658607006073e-05,
      1.1237338185310364e-05,
      1.1254101991653442e-05,
      1.174677163362503e-05,
      1.1381693184375763e-05,
      1.1103227734565735e-05,
      1.1467840522527695e-05,
      1.1803582310676575e-05,
      1.1397060006856918e-05,
      1.1174008250236511e-05,
      1.1350959539413452e-05,
      1.0862015187740326e-05,
      1.0938849300146103e-05,
      1.0984949767589569e-05,
      1.1243857443332672e-05,
      1.10589899122715e-05,
      1.1208001524209976e-05,
      1.1319760233163834e-05,
      1.0486692190170288e-05,
      1.1781230568885803e-05,
      1.0868068784475327e-05,
      1.1274125427007675e-05,
      1.1107884347438812e-05,
      1.0787975043058395e-05,
      1.1065974831581116e-05,
      1.1334661394357681e-05,
      1.2098345905542374e-05,
      1.0991934686899185e-05,
      1.1062715202569962e-05,
      1.167692244052887e-05,
      1.0940246284008026e-05,
      1.1701136827468872e-05,
      1.082010567188263e-05,
      1.1176802217960358e-05,
      1.154094934463501e-05,
      1.1370982974767685e-05,
      1.0928604751825333e-05,
      1.1354219168424606e-05,
      1.1068768799304962e-05,
      1.1271797120571136e-05,
      1.0868068784475327e-05,
      1.1513009667396545e-05,
      1.113303005695343e-05,
      1.1699274182319641e-05,
      1.0490883141756058e-05,
      1.095794141292572e-05,
      1.1446885764598846e-05,
      1.0874122381210327e-05,
      1.1525116860866547e-05,
      1.1309050023555756e-05,
      1.1192169040441513e-05,
      1.329788938164711e-05,
      1.1475291103124619e-05,
      1.2008938938379288e-05,
      1.1747237294912338e-05,
      1.1156778782606125e-05,
      1.0922085493803024e-05,
      1.1822208762168884e-05
    ],
    [
      2.997368574142456e-05,
      3.273226320743561e-05,
      2.8668902814388275e-05,
      3.2267067581415176e-05,
      2.7935951948165894e-05,
      3.1482893973588943e-05,
      3.109686076641083e-05,
      3.4174881875514984e-05,
      2.8333161026239395e-05,
      3.296276554465294e-05,
      2.780091017484665e-05,
      2.8280075639486313e-05,
      2.7864240109920502e-05,
      3.1230971217155457e-05,
      2.6650726795196533e-05,
      2.835877239704132e-05,
      2.9567163437604904e-05,
      3.033597022294998e-05,
      2.536177635192871e-05,
      2.8159935027360916e-05,
      2.643698826432228e-05,
      2.7940142899751663e-05,
      1.4483928680419922e-05,
      1.4448072761297226e-05,
      1.435866579413414e-05,
      1.4210119843482971e-05,
      1.4366116374731064e-05,
      1.447601243853569e-05,
      1.4428980648517609e-05,
      1.4563091099262238e-05,
      1.5159137547016144e-05,
      1.4318153262138367e-05,
      1.4388933777809143e-05,
      1.4172866940498352e-05,
      1.4166813343763351e-05,
      1.4313030987977982e-05,
      1.4896970242261887e-05,
      1.4789868146181107e-05,
      1.416495069861412e-05,
      1.4347955584526062e-05,
      1.482199877500534e-05,
      1.4895107597112656e-05,
      1.46511010825634e-05,
      1.4530029147863388e-05,
      1.4620833098888397e-05,
      1.4639925211668015e-05,
      1.45668163895607e-05,
      1.4550052583217621e-05,
      1.447182148694992e-05,
      1.4559831470251083e-05,
      1.4985911548137665e-05,
      1.4462973922491074e-05,
      1.4225952327251434e-05,
      1.4285556972026825e-05,
      1.3886019587516785e-05,
      1.3984274119138718e-05,
      1.4489982277154922e-05,
      1.4298129826784134e-05,
      1.4524906873703003e-05,
      1.4591030776500702e-05,
      1.3836659491062164e-05,
      1.454399898648262e-05,
      1.4091376215219498e-05,
      1.4604069292545319e-05,
      1.4479737728834152e-05,
      1.4483928680419922e-05,
      1.4442019164562225e-05,
      1.5110708773136139e-05,
      1.5069730579853058e-05,
      1.4336314052343369e-05,
      1.4222227036952972e-05,
      1.4815013855695724e-05,
      1.396099105477333e-05,
      1.4525838196277618e-05,
      1.3879034668207169e-05,
      1.4416873455047607e-05,
      1.4127232134342194e-05,
      1.4349818229675293e-05,
      1.389719545841217e-05,
      1.4275778084993362e-05,
      1.4678109437227249e-05,
      1.4413613826036453e-05,
      1.432979479432106e-05,
      1.4467164874076843e-05,
      1.444714143872261e-05,
      1.4322809875011444e-05,
      1.3978220522403717e-05,
      1.4166347682476044e-05,
      1.4507211744785309e-05,
      1.4507211744785309e-05,
      1.4375895261764526e-05,
      1.441221684217453e-05,
      1.450302079319954e-05,
      1.721177250146866e-05,
      1.5227124094963074e-05,
      1.5253201127052307e-05,
      1.4618970453739166e-05,
      1.4779157936573029e-05,
      1.4318153262138367e-05,
      1.4582183212041855e-05
    ],
    [
      2.991221845149994e-05,
      3.270106390118599e-05,
      2.8650742024183273e-05,
      3.217998892068863e-05,
      2.946518361568451e-05,
      3.1371135264635086e-05,
      3.104470670223236e-05,
      3.117695450782776e-05,
      2.822931855916977e-05,
      3.289291635155678e-05,
      2.787075936794281e-05,
      2.831593155860901e-05,
      2.7721747756004333e-05,
      3.115972504019737e-05,
      2.6682857424020767e-05,
      2.8376933187246323e-05,
      2.9614195227622986e-05,
      3.0265189707279205e-05,
      2.8017908334732056e-05,
      2.8076115995645523e-05,
      2.6511959731578827e-05,
      2.798205241560936e-05,
      1.4401040971279144e-05,
      1.4374032616615295e-05,
      1.444295048713684e-05,
      1.4299992471933365e-05,
      1.4335382729768753e-05,
      1.4443416148424149e-05,
      1.4473684132099152e-05,
      1.4614313840866089e-05,
      1.5272758901119232e-05,
      1.4416873455047607e-05,
      1.4244113117456436e-05,
      1.4138873666524887e-05,
      1.4269258826971054e-05,
      1.4252960681915283e-05,
      1.4852732419967651e-05,
      1.4637596905231476e-05,
      1.4248304069042206e-05,
      1.4454126358032227e-05,
      1.4864373952150345e-05,
      1.4800112694501877e-05,
      1.4558900147676468e-05,
      1.4641787856817245e-05,
      1.4482997357845306e-05,
      1.4638993889093399e-05,
      1.4477875083684921e-05,
      1.4428049325942993e-05,
      1.4555640518665314e-05,
      1.4416873455047607e-05,
      1.5069730579853058e-05,
