{
  "mpi_implementation": "intelmpi",
  "operation": "reduce",
  "num_ranks": 4,
  "tensor_shape": {
    "batch": 8,
    "seq_len": 1,
    "hidden_dim": 4096
  },
  "num_elements": 32768,
  "tensor_size_bytes": 65536,
  "tensor_size_mb": 0.0625,
  "dtype": "bfloat16",
  "dtype_note": "Generated as bf16, converted to fp32 for MPI, size reported as bf16",
  "warmup_iterations": 10,
  "measurement_iterations": 100,
  "timing_method": "time.perf_counter()",
  "timings": [
    [
      8.02772119641304e-05,
      7.439171895384789e-05,
      7.640011608600616e-05,
      7.373932749032974e-05,
      7.7822245657444e-05,
      7.336493581533432e-05,
      7.66967423260212e-05,
      7.171835750341415e-05,
      7.684295997023582e-05,
      7.643690332770348e-05,
      7.784180343151093e-05,
      7.355120033025742e-05,
      7.69980251789093e-05,
      7.430976256728172e-05,
      7.700873538851738e-05,
      7.384689524769783e-05,
      7.700594142079353e-05,
      7.377471774816513e-05,
      7.725600153207779e-05,
      7.380079478025436e-05,
      7.691513746976852e-05,
      7.368158549070358e-05,
      7.737800478935242e-05,
      7.656775414943695e-05,
      7.786322385072708e-05,
      7.314886897802353e-05,
      7.700780406594276e-05,
      7.293699309229851e-05,
      7.586879655718803e-05,
      7.463665679097176e-05,
      7.821805775165558e-05,
      7.411977276206017e-05,
      7.649324834346771e-05,
      7.370207458734512e-05,
      7.666274905204773e-05,
      7.274001836776733e-05,
      8.0915167927742e-05,
      7.418310269713402e-05,
      7.649697363376617e-05,
      7.365690544247627e-05,
      7.653934881091118e-05,
      7.349299266934395e-05,
      7.621105760335922e-05,
      7.344363257288933e-05,
      7.725832983851433e-05,
      7.358705624938011e-05,
      7.721921429038048e-05,
      7.384316995739937e-05,
      7.619895040988922e-05,
      7.72448256611824e-05,
      7.662689313292503e-05,
      7.322104647755623e-05,
      7.612491026520729e-05,
      7.406901568174362e-05,
      7.770583033561707e-05,
      7.26897269487381e-05,
      7.770396769046783e-05,
      7.365690544247627e-05,
      7.68052414059639e-05,
      7.320800796151161e-05,
      7.684202864766121e-05,
      7.327226921916008e-05,
      8.269073441624641e-05,
      7.43689015507698e-05,
      7.623201236128807e-05,
      7.288390770554543e-05,
      7.701432332396507e-05,
      7.240800186991692e-05,
      7.706508040428162e-05,
      7.251603528857231e-05,
      7.611559703946114e-05,
      7.317913696169853e-05,
      7.660361006855965e-05,
      7.249787449836731e-05,
      7.690209895372391e-05,
      7.637264207005501e-05,
      7.683597505092621e-05,
      7.360382005572319e-05,
      7.695890963077545e-05,
      7.23470002412796e-05,
      7.649697363376617e-05,
      7.246201857924461e-05,
      7.644621655344963e-05,
      7.243687286973e-05,
      7.688673213124275e-05,
      7.224129512906075e-05,
      7.602991536259651e-05,
      7.252814248204231e-05,
      7.852399721741676e-05,
      7.261428982019424e-05,
      7.611000910401344e-05,
      7.186131551861763e-05,
      7.689697667956352e-05,
      7.217610254883766e-05,
      7.677217945456505e-05,
      7.303617894649506e-05,
      7.669022306799889e-05,
      7.281405851244926e-05,
      7.662316784262657e-05,
      7.24070705473423e-05
    ],
    [
      6.525823846459389e-05,
      6.126007065176964e-05,
      6.209500133991241e-05,
      6.195763126015663e-05,
      6.225565448403358e-05,
      6.287219002842903e-05,
      6.0966238379478455e-05,
      6.0657039284706116e-05,
      6.14318996667862e-05,
      6.216391921043396e-05,
      6.151804700493813e-05,
      6.190314888954163e-05,
      6.160419434309006e-05,
      6.221281364560127e-05,
      6.0853082686662674e-05,
      6.143003702163696e-05,
      6.130989640951157e-05,
      6.104912608861923e-05,
      6.155576556921005e-05,
      6.15101307630539e-05,
      6.124516949057579e-05,
      6.13899901509285e-05,
      6.218301132321358e-05,
      6.456393748521805e-05,
      6.1787199229002e-05,
      6.09690323472023e-05,
      6.070081144571304e-05,
      6.0448888689279556e-05,
      6.111618131399155e-05,
      6.128521636128426e-05,
      6.151711568236351e-05,
      6.175972521305084e-05,
      6.120186299085617e-05,
      6.055925041437149e-05,
      6.0895923525094986e-05,
      6.021326407790184e-05,
      6.448710337281227e-05,
      6.184913218021393e-05,
      6.181374192237854e-05,
      6.158184260129929e-05,
      6.0853082686662674e-05,
      6.045494228601456e-05,
      6.008706986904144e-05,
      6.1028171330690384e-05,
      6.109895184636116e-05,
      6.162002682685852e-05,
      6.101187318563461e-05,
      6.107613444328308e-05,
      6.124703213572502e-05,
      6.338115781545639e-05,
      6.120698526501656e-05,
      6.054714322090149e-05,
      6.040278822183609e-05,
      6.185797974467278e-05,
      6.133504211902618e-05,
      6.043119356036186e-05,
      6.195390596985817e-05,
      6.0370657593011856e-05,
      6.053736433386803e-05,
      6.036413833498955e-05,
      6.06258399784565e-05,
      6.0258898884058e-05,
      6.668688729405403e-05,
      6.167031824588776e-05,
      6.068684160709381e-05,
      6.134109571576118e-05,
      6.0268212109804153e-05,
      6.034364923834801e-05,
      6.031990051269531e-05,
      6.085122004151344e-05,
      6.114225834608078e-05,
      6.012897938489914e-05,
      6.041070446372032e-05,
      6.0860998928546906e-05,
      6.095925346016884e-05,
      6.276601925492287e-05,
      6.0649123042821884e-05,
      6.0727354139089584e-05,
      6.007170304656029e-05,
      6.048521026968956e-05,
      6.078789010643959e-05,
      5.9802085161209106e-05,
      6.0904305428266525e-05,
      6.0888007283210754e-05,
      6.0881953686475754e-05,
      6.0235150158405304e-05,
      6.084982305765152e-05,
      6.022397428750992e-05,
      6.426405161619186e-05,
      6.0910359025001526e-05,
      6.0605816543102264e-05,
      6.0871243476867676e-05,
      6.089033558964729e-05,
      6.052292883396149e-05,
      6.0745980590581894e-05,
      6.088707596063614e-05,
      6.002001464366913e-05,
      6.107194349169731e-05,
      6.09029084444046e-05,
      6.0939230024814606e-05
    ],
    [
      5.997577682137489e-05,
      5.639204755425453e-05,
      5.6589022278785706e-05,
      5.724700167775154e-05,
      5.760509520769119e-05,
      5.6765973567962646e-05,
      5.5924057960510254e-05,
      5.559995770454407e-05,
      5.671195685863495e-05,
      5.716504529118538e-05,
      5.783280357718468e-05,
      5.726981908082962e-05,
      5.729217082262039e-05,
      5.7336874306201935e-05,
      5.615968257188797e-05,
      5.6434888392686844e-05,
      5.694432184100151e-05,
      5.6759919971227646e-05,
      5.755806341767311e-05,
      5.67571260035038e-05,
      5.61857596039772e-05,
      5.6974589824676514e-05,
      5.70099800825119e-05,
      5.980907008051872e-05,
      5.717715248465538e-05,
      5.646003410220146e-05,
      5.59869222342968e-05,
      5.6138262152671814e-05,
      5.615781992673874e-05,
      5.732709541916847e-05,
      5.751894786953926e-05,
      5.71003183722496e-05,
      5.6117773056030273e-05,
      5.682511255145073e-05,
      5.6799035519361496e-05,
      5.631893873214722e-05,
      6.032083183526993e-05,
      5.7569704949855804e-05,
      5.652382969856262e-05,
      5.718972533941269e-05,
      5.6978315114974976e-05,
      5.6020915508270264e-05,
      5.584908649325371e-05,
      5.634268745779991e-05,
      5.674222484230995e-05,
      5.6652817875146866e-05,
      5.6543853133916855e-05,
      5.651591345667839e-05,
      5.5585987865924835e-05,
      5.92060387134552e-05,
      5.6853052228689194e-05,
      5.679158493876457e-05,
      5.601206794381142e-05,
      5.668122321367264e-05,
      5.708588287234306e-05,
      5.575409159064293e-05,
      5.6745950132608414e-05,
      5.626678466796875e-05,
