{
  "mpi_implementation": "intelmpi",
  "operation": "allgather",
  "num_ranks": 4,
  "tensor_shape": {
    "batch": 32,
    "seq_len": 2048,
    "hidden_dim": 2048
  },
  "num_elements": 134217728,
  "tensor_size_bytes": 268435456,
  "tensor_size_mb": 256.0,
  "dtype": "bfloat16",
  "dtype_note": "Generated as bf16, converted to fp32 for MPI, size reported as bf16",
  "warmup_iterations": 10,
  "measurement_iterations": 100,
  "timing_method": "time.perf_counter()",
  "timings": [
    [
      2.3947384380735457,
      2.5191727187484503,
      2.525225020945072,
      2.5247019971720874,
      2.5217172419652343,
      2.523618012201041,
      2.5368049959652126,
      2.5163405085913837,
      2.5353969768621027,
      2.523805915378034,
      2.525366803165525,
      2.522905913181603,
      2.5249596079811454,
      2.522486836183816,
      2.5208930419757962,
      2.526238853111863,
      2.544257348868996,
      2.5331064234487712,
      2.522762686945498,
      2.5255974931642413,
      2.5247763572260737,
      2.5222974666394293,
      2.5258361799642444,
      2.5264471992850304,
      2.5393934063613415,
      2.5204698690213263,
      2.530985492747277,
      2.524143593851477,
      2.52692675543949,
      2.523369950708002,
      2.525773197878152,
      2.5382534922100604,
      2.529557943344116,
      2.5224147248081863,
      2.530828467104584,
      2.5313604567199945,
      2.522790053393692,
      2.5262221237644553,
      2.523151506204158,
      2.5418432760052383,
      2.533693195786327,
      2.525910508353263,
      2.529057419858873,
      2.526209047064185,
      2.5256832079030573,
      2.5387257197871804,
      2.527810253202915,
      2.53046783991158,
      2.5215292470529675,
      2.5227035023272038,
      2.524056348949671,
      2.5246320590376854,
      2.525665803812444,
      2.51970371697098,
      2.5282728602178395,
      2.5401128893718123,
      2.525480153039098,
      2.533806512132287,
      2.528823788743466,
      2.5324578448198736,
      2.5218104729428887,
      2.534494711086154,
      2.52762808278203,
      2.539100698195398,
      2.5309884371235967,
      2.5309893153607845,
      2.5354403108358383,
      2.5403727190569043,
      2.5344549799337983,
      2.5280550862662494,
      2.5399584099650383,
      2.540155612397939,
      2.5290795150212944,
      2.529688601847738,
      2.5368611849844456,
      2.5274915057234466,
      2.5277261082082987,
      2.526946133002639,
      2.5283257928676903,
      2.5385881327092648,
      2.530279191210866,
      2.5330775887705386,
      2.5241030999459326,
      2.5300781433470547,
      2.521566230803728,
      2.5314622060395777,
      2.539868369232863,
      2.5208685528486967,
      2.528467636089772,
      2.5260380199179053,
      2.5341613008640707,
      2.5212274082005024,
      2.52438260987401,
      2.5315025257878006,
      2.5432140729390085,
      2.529042419977486,
      2.5339112458750606,
      2.5283042639493942,
      2.524427054915577,
      2.5293892570771277
    ],
    [
      2.3932272219099104,
      2.5175363910384476,
      2.5251973820850253,
      2.5255383658222854,
      2.520508073270321,
      2.528023757971823,
      2.5365257263183594,
      2.516304165124893,
      2.5369321373291314,
      2.5256246528588235,
      2.5248697106726468,
      2.525066642090678,
      2.526034012902528,
      2.522879261057824,
      2.5219134469516575,
      2.5262803840450943,
      2.546264453791082,
      2.5329871722497046,
      2.5196528690867126,
      2.523765461985022,
      2.5187459168955684,
      2.521399342920631,
      2.524037203285843,
      2.526110526174307,
      2.5372195611707866,
      2.5218167533166707,
      2.5315368128940463,
      2.5242968420498073,
      2.5298993242904544,
      2.5254374919459224,
      2.5255803116597235,
      2.538563292939216,
      2.529517536982894,
      2.524210717063397,
      2.5286599630489945,
      2.5321937133558095,
      2.523869283962995,
      2.5251091588288546,
      2.522107992786914,
      2.5394510966725647,
      2.533013552427292,
      2.5242117433808744,
      2.526783345732838,
      2.5257394113577902,
      2.522869402077049,
      2.540656096767634,
      2.5242601707577705,
      2.528347617946565,
      2.5194394309073687,
      2.522686678916216,
      2.5231179744005203,
      2.5215574242174625,
      2.5238546021282673,
      2.523764594923705,
      2.526737567037344,
      2.5422517000697553,
      2.523298703599721,
      2.5347912651486695,
      2.5287135438993573,
      2.532413498032838,
      2.520854666829109,
      2.5345436302013695,
      2.5278979656286538,
      2.538769873790443,
      2.531036486849189,
      2.5296878907829523,
      2.5321768182329834,
      2.5420094104483724,
      2.5326134292408824,
      2.5264761885628104,
      2.540016070008278,
      2.5415757009759545,
      2.5270957336761057,
      2.5272967452183366,
      2.5343566103838384,
      2.5287340790964663,
      2.529477255884558,
      2.5290251672267914,
      2.528615718241781,
      2.538158242125064,
      2.5277659776620567,
      2.533180664293468,
      2.5253898450173438,
      2.532007908914238,
      2.5210841768421233,
      2.5301773492246866,
      2.5384069150313735,
      2.5221984619274735,
      2.527535231783986,
      2.5248362440615892,
      2.533262032084167,
      2.521432293113321,
      2.525546093005687,
      2.531265796162188,
      2.5412449021823704,
      2.5284567116759717,
      2.536158236209303,
      2.5275316829793155,
      2.525544511154294,
      2.529579808935523
    ],
    [
      2.3848767848685384,
      2.509801587089896,
      2.522052453830838,
      2.5201045079156756,
      2.516494378913194,
      2.519588828086853,
      2.5251627978868783,
      2.5105357710272074,
      2.529416101053357,
      2.51802128367126,
      2.522755181416869,
      2.5171671831049025,
      2.5218255310319364,
      2.5192418373189867,
      2.515176136046648,
      2.5144304377026856,
      2.5414032181724906,
      2.5260841962881386,
      2.5185089469887316,
      2.52085571968928,
      2.5180618609301746,
      2.517868166323751,
      2.520470588002354,
      2.5211280998773873,
      2.532467218115926,
      2.5169786596670747,
      2.526194414123893,
      2.5168497818522155,
      2.524154827930033,
      2.5222568698227406,
      2.520322505850345,
      2.532974346075207,
      2.523283168207854,
      2.5196312977932394,
      2.5224239979870617,
      2.518813043832779,
      2.5157984090037644,
      2.5190213723108172,
      2.5196597571484745,
      2.535087908152491,
      2.5267983698286116,
      2.519465731922537,
      2.521911511197686,
      2.5176258692517877,
      2.519966788124293,
      2.534485709387809,
      2.520993139129132,
      2.527493597008288,
      2.5153551269322634,
      2.5167395691387355,
      2.5173052502796054,
      2.51740052876994,
      2.520773678086698,
      2.5173069830052555,
      2.5241253529675305,
      2.533521237783134,
      2.5183025491423905,
      2.5213065780699253,
      2.5230557122267783,
      2.5298852850683033,
      2.518061920069158,
      2.5230160979554057,
      2.5246301665902138,
      2.535952711943537,
      2.5254801912233233,
      2.5227604368701577,
      2.5308783501386642,
      2.535332886967808,
      2.5312545131891966,
      2.5260166828520596,
      2.5352501990273595,
      2.5372484838590026,
      2.5235726279206574,
      2.5238571208901703,
      2.5331589560955763,
      2.5248403437435627,
      2.5251367962919176,
      2.5204405221156776,
      2.520605648867786,
      2.53296831715852,
      2.526708247605711,
      2.528602364938706,
      2.513904446735978,
      2.5293569397181273,
      2.5144419940188527,
      2.5277442866936326,
      2.5366835868917406,
      2.5164205860346556,
      2.52195838233456,
      2.5248070070520043,
      2.527711696922779,
      2.516454446129501,
      2.5181251680478454,
