{
  "mpi_implementation": "intelmpi",
  "operation": "allgather",
  "num_ranks": 4,
  "tensor_shape": {
    "batch": 16,
    "seq_len": 8192,
    "hidden_dim": 2048
  },
  "num_elements": 268435456,
  "tensor_size_bytes": 536870912,
  "tensor_size_mb": 512.0,
  "dtype": "bfloat16",
  "dtype_note": "Generated as bf16, converted to fp32 for MPI, size reported as bf16",
  "warmup_iterations": 10,
  "measurement_iterations": 100,
  "timing_method": "time.perf_counter()",
  "timings": [
    [
      4.605111304204911,
      4.863235773984343,
      4.86438467586413,
      4.8617911180481315,
      4.854612526949495,
      4.859278816264123,
      4.869959028903395,
      4.856824237387627,
      4.859624833799899,
      4.865764307323843,
      4.8688533757813275,
      4.8533396744169295,
      4.861411738209426,
      4.86363173276186,
      4.879187629092485,
      4.860271516721696,
      4.854714774060994,
      4.861116621643305,
      4.867145563941449,
      4.87383817601949,
      4.8584073460660875,
      4.877183073200285,
      4.874360840301961,
      4.953225941862911,
      4.916666942182928,
      4.879400614183396,
      4.853623648174107,
      4.874636989086866,
      4.856158179230988,
      4.866860530804843,
      4.876930171623826,
      4.873499085195363,
      4.860335260163993,
      4.861188810318708,
      4.87074243510142,
      4.87293834425509,
      4.861024085897952,
      4.865110270213336,
      4.8621479496359825,
      4.876735243014991,
      4.86671923706308,
      4.86162931099534,
      4.857424495741725,
      4.882083940319717,
      4.8671847730875015,
      4.861689653247595,
      4.875027931760997,
      4.87211174890399,
      4.858972831629217,
      4.869907276239246,
      4.865696064196527,
      4.869742022827268,
      4.8645657771267,
      4.861310634762049,
      4.858271280769259,
      4.875105271115899,
      4.8520566979423165,
      4.861582171637565,
      4.865891395136714,
      4.879742249846458,
      4.866520612966269,
      4.864530096761882,
      4.868672251235694,
      4.875272613950074,
      4.865015889983624,
      4.866494449321181,
      4.86077942000702,
      4.879886864218861,
      4.855312353931367,
      4.866442448925227,
      4.871040950994939,
      4.877012582030147,
      4.86632508598268,
      4.863570651039481,
      4.861896952148527,
      4.887995389290154,
      4.864127344917506,
      4.870632042642683,
      4.865969156846404,
      4.885534823872149,
      4.864354247692972,
      4.857923828065395,
      4.864844733849168,
      4.881959680002183,
      4.887668382842094,
      4.881612297147512,
      4.881553941871971,
      4.874038931913674,
      4.891239796765149,
      4.8787763440050185,
      4.888052178081125,
      4.879420595243573,
      4.882504196837544,
      4.887946592178196,
      4.873072285205126,
      4.875069993082434,
      4.8925257679075,
      4.877436655107886,
      4.883024056907743,
      4.883611387107521
    ],
    [
      4.626036591827869,
      4.885780683718622,
      4.886390135157853,
      4.880077232141048,
      4.872161496896297,
      4.875399145763367,
      4.893832850735635,
      4.878214349038899,
      4.875965709798038,
      4.8777318289503455,
      4.889757878147066,
      4.873096241150051,
      4.883426815271378,
      4.87577563803643,
      4.896726499777287,
      4.882846505846828,
      4.877625724766403,
      4.8751591220498085,
      4.882783804088831,
      4.891080777626485,
      4.882251249160618,
      4.896843385882676,
      4.891647132113576,
      4.977862566709518,
      4.937491561286151,
      4.896392790134996,
      4.875647407956421,
      4.898258716799319,
      4.879735034890473,
      4.8856980740092695,
      4.898227761033922,
      4.894830759149045,
      4.881134352181107,
      4.882933333981782,
      4.884264237713069,
      4.890879001934081,
      4.879102572333068,
      4.884108475409448,
      4.879709224682301,
      4.893248262815177,
      4.889143034815788,
      4.8838163539767265,
      4.877016477752477,
      4.89474924467504,
      4.884925233665854,
      4.885773823130876,
      4.897156924940646,
      4.8989568166434765,
      4.879119773861021,
      4.889043414033949,
      4.879202909767628,
      4.894710400607437,
      4.884274923242629,
      4.879392999690026,
      4.881067916285247,
      4.896797002758831,
      4.869858687277883,
      4.882225405890495,
      4.884396028704941,
      4.8950061169452965,
      4.884324599057436,
      4.8822136940434575,
      4.882236072793603,
      4.896087683737278,
      4.8871123772114515,
      4.888454027939588,
      4.8817413141950965,
      4.897313077934086,
      4.877871855162084,
      4.885412744246423,
      4.8843307588249445,
      4.890184770338237,
      4.883067462127656,
      4.881801404990256,
      4.882305714767426,
      4.9028163850307465,
      4.879921711049974,
      4.8846951317973435,
      4.879070498980582,
      4.8996126861311495,
      4.88280367013067,
      4.880107529927045,
      4.888719310052693,
      4.898974160198122,
      4.904787249863148,
      4.8941069869324565,
      4.897002894897014,
      4.896128315012902,
      4.909465688280761,
      4.898944102227688,
      4.908428097143769,
      4.899293062277138,
      4.90707841841504,
      4.905720098875463,
      4.899527127388865,
      4.900188738014549,
      4.910390228033066,
      4.899119218811393,
      4.898814904969186,
      4.910040967166424
    ],
    [
      4.617546699941158,
      4.8717496348544955,
      4.8768315888009965,
      4.870519307907671,
      4.859019408002496,
      4.861232241149992,
      4.878648583311588,
      4.8638302478939295,
      4.8672599801793694,
      4.872508101630956,
      4.880030049942434,
      4.864516131579876,
      4.872464132029563,
      4.86925193388015,
      4.887945427093655,
      4.8707684660330415,
      4.861305666156113,
      4.86552537092939,
      4.873990745749325,
      4.880855564028025,
      4.866850011982024,
      4.884385047946125,
      4.8812136920169,
      4.967885768972337,
      4.924380424898118,
      4.888823851943016,
      4.864725798368454,
      4.890042408835143,
      4.866382411681116,
      4.873831714969128,
      4.882268845103681,
      4.884890826884657,
      4.870751567184925,
      4.8702754699625075,
      4.8761718259193,
      4.881843396928161,
      4.867671204265207,
      4.871559280902147,
      4.871086003724486,
      4.881950229872018,
      4.877892630174756,
      4.872970895376056,
      4.863515872973949,
      4.886875598691404,
      4.87336012115702,
      4.877876787446439,
      4.885277864057571,
      4.8933560671284795,
      4.87058560969308,
      4.880877919960767,
      4.87184948567301,
      4.882158361840993,
      4.870025458745658,
      4.866837347391993,
      4.869537320919335,
      4.886569357011467,
      4.858625022228807,
      4.874728578142822,
      4.873274729587138,
      4.887032500002533,
      4.875814665108919,
      4.874143472407013,
      4.873445949051529,
      4.888039017096162,
      4.872009524144232,
      4.879931477364153,
      4.873654952272773,
      4.887680641841143,
      4.86621754989028,
      4.873932327143848,
      4.877841747365892,
      4.88788945088163,
      4.871776640880853,
      4.873455923050642,
      4.873560430947691,
      4.8909889329224825,
      4.870681550819427,
      4.877210971899331,
      4.869755608029664,
      4.888978463597596,
      4.871964084915817,
      4.86817367374897,
      4.872134710662067,
      4.8886722582392395,
      4.894354028627276,
      4.883926045149565,
      4.891994565259665,
      4.884772385004908,
      4.897080346941948,
      4.885741136968136,
      4.893269827123731,
      4.8901354959234595,
      4.893047159072012,
      4.892675898037851,
      4.888615304138511,
      4.885358311235905,
      4.900923636741936,
      4.885988681111485,
      4.891764538362622,
