{
  "mpi_implementation": "intelmpi",
  "operation": "allreduce",
  "num_ranks": 4,
  "tensor_shape": {
    "batch": 1,
    "seq_len": 2048,
    "hidden_dim": 4096
  },
  "num_elements": 8388608,
  "tensor_size_bytes": 16777216,
  "tensor_size_mb": 16.0,
  "dtype": "bfloat16",
  "dtype_note": "Generated as bf16, converted to fp32 for MPI, size reported as bf16",
  "warmup_iterations": 10,
  "measurement_iterations": 100,
  "timing_method": "time.perf_counter()",
  "timings": [
    [
      0.17511993600055575,
      0.17591571528464556,
      0.17603837978094816,
      0.17690659081563354,
      0.17632655706256628,
      0.17736695613712072,
      0.1775966500863433,
      0.17659420799463987,
      0.17695886828005314,
      0.176837339065969,
      0.17600864684209228,
      0.17678573401644826,
      0.17653760174289346,
      0.17667820397764444,
      0.17618830781430006,
      0.17640297720208764,
      0.17599174892529845,
      0.17705626599490643,
      0.17610370088368654,
      0.17663896828889847,
      0.17609625309705734,
      0.17676746007055044,
      0.1766754393465817,
      0.17744748899713159,
      0.17655099183321,
      0.1768991407006979,
      0.17685417411848903,
      0.17720577726140618,
      0.17680777190253139,
      0.17684278870001435,
      0.17694475315511227,
      0.1761651854030788,
      0.17643889412283897,
      0.17735421285033226,
      0.17749338829889894,
      0.17647730326279998,
      0.17698888387531042,
      0.17729912791401148,
      0.17726901965215802,
      0.17741059930995107,
      0.17737535713240504,
      0.17734401021152735,
      0.17717604711651802,
      0.17709893826395273,
      0.1763747320510447,
      0.17774367798119783,
      0.1776360971853137,
      0.17687327368184924,
      0.177567804697901,
      0.17744396487250924,
      0.17682484863325953,
      0.17755587492138147,
      0.17973520513623953,
      0.17777827801182866,
      0.1773325470276177,
      0.17740047303959727,
      0.1775488923303783,
      0.17823343304917216,
      0.17735698306933045,
      0.17767743906006217,
      0.17780474806204438,
      0.17803156608715653,
      0.1778251281939447,
      0.1774208820424974,
      0.1773367729038,
      0.17779219336807728,
      0.1777376183308661,
      0.17778234323486686,
      0.17798817669972777,
      0.17734465701505542,
      0.17773182224482298,
      0.17759902914986014,
      0.17709533497691154,
      0.17777160787954926,
      0.17763074534013867,
      0.17941843811422586,
      0.17874045902863145,
      0.17791441781446338,
      0.17753508500754833,
      0.17754637356847525,
      0.17698830273002386,
      0.17790036462247372,
      0.17775017535313964,
      0.1770236291922629,
      0.17716077715158463,
      0.178216558881104,
      0.1780680399388075,
      0.17768047424033284,
      0.1770855113863945,
      0.1775717898271978,
      0.1779870018362999,
      0.17731571523472667,
      0.17722156830132008,
      0.1776940473355353,
      0.17763533489778638,
      0.17691903980448842,
      0.17830692697316408,
      0.1768276900984347,
      0.17798784980550408,
      0.17692374531179667
    ],
    [
      0.17567766783758998,
      0.1766593880020082,
      0.1769498037174344,
      0.1770678237080574,
      0.17692527314648032,
      0.17754435818642378,
      0.17771571082994342,
      0.1769999647513032,
      0.17710903380066156,
      0.17734080040827394,
      0.1769699091091752,
      0.17750599794089794,
      0.1772729749791324,
      0.17717882292345166,
      0.17727255122736096,
      0.1771936728619039,
      0.1770503530278802,
      0.17721597384661436,
      0.17712523229420185,
      0.17736611887812614,
      0.17709141271188855,
      0.1775172813795507,
      0.1774966069497168,
      0.1775713386014104,
      0.17738357093185186,
      0.17721266532316804,
      0.17774670477956533,
      0.17753273015841842,
      0.1773282326757908,
      0.17723423708230257,
      0.17756318487226963,
      0.17725492781028152,
      0.17744643706828356,
      0.17744332598522305,
      0.17768648592755198,
      0.17719560908153653,
      0.177385366987437,
      0.1773652951233089,
      0.17767288954928517,
      0.17799707176163793,
      0.17752973502501845,
      0.17769897636026144,
      0.1775569338351488,
      0.17756227497011423,
      0.17735762195661664,
      0.1775581268593669,
      0.1778210219927132,
      0.17748942924663424,
      0.17773980693891644,
      0.17755336221307516,
      0.1774344900622964,
      0.17765483120456338,
      0.18014464294537902,
      0.17784708784893155,
      0.1776425950229168,
      0.17783917021006346,
      0.1778625608421862,
      0.17791910376399755,
      0.17771891970187426,
      0.17796206893399358,
      0.17781509505584836,
      0.17806436074897647,
      0.17798551404848695,
      0.1777604720555246,
      0.17781636072322726,
      0.17783411918208003,
      0.17785868188366294,
      0.17791171604767442,
      0.17778265988454223,
      0.1776934638619423,
      0.17789256619289517,
      0.1779711078852415,
      0.1776392380706966,
      0.17792498413473368,
      0.17795117991045117,
      0.1794060510583222,
      0.17883976502344012,
      0.1780991768464446,
      0.17765295831486583,
      0.17772999498993158,
      0.17748970165848732,
      0.17797065014019608,
      0.17794317100197077,
      0.17762015480548143,
      0.17778446292504668,
      0.17792655900120735,
      0.17819297686219215,
      0.17800139728933573,
      0.17768597323447466,
      0.17771394131705165,
      0.1778791518881917,
      0.17774929804727435,
      0.17781460797414184,
      0.17780719324946404,
      0.17784652020782232,
      0.17772198421880603,
      0.17794715985655785,
      0.17689115181565285,
      0.17809590976685286,
      0.177029340993613
    ],
    [
      0.17546558799222112,
      0.1764362915419042,
      0.1767813698388636,
      0.17685663094744086,
      0.17669204017147422,
      0.17712010303512216,
      0.17753604799509048,
      0.176851075142622,
      0.1769342152401805,
      0.17708227690309286,
      0.17674021236598492,
      0.17741525266319513,
      0.1771288439631462,
      0.17701401934027672,
      0.17690408090129495,
      0.17714102379977703,
      0.17698310874402523,
      0.17702374700456858,
      0.17693356005474925,
      0.17727886186912656,
      0.1769460658542812,
      0.17740018293261528,
      0.1778096091002226,
      0.17749938182532787,
      0.17721227882429957,
      0.17706078756600618,
      0.1775358454324305,
      0.1774556296877563,
      0.17718718526884913,
      0.17708416329696774,
      0.17737191496416926,
      0.17714646365493536,
      0.17732982989400625,
      0.1772450739517808,
      0.17735509295016527,
      0.17714761616662145,
      0.1773065342567861,
      0.1770676290616393,
      0.17752464022487402,
      0.17783713340759277,
      0.17737896787002683,
      0.17755137011408806,
      0.17736671678721905,
      0.1774537293240428,
      0.17724502319470048,
      0.17718781204894185,
      0.1775766690261662,
      0.17737630102783442,
      0.17761037312448025,
      0.17740934481844306,
      0.1772125749848783,
      0.1775538711808622,
      0.1800120729021728,
      0.1776844086125493,
      0.17740745190531015,
      0.17780669778585434,
      0.1777190719731152,
      0.17764450563117862,
      0.17746623000130057,
      0.17789858672767878,
      0.1775244129821658,
      0.1777777150273323,
      0.17769356770440936,
      0.17773028695955873,
      0.17771052429452538,
      0.17753181466832757,
      0.1775866667740047,
      0.1783184758387506,
      0.17766145057976246,
      0.17753905802965164,
      0.17768956487998366,
      0.17786186980083585,
      0.17747013689950109,
      0.17757350485771894,
      0.17778323916718364,
      0.17932727467268705,
      0.17879568599164486,
      0.1779243559576571,
      0.17738185822963715,
      0.1775452559813857,
