{
  "mpi_implementation": "intelmpi",
  "operation": "reduce",
  "num_ranks": 4,
  "tensor_shape": {
    "batch": 8,
    "seq_len": 4096,
    "hidden_dim": 4096
  },
  "num_elements": 134217728,
  "tensor_size_bytes": 268435456,
  "tensor_size_mb": 256.0,
  "dtype": "bfloat16",
  "dtype_note": "Generated as bf16, converted to fp32 for MPI, size reported as bf16",
  "warmup_iterations": 10,
  "measurement_iterations": 100,
  "timing_method": "time.perf_counter()",
  "timings": [
    [
      2.459274703171104,
      2.4545171689242125,
      2.4570787460543215,
      2.4705406189896166,
      2.4566096286289394,
      2.458413790911436,
      2.4588530138134956,
      2.4576769350096583,
      2.459730511996895,
      2.456810954026878,
      2.4604163779877126,
      2.471897958777845,
      2.4576541571877897,
      2.4603731562383473,
      2.4613291579298675,
      2.460633617825806,
      2.4590854858979583,
      2.4574455162510276,
      2.459413581993431,
      2.462344757746905,
      2.4708515433594584,
      2.455282425042242,
      2.4575736727565527,
      2.4594839671626687,
      2.4643504666164517,
      2.4599640970118344,
      2.4614630700089037,
      2.460877241101116,
      2.477968744933605,
      2.4610601449385285,
      2.462240762077272,
      2.462906125932932,
      2.4632925898768008,
      2.4610254638828337,
      2.4613824007101357,
      2.4628512309864163,
      2.478126517031342,
      2.4639077209867537,
      2.4596354053355753,
      2.46125609613955,
      2.463689250871539,
      2.4615224730223417,
      2.4660132229328156,
      2.465995581820607,
      2.4770820941776037,
      2.4674522299319506,
      2.465797977987677,
      2.4671806320548058,
      2.466589951887727,
      2.4667109698057175,
      2.4691915423609316,
      2.4672865718603134,
      2.4811084270477295,
      2.4708761270157993,
      2.4679268980398774,
      2.467068042140454,
      2.4696226972155273,
      2.466375687625259,
      2.463825585786253,
      2.4657366070896387,
      2.4769360232166946,
      2.4650039300322533,
      2.477371220011264,
      2.4673664257861674,
      2.4636520678177476,
      2.465749498922378,
      2.4664443898946047,
      2.4615358780138195,
      2.4784565968438983,
      2.4666918120346963,
      2.464699992444366,
      2.464872697368264,
      2.4647470279596746,
      2.470581811852753,
      2.467751924879849,
      2.469144043046981,
      2.471217588055879,
      2.4772957181558013,
      2.4696009387262166,
      2.473860059864819,
      2.4681701082736254,
      2.4724170197732747,
      2.467445914167911,
      2.4716147240251303,
      2.469843081664294,
      2.483538545668125,
      2.4706999440677464,
      2.4724899507127702,
      2.469501513056457,
      2.47515948722139,
      2.471383015625179,
      2.471586788073182,
      2.4763839510269463,
      2.4839556580409408,
      2.4713741270825267,
      2.470716821961105,
      2.468551169615239,
      2.472501483745873,
      2.4691971871070564,
      2.4739748151041567
    ],
    [
      2.0374245261773467,
      2.0315689891576767,
      2.0365219586528838,
      2.039299399126321,
      2.0371371721848845,
      2.0370118590071797,
      2.036154732108116,
      2.0378572582267225,
      2.0415847548283637,
      2.035408465657383,
      2.0381930423900485,
      2.034783997107297,
      2.0352796227671206,
      2.0376034742221236,
      2.0382977607659996,
      2.037249756976962,
      2.03921552374959,
      2.0366883990354836,
      2.0391889130696654,
      2.0381489279679954,
      2.046891275793314,
      2.036212848033756,
      2.0391801386140287,
      2.0389892640523612,
      2.043485044967383,
      2.0384912863373756,
      2.040355119854212,
      2.0409031407907605,
      2.054817833006382,
      2.0407803962007165,
      2.0394886671565473,
      2.040340379346162,
      2.041432271245867,
      2.040664521045983,
      2.041194729041308,
      2.0418490027077496,
      2.058200826868415,
      2.0438516759313643,
      2.041895229835063,
      2.041904330253601,
      2.0428796308115125,
      2.040977023076266,
      2.0482545630075037,
      2.043905114289373,
      2.060697767883539,
      2.0436233449727297,
      2.0457469960674644,
      2.044387391768396,
      2.045808846130967,
      2.0445008571259677,
      2.048302902840078,
      2.046611240133643,
      2.06500840280205,
      2.0500458758324385,
      2.0447909119538963,
      2.0477628600783646,
      2.0484594888985157,
      2.0494684232398868,
      2.043248550966382,
      2.0450327689759433,
      2.056068069767207,
      2.0446942718699574,
      2.0515564060769975,
      2.0464681070297956,
      2.041786512825638,
      2.045287541113794,
      2.0414422368630767,
      2.0423595709726214,
      2.0473733795806766,
      2.0456071379594505,
      2.0444435318931937,
      2.046031001023948,
      2.045463602989912,
      2.048374895937741,
      2.048910894896835,
      2.0462399823591113,
      2.05081602698192,
      2.054014353081584,
      2.047527289018035,
      2.048083100002259,
      2.047780588734895,
      2.050481779035181,
      2.0463936161249876,
      2.049049587920308,
      2.0475297109223902,
      2.062647715676576,
      2.0485145137645304,
      2.045837280806154,
      2.0472342083230615,
      2.05305048590526,
      2.048552346881479,
      2.052928721997887,
      2.053272917866707,
      2.0635148850269616,
      2.048578603193164,
      2.0464039109647274,
      2.046279791276902,
      2.0492094811052084,
      2.0457249572500587,
      2.0530490917153656
    ],
    [
      2.030316178686917,
      2.025088607799262,
      2.027278644964099,
      2.033811471890658,
      2.028038452845067,
      2.030639300122857,
      2.0284097543917596,
      2.027937316801399,
      2.032372910063714,
      2.0257998071610928,
      2.0324795967899263,
      2.0291414000093937,
      2.028584054671228,
      2.0296756881289184,
      2.0332494201138616,
      2.0295911701396108,
      2.031270290259272,
      2.027942745015025,
      2.0313901607878506,
      2.0302267652004957,
      2.0385859846137464,
      2.027804664801806,
      2.027269492857158,
      2.0310305040329695,
      2.0338843762874603,
      2.0325444717891514,
      2.032316349912435,
      2.031371622812003,
      2.0473127947188914,
      2.032942194957286,
      2.0313790952786803,
      2.0326862619258463,
      2.031596169807017,
      2.030506013892591,
      2.0333561720326543,
      2.0317433374002576,
      2.049486819189042,
      2.0338198048993945,
      2.0317191858775914,
      2.0298120942898095,
      2.032884154934436,
      2.0291965790092945,
      2.036785149946809,
      2.034252642188221,
      2.048258393071592,
      2.0358182243071496,
      2.03585372120142,
      2.034453481901437,
      2.0352711230516434,
      2.0346887190826237,
      2.0385758969932795,
      2.035093449987471,
      2.0526083558797836,
      2.037925465963781,
      2.034970938693732,
      2.0359517741017044,
      2.0370385609567165,
      2.034990568179637,
      2.0312232449650764,
      2.035106658935547,
      2.0465661799535155,
      2.034720214083791,
      2.0460097999311984,
      2.0345971402712166,
      2.0315562109462917,
      2.032845805864781,
      2.034085239749402,
      2.028141721151769,
      2.044073342345655,
      2.03319377778098,
      2.036318999249488,
      2.0325345606543124,
      2.035299452021718,
      2.03826921293512,
      2.0368350972421467,
      2.036311220843345,
      2.038331838324666,
      2.0440515340305865,
      2.0383942499756813,
      2.0399169428274035,
      2.0376391070894897,
      2.0403666868805885,
      2.0340292397886515,
      2.0389967230148613,
      2.035317111760378,
      2.0521627590060234,
      2.0360813848674297,
      2.0381402359344065,
      2.0351535649970174,
      2.042376423254609,
      2.036210283637047,
      2.0405720961280167,
      2.042754855938256,
