{
  "mpi_implementation": "intelmpi",
  "operation": "allgather",
  "num_ranks": 4,
  "tensor_shape": {
    "batch": 8,
    "seq_len": 2048,
    "hidden_dim": 2048
  },
  "num_elements": 33554432,
  "tensor_size_bytes": 67108864,
  "tensor_size_mb": 64.0,
  "dtype": "bfloat16",
  "dtype_note": "Generated as bf16, converted to fp32 for MPI, size reported as bf16",
  "warmup_iterations": 10,
  "measurement_iterations": 100,
  "timing_method": "time.perf_counter()",
  "timings": [
    [
      0.5943021010607481,
      0.6155241439118981,
      0.6239080959931016,
      0.6116800149902701,
      0.6169177191331983,
      0.6170576889999211,
      0.6128893448039889,
      0.6147782858461142,
      0.6175584476441145,
      0.6115099368616939,
      0.6233953339979053,
      0.6171780470758677,
      0.6112179467454553,
      0.6148935649544001,
      0.6307322271168232,
      0.6122798779979348,
      0.6107913120649755,
      0.6186344157904387,
      0.6143612279556692,
      0.6102220742031932,
      0.6164803616702557,
      0.6111871749162674,
      0.6099622119218111,
      0.6127910632640123,
      0.6098480666987598,
      0.6116978181526065,
      0.6218377738259733,
      0.6133636571466923,
      0.609972442034632,
      0.6143759218975902,
      0.6130264853127301,
      0.6071203500032425,
      0.6162616387009621,
      0.6132037388160825,
      0.6132562346756458,
      0.6165695679374039,
      0.6112675559706986,
      0.6099347020499408,
      0.6157233347184956,
      0.6126888240687549,
      0.6061044977977872,
      0.6141467401757836,
      0.609963150229305,
      0.612689380068332,
      0.6224260488525033,
      0.6185550782829523,
      0.6285988190211356,
      0.6167378812097013,
      0.6113258716650307,
      0.6081444690935314,
      0.6184268114157021,
      0.6105689816176891,
      0.6124196541495621,
      0.6151511827483773,
      0.6145140128210187,
      0.6115168668329716,
      0.617513857781887,
      0.6100484691560268,
      0.6080906218849123,
      0.6151440157555044,
      0.6101877698674798,
      0.6089420006610453,
      0.6170483608730137,
      0.6159483226947486,
      0.6080853692255914,
      0.6187338912859559,
      0.6128059821203351,
      0.6098135770298541,
      0.6163099845871329,
      0.6106981351040304,
      0.6095904898829758,
      0.6146278940141201,
      0.6186298560351133,
      0.6128335790708661,
      0.6195575622841716,
      0.615875300951302,
      0.6165677029639482,
      0.6187034756876528,
      0.6418567541986704,
      0.6296631428413093,
      0.6294648330658674,
      0.6216015201061964,
      0.6156981508247554,
      0.6266345768235624,
      0.6127091720700264,
      0.6092676920816302,
      0.6172968149185181,
      0.6106412569060922,
      0.6142294933088124,
      0.6204595868475735,
      0.6111916187219322,
      0.6124825519509614,
      0.6220094761811197,
      0.6180350659415126,
      0.6109167640097439,
      0.6156105026602745,
      0.6114488081075251,
      0.6072407476603985,
      0.6142645538784564,
      0.6122006960213184
    ],
    [
      0.5954003380611539,
      0.6161611108109355,
      0.6262342538684607,
      0.6107138129882514,
      0.6172220259904861,
      0.6181955859065056,
      0.6129252039827406,
      0.6149021475575864,
      0.6178152016364038,
      0.6126830158755183,
      0.6253253892064095,
      0.6182263661175966,
      0.6121092238463461,
      0.6158835189417005,
      0.6326767872087657,
      0.6138566611334682,
      0.613390140235424,
      0.6174113447777927,
      0.6147473291493952,
      0.6138259549625218,
      0.6177313341759145,
      0.6121693002060056,
      0.6124563692137599,
      0.6161668030545115,
      0.6110248360782862,
      0.6150616761296988,
      0.6228193920105696,
      0.6133761033415794,
      0.6105369157157838,
      0.6156635116785765,
      0.6156325619667768,
      0.6142635340802372,
      0.618758596945554,
      0.6134874629788101,
      0.6153653427027166,
      0.6178523441776633,
      0.6119199469685555,
      0.6100476980209351,
      0.6160688600502908,
      0.611793948803097,
      0.6107602049596608,
      0.6147218109108508,
      0.6106118792667985,
      0.616963678970933,
      0.6278800582513213,
      0.6238346719183028,
      0.6303753540851176,
      0.6148903546854854,
      0.6128365150652826,
      0.6119336350820959,
      0.6212323629297316,
      0.6119301780126989,
      0.6156887598335743,
      0.6188494106754661,
      0.614967348985374,
      0.6148468386381865,
      0.6194141549058259,
      0.611820915248245,
      0.6109750978648663,
      0.6171909682452679,
      0.6122551402077079,
      0.6125600677914917,
      0.6186398188583553,
      0.6173057616688311,
      0.6109213149175048,
      0.620827313978225,
      0.6140297171659768,
      0.6136679812334478,
      0.6177976289764047,
      0.6127343280240893,
      0.6134681296534836,
      0.6183792799711227,
      0.6184688238427043,
      0.6133018829859793,
      0.6200867090374231,
      0.6149157779291272,
      0.6167176757007837,
      0.6202859519980848,
      0.6546434317715466,
      0.6315277479588985,
      0.6333905141800642,
      0.6222390411421657,
      0.6170105747878551,
      0.6289496780373156,
      0.6152518428862095,
      0.6120202858000994,
      0.617220323998481,
      0.6125029539689422,
      0.6160423369146883,
      0.6220323443412781,
      0.613860949408263,
      0.6123296082951128,
      0.6136707831174135,
      0.61732585914433,
      0.6138803497888148,
      0.6160852741450071,
      0.6148548661731184,
      0.6119462950155139,
      0.6157043119892478,
      0.6138191809877753
    ],
    [
      0.5949314208701253,
      0.615689436905086,
      0.6263796300627291,
      0.6120927412994206,
      0.6124054039828479,
      0.6177680026739836,
      0.6125240526162088,
      0.6147110690362751,
      0.6178765497170389,
      0.613739974796772,
      0.6248066867701709,
      0.6175043852999806,
      0.6117770387791097,
      0.6158396559767425,
      0.6325622629374266,
      0.613802945241332,
      0.6130651696585119,
      0.6159704709425569,
      0.6148508689366281,
      0.6128715290687978,
      0.6176974042318761,
      0.61215027468279,
      0.6115570785477757,
      0.6149029261432588,
      0.6104366863146424,
      0.6131052537821233,
      0.6220521978102624,
      0.6128186895512044,
      0.6104608713649213,
      0.6144249211065471,
      0.6146083669736981,
      0.6124922670423985,
      0.6180003387853503,
      0.6131508727557957,
      0.6103195678442717,
      0.6174038080498576,
      0.6116881780326366,
      0.6097172950394452,
      0.6150877019390464,
      0.6121232178993523,
      0.6079062754288316,
      0.6143258521333337,
      0.6097912406548858,
      0.610996828880161,
      0.6221578838303685,
      0.6165833561681211,
      0.6277617271989584,
      0.6147128641605377,
      0.6113856020383537,
      0.6090307841077447,
      0.6215522079728544,
      0.6142406421713531,
      0.6153490650467575,
      0.6172528369352221,
      0.6143642030656338,
      0.6125431195832789,
      0.6193126100115478,
      0.6105501702986658,
      0.6097181458026171,
      0.6154839177615941,
      0.6119020530022681,
      0.6100040837191045,
      0.6186837540008128,
      0.617406299803406,
      0.6144899129867554,
      0.6191219100728631,
      0.6143886595964432,
      0.6115102022886276,
      0.6158031458035111,
      0.6124311657622457,
      0.6105665052309632,
      0.619390391279012,
      0.6161005781032145,
      0.6132328887470067,
      0.6200066292658448,
      0.6158188479021192,
      0.6166752460412681,
      0.6200419869273901,
      0.6450131591409445,
      0.6313253380358219,
      0.6306406450457871,
      0.621365750208497,
      0.6168641499243677,
      0.628458044026047,
      0.6153928069397807,
      0.6108957920223475,
      0.615390753839165,
      0.6109112380072474,
      0.614193513058126,
