{
  "mpi_implementation": "intelmpi",
  "operation": "reduce",
  "num_ranks": 4,
  "tensor_shape": {
    "batch": 1,
    "seq_len": 8192,
    "hidden_dim": 2048
  },
  "num_elements": 16777216,
  "tensor_size_bytes": 33554432,
  "tensor_size_mb": 32.0,
  "dtype": "bfloat16",
  "dtype_note": "Generated as bf16, converted to fp32 for MPI, size reported as bf16",
  "warmup_iterations": 10,
  "measurement_iterations": 100,
  "timing_method": "time.perf_counter()",
  "timings": [
    [
      0.3065014248713851,
      0.3026118790730834,
      0.30324289528653026,
      0.30239235889166594,
      0.30228022020310163,
      0.30232195369899273,
      0.3025389779359102,
      0.30256045889109373,
      0.30371604720130563,
      0.3024901980534196,
      0.30270153377205133,
      0.30223720986396074,
      0.3022733093239367,
      0.30256992392241955,
      0.30242585437372327,
      0.30435794219374657,
      0.302807732950896,
      0.3027162249200046,
      0.30219645611941814,
      0.3027834859676659,
      0.30323675414547324,
      0.30362749099731445,
      0.30234617507085204,
      0.30302319675683975,
      0.30242920061573386,
      0.3023107536137104,
      0.3025249410420656,
      0.30263050692155957,
      0.3022924643009901,
      0.3022782723419368,
      0.3033130061812699,
      0.3024037969298661,
      0.3028155919164419,
      0.3029450918547809,
      0.303367436863482,
      0.30248286575078964,
      0.30279059894382954,
      0.3024200452491641,
      0.30244434904307127,
      0.30281247617676854,
      0.3029513577930629,
      0.3023129482753575,
      0.30268304608762264,
      0.30248842667788267,
      0.3020333261229098,
      0.3025680473074317,
      0.3029737127944827,
      0.31258124206215143,
      0.30601153895258904,
      0.3027670639567077,
      0.3025388056412339,
      0.3025166252627969,
      0.30287416791543365,
      0.30271088099107146,
      0.3022712948732078,
      0.302742260042578,
      0.3028848199173808,
      0.30261735524982214,
      0.30237711826339364,
      0.30287615302950144,
      0.30271647265180945,
      0.30290421610698104,
      0.30269539542496204,
      0.3030775571241975,
      0.30247329315170646,
      0.3035611119121313,
      0.3114230986684561,
      0.3034420320764184,
      0.30242980690672994,
      0.30318291718140244,
      0.3024256560020149,
      0.30251083709299564,
      0.3029706641100347,
      0.30353364162147045,
      0.3036218509078026,
      0.3028344609774649,
      0.3031479134224355,
      0.30231906194239855,
      0.3029633811675012,
      0.3027692558243871,
      0.30258855782449245,
      0.30242270277813077,
      0.3032089830376208,
      0.30323170218616724,
      0.30290759401395917,
      0.30290808621793985,
      0.3023448931053281,
      0.3033479070290923,
      0.30285272281616926,
      0.30254993960261345,
      0.302809142973274,
      0.3024731632322073,
      0.30267329793423414,
      0.3030751869082451,
      0.30233644507825375,
      0.3027180638164282,
      0.3025916777551174,
      0.3024459667503834,
      0.30276091070845723,
      0.3033307809382677
    ],
    [
      0.2533662742935121,
      0.2492880616337061,
      0.250190949998796,
      0.2496158699505031,
      0.24956471100449562,
      0.24986305506899953,
      0.2498801969923079,
      0.25000567408278584,
      0.25082519091665745,
      0.25006232177838683,
      0.250190497841686,
      0.2494349000044167,
      0.2496744110248983,
      0.2495570038445294,
      0.24957705615088344,
      0.2496122606098652,
      0.2504752529785037,
      0.2500797142274678,
      0.24948285520076752,
      0.25050745997577906,
      0.24996587308123708,
      0.25101643800735474,
      0.25055199628695846,
      0.25027238158509135,
      0.24974491400644183,
      0.24958828510716558,
      0.249807957559824,
      0.24975578812882304,
      0.24950137175619602,
      0.25227726716548204,
      0.25092305382713675,
      0.24972209613770247,
      0.24936828203499317,
      0.2495451089926064,
      0.2510441509075463,
      0.24987305980175734,
      0.25033198157325387,
      0.24973250040784478,
      0.2496062428690493,
      0.2496978286653757,
      0.24898868706077337,
      0.24991795886307955,
      0.24957127822563052,
      0.24960627872496843,
      0.2493195841088891,
      0.2498656683601439,
      0.25042790500447154,
      0.2573273410089314,
      0.2532534780912101,
      0.2503097178414464,
      0.24984203185886145,
      0.24984466703608632,
      0.24993004696443677,
      0.24892084300518036,
      0.249812969006598,
      0.24989053886383772,
      0.24936257861554623,
      0.24980603903532028,
      0.24980474403128028,
      0.2500958167947829,
      0.24986754590645432,
      0.2504314803518355,
      0.24976697890087962,
      0.24907403206452727,
      0.24998911982402205,
      0.2497758362442255,
      0.25477090990170836,
      0.2507350300438702,
      0.24977207276970148,
      0.24952932819724083,
      0.2497303900308907,
      0.24987887311726809,
      0.24983335798606277,
      0.25080978218466043,
      0.25102574611082673,
      0.24960015900433064,
      0.24916287325322628,
      0.2495681499131024,
      0.24976507294923067,
      0.24883949058130383,
      0.2495790640823543,
      0.24961101496592164,
      0.2503683171235025,
      0.2498456770554185,
      0.2488345797173679,
      0.25034617027267814,
      0.2495797066949308,
      0.2505664532072842,
      0.2500195619650185,
      0.24950210331007838,
      0.24888856196776032,
      0.2496175281703472,
      0.25067591294646263,
      0.2505473168566823,
      0.24958454817533493,
      0.25014588236808777,
      0.24985961709171534,
      0.24967739172279835,
      0.2496364531107247,
      0.24909788696095347
    ],
    [
      0.25373205495998263,
      0.24966743821278214,
      0.25044900132343173,
      0.2497562407515943,
      0.24965903162956238,
      0.24990657018497586,
      0.2498648939654231,
      0.24997023306787014,
      0.25100466096773744,
      0.2503328020684421,
      0.2501310049556196,
      0.24953273264691234,
      0.24968250282108784,
      0.24971045227721334,
      0.2497850893996656,
      0.25000690296292305,
      0.25031688110902905,
      0.2498564450070262,
      0.24949353281408548,
      0.25088632572442293,
      0.2502912199124694,
      0.25102863600477576,
      0.2508185300976038,
      0.25021548802033067,
      0.24985290132462978,
      0.2497563431970775,
      0.24955527391284704,
      0.24945463193580508,
      0.24964240286499262,
      0.2505404748953879,
      0.2501254207454622,
      0.2492735763080418,
      0.25053484411910176,
      0.24972378090023994,
      0.2503037191927433,
      0.24988547200337052,
      0.24986869422718883,
      0.24934259615838528,
      0.24977634800598025,
      0.25061703100800514,
      0.24991677375510335,
      0.24975782493129373,
      0.25039329659193754,
      0.24950298527255654,
      0.248794075101614,
      0.24996957881376147,
      0.25006329780444503,
      0.25686201686039567,
      0.25339434994384646,
      0.24980248743668199,
      0.24937995802611113,
      0.24992662016302347,
      0.2508023902773857,
      0.24951604008674622,
      0.24978896928951144,
      0.25080920569598675,
      0.24971751915290952,
      0.24941808497533202,
      0.24982704082503915,
      0.2498244158923626,
      0.24930101167410612,
      0.25047883624210954,
      0.2507089236751199,
      0.24987348588183522,
      0.25003798212856054,
      0.25106488494202495,
      0.25573114305734634,
      0.2504448778927326,
      0.25057773711159825,
      0.24965814873576164,
      0.24924886506050825,
      0.24993195477873087,
      0.2506715636700392,
      0.25056007504463196,
      0.2510398468002677,
      0.25062061520293355,
      0.250221342779696,
      0.24975105607882142,
      0.250733548309654,
      0.2495756079442799,
      0.24979116721078753,
