{
  "mpi_implementation": "intelmpi",
  "operation": "reduce",
  "num_ranks": 4,
  "tensor_shape": {
    "batch": 8,
    "seq_len": 8192,
    "hidden_dim": 4096
  },
  "num_elements": 268435456,
  "tensor_size_bytes": 536870912,
  "tensor_size_mb": 512.0,
  "dtype": "bfloat16",
  "dtype_note": "Generated as bf16, converted to fp32 for MPI, size reported as bf16",
  "warmup_iterations": 10,
  "measurement_iterations": 100,
  "timing_method": "time.perf_counter()",
  "timings": [
    [
      4.893851353786886,
      4.890147045720369,
      4.904330546036363,
      4.897290352266282,
      4.893571755383164,
      4.891175266820937,
      4.906973496079445,
      4.890813916921616,
      4.894234450999647,
      4.891781326849014,
      4.908460918813944,
      4.893207831773907,
      4.898654427845031,
      4.892465736251324,
      4.906844360288233,
      4.892205900978297,
      4.892806992866099,
      4.891237153206021,
      4.900407567154616,
      4.895554543007165,
      4.892823078203946,
      4.895626945886761,
      4.89427277399227,
      4.910774908028543,
      4.893296192865819,
      4.8922581216320395,
      4.895192657131702,
      4.92269395198673,
      4.9150400990620255,
      4.919912457931787,
      4.917939952109009,
      4.934982212726027,
      4.917774664703757,
      4.922446322161704,
      4.916271254885942,
      4.934330217074603,
      4.927332910709083,
      4.911753645632416,
      4.916623110882938,
      4.932242215611041,
      4.9136629099957645,
      4.917374949902296,
      4.915883940178901,
      4.930227508302778,
      4.909743091091514,
      4.915785051882267,
      4.914943825919181,
      4.932842695619911,
      4.913445170037448,
      4.916050968691707,
      4.9106418010778725,
      4.918391976971179,
      4.915166881866753,
      4.917652324773371,
      4.918450777884573,
      4.932989940978587,
      4.9176966063678265,
      4.919745040591806,
      4.91827843291685,
      4.919114327058196,
      4.92137863393873,
      4.91576160909608,
      4.913009419105947,
      4.925870813895017,
      4.913799053989351,
      4.913047316018492,
      4.912916253320873,
      4.925272547174245,
      4.914495461154729,
      4.9155387338250875,
      4.910043934825808,
      4.9173535872250795,
      4.913285473361611,
      4.913661136291921,
      4.911961943842471,
      4.9108584970235825,
      4.926013342104852,
      4.9155108174309134,
      4.918850712943822,
      4.914210978895426,
      4.916255084332079,
      4.914856794290245,
      4.917120707221329,
      4.910807183012366,
      4.925874121952802,
      4.9107745620422065,
      4.912335711997002,
      4.907643677201122,
      4.927880651317537,
      4.911481696180999,
      4.913024720270187,
      4.9132121270522475,
      4.924785424023867,
      4.9095477890223265,
      4.912352208979428,
      4.912188635207713,
      4.9299801657907665,
      4.917523453012109,
      4.903269998729229,
      4.917294173967093
    ],
    [
      4.062272616196424,
      4.051648945081979,
      4.06740897288546,
      4.06133932294324,
      4.059477014001459,
      4.050154088996351,
      4.0658995131962,
      4.050861201249063,
      4.052608889061958,
      4.050796841736883,
      4.068262403830886,
      4.056392188183963,
      4.054548966232687,
      4.056689609773457,
      4.060441501904279,
      4.053463184274733,
      4.054285407997668,
      4.051427811849862,
      4.052877431735396,
      4.056915071792901,
      4.055644308682531,
      4.05709432810545,
      4.056729564908892,
      4.071072701830417,
      4.055288318078965,
      4.054406750947237,
      4.059283195994794,
      4.085144912358373,
      4.072835138067603,
      4.076452528126538,
      4.0763432760722935,
      4.091049713082612,
      4.0805197837762535,
      4.079720477107912,
      4.070911793038249,
      4.093927032314241,
      4.091277079191059,
      4.068876557983458,
      4.075567417778075,
      4.090928379911929,
      4.070250461809337,
      4.0735146389342844,
      4.0745352348312736,
      4.095104807987809,
      4.071954624727368,
      4.07939688116312,
      4.0739432238042355,
      4.089828857220709,
      4.079727337229997,
      4.072971299290657,
      4.073493828065693,
      4.083847709931433,
      4.072367975953966,
      4.071022773627192,
      4.079882279969752,
      4.088941487018019,
      4.077665382064879,
      4.08115337556228,
      4.078060055151582,
      4.08094770880416,
      4.078789390157908,
      4.074745980091393,
      4.081712807063013,
      4.075816534925252,
      4.0741204507648945,
      4.071787734050304,
      4.069392275065184,
      4.074829013086855,
      4.079481333028525,
      4.077471407130361,
      4.074516141787171,
      4.07385725621134,
      4.0706595298834145,
      4.073266020976007,
      4.075864298734814,
      4.067021895200014,
      4.084581452887505,
      4.076577326282859,
      4.078575766179711,
      4.072777348104864,
      4.083627601154149,
      4.07445429218933,
      4.072825077921152,
      4.073474351782352,
      4.085238087922335,
      4.073785912245512,
      4.0661735204048455,
      4.0644189598970115,
      4.086409315932542,
      4.068175892811269,
      4.073345979675651,
      4.07284550042823,
      4.089939658064395,
      4.068601137027144,
      4.076507567428052,
      4.072629502974451,
      4.093858329113573,
      4.0816134717315435,
      4.064062274992466,
      4.06932069407776
    ],
    [
      4.054041738156229,
      4.043588764965534,
      4.0574754741974175,
      4.0517146568745375,
      4.047316177748144,
      4.041810490190983,
      4.060132115148008,
      4.043201053049415,
      4.046306403819472,
      4.0446119690313935,
      4.06427312688902,
      4.046617764979601,
      4.046343889087439,
      4.0455086920410395,
      4.048244756180793,
      4.045345124788582,
      4.045096998102963,
      4.045213430188596,
      4.047071336768568,
      4.048483504913747,
      4.045590538997203,
      4.046411230228841,
      4.047073523979634,
      4.063336693216115,
      4.04443124262616,
      4.0442921430803835,
      4.044534476939589,
      4.068555568344891,
      4.062617894262075,
      4.065140007995069,
      4.0639901058748364,
      4.079983223229647,
      4.068049875088036,
      4.069743403233588,
      4.0602092132903636,
      4.081380038987845,
      4.0789864980615675,
      4.057038181927055,
      4.06522616231814,
      4.08068609982729,
      4.0604874161072075,
      4.062835719902068,
      4.063724220264703,
      4.080801791977137,
      4.057288167998195,
      4.065172038041055,
      4.062247538939118,
      4.081469862256199,
      4.0657677236013114,
      4.0620638858526945,
      4.061267465818673,
      4.0673719882033765,
      4.060494562145323,
      4.063153997063637,
      4.06715303612873,
      4.080310747027397,
      4.063872655853629,
      4.070751750841737,
      4.067564241122454,
      4.072576154023409,
      4.066036844626069,
      4.066693353932351,
      4.065682334359735,
      4.068791978992522,
      4.063704339321703,
      4.061353260651231,
      4.059900885913521,
      4.062402619980276,
      4.067167941015214,
      4.064988074824214,
      4.062094408087432,
      4.061355785932392,
      4.059964552987367,
      4.0626263078302145,
      4.06348065007478,
      4.056519621051848,
      4.074559375178069,
      4.066008208785206,
      4.067979775369167,
      4.061150283087045,
      4.067339363973588,
      4.064372688066214,
      4.063785400241613,
      4.063137557823211,
      4.073428011033684,
      4.063522262964398,
      4.059541309718043,
      4.055981175974011,
      4.077842857223004,
      4.059654819313437,
      4.062389167957008,
      4.064481259789318,
      4.073918497655541,
      4.060051106847823,
      4.0663509289734066,
      4.0625435169786215,
      4.079714720137417,
      4.069003132171929,
