{
  "mpi_implementation": "intelmpi",
  "operation": "gather",
  "num_ranks": 4,
  "tensor_shape": {
    "batch": 8,
    "seq_len": 8192,
    "hidden_dim": 4096
  },
  "num_elements": 268435456,
  "tensor_size_bytes": 536870912,
  "tensor_size_mb": 512.0,
  "dtype": "bfloat16",
  "dtype_note": "Generated as bf16, converted to fp32 for MPI, size reported as bf16",
  "warmup_iterations": 10,
  "measurement_iterations": 100,
  "timing_method": "time.perf_counter()",
  "timings": [
    [
      4.693676577880979,
      4.855390036012977,
      4.868962285574526,
      4.851348530035466,
      4.852235766127706,
      4.850592986214906,
      4.867033232934773,
      4.8493970818817616,
      4.854368843138218,
      4.849013144616038,
      4.866858968976885,
      4.850488401949406,
      4.853850373066962,
      4.867605371866375,
      4.851575106848031,
      4.859228689223528,
      4.854118310846388,
      4.853101009037346,
      4.854518871754408,
      4.866410227958113,
      4.854396231006831,
      4.853686339221895,
      4.855470526963472,
      4.86671093897894,
      4.854785195086151,
      4.854772417806089,
      4.859467515721917,
      4.866634855978191,
      4.85681470297277,
      4.852642457000911,
      4.857829391956329,
      4.874920767731965,
      4.865663056727499,
      4.859092656057328,
      4.856330730021,
      4.868049683980644,
      4.85655047185719,
      4.854609554167837,
      4.855512611102313,
      4.867430172394961,
      4.857371446676552,
      4.860935579054058,
      4.865825688932091,
      4.878322924952954,
      4.863809067755938,
      4.865979534108192,
      4.864891916979104,
      4.868442915845662,
      4.867085780017078,
      4.854790566954762,
      4.860732557717711,
      4.853794272057712,
      4.872167448978871,
      4.851354439742863,
      4.860441199038178,
      4.854495459236205,
      4.873350678011775,
      4.857345563359559,
      4.861241893842816,
      4.856571577023715,
      4.871915408875793,
      4.854242322035134,
      4.860115894116461,
      4.8566788346506655,
      4.873332646675408,
      4.857847670093179,
      4.867235434707254,
      4.861872473265976,
      4.880415671039373,
      4.861269982997328,
      4.867541596293449,
      4.8624134487472475,
      4.880593649111688,
      4.8629365670494735,
      4.886068910825998,
      4.8663206859491765,
      4.872984426096082,
      4.864999257028103,
      4.868582828901708,
      4.862863575108349,
      4.880657345056534,
      4.867644093930721,
      4.867850090842694,
      4.867119337897748,
      4.864582020789385,
      4.8803164111450315,
      4.867289205081761,
      4.867606747895479,
      4.866912892088294,
      4.878083369228989,
      4.865110609680414,
      4.860979443881661,
      4.858240047935396,
      4.875091637019068,
      4.865423435810953,
      4.869569750968367,
      4.866193517111242,
      4.877637098077685,
      4.8659990560263395,
      4.891394181642681
    ],
    [
      2.4972682814113796,
      2.4882098231464624,
      2.4915516073815525,
      2.4894889551214874,
      2.4894180740229785,
      2.489005981013179,
      2.490406069904566,
      2.4911478026770055,
      2.490061338059604,
      2.4902258729562163,
      2.4929852089844644,
      2.488263562787324,
      2.494113452732563,
      2.508538638241589,
      2.490517133846879,
      2.4992925180122256,
      2.49540191097185,
      2.4924669726751745,
      2.4932185760699213,
      2.50656599085778,
      2.4953439901582897,
      2.494552760850638,
      2.4910353058949113,
      2.504411027766764,
      2.491502707824111,
      2.492372157983482,
      2.4955140626989305,
      2.503111763857305,
      2.4929594807326794,
      2.4875044361688197,
      2.491794991772622,
      2.4964842377230525,
      2.496457581873983,
      2.495900167617947,
      2.49345348123461,
      2.4928458081558347,
      2.493963955901563,
      2.4902754300273955,
      2.493708302732557,
      2.49042187910527,
      2.4943331591784954,
      2.4929233388975263,
      2.4967663157731295,
      2.496163961943239,
      2.497646492905915,
      2.494413428939879,
      2.4933058032765985,
      2.494247562251985,
      2.5035186330787838,
      2.491718475241214,
      2.495429536793381,
      2.491444126702845,
      2.5118935736827552,
      2.491773894056678,
      2.4952978789806366,
      2.4908057139255106,
      2.5074615413323045,
      2.4913691258989275,
      2.4976252489723265,
      2.4901724723167717,
      2.5066435700282454,
      2.4942929493263364,
      2.4944333671592176,
      2.490210053976625,
      2.501629871316254,
      2.490408989135176,
      2.499346069060266,
      2.496345102787018,
      2.4962227288633585,
      2.4948675828054547,
      2.4931545509025455,
      2.495141974184662,
      2.500429728999734,
      2.4944899980910122,
      2.4954747799783945,
      2.497689271811396,
      2.497284445911646,
      2.493862716946751,
      2.4963591126725078,
      2.493111337069422,
      2.4962180801667273,
      2.4989750520326197,
      2.4939607940614223,
      2.4971807850524783,
      2.4952446203678846,
      2.511099482886493,
      2.4954726020805538,
      2.4982805247418582,
      2.4967983039096,
      2.511639908887446,
      2.497758300974965,
      2.495750947855413,
      2.492530988994986,
      2.506163843907416,
      2.5002744998782873,
      2.5015176250599325,
      2.496141503099352,
      2.5099734109826386,
      2.4963364810682833,
      2.497297427151352
    ],
    [
      2.49633013503626,
      2.487226531840861,
      2.4913702327758074,
      2.4891334660351276,
      2.48848393606022,
      2.48905131733045,
      2.489934489130974,
      2.490102767944336,
      2.488917578011751,
      2.490197428036481,
      2.491858567111194,
      2.488493436947465,
      2.4925650316290557,
      2.509709301404655,
      2.4899934590794146,
      2.4985836893320084,
      2.4931198959238827,
      2.491417824756354,
      2.4915424599312246,
      2.505270362831652,
      2.4933416321873665,
      2.4936103373765945,
      2.490576734766364,
      2.5035712057724595,
      2.491408199071884,
      2.492099529132247,
      2.4941186755895615,
      2.5019021946936846,
      2.491153724025935,
      2.4867469179444015,
      2.49044411117211,
      2.4953707437962294,
      2.4954753988422453,
      2.4937375681474805,
      2.4919127663597465,
      2.4916492491029203,
      2.4928648341447115,
      2.489483665674925,
      2.4929732037708163,
      2.489909677300602,
      2.4938495443202555,
      2.491611212026328,
      2.4955774038098752,
      2.4950649328529835,
      2.4964558919891715,
      2.494136677123606,
      2.4930348158814013,
      2.493579220958054,
      2.5032384297810495,
      2.4904786916449666,
      2.4946230589412153,
      2.4906903519295156,
      2.5103188417851925,
      2.491422139108181,
      2.495079148095101,
      2.489688437897712,
      2.5072787501849234,
      2.4905663542449474,
      2.496992744039744,
      2.4895579223521054,
      2.507195977959782,
      2.492306001018733,
      2.494125371798873,
      2.4898442029953003,
      2.5003056940622628,
      2.4899058109149337,
      2.4972629039548337,
      2.4942590901628137,
      2.494619721081108,
      2.493905881885439,
      2.4924612902104855,
      2.4937852299772203,
      2.4984529917128384,
      2.4939099070616066,
      2.4944661469198763,
      2.4960521049797535,
      2.4964469531551003,
      2.4929256280884147,
      2.4952790569514036,
      2.492869551759213,
      2.494723316747695,
      2.496734415180981,
      2.49490424990654,
      2.4955705697648227,
      2.4941197340376675,
      2.510525355115533,
      2.496083081699908,
      2.4973637140356004,
      2.495802902150899,
      2.510599970817566,
      2.498757279943675,
      2.4935694001615047,
      2.4916178472340107,
      2.5060274261049926,
      2.4981717681512237,
