{
  "mpi_implementation": "intelmpi",
  "operation": "allreduce",
  "num_ranks": 4,
  "tensor_shape": {
    "batch": 8,
    "seq_len": 2048,
    "hidden_dim": 2048
  },
  "num_elements": 33554432,
  "tensor_size_bytes": 67108864,
  "tensor_size_mb": 64.0,
  "dtype": "bfloat16",
  "dtype_note": "Generated as bf16, converted to fp32 for MPI, size reported as bf16",
  "warmup_iterations": 10,
  "measurement_iterations": 100,
  "timing_method": "time.perf_counter()",
  "timings": [
    [
      0.7389651541598141,
      0.7464139643125236,
      0.7438767282292247,
      0.7450189967639744,
      0.7467864486388862,
      0.7449324363842607,
      0.7441484243609011,
      0.7436609580181539,
      0.7452160129323602,
      0.7453614580444992,
      0.7445556190796196,
      0.7442211932502687,
      0.744593430776149,
      0.7452535210177302,
      0.7445286270231009,
      0.7442394229583442,
      0.7455836976878345,
      0.7464313460513949,
      0.744910950306803,
      0.7447786619886756,
      0.7454061759635806,
      0.7455907170660794,
      0.7455939278006554,
      0.7451896788552403,
      0.745527823921293,
      0.747601268813014,
      0.7439712737686932,
      0.7445900132879615,
      0.7452548029832542,
      0.745925416238606,
      0.7450825469568372,
      0.745762009639293,
      0.7454478843137622,
      0.745253617875278,
      0.7444285461679101,
      0.744538945145905,
      0.7457694718614221,
      0.7450602538883686,
      0.7438512239605188,
      0.7448923350311816,
      0.7458912152796984,
      0.7460212912410498,
      0.7447665669023991,
      0.7446969267912209,
      0.7478455537930131,
      0.7458713939413428,
      0.7445664498955011,
      0.7448437600396574,
      0.7462839540094137,
      0.7458483180962503,
      0.7442495990544558,
      0.7455088589340448,
      0.745976663660258,
      0.7459715050645173,
      0.7457794118672609,
      0.7452565627172589,
      0.7467177640646696,
      0.747670513112098,
      0.750741686206311,
      0.7460124450735748,
      0.7470370647497475,
      0.7463238909840584,
      0.7463630489073694,
      0.7461346541531384,
      0.7468538340181112,
      0.745472569949925,
      0.7455094801262021,
      0.7461333251558244,
      0.746430940926075,
      0.7467679898254573,
      0.7457024650648236,
      0.74625861691311,
      0.7475156001746655,
      0.746702232863754,
      0.7456685439683497,
      0.7462536538951099,
      0.7473385566845536,
      0.7452722578309476,
      0.7449342701584101,
      0.7461542417295277,
      0.7473043398931623,
      0.7452229140326381,
      0.7456715009175241,
      0.7454765853472054,
      0.7503893440589309,
      0.7467134473845363,
      0.746109473053366,
      0.7462440361268818,
      0.7477754168212414,
      0.745541422162205,
      0.7455710149370134,
      0.7459335699677467,
      0.7472635861486197,
      0.7459528846666217,
      0.7456125658936799,
      0.7464205673895776,
      0.7478583147749305,
      0.7458579610101879,
      0.7454178999178112,
      0.7479667528532445
    ],
    [
      0.7406240943819284,
      0.7452961108647287,
      0.7435103980824351,
      0.7441670331172645,
      0.7464831979013979,
      0.7436045510694385,
      0.743397471960634,
      0.7429069778881967,
      0.7441023141145706,
      0.7441488089971244,
      0.7440799940377474,
      0.7434073919430375,
      0.7435104991309345,
      0.7441054042428732,
      0.7440764079801738,
      0.7437722473405302,
      0.7443162091076374,
      0.7465278599411249,
      0.7444159546867013,
      0.74404799612239,
      0.7448739469982684,
      0.7458128738217056,
      0.7450100369751453,
      0.7442481708712876,
      0.7450537090189755,
      0.7475559790618718,
      0.7433448797091842,
      0.7435705843381584,
      0.7441113321110606,
      0.7472502058371902,
      0.743984704837203,
      0.7453363351523876,
      0.7451418288983405,
      0.7457990003749728,
      0.7438294561579823,
      0.744059706106782,
      0.7456457209773362,
      0.7465762249194086,
      0.7432938301935792,
      0.7447258797474205,
      0.7456703060306609,
      0.7458410602994263,
      0.7441953388042748,
      0.7436117972247303,
      0.747964533045888,
      0.7444908181205392,
      0.7440213607624173,
      0.7448871019296348,
      0.745458718854934,
      0.7446077731437981,
      0.7436431017704308,
      0.7447445606812835,
      0.7451307149603963,
      0.7455295203253627,
      0.7449903199449182,
      0.7446806570515037,
      0.7459664861671627,
      0.7462251270189881,
      0.7500719358213246,
      0.7456043590791523,
      0.7461167047731578,
      0.745313563849777,
      0.7455535572953522,
      0.7462128014303744,
      0.7460972238332033,
      0.7447437136434019,
      0.7447869176976383,
      0.7460328303277493,
      0.745825155172497,
      0.7456580591388047,
      0.7456722571514547,
      0.7463870029896498,
      0.7474788497202098,
      0.7455354281701148,
      0.7454370320774615,
      0.7461626068688929,
      0.7473131772130728,
      0.7452681972645223,
      0.7446556580252945,
      0.7459178538993001,
      0.7466766806319356,
      0.744553245138377,
      0.7456627101637423,
      0.7451407737098634,
      0.7504623811691999,
      0.7453316752798855,
      0.7458973368629813,
      0.745742570143193,
      0.7478283918462694,
      0.7454942069016397,
      0.7455657259561121,
      0.7451316467486322,
      0.7473570606671274,
      0.745584003161639,
      0.7457792987115681,
      0.7452183333225548,
      0.7479027528315783,
      0.7458081669174135,
      0.7448121686466038,
      0.7459656707942486
    ],
    [
      0.7398284859955311,
      0.744234754703939,
      0.7430498790927231,
      0.7433944852091372,
      0.7448917422443628,
      0.7427476891316473,
      0.7432643100619316,
      0.7419879329390824,
      0.7433062479831278,
      0.7430948540568352,
      0.7436866099014878,
      0.743033149279654,
      0.7427348890341818,
      0.7429513302631676,
      0.7437315480783582,
      0.7430069078691304,
      0.7436150470748544,
      0.7439682371914387,
      0.7440531151369214,
      0.7436235081404448,
      0.7435088898055255,
      0.7431014250032604,
      0.7446110490709543,
      0.7440687571652234,
      0.7435436216183007,
      0.7453425521962345,
      0.7427531550638378,
      0.7435299791395664,
      0.7432975363917649,
      0.7452689199708402,
      0.7432421799749136,
      0.744241519831121,
      0.7436268720775843,
      0.7452880833297968,
      0.7434959290549159,
      0.7431720984168351,
      0.744089325889945,
      0.7454649521969259,
      0.7428723131306469,
      0.7434671986848116,
      0.7442286759614944,
      0.7451251288875937,
      0.7433201400563121,
      0.7432780470699072,
      0.7466624747030437,
      0.7436781371943653,
      0.7433266369625926,
      0.7438051481731236,
      0.7443571072071791,
      0.7448501586914062,
      0.742706480436027,
      0.743963660672307,
      0.7439328003674746,
      0.7439471166580915,
      0.7436833269894123,
      0.7434657379053533,
      0.744601990096271,
      0.744930334854871,
      0.7489793840795755,
      0.7446530251763761,
      0.7449450539425015,
      0.7436122456565499,
      0.7445254470221698,
      0.7447367683053017,
      0.7452544500119984,
      0.7433013739064336,
      0.7441932070069015,
      0.7448331080377102,
      0.7441777340136468,
      0.7442000270821154,
      0.7441907320171595,
      0.7451557498425245,
      0.7453809808939695,
      0.7442284016869962,
      0.7444343101233244,
      0.7448757672682405,
      0.7446836577728391,
      0.744150232989341,
      0.7440275647677481,
      0.7448447458446026,
      0.7454563919454813,
      0.7437990880571306,
      0.7448366400785744,
      0.7442062557674944,
      0.7501918161287904,
      0.7439942513592541,
      0.7448778012767434,
      0.7449519680812955,
      0.7467264384031296,
