{
  "mpi_implementation": "intelmpi",
  "operation": "reduce",
  "num_ranks": 4,
  "tensor_shape": {
    "batch": 16,
    "seq_len": 4096,
    "hidden_dim": 2048
  },
  "num_elements": 134217728,
  "tensor_size_bytes": 268435456,
  "tensor_size_mb": 256.0,
  "dtype": "bfloat16",
  "dtype_note": "Generated as bf16, converted to fp32 for MPI, size reported as bf16",
  "warmup_iterations": 10,
  "measurement_iterations": 100,
  "timing_method": "time.perf_counter()",
  "timings": [
    [
      2.461959377862513,
      2.471488354727626,
      2.4596117450855672,
      2.4632086153142154,
      2.4599708900786936,
      2.463477368000895,
      2.46192640485242,
      2.463999310042709,
      2.461649991106242,
      2.4854652928188443,
      2.46572378417477,
      2.4717676076106727,
      2.4691516803577542,
      2.473851684946567,
      2.4699861956760287,
      2.46879599429667,
      2.4702706541866064,
      2.4818748836405575,
      2.46853129286319,
      2.4726569820195436,
      2.4701979509554803,
      2.471517070196569,
      2.472724891267717,
      2.471472642850131,
      2.4714067759923637,
      2.4875946226529777,
      2.4728566729463637,
      2.474259709008038,
      2.472706621978432,
      2.474256929010153,
      2.4736107769422233,
      2.4720295080915093,
      2.472074070945382,
      2.4802586738951504,
      2.4699018876999617,
      2.47107270732522,
      2.470966995228082,
      2.473045475780964,
      2.470504777971655,
      2.471780733205378,
      2.477044560946524,
      2.4875026512891054,
      2.4720482546836138,
      2.473050647880882,
      2.474696693941951,
      2.4756839461624622,
      2.472987838089466,
      2.471755709964782,
      2.477677306625992,
      2.486386589705944,
      2.472607446834445,
      2.47119505610317,
      2.469565174076706,
      2.4728762190788984,
      2.468921130988747,
      2.4697974361479282,
      2.471493953373283,
      2.48790469719097,
      2.4763862430118024,
      2.4752160040661693,
      2.4582473090849817,
      2.465538665652275,
      2.4605927458032966,
      2.4655155390501022,
      2.4599204566329718,
      2.4706541090272367,
      2.4647789341397583,
      2.464524067007005,
      2.4590452490374446,
      2.464557363651693,
      2.462865720037371,
      2.4638689747080207,
      2.4614752428606153,
      2.4634745200164616,
      2.475956818088889,
      2.468053376302123,
      2.4633476370945573,
      2.4646500651724637,
      2.467257209122181,
      2.469073420856148,
      2.4657811080105603,
      2.4643799448385835,
      2.4737852890975773,
      2.4635677547194064,
      2.4639123338274658,
      2.46578197972849,
      2.46479510422796,
      2.466103774961084,
      2.4664100599475205,
      2.4640732961706817,
      2.482050817925483,
      2.4643011461012065,
      2.463957638014108,
      2.466672264970839,
      2.468003248795867,
      2.4685082510113716,
      2.4669403843581676,
      2.4678062461316586,
      2.476532331202179,
      2.4681627489626408
    ],
    [
      2.0428680921904743,
      2.050453808158636,
      2.037154220044613,
      2.0407304507680237,
      2.037400583270937,
      2.042125848121941,
      2.0361097771674395,
      2.0415262528695166,
      2.043578932993114,
      2.061502173077315,
      2.0461711012758315,
      2.04853278119117,
      2.0449363817460835,
      2.0512005798518658,
      2.0490104188211262,
      2.0460641756653786,
      2.0483901482075453,
      2.060912878252566,
      2.046435244847089,
      2.0504019502550364,
      2.0503781749866903,
      2.048503409139812,
      2.0504616843536496,
      2.047612275928259,
      2.0506942779757082,
      2.0635044872760773,
      2.0507983760908246,
      2.0524248969741166,
      2.05102454777807,
      2.0525741009041667,
      2.051553074736148,
      2.0507253920659423,
      2.0477036791853607,
      2.061846504919231,
      2.0470943418331444,
      2.050662002991885,
      2.048643712885678,
      2.0530656231567264,
      2.0495663159526885,
      2.048158635850996,
      2.0514199901372194,
      2.0624811872839928,
      2.0491953417658806,
      2.0521688479930162,
      2.05228101182729,
      2.0530000240541995,
      2.0515545839443803,
      2.0503325490280986,
      2.0543930428102612,
      2.0610640211962163,
      2.050619868095964,
      2.049828635994345,
      2.0475008757784963,
      2.0471379421651363,
      2.0489375181496143,
      2.0485292254015803,
      2.0495464531704783,
      2.0554850050248206,
      2.0458120042458177,
      2.0463301120325923,
      2.042074788827449,
      2.045215480029583,
      2.0407438739202917,
      2.0450802091509104,
      2.0442090523429215,
      2.0443800282664597,
      2.0477593848481774,
      2.0427643498405814,
      2.0415059700608253,
      2.046369566116482,
      2.045894945040345,
      2.0465658139437437,
      2.0425934866070747,
      2.0454463036730886,
      2.0553793758153915,
      2.0483425059355795,
      2.0427884771488607,
      2.0453957580029964,
      2.047958872281015,
      2.04825384542346,
      2.0453924648463726,
      2.045701215043664,
      2.0565461022779346,
      2.0448517869226635,
      2.046557032968849,
      2.046099436003715,
      2.046614816877991,
      2.0471745752729475,
      2.0454446910880506,
      2.0442192000336945,
      2.063358669169247,
      2.0431437022052705,
      2.045589162968099,
      2.044403415173292,
      2.048793119844049,
      2.0500488746911287,
      2.048897859174758,
      2.0488081299699843,
      2.059658393263817,
      2.0491439322941005
    ],
    [
      2.031993541866541,
      2.0421658069826663,
      2.028944144025445,
      2.032940066885203,
      2.0305845057591796,
      2.0341905849054456,
      2.0323371440172195,
      2.033605325035751,
      2.0325086819939315,
      2.049664517864585,
      2.03559858398512,
      2.034550008364022,
      2.0388610321097076,
      2.03902544407174,
      2.03913912223652,
      2.0338812228292227,
      2.040109694004059,
      2.0478823357261717,
      2.0381041150540113,
      2.039451560936868,
      2.038224207237363,
      2.035762690939009,
      2.0405276268720627,
      2.037017924245447,
      2.04027601191774,
      2.0531222191639245,
      2.039794272277504,
      2.0403431989252567,
      2.0387042718939483,
      2.041746011003852,
      2.0372216617688537,
      2.039876860100776,
      2.0373712270520627,
      2.046576971653849,
      2.035223405342549,
      2.0384167227894068,
      2.0360669889487326,
      2.0410092030651867,
      2.036545251030475,
      2.0378608340397477,
      2.040885359980166,
      2.0521725839935243,
      2.036719740368426,
      2.0396681800484657,
      2.039210259914398,
      2.042155437171459,
      2.0384928700514138,
      2.0354574862867594,
      2.043565405998379,
      2.048398431856185,
      2.039691186044365,
      2.0354995508678257,
      2.0369608821347356,
      2.0348910591565073,
      2.0360105098225176,
      2.035672937054187,
      2.0369915775954723,
      2.0409194799140096,
      2.0389682040549815,
      2.0387284620665014,
      2.030927910003811,
      2.0320223080925643,
      2.031514852773398,
      2.0320859560742974,
      2.0339193190447986,
      2.0301388576626778,
      2.0362198720686138,
      2.0304844179190695,
      2.029065176844597,
      2.0333868050947785,
      2.034134440124035,
      2.0333781861700118,
      2.0316463774070144,
      2.0325930193066597,
      2.045910069718957,
      2.0466908989474177,
      2.0320367948152125,
      2.0310935019515455,
      2.0368241909891367,
      2.0362618560902774,
      2.0341797820292413,
      2.030067872721702,
      2.0445985542610288,
      2.0311317429877818,
      2.034629428293556,
      2.0326643609441817,
      2.0339789111167192,
      2.033586178906262,
      2.034958286676556,
      2.030849127098918,
      2.050542552024126,
      2.030378372874111,
      2.032560942694545,
