{
  "mpi_implementation": "intelmpi",
  "operation": "allgather",
  "num_ranks": 4,
  "tensor_shape": {
    "batch": 1,
    "seq_len": 8192,
    "hidden_dim": 4096
  },
  "num_elements": 33554432,
  "tensor_size_bytes": 67108864,
  "tensor_size_mb": 64.0,
  "dtype": "bfloat16",
  "dtype_note": "Generated as bf16, converted to fp32 for MPI, size reported as bf16",
  "warmup_iterations": 10,
  "measurement_iterations": 100,
  "timing_method": "time.perf_counter()",
  "timings": [
    [
      0.5792469042353332,
      0.6113088289275765,
      0.6158342869020998,
      0.6164722270332277,
      0.609278904274106,
      0.6174340900033712,
      0.6124066589400172,
      0.6076454343274236,
      0.6148360599763691,
      0.6099688769318163,
      0.6096387086436152,
      0.6158134257420897,
      0.6127815940417349,
      0.6141267069615424,
      0.6148553970269859,
      0.608979650773108,
      0.6084774690680206,
      0.6131206811405718,
      0.6128365769982338,
      0.6115237418562174,
      0.6142711383290589,
      0.6138596497476101,
      0.6073323073796928,
      0.6126846862025559,
      0.6160443858243525,
      0.6107726693153381,
      0.6176921939477324,
      0.6101306499913335,
      0.6120634796097875,
      0.6339282970875502,
      0.6149663007818162,
      0.6241616862826049,
      0.6182409813627601,
      0.6126461820676923,
      0.620166040956974,
      0.6189325558952987,
      0.6085957549512386,
      0.6119620478712022,
      0.6145132589153945,
      0.6240457617677748,
      0.613698564004153,
      0.6140456120483577,
      0.6142832427285612,
      0.6140506281517446,
      0.6296469499357045,
      0.6191555489785969,
      0.6082722679711878,
      0.6164386994205415,
      0.6233966816216707,
      0.6208708263002336,
      0.6150476960465312,
      0.6113759959116578,
      0.6081176353618503,
      0.6139796548523009,
      0.6247907038778067,
      0.6073849727399647,
      0.6144126658327878,
      0.6092984108254313,
      0.612344360910356,
      0.6303279027342796,
      0.6098933978937566,
      0.621840032748878,
      0.6130813742056489,
      0.6112205549143255,
      0.6230145720764995,
      0.613682933151722,
      0.6123344558291137,
      0.6182921878062189,
      0.6153043480589986,
      0.6278372961096466,
      0.6109528709203005,
      0.6105335489846766,
      0.6133441640995443,
      0.6135636600665748,
      0.634465963114053,
      0.6160536049865186,
      0.608396717812866,
      0.6217841939069331,
      0.6137389549985528,
      0.6250105262733996,
      0.6195514597930014,
      0.6129416418261826,
      0.6121676000766456,
      0.6198102021589875,
      0.6261253980919719,
      0.6098555168136954,
      0.6137781166471541,
      0.611792751122266,
      0.6102284686639905,
      0.6285755061544478,
      0.6125407130457461,
      0.6084594116546214,
      0.6144984560087323,
      0.6285443129017949,
      0.6226550359278917,
      0.6274500926956534,
      0.6121408669278026,
      0.609262035228312,
      0.6178560317493975,
      0.6265676459297538
    ],
    [
      0.5795004600659013,
      0.6154270400293171,
      0.6190874362364411,
      0.6180652300827205,
      0.6129247788339853,
      0.6178087489679456,
      0.6107896626926959,
      0.6092867758125067,
      0.6174115990288556,
      0.6115882620215416,
      0.6146459099836648,
      0.6198164410889149,
      0.6132408012636006,
      0.6152607556432486,
      0.6165314670652151,
      0.6112764650024474,
      0.6127004260197282,
      0.6157195479609072,
      0.6137747308239341,
      0.6145452372729778,
      0.616433675866574,
      0.6170662310905755,
      0.611610563006252,
      0.616626254748553,
      0.6184429191052914,
      0.6146384631283581,
      0.620753169991076,
      0.6110948780551553,
      0.6164660109207034,
      0.6341534969396889,
      0.6169749749824405,
      0.6277319430373609,
      0.621722066309303,
      0.613137484062463,
      0.6220155041664839,
      0.6181973461061716,
      0.6092067989520729,
      0.6156491870060563,
      0.6163375363685191,
      0.6261066249571741,
      0.6136613702401519,
      0.6161795030348003,
      0.6135674510151148,
      0.6152643789537251,
      0.6304370258003473,
      0.6208445886150002,
      0.6115788407623768,
      0.616486394777894,
      0.6318130870349705,
      0.6247980259358883,
      0.6158009758219123,
      0.6121273492462933,
      0.6122071002610028,
      0.6161432568915188,
      0.6253387229517102,
      0.611908049788326,
      0.6168947704136372,
      0.6106625641696155,
      0.612598080188036,
      0.6286929929628968,
      0.6106942510232329,
      0.6256290851160884,
      0.6151726678945124,
      0.6147411977872252,
      0.6252116207033396,
      0.6152984551154077,
      0.6134365177713335,
      0.6183394328691065,
      0.6168693020008504,
      0.6300194561481476,
      0.6136976801790297,
      0.61284443968907,
      0.6140781100839376,
      0.6146359369158745,
      0.6355496002361178,
      0.6159967603161931,
      0.6113722631707788,
      0.6251352527178824,
      0.6146928649395704,
      0.6270961491391063,
      0.6225884365849197,
      0.6138481348752975,
      0.6146809821948409,
      0.6203828640282154,
      0.6264996561221778,
      0.6144570261240005,
      0.6171524892561138,
      0.6151772858574986,
      0.6148178209550679,
      0.6310994429513812,
      0.6129351072013378,
      0.612706049811095,
      0.6159399119205773,
      0.6306763277389109,
      0.6274142637848854,
      0.6321673933416605,
      0.6161810019984841,
      0.6119279670529068,
      0.6187034812755883,
      0.6278415401466191
    ],
    [
      0.5791602428071201,
      0.6124148801900446,
      0.6170446849428117,
      0.6146391252987087,
      0.6104411231353879,
      0.617713478859514,
      0.6106913350522518,
      0.6085785361938179,
      0.6167212352156639,
      0.6113140168599784,
      0.6118480358272791,
      0.6176370829343796,
      0.6110134343616664,
      0.6151717370375991,
      0.6152221942320466,
      0.6099493773654103,
      0.6097221649251878,
      0.6154815549962223,
      0.6149441450834274,
      0.6147628370672464,
      0.6163855432532728,
      0.6149258576333523,
      0.6094694309867918,
      0.6145850750617683,
      0.6185173601843417,
      0.6125171650201082,
      0.6183233899064362,
      0.6110513648018241,
      0.6145316180773079,
      0.6339062303304672,
      0.6137793208472431,
      0.6326687149703503,
      0.6194758140482008,
      0.6127333058975637,
      0.6216853531077504,
      0.61928202630952,
      0.6090626888908446,
      0.6130788633599877,
      0.6160977170802653,
      0.6257954761385918,
      0.613604542799294,
      0.6144487760029733,
      0.6124351751059294,
      0.6150193777866662,
      0.6303831851109862,
      0.6214101477526128,
      0.6091300179250538,
      0.6164626800455153,
      0.6304475790821016,
      0.623549044597894,
      0.6135249538347125,
      0.6120538739487529,
      0.6107111219316721,
      0.6152106672525406,
      0.6252066739834845,
      0.609178785700351,
      0.613345448859036,
      0.610402278136462,
      0.6121235098689795,
      0.6304728351533413,
      0.6100037209689617,
      0.6229985747486353,
      0.6149841812439263,
      0.6125953118316829,
      0.6200405489653349,
      0.6143104680813849,
      0.611977759283036,
      0.6173618827015162,
      0.6160818058997393,
      0.6275904481299222,
      0.6137398569844663,
      0.6122092618606985,
      0.6134381601586938,
      0.6136968317441642,
      0.6333602117374539,
      0.6159194661304355,
      0.6108819260261953,
      0.6231634900905192,
      0.6130476929247379,
      0.6258799629285932,
      0.6213433770462871,
      0.6137786712497473,
      0.6146526769734919,
      0.6189037319272757,
      0.6255815559998155,
      0.6117599993012846,
      0.6154732289724052,
      0.614168802741915,
      0.6120508466847241,
