{
  "mpi_implementation": "intelmpi",
  "operation": "gather",
  "num_ranks": 4,
  "tensor_shape": {
    "batch": 32,
    "seq_len": 8192,
    "hidden_dim": 4096
  },
  "num_elements": 1073741824,
  "tensor_size_bytes": 2147483648,
  "tensor_size_mb": 2048.0,
  "dtype": "bfloat16",
  "dtype_note": "Generated as bf16, converted to fp32 for MPI, size reported as bf16",
  "warmup_iterations": 10,
  "measurement_iterations": 100,
  "timing_method": "time.perf_counter()",
  "timings": [
    [
      18.39018090395257,
      18.887820669915527,
      18.87871929164976,
      18.907628633081913,
      18.902207865845412,
      18.94135489780456,
      18.928146997001022,
      18.93883299594745,
      18.9458877639845,
      18.950651274994016,
      18.97619296517223,
      18.96608397224918,
      18.98769766977057,
      18.967989922966808,
      18.989416441880167,
      18.98615617491305,
      19.023735533002764,
      19.01289046416059,
      19.003481460735202,
      19.003329910803586,
      19.01491333404556,
      19.017893556971103,
      19.04041677992791,
      19.022070826031268,
      19.03467627801001,
      19.04073101794347,
      19.048430969007313,
      19.028176319319755,
      19.03371340688318,
      19.045669164974242,
      19.036944089923054,
      19.047392359003425,
      19.04631219478324,
      19.009291079826653,
      19.048686623107642,
      19.047487350180745,
      19.052656752988696,
      19.028608995955437,
      19.025308596901596,
      19.028561838902533,
      19.04675037274137,
      19.050282975193113,
      19.074570785742253,
      19.06132508907467,
      19.054158630780876,
      19.045118887908757,
      19.03724574111402,
      19.042513727676123,
      19.028126635123044,
      19.0479607982561,
      19.05680433101952,
      19.062553705647588,
      19.059769951272756,
      19.028137374203652,
      19.034237034153193,
      19.029035061597824,
      19.02863830793649,
      19.032534311991185,
      19.035932485945523,
      19.049132079817355,
      19.064672492910177,
      19.06110900081694,
      19.063724809791893,
      19.05526719428599,
      19.0530291730538,
      19.056388754863292,
      19.06796796899289,
      19.067957571242005,
      19.025643267668784,
      19.053119025193155,
      19.06909732101485,
      19.05297342594713,
      19.05895701609552,
      19.052614744752645,
      19.036421756260097,
      19.01708679413423,
      19.02934799483046,
      19.033714537043124,
      19.038974669296294,
      19.063144276849926,
      19.06859433837235,
      19.058247759006917,
      19.067698328755796,
      19.052531979046762,
      19.06612246716395,
      19.03697209712118,
      19.04554604087025,
      19.045317412819713,
      19.042625152040273,
      19.051327685359865,
      19.045256425626576,
      19.040942626073956,
      19.05139176733792,
      19.04258040431887,
      19.04505153838545,
      19.033263392280787,
      19.034819011110812,
      19.02461379719898,
      19.03529824409634,
      19.177123703993857
    ],
    [
      9.891024570912123,
      9.839020639192313,
      9.860916671343148,
      9.84956749016419,
      9.867244618944824,
      9.861500814091414,
      9.857916983775795,
      9.854121779091656,
      9.857890207786113,
      9.861204259097576,
      9.857899342197925,
      9.858904066961259,
      9.859040600247681,
      9.859537393786013,
      9.88031260902062,
      9.87479337118566,
      9.889175843913108,
      9.888331482186913,
      9.882904619909823,
      9.880444395821542,
      9.88187601417303,
      9.879346052184701,
      9.890467043034732,
      9.893704294692725,
      9.870793245267123,
      9.876273196190596,
      9.894528751261532,
      9.872867148835212,
      9.872284281998873,
      9.880199736915529,
      9.878291659988463,
      9.882307252380997,
      9.86815087730065,
      9.875839311163872,
      9.88911452703178,
      9.887567698024213,
      9.89649584935978,
      9.881643711123616,
      9.88143844390288,
      9.87862538639456,
      9.881434087175876,
      9.890693138353527,
      9.909154049586505,
      9.896469121798873,
      9.874581920914352,
      9.87797718681395,
      9.879628669004887,
      9.877756286878139,
      9.885005043819547,
      9.8903779941611,
      9.899354038294405,
      9.899010417982936,
      9.897163496818393,
      9.877657482866198,
      9.890572314150631,
      9.886765902861953,
      9.878632996231318,
      9.88922904105857,
      9.887678829021752,
      9.878146131988615,
      9.879696388728917,
      9.891464041080326,
      9.886105574201792,
      9.887693139258772,
      9.881889504380524,
      9.87670565303415,
      9.881776310969144,
      9.886324951890856,
      9.873424738179892,
      9.885138841811568,
      9.904472859110683,
      9.8926873318851,
      9.901780010201037,
      9.895834373310208,
      9.889609982725233,
      9.886324803344905,
      9.887054590974003,
      9.887356685940176,
      9.884669634979218,
      9.881203779950738,
      9.89033030392602,
      9.887830173131078,
      9.88492723600939,
      9.874551590066403,
      9.887211821042001,
      9.873068211134523,
      9.877423909958452,
      9.875769482925534,
      9.879305243957788,
      9.898277240805328,
      9.888177795801312,
      9.885414510034025,
      9.884296513162553,
      9.885736220050603,
      9.89158601500094,
      9.889467267785221,
      9.881284827832133,
      9.881505261640996,
      9.88623602502048,
      9.883335293736309
    ],
    [
      9.889531909953803,
      9.836017534602433,
      9.859304572921246,
      9.848042469006032,
      9.8676344351843,
      9.859980723820627,
      9.857990518212318,
      9.850937708746642,
      9.856928016990423,
      9.859281958080828,
      9.858014059253037,
      9.857183190062642,
      9.85663813399151,
      9.857072249986231,
      9.87925437418744,
      9.874259270727634,
      9.887497900053859,
      9.889061776921153,
      9.881765293888748,
      9.879619455896318,
      9.880320465192199,
      9.878921178169549,
      9.891792567446828,
      9.89115538308397,
      9.86934991972521,
      9.873442692682147,
      9.893400048371404,
      9.871472503058612,
      9.87214241316542,
      9.878402820322663,
      9.879187413025647,
      9.880226685665548,
      9.867243819870055,
      9.874447136186063,
      9.888985839672387,
      9.888040005695075,
      9.893530033994466,
      9.880077901761979,
      9.880489848088473,
      9.880293374881148,
      9.87925964500755,
      9.893230520188808,
      9.906141216866672,
      9.896143568214029,
      9.874149921815842,
      9.877959945239127,
      9.87963993428275,
      9.876491239760071,
      9.881075279787183,
      9.889026764314622,
      9.897859126795083,
      9.897977444343269,
      9.8961101626046,
      9.878233564086258,
      9.891077803913504,
      9.887996987905353,
      9.878751538693905,
      9.886344489641488,
      9.886365174781531,
      9.879322635009885,
      9.881533387117088,
      9.891275331843644,
      9.885001324117184,
      9.886220137123019,
      9.879223430994898,
      9.877693908289075,
      9.88079078681767,
      9.887923188041896,
      9.869477856904268,
      9.884175535291433,
      9.902076631784439,
      9.892702866811305,
      9.900186862796545,
      9.893798777833581,
      9.891446938738227,
      9.882406608667225,
      9.885216909926385,
      9.884684321004897,
      9.882134093903005,
      9.87984573515132,
      9.888540410902351,
      9.884756652172655,
      9.883442683145404,
      9.873521432746202,
      9.885775844100863,
      9.871749266050756,
      9.876760111190379,
      9.874090522062033,
      9.876516533084214,
      9.897691210266203,
      9.888802354224026,
      9.886222602333874,
      9.882303546182811,
      9.885000044945627,
      9.889981050044298,
      9.887095872778445,
      9.880905321799219,
      9.87953157396987,
