{
  "mpi_implementation": "intelmpi",
  "operation": "broadcast",
  "num_ranks": 4,
  "tensor_shape": {
    "batch": 8,
    "seq_len": 2048,
    "hidden_dim": 2048
  },
  "num_elements": 33554432,
  "tensor_size_bytes": 67108864,
  "tensor_size_mb": 64.0,
  "dtype": "bfloat16",
  "dtype_note": "Generated as bf16, converted to fp32 for MPI, size reported as bf16",
  "warmup_iterations": 10,
  "measurement_iterations": 100,
  "timing_method": "time.perf_counter()",
  "timings": [
    [
      0.03311368962749839,
      0.019211179111152887,
      0.018717775121331215,
      0.01849256083369255,
      0.018405211623758078,
      0.01835549622774124,
      0.018332656007260084,
      0.018280164804309607,
      0.01830864790827036,
      0.01829006988555193,
      0.018287723883986473,
      0.018284088000655174,
      0.018351360224187374,
      0.018313270062208176,
      0.018294119741767645,
      0.018275852780789137,
      0.018274104222655296,
      0.018300291150808334,
      0.01828452479094267,
      0.01827822905033827,
      0.018282680306583643,
      0.01827782392501831,
      0.018313121981918812,
      0.018317480105906725,
      0.0183116071857512,
      0.018276991322636604,
      0.018300391733646393,
      0.018286322709172964,
      0.018281374126672745,
      0.01826962409541011,
      0.018280495889484882,
      0.018284827936440706,
      0.01828308729454875,
      0.01827420573681593,
      0.018324421253055334,
      0.018279817886650562,
      0.018288043327629566,
      0.018276561051607132,
      0.018265791703015566,
      0.01827397570014,
      0.018271383829414845,
      0.018279085867106915,
      0.018298136070370674,
      0.018285070080310106,
      0.0182771859690547,
      0.018318592105060816,
      0.01832360727712512,
      0.018297686707228422,
      0.018283239100128412,
      0.018275517970323563,
      0.018271909095346928,
      0.018281966913491488,
      0.018424362875521183,
      0.018663416150957346,
      0.018276963848620653,
      0.018276178743690252,
      0.01833908725529909,
      0.018302262760698795,
      0.018308827187865973,
      0.018286353908479214,
      0.018265268299728632,
      0.01826336281374097,
      0.018268662970513105,
      0.018268535379320383,
      0.018280204851180315,
      0.01840451918542385,
      0.018273137044161558,
      0.018274315632879734,
      0.018269767053425312,
      0.018273579888045788,
      0.018259829841554165,
      0.01827794825658202,
      0.01826461823657155,
      0.018264458049088717,
      0.018262239638715982,
      0.018263157922774553,
      0.018284423742443323,
      0.018272146116942167,
      0.018276903312653303,
      0.01828168099746108,
      0.01828223094344139,
      0.0182642531581223,
      0.018253352958709,
      0.018258375115692616,
      0.01826638914644718,
      0.01826855121180415,
      0.018307458143681288,
      0.018282788805663586,
      0.018266618251800537,
      0.0182654089294374,
      0.018269346095621586,
      0.018263278994709253,
      0.018266938161104918,
      0.018256741110235453,
      0.018268126994371414,
      0.01844416419044137,
      0.018421197775751352,
      0.018274263944476843,
      0.018291719257831573,
      0.018580138217657804
    ],
    [
      0.033095356076955795,
      0.01921058911830187,
      0.01871680235490203,
      0.01849151076748967,
      0.0184043999761343,
      0.018354305997490883,
      0.018331361934542656,
      0.018278743606060743,
      0.018307297956198454,
      0.01828971179202199,
      0.018286731094121933,
      0.018283536657691002,
      0.018350633792579174,
      0.018312578089535236,
      0.018292977940291166,
      0.01827521389350295,
      0.018273419234901667,
      0.018300097435712814,
      0.018283485900610685,
      0.018286834936589003,
      0.018282223027199507,
      0.0182778500020504,
      0.018311824183911085,
      0.018316912930458784,
      0.01831065909937024,
      0.018275761976838112,
      0.018299303017556667,
      0.018286004196852446,
      0.018279997631907463,
      0.018268963787704706,
      0.01827960927039385,
      0.018283717334270477,
      0.018282650038599968,
      0.018273544032126665,
      0.018323922995477915,
      0.018278788775205612,
      0.018287301063537598,
      0.018276021350175142,
      0.01826591230928898,
      0.018273151945322752,
      0.018270661123096943,
      0.018278013914823532,
      0.018297304399311543,
      0.018284115009009838,
      0.018276480957865715,
      0.018317908979952335,
      0.018322809133678675,
      0.01829688297584653,
      0.018281233962625265,
      0.01827446697279811,
      0.018270724918693304,
      0.018281119875609875,
      0.01842369604855776,
      0.018661847803741693,
      0.01827597478404641,
      0.018275595270097256,
      0.018338569905608892,
      0.018301247619092464,
      0.018307934049516916,
      0.018285574857145548,
      0.018264944665133953,
      0.018262519035488367,
      0.018267817795276642,
      0.018267948180437088,
      0.01827966095879674,
      0.018402995076030493,
      0.01827250374481082,
      0.01827354496344924,
      0.018268825951963663,
      0.01827294798567891,
      0.018259239848703146,
      0.018277448136359453,
      0.01826380006968975,
      0.018263116013258696,
      0.018261602148413658,
      0.018262268975377083,
      0.01828347472473979,
      0.01827102806419134,
      0.01827598735690117,
      0.018280406948179007,
      0.018281878903508186,
      0.01826342288404703,
      0.01825236016884446,
      0.01825744193047285,
      0.01826565619558096,
      0.01826788205653429,
      0.018306697253137827,
      0.018281881231814623,
      0.01826627692207694,
      0.018264591693878174,
      0.018268529791384935,
      0.01826241100206971,
      0.018266394268721342,
      0.01825612224638462,
      0.018267502076923847,
      0.018443317152559757,
      0.01841996517032385,
      0.018273354042321444,
      0.018290972337126732,
      0.018579354975372553
    ],
    [
      0.033102710265666246,
      0.019211036153137684,
      0.01871741423383355,
      0.018491840921342373,
      0.01840483071282506,
      0.018354442436248064,
      0.01833205996081233,
      0.018279926851391792,
      0.018307707738131285,
      0.01828956324607134,
      0.01828682003542781,
      0.018283784855157137,
      0.018350583035498857,
      0.01831263117492199,
      0.018293350003659725,
      0.018275571055710316,
      0.018273293040692806,
      0.018299664836376905,
      0.018283911049365997,
      0.0182779710739851,
      0.01828249916434288,
      0.018277504947036505,
      0.01831283373758197,
      0.018316933885216713,
      0.018311067018657923,
      0.01827612007036805,
      0.018300091847777367,
      0.01828587567433715,
      0.018280539195984602,
      0.01826912211254239,
      0.018279982265084982,
      0.018284562975168228,
      0.018283132929354906,
      0.018273756839334965,
      0.0183247490786016,
      0.018279090989381075,
      0.018287344835698605,
      0.01827630214393139,
      0.018265541177242994,
      0.018273720052093267,
      0.018270971719175577,
      0.018278650008141994,
      0.018297405913472176,
      0.018284046091139317,
      0.018276730086654425,
      0.018318429123610258,
      0.01832588203251362,
      0.0182977132499218,
      0.018281399738043547,
      0.018275067675858736,
      0.01827159710228443,
      0.018281138967722654,
      0.01842420594766736,
      0.018661947920918465,
      0.01827623788267374,
      0.018275880254805088,
      0.01833899598568678,
      0.018301876727491617,
      0.01830816315487027,
      0.018285696394741535,
      0.018264807760715485,
      0.018263267818838358,
      0.018268489744514227,
      0.018268072977662086,
      0.01827982533723116,
      0.018402968998998404,
      0.01827285112813115,
      0.01827403763309121,
      0.01826901314780116,
      0.018272939138114452,
