{
  "mpi_implementation": "intelmpi",
  "operation": "allreduce",
  "num_ranks": 4,
  "tensor_shape": {
    "batch": 1,
    "seq_len": 4096,
    "hidden_dim": 2048
  },
  "num_elements": 8388608,
  "tensor_size_bytes": 16777216,
  "tensor_size_mb": 16.0,
  "dtype": "bfloat16",
  "dtype_note": "Generated as bf16, converted to fp32 for MPI, size reported as bf16",
  "warmup_iterations": 10,
  "measurement_iterations": 100,
  "timing_method": "time.perf_counter()",
  "timings": [
    [
      0.17469416512176394,
      0.17652607429772615,
      0.17738800682127476,
      0.17698489408940077,
      0.17699431581422687,
      0.1771322046406567,
      0.17710489220917225,
      0.17724923137575388,
      0.1771069117821753,
      0.17682065488770604,
      0.17502951715141535,
      0.17431222880259156,
      0.17478481074795127,
      0.17529776692390442,
      0.17492762813344598,
      0.17441471805796027,
      0.17464544670656323,
      0.1748924688436091,
      0.17535506188869476,
      0.17514306120574474,
      0.1747468002140522,
      0.17449257941916585,
      0.17491677403450012,
      0.17467663018032908,
      0.1754369791597128,
      0.1745374291203916,
      0.1748709576204419,
      0.17438768967986107,
      0.17473749816417694,
      0.1742619159631431,
      0.17541162902489305,
      0.17480694688856602,
      0.17486688820645213,
      0.17437085788697004,
      0.17471904819831252,
      0.17513346625491977,
      0.17481462797150016,
      0.17456806590780616,
      0.1746980487369001,
      0.17482524504885077,
      0.1748129199258983,
      0.17515394883230329,
      0.17480491707101464,
      0.1746356408111751,
      0.17474929988384247,
      0.17450076108798385,
      0.17461509304121137,
      0.17530171805992723,
      0.1750129573047161,
      0.17456964636221528,
      0.17465073382481933,
      0.17470075702294707,
      0.17528090067207813,
      0.17529740696772933,
      0.17527287220582366,
      0.17495308304205537,
      0.17486589308828115,
      0.17479209788143635,
      0.1754075549542904,
      0.17505347728729248,
      0.17488840408623219,
      0.17469613393768668,
      0.17465275898575783,
      0.17479583388194442,
      0.1754566808231175,
      0.1750388527289033,
      0.1746772020123899,
      0.17479439405724406,
      0.17468742420896888,
      0.174755004234612,
      0.1751736318692565,
      0.17466582963243127,
      0.17479641875252128,
      0.1747713922522962,
      0.17456106701865792,
      0.17540242290124297,
      0.17506976472213864,
      0.1747186742722988,
      0.1762031363323331,
      0.1754959081299603,
      0.17474299995228648,
      0.17534996196627617,
      0.17501889495179057,
      0.17480335664004087,
      0.17478664591908455,
      0.17482277005910873,
      0.17450739908963442,
      0.17555663222447038,
      0.1746034100651741,
      0.17481920728459954,
      0.17487888503819704,
      0.17479134164750576,
      0.17491701804101467,
      0.17536889016628265,
      0.17503174394369125,
      0.17466987576335669,
      0.17487447895109653,
      0.17477345513179898,
      0.17509336909279227,
      0.17492275405675173
    ],
    [
      0.17471803165972233,
      0.176571530289948,
      0.17730170907452703,
      0.17689231922850013,
      0.17692098021507263,
      0.17714806413277984,
      0.1770213581621647,
      0.1770192589610815,
      0.1770600499585271,
      0.1768345539458096,
      0.1760460129007697,
      0.17545696115121245,
      0.17574554169550538,
      0.17559196520596743,
      0.17593199014663696,
      0.1754688499495387,
      0.17566723423078656,
      0.1757399421185255,
      0.17651712521910667,
      0.17570963175967336,
      0.17573436582461,
      0.17546774679794908,
      0.17583772633224726,
      0.17595623107627034,
      0.1759770722128451,
      0.17560051567852497,
      0.175837439019233,
      0.17556113423779607,
      0.17570382310077548,
      0.17524946993216872,
      0.1759080127812922,
      0.17599268723279238,
      0.1759868087247014,
      0.1753847310319543,
      0.1757051688618958,
      0.1760797998867929,
      0.17603226378560066,
      0.17573433555662632,
      0.17584347072988749,
      0.17592446925118566,
      0.1759079839102924,
      0.1757703060284257,
      0.17593829799443483,
      0.17572875088080764,
      0.1760153449140489,
      0.1755902343429625,
      0.17571831494569778,
      0.17590366397053003,
      0.17623294796794653,
      0.17576754605397582,
      0.175759790930897,
      0.17588347801938653,
      0.17661575879901648,
      0.17602311493828893,
      0.17642697785049677,
      0.17619321681559086,
      0.17611816199496388,
      0.1760694128461182,
      0.17634904896840453,
      0.17629687301814556,
      0.1761459312401712,
      0.17591138277202845,
      0.17579655116423965,
      0.1759711499325931,
      0.1761367917060852,
      0.17626102827489376,
      0.17586043616756797,
      0.17594772763550282,
      0.17588468827307224,
      0.17597579769790173,
      0.17594434786587954,
      0.17591857304796576,
      0.17600110825151205,
      0.17602694500237703,
      0.17580679478123784,
      0.17624304397031665,
      0.17636311799287796,
      0.17598469695076346,
      0.1774348011240363,
      0.17665862385183573,
      0.1759851910173893,
      0.17604908626526594,
      0.1762905321083963,
      0.17604816798120737,
      0.1759959328919649,
      0.1760370130650699,
      0.1756370458751917,
      0.17629900807514787,
      0.17582591390237212,
      0.17606348637491465,
      0.17606116412207484,
      0.17598334606736898,
      0.17620345717296004,
      0.17613595118746161,
      0.1762851127423346,
      0.17590945260599256,
      0.17608503438532352,
      0.17601145757362247,
      0.1758776232600212,
      0.1762355868704617
    ],
    [
      0.17438007285818458,
      0.1761672249995172,
      0.1763415141031146,
      0.17643121164292097,
      0.17615296691656113,
      0.17674159072339535,
      0.17616890696808696,
      0.17672480689361691,
      0.1764790411107242,
      0.176269028801471,
      0.1757455193437636,
      0.1751386160030961,
      0.17546054627746344,
      0.17532599018886685,
      0.17562516080215573,
      0.17512708995491266,
      0.17544847773388028,
      0.17554754205048084,
      0.17636568704620004,
      0.17549118399620056,
      0.1754435091279447,
      0.17519628116860986,
      0.17558848205953836,
      0.17571427393704653,
      0.17549726366996765,
      0.17535775806754827,
      0.1754967849701643,
      0.17534639593213797,
      0.17533350782468915,
      0.17494517425075173,
      0.17561672115698457,
      0.17582707200199366,
      0.17578197922557592,
      0.17508340999484062,
      0.17549630720168352,
      0.17590729100629687,
      0.17576541425660253,
      0.17552412673830986,
      0.17561365384608507,
      0.17570835072547197,
      0.17565578781068325,
      0.1753432028926909,
      0.17559187300503254,
      0.1754512689076364,
      0.1758642545901239,
      0.17534895101562142,
      0.17548798071220517,
      0.17579394578933716,
      0.17615550104528666,
      0.1756637548096478,
      0.17558786179870367,
      0.17566581489518285,
      0.1765248216688633,
      0.17594400141388178,
      0.17626907117664814,
      0.1761172483675182,
      0.17596452310681343,
      0.175983723718673,
      0.17590548610314727,
      0.17616674210876226,
      0.17597290687263012,
      0.17580622900277376,
      0.17558048386126757,
      0.17574003478512168,
      0.1760893319733441,
      0.1760671199299395,
      0.1756737418472767,
      0.17582078697159886,
      0.17582453694194555,
      0.17587707610800862,
      0.17583216866478324,
      0.1757491030730307,
      0.1759319519624114,
      0.17587492801249027,
      0.17563258716836572,
      0.17561723664402962,
      0.17630301183089614,
      0.17585791600868106,
      0.17726766970008612,
      0.17656698497012258,
