{
  "mpi_implementation": "intelmpi",
  "operation": "reduce",
  "num_ranks": 2,
  "tensor_shape": {
    "batch": 1,
    "seq_len": 1,
    "hidden_dim": 20
  },
  "num_elements": 20,
  "tensor_size_bytes": 40,
  "tensor_size_mb": 3.814697265625e-05,
  "dtype": "bfloat16",
  "dtype_note": "Generated as bf16, converted to fp32 for MPI, size reported as bf16",
  "warmup_iterations": 10,
  "measurement_iterations": 100,
  "timing_method": "time.perf_counter()",
  "timings": [
    [
      1.5863217413425446e-05,
      1.5366356819868088e-05,
      1.6223173588514328e-05,
      1.4615710824728012e-05,
      1.479312777519226e-05,
      1.4667864888906479e-05,
      1.621898263692856e-05,
      1.472514122724533e-05,
      1.4599878340959549e-05,
      1.4518853276968002e-05,
      1.5521887689828873e-05,
      1.4664139598608017e-05,
      1.496216282248497e-05,
      1.416075974702835e-05,
      1.5348196029663086e-05,
      1.4127232134342194e-05,
      1.4585908502340317e-05,
      1.4097895473241806e-05,
      1.582503318786621e-05,
      1.443270593881607e-05,
      1.4453660696744919e-05,
      1.4104880392551422e-05,
      1.4565885066986084e-05,
      1.4816410839557648e-05,
      1.4456920325756073e-05,
      1.4230143278837204e-05,
      1.4657620340585709e-05,
      1.3698823750019073e-05,
      1.4414079487323761e-05,
      1.4976132661104202e-05,
      1.4144927263259888e-05,
      1.4599878340959549e-05,
      1.4795921742916107e-05,
      1.4360994100570679e-05,
      1.4446210116147995e-05,
      1.401873305439949e-05,
      1.4526769518852234e-05,
      1.398799940943718e-05,
      1.440197229385376e-05,
      1.416727900505066e-05,
      1.4089979231357574e-05,
      1.4063902199268341e-05,
      1.4124903827905655e-05,
      1.3861805200576782e-05,
      1.4516990631818771e-05,
      1.4007091522216797e-05,
      1.3997778296470642e-05,
      1.420639455318451e-05,
      1.4648307114839554e-05,
      1.4514196664094925e-05,
      1.750793308019638e-05,
      1.4876946806907654e-05,
      1.415889710187912e-05,
      1.4499761164188385e-05,
      1.4639925211668015e-05,
      1.4110002666711807e-05,
      1.4291144907474518e-05,
      1.4644116163253784e-05,
      1.4192890375852585e-05,
      1.4196615666151047e-05,
      1.3937707990407944e-05,
      1.3859011232852936e-05,
      1.414865255355835e-05,
      1.4049001038074493e-05,
      1.422688364982605e-05,
      1.4241784811019897e-05,
      1.440802589058876e-05,
      1.396937295794487e-05,
      1.5416648238897324e-05,
      1.4307908713817596e-05,
      1.4354940503835678e-05,
      1.4088116586208344e-05,
      1.3865996152162552e-05,
      1.4055054634809494e-05,
      1.3836193829774857e-05,
      1.4283228665590286e-05,
      1.4404300600290298e-05,
      1.4802906662225723e-05,
      1.3827811926603317e-05,
      1.4482997357845306e-05,
      1.4188233762979507e-05,
      1.4050863683223724e-05,
      1.4196150004863739e-05,
      1.4279969036579132e-05,
      1.4120712876319885e-05,
      1.4185905456542969e-05,
      1.4302320778369904e-05,
      1.4596153050661087e-05,
      1.4083925634622574e-05,
      1.3762619346380234e-05,
      1.4267861843109131e-05,
      1.3859942555427551e-05,
      1.371605321764946e-05,
      1.4103949069976807e-05,
      1.3954006135463715e-05,
      1.4130957424640656e-05,
      1.3703014701604843e-05,
      1.3972166925668716e-05,
      1.4279969036579132e-05,
      1.422083005309105e-05
    ],
    [
      1.2293923646211624e-05,
      1.189718022942543e-05,
      1.2707896530628204e-05,
      1.129182055592537e-05,
      1.1552125215530396e-05,
      1.13598071038723e-05,
      1.2754928320646286e-05,
      1.1486001312732697e-05,
      1.1381693184375763e-05,
      1.1257827281951904e-05,
      1.2251082807779312e-05,
      1.1357944458723068e-05,
      1.1527910828590393e-05,
      1.0842923074960709e-05,
      1.2189149856567383e-05,
      1.0943971574306488e-05,
      1.1081807315349579e-05,
      1.0794959962368011e-05,
      1.2253876775503159e-05,
      1.1214986443519592e-05,
      1.116190105676651e-05,
      1.0889023542404175e-05,
      1.1431053280830383e-05,
      1.1526979506015778e-05,
      1.119496300816536e-05,
      1.1167023330926895e-05,
      1.1418014764785767e-05,
      1.0624062269926071e-05,
      1.1332333087921143e-05,
      1.1458992958068848e-05,
      1.102406531572342e-05,
      1.119496300816536e-05,
      1.1345837265253067e-05,
      1.1319294571876526e-05,
      1.1351890861988068e-05,
      1.0970979928970337e-05,
      1.1363066732883453e-05,
      1.0882038623094559e-05,
      1.1126045137643814e-05,
      1.1092983186244965e-05,
      1.090019941329956e-05,
      1.0949093848466873e-05,
      1.1066906154155731e-05,
      1.0833144187927246e-05,
      1.1412892490625381e-05,
      1.0971911251544952e-05,
      1.0975170880556107e-05,
      1.1099036782979965e-05,
      1.1374242603778839e-05,
      1.1374242603778839e-05,
      1.3662036508321762e-05,
      1.1472031474113464e-05,
      1.1001713573932648e-05,
      1.1066906154155731e-05,
      1.1520925909280777e-05,
      1.095607876777649e-05,
      1.073768362402916e-05,
      1.125037670135498e-05,
      1.1057592928409576e-05,
      1.0935124009847641e-05,
      1.082615926861763e-05,
      1.0775867849588394e-05,
      1.071905717253685e-05,
      1.0970979928970337e-05,
      1.1085066944360733e-05,
      1.1043623089790344e-05,
      1.1289957910776138e-05,
      1.0857824236154556e-05,
      1.170579344034195e-05,
      1.1046882718801498e-05,
      1.103198155760765e-05,
      1.1020805686712265e-05,
      1.0735820978879929e-05,
      1.0862015187740326e-05,
      1.0622665286064148e-05,
      1.1099036782979965e-05,
      1.1323951184749603e-05,
      1.1753756552934647e-05,
      1.0726973414421082e-05,
      1.0817311704158783e-05,
      1.1140014976263046e-05,
      1.0912306606769562e-05,
      1.0915100574493408e-05,
      1.086527481675148e-05,
      1.0962598025798798e-05,
      1.1002179235219955e-05,
      1.0792165994644165e-05,
      1.1438969522714615e-05,
      1.1053867638111115e-05,
      1.0742805898189545e-05,
      1.0835938155651093e-05,
      1.070462167263031e-05,
      1.0575167834758759e-05,
      1.1044088751077652e-05,
      1.0841991752386093e-05,
      1.0907184332609177e-05,
      1.0767020285129547e-05,
      1.0688789188861847e-05,
      1.0889023542404175e-05,
      1.1173076927661896e-05
    ]
  ]
}