{
  "mpi_implementation": "intelmpi",
  "operation": "gather",
  "num_ranks": 2,
  "tensor_shape": {
    "batch": 1,
    "seq_len": 1,
    "hidden_dim": 20
  },
  "num_elements": 20,
  "tensor_size_bytes": 40,
  "tensor_size_mb": 3.814697265625e-05,
  "dtype": "bfloat16",
  "dtype_note": "Generated as bf16, converted to fp32 for MPI, size reported as bf16",
  "warmup_iterations": 10,
  "measurement_iterations": 100,
  "timing_method": "time.perf_counter()",
  "timings": [
    [
      1.4459248632192612e-05,
      1.4421064406633377e-05,
      1.3714190572500229e-05,
      1.1723954230546951e-05,
      1.1834315955638885e-05,
      1.1411961168050766e-05,
      1.374492421746254e-05,
      1.2536998838186264e-05,
      1.1748634278774261e-05,
      1.6774982213974e-05,
      1.415470615029335e-05,
      1.1669937521219254e-05,
      1.1215917766094208e-05,
      1.2123025953769684e-05,
      1.2961681932210922e-05,
      1.1662021279335022e-05,
      1.1587049812078476e-05,
      1.6452278941869736e-05,
      1.686112955212593e-05,
      1.1290889233350754e-05,
      1.1528842151165009e-05,
      1.101568341255188e-05,
      1.3345852494239807e-05,
      1.1714175343513489e-05,
      1.1584721505641937e-05,
      1.7005018889904022e-05,
      1.6029924154281616e-05,
      1.1125113815069199e-05,
      1.2156087905168533e-05,
      1.1389143764972687e-05,
      1.697894185781479e-05,
      1.1933036148548126e-05,
      1.1682044714689255e-05,
      1.5855301171541214e-05,
      1.58003531396389e-05,
      1.0923948138952255e-05,
      1.0610092431306839e-05,
      1.0522082448005676e-05,
      1.2625940144062042e-05,
      1.1067371815443039e-05,
      1.1286232620477676e-05,
      1.588696613907814e-05,
      1.4976132661104202e-05,
      1.0801013559103012e-05,
      1.1675991117954254e-05,
      1.0560266673564911e-05,
      1.6388017684221268e-05,
      1.8035992980003357e-05,
      1.7665792256593704e-05,
      1.6035977751016617e-05,
      1.6286037862300873e-05,
      1.0910909622907639e-05,
      1.0814052075147629e-05,
      1.131417229771614e-05,
      1.5232246369123459e-05,
      1.082615926861763e-05,
      1.1121854186058044e-05,
      1.3229437172412872e-05,
      1.5731900930404663e-05,
      1.1361204087734222e-05,
      1.1204276233911514e-05,
      1.126900315284729e-05,
      1.2619420886039734e-05,
      1.1305790394544601e-05,
      1.0936986654996872e-05,
      1.3657845556735992e-05,
      1.3807788491249084e-05,
      1.1165160685777664e-05,
      1.140078529715538e-05,
      1.1001713573932648e-05,
      1.2981705367565155e-05,
      1.0942108929157257e-05,
      1.0706949979066849e-05,
      1.3416167348623276e-05,
      1.3942830264568329e-05,
      1.1857133358716965e-05,
      1.1635012924671173e-05,
      1.1237803846597672e-05,
      1.3209879398345947e-05,
      1.1529773473739624e-05,
      1.1076685041189194e-05,
      1.5933997929096222e-05,
      1.5791039913892746e-05,
      1.171790063381195e-05,
      1.1201947927474976e-05,
      1.099705696105957e-05,
      1.5181023627519608e-05,
      1.1109281331300735e-05,
      1.1179596185684204e-05,
      1.5187077224254608e-05,
      1.3543758541345596e-05,
      1.116609200835228e-05,
      1.2103933840990067e-05,
      1.2970995157957077e-05,
      1.7235055565834045e-05,
      1.2349337339401245e-05,
      1.1430121958255768e-05,
      1.5877187252044678e-05,
      1.5316065400838852e-05,
      1.0866206139326096e-05
    ],
    [
      9.038951247930527e-06,
      8.786097168922424e-06,
      7.946044206619263e-06,
      6.3749030232429504e-06,
      6.089918315410614e-06,
      5.8067962527275085e-06,
      8.100178092718124e-06,
      6.5998174250125885e-06,
      5.640089511871338e-06,
      1.0922085493803024e-05,
      8.353963494300842e-06,
      6.021000444889069e-06,
      5.751848220825195e-06,
      6.210058927536011e-06,
      7.292255759239197e-06,
      6.021000444889069e-06,
      6.027985364198685e-06,
      1.0633841156959534e-05,
      1.1110212653875351e-05,
      5.823094397783279e-06,
      5.702022463083267e-06,
      5.5371783673763275e-06,
      7.62520357966423e-06,
      6.214715540409088e-06,
      5.85801899433136e-06,
      9.918119758367538e-06,
      1.0614283382892609e-05,
      5.7746656239032745e-06,
      6.35022297501564e-06,
      5.946028977632523e-06,
      1.0740011930465698e-05,
      6.478745490312576e-06,
      5.860812962055206e-06,
      1.0065268725156784e-05,
      1.0162126272916794e-05,
      5.817040801048279e-06,
      5.425885319709778e-06,
      5.424953997135162e-06,
      7.295049726963043e-06,
      5.493871867656708e-06,
      5.749985575675964e-06,
      9.736046195030212e-06,
      9.529758244752884e-06,
      5.7406723499298096e-06,
      5.873851478099823e-06,
      5.3872354328632355e-06,
      1.0546762496232986e-05,
      8.229166269302368e-06,
      8.754897862672806e-06,
      1.0200776159763336e-05,
      1.0574236512184143e-05,
      5.626119673252106e-06,
      5.738809704780579e-06,
      6.157904863357544e-06,
      9.82498750090599e-06,
      5.666166543960571e-06,
      5.854293704032898e-06,
      7.712747901678085e-06,
      9.99821349978447e-06,
      6.082933396100998e-06,
      5.667097866535187e-06,
      5.713198333978653e-06,
      7.605645805597305e-06,
      5.967915058135986e-06,
      5.549285560846329e-06,
      7.983297109603882e-06,
      8.406117558479309e-06,
      6.027054041624069e-06,
      5.9800222516059875e-06,
      5.8659352362155914e-06,
      7.751863449811935e-06,
      5.706679075956345e-06,
      5.5157579481601715e-06,
      7.910653948783875e-06,
      8.334871381521225e-06,
      6.536953151226044e-06,
      5.7532452046871185e-06,
      5.976762622594833e-06,
      7.72811472415924e-06,
      5.7141296565532684e-06,
      5.426816642284393e-06,
      1.0251998901367188e-05,
      1.025572419166565e-05,
      6.040092557668686e-06,
      5.587004125118256e-06,
      5.5888667702674866e-06,
      9.628012776374817e-06,
      5.759298801422119e-06,
      5.559995770454407e-06,
      9.987037628889084e-06,
      8.083879947662354e-06,
      5.652662366628647e-06,
      6.079208105802536e-06,
      5.817040801048279e-06,
      1.1629890650510788e-05,
      6.213318556547165e-06,
      5.567912012338638e-06,
      1.044292002916336e-05,
      9.662006050348282e-06,
      5.616806447505951e-06
    ]
  ]
}