{
  "mpi_implementation": "intelmpi",
  "operation": "allreduce",
  "num_ranks": 4,
  "tensor_shape": {
    "batch": 16,
    "seq_len": 8192,
    "hidden_dim": 2048
  },
  "num_elements": 268435456,
  "tensor_size_bytes": 536870912,
  "tensor_size_mb": 512.0,
  "dtype": "bfloat16",
  "dtype_note": "Generated as bf16, converted to fp32 for MPI, size reported as bf16",
  "warmup_iterations": 10,
  "measurement_iterations": 100,
  "timing_method": "time.perf_counter()",
  "timings": [
    [
      5.942208807915449,
      5.992972380015999,
      5.9894093428738415,
      5.991112268995494,
      5.992836982011795,
      5.992057879921049,
      5.994267221074551,
      5.996038308832794,
      6.000875822268426,
      6.003313197288662,
      5.993534391745925,
      5.997913117986172,
      5.9993103430606425,
      5.995922265108675,
      5.9940761448815465,
      5.996785480063409,
      6.000552156940103,
      5.99463356891647,
      6.00236133672297,
      6.006489182822406,
      6.001735781785101,
      5.998709497973323,
      6.000698262825608,
      5.997986762784421,
      5.999192439951003,
      6.005896989256144,
      5.997905436903238,
      6.000396715011448,
      6.00270372023806,
      6.00683767022565,
      6.003664320800453,
      6.003429586067796,
      5.999744167085737,
      5.999974164180458,
      6.003179815132171,
      6.007190062198788,
      6.000099785160273,
      6.002038682345301,
      6.002633467782289,
      6.006474263034761,
      6.000553735997528,
      6.003116941079497,
      6.004179032053798,
      6.006129865068942,
      5.999943844974041,
      6.002887150272727,
      6.004030211828649,
      6.001717238686979,
      5.998301512096077,
      6.000885104760528,
      6.009154269937426,
      5.999233363196254,
      6.005497456993908,
      5.998102281242609,
      6.002323844004422,
      6.00467903772369,
      6.00405641598627,
      6.00318279536441,
      6.000148074701428,
      6.007725258823484,
      6.006009494885802,
      6.004125382285565,
      6.004828123841435,
      6.007079365197569,
      6.007731186691672,
      6.001045314595103,
      6.007115550339222,
      5.9994804370217025,
      5.998474545776844,
      6.010601861868054,
      6.016423421911895,
      6.008202291093767,
      6.017741336952895,
      6.009417941328138,
      6.008344816043973,
      6.003947684075683,
      6.003781709820032,
      6.00586100295186,
      6.002484201919287,
      6.0085141831077635,
      6.0087002497166395,
      6.007995652034879,
      6.009402516763657,
      6.002716761082411,
      6.004833763930947,
      6.002807453740388,
      6.004604640882462,
      6.006132471840829,
      6.004482572898269,
      6.007630605250597,
      6.014052879996598,
      6.0075635951943696,
      6.008175161201507,
      6.0029384680092335,
      6.009413332678378,
      6.001915365923196,
      6.007841127924621,
      6.004658189136535,
      5.998169071041048,
      6.001870690844953
    ],
    [
      5.955432527232915,
      6.00149609381333,
      5.99997459538281,
      6.001167631242424,
      6.0006642658263445,
      6.001594283152372,
      6.001951558049768,
      6.0040522380732,
      6.008207599166781,
      6.010039559099823,
      6.004072837997228,
      6.005908564198762,
      6.007224170956761,
      6.004447435960174,
      6.005148849915713,
      6.005287164822221,
      6.007579868193716,
      6.004683879669756,
      6.009729322977364,
      6.015653838869184,
      6.007349391002208,
      6.006419206038117,
      6.007666263729334,
      6.007371065206826,
      6.011854080948979,
      6.011277280282229,
      6.006036457139999,
      6.008434529881924,
      6.0084936786442995,
      6.0131960259750485,
      6.01023236522451,
      6.010550846811384,
      6.008388877846301,
      6.010707755107433,
      6.00980712287128,
      6.012305619660765,
      6.00711396895349,
      6.01058776397258,
      6.011109193786979,
      6.015313648618758,
      6.0094845737330616,
      6.012151569593698,
      6.009261544793844,
      6.015420447103679,
      6.011108620092273,
      6.010439386125654,
      6.014415768906474,
      6.010212421882898,
      6.007508104201406,
      6.009448335040361,
      6.015689630061388,
      6.006397689227015,
      6.012178140692413,
      6.006129536777735,
      6.009797938168049,
      6.009909735061228,
      6.011009992100298,
      6.010567456949502,
      6.009044335223734,
      6.013057714793831,
      6.015543336980045,
      6.009502945933491,
      6.013849311042577,
      6.0145676378160715,
      6.013993230648339,
      6.009837579913437,
      6.0131419650278986,
      6.008278558962047,
      6.010026698000729,
      6.020422443281859,
      6.022576957009733,
      6.014773799106479,
      6.023605067748576,
      6.014471601229161,
      6.015419372357428,
      6.0119378748349845,
      6.011646958999336,
      6.014440627768636,
      6.012643008958548,
      6.015544335357845,
      6.018105494789779,
      6.01542296493426,
      6.016742484178394,
      6.0107219610363245,
      6.012703654356301,
      6.0100867548026145,
      6.014166087843478,
      6.012828643899411,
      6.012964026071131,
      6.012792173307389,
      6.0204924191348255,
      6.015264380723238,
      6.015645041130483,
      6.011647135019302,
      6.0168233420699835,
      6.011003690306097,
      6.015121561940759,
      6.011548544280231,
      6.009042613208294,
      6.011850344948471
    ],
    [
      5.952127361204475,
      5.997322785202414,
      5.995133743155748,
      5.99540174100548,
      5.995227343868464,
      5.996691838372499,
      5.997139612212777,
      5.999913308303803,
      6.002072358038276,
      6.004240370821208,
      5.9970589079894125,
      5.998167536221445,
      6.002496766857803,
      5.9995734738186,
      6.000469055958092,
      6.00018697604537,
      6.000928784254938,
      5.998923498205841,
      6.003381456248462,
      6.010954274330288,
      6.0018465160392225,
      6.000773196108639,
      6.00197596102953,
      6.000958643853664,
      6.005400413647294,
      6.005855714902282,
      6.000990592874587,
      6.003400832880288,
      6.006234435364604,
      6.0088081089779735,
      6.0037179184146225,
      6.00381062598899,
      6.0021069860085845,
      6.005229025147855,
      6.004862268920988,
      6.007745451759547,
      6.002203073818237,
      6.00349310785532,
      6.007285817991942,
      6.008762008044869,
      6.002227106131613,
      6.007202042732388,
      6.006408887915313,
      6.009691388811916,
      6.005533954128623,
      6.00534278107807,
      6.0063613541424274,
      6.003304690122604,
      6.002100137062371,
      6.002716402057558,
      6.011164105962962,
      6.003070666920394,
      6.006195059046149,
      6.0002875733189285,
      6.004791766870767,
      6.004563686903566,
      6.007642960641533,
      6.005741938948631,
      6.0037982179783285,
      6.0089039988815784,
      6.011779027990997,
      6.003327339887619,
      6.0068248067982495,
      6.011525836773217,
      6.012222857680172,
      6.005027039907873,
      6.007340688724071,
      6.005653365980834,
      6.002750766929239,
      6.019057428929955,
      6.018558215815574,
      6.010986112989485,
      6.019832937978208,
      6.009294251911342,
      6.008303754962981,
      6.006754448171705,
      6.007548764813691,
      6.0071625229902565,
      6.006630844902247,
      6.010915987193584,
      6.01304589305073,
      6.010133067611605,
      6.011784194037318,
      6.005290455184877,
      6.009076118003577,
      6.0046252347528934,
      6.011055305134505,
      6.006922482978553,
      6.008497565984726,
      6.009524700697511,
      6.016283588949591,
      6.00960503006354,
      6.01031217770651,
      6.006352086085826,
      6.013709533028305,
      6.0059267627075315,
      6.012088192161173,
      6.006297145970166,
      6.004102044273168,
