{
  "mpi_implementation": "intelmpi",
  "operation": "reduce",
  "num_ranks": 4,
  "tensor_shape": {
    "batch": 8,
    "seq_len": 2048,
    "hidden_dim": 2048
  },
  "num_elements": 33554432,
  "tensor_size_bytes": 67108864,
  "tensor_size_mb": 64.0,
  "dtype": "bfloat16",
  "dtype_note": "Generated as bf16, converted to fp32 for MPI, size reported as bf16",
  "warmup_iterations": 10,
  "measurement_iterations": 100,
  "timing_method": "time.perf_counter()",
  "timings": [
    [
      0.6104621151462197,
      0.6064509600400925,
      0.609634033869952,
      0.6073719272390008,
      0.6083518182858825,
      0.6075213653966784,
      0.6088915858417749,
      0.608486563898623,
      0.6088671926409006,
      0.6076628197915852,
      0.6077239769510925,
      0.6077644722536206,
      0.609300761949271,
      0.6076790527440608,
      0.6092411908321083,
      0.6225855639204383,
      0.6078833723440766,
      0.6079706391319633,
      0.6088114362210035,
      0.6079754447564483,
      0.6096615912392735,
      0.6091793379746377,
      0.6088448408991098,
      0.6084722718223929,
      0.6095218299888074,
      0.610208744648844,
      0.6082399059087038,
      0.6083137509413064,
      0.6097190207801759,
      0.6079360083676875,
      0.6091341450810432,
      0.6082803290337324,
      0.6100834282115102,
      0.6088421451859176,
      0.6060089599341154,
      0.6057088295929134,
      0.6056690569967031,
      0.6051909630186856,
      0.6068972600623965,
      0.6048454619012773,
      0.6059010904282331,
      0.6071295430883765,
      0.6063198829069734,
      0.6073881187476218,
      0.6058730971999466,
      0.6053803847171366,
      0.6060025100596249,
      0.6055598501116037,
      0.6206237426958978,
      0.605636278167367,
      0.6059557441622019,
      0.6057551759295166,
      0.6059055048972368,
      0.6070263269357383,
      0.6070737559348345,
      0.6060382672585547,
      0.606029437854886,
      0.6066550966352224,
      0.6082055568695068,
      0.6058058990165591,
      0.6065568160265684,
      0.6072406251914799,
      0.6063308040611446,
      0.6056448761373758,
      0.6059767962433398,
      0.6078705857507885,
      0.6062667751684785,
      0.6067994595505297,
      0.6074221050366759,
      0.6063295202329755,
      0.6068458510562778,
      0.6064439578913152,
      0.6062880377285182,
      0.607186583802104,
      0.6069119782187045,
      0.6066910652443767,
      0.6075067273341119,
      0.6065067811869085,
      0.6069730338640511,
      0.6058594700880349,
      0.608196787070483,
      0.6194753278978169,
      0.6055109850130975,
      0.6065863049589097,
      0.6055936510674655,
      0.6091406773775816,
      0.6093394500203431,
      0.6087261568754911,
      0.6091586882248521,
      0.6081781308166683,
      0.6078553209081292,
      0.6085644429549575,
      0.6082372441887856,
      0.6088385679759085,
      0.6107094129547477,
      0.6078079110011458,
      0.6096185818314552,
      0.6078702309168875,
      0.610193909611553,
      0.6100097852759063
    ],
    [
      0.5058032968081534,
      0.5012397058308125,
      0.5037327138707042,
      0.5024062180891633,
      0.504262843169272,
      0.50162154994905,
      0.5030545489862561,
      0.5026154108345509,
      0.5028014639392495,
      0.5021075862459838,
      0.5020032608881593,
      0.5023697461001575,
      0.5032112519256771,
      0.5012621646746993,
      0.5038411258719862,
      0.5142458123154938,
      0.5027447212487459,
      0.5010091466829181,
      0.5040854858234525,
      0.501539477147162,
      0.5019784388132393,
      0.5010225991718471,
      0.5036855600774288,
      0.5026393276639283,
      0.5039913910441101,
      0.5050057987682521,
      0.5019292570650578,
      0.503244643099606,
      0.5033928141929209,
      0.5022175828926265,
      0.5045785009860992,
      0.5027364250272512,
      0.5058708293363452,
      0.5030514458194375,
      0.49923959095031023,
      0.49851365527138114,
      0.4986562649719417,
      0.49788447096943855,
      0.49811534490436316,
      0.4973616120405495,
      0.4993320177309215,
      0.49794864282011986,
      0.5007496923208237,
      0.4973778296262026,
      0.49800708005204797,
      0.498477584682405,
      0.4982232819311321,
      0.4983435240574181,
      0.5156407770700753,
      0.49653228698298335,
      0.49928233306854963,
      0.4972586231306195,
      0.4992189658805728,
      0.4980975850485265,
      0.4991241907700896,
      0.4992097648791969,
      0.4983861492946744,
      0.49774368200451136,
      0.5006868033669889,
      0.4967796579003334,
      0.4997956152074039,
      0.4983012671582401,
      0.4987094863317907,
      0.4985367967747152,
      0.4981156140565872,
      0.5006986809894443,
      0.4985171677544713,
      0.49745824793353677,
      0.49998337868601084,
      0.4972395859658718,
      0.4996808641590178,
      0.49725927598774433,
      0.4984420440159738,
      0.4982696361839771,
      0.49995172675698996,
      0.49798540584743023,
      0.498617104254663,
      0.49637424014508724,
      0.49965675408020616,
      0.49689381988719106,
      0.5002013351768255,
      0.5122811417095363,
      0.4981754752807319,
      0.49869548715651035,
      0.4978199899196625,
      0.5060505173169076,
      0.5002546450123191,
      0.5023210695944726,
      0.5042629321105778,
      0.5025665680877864,
      0.5034291241317987,
      0.50270782597363,
      0.5019009229727089,
      0.5039378884248435,
      0.5029896958731115,
      0.5043003149330616,
      0.5023051369935274,
      0.5019456702284515,
      0.504862149246037,
      0.5033410261385143
    ],
    [
      0.504675799049437,
      0.5004513137973845,
      0.5041329790838063,
      0.5014631538651884,
      0.5032024388201535,
      0.5014227549545467,
      0.5010207141749561,
      0.5028860401362181,
      0.5026978505775332,
      0.5017605647444725,
      0.5011725598014891,
      0.5009706439450383,
      0.5038019302301109,
      0.5017229961231351,
      0.5034079770557582,
      0.5150465257465839,
      0.5009816521778703,
      0.5019510793499649,
      0.5026657236739993,
      0.5020568934269249,
      0.50373191293329,
      0.502030030824244,
      0.5034786402247846,
      0.5024910569190979,
      0.5036803809925914,
      0.5051307389512658,
      0.5015899259597063,
      0.5031975582242012,
      0.5028085112571716,
      0.5008742813952267,
      0.5040516881272197,
      0.5027156909927726,
      0.5051485463045537,
      0.5029380009509623,
      0.49894087482243776,
      0.5005643349140882,
      0.49922615196555853,
      0.4999299678020179,
      0.498868172056973,
      0.4988604299724102,
      0.5006119827739894,
      0.500572076998651,
      0.5016320911236107,
      0.5001307241618633,
      0.49902313807979226,
      0.49959606816992164,
      0.4991969750262797,
      0.5003958130255342,
      0.5151925748214126,
      0.49951592506840825,
      0.5005556852556765,
      0.49941333290189505,
      0.5004845061339438,
      0.5011629918590188,
      0.5004251222126186,
      0.5008650957606733,
      0.49921625293791294,
      0.5001010289415717,
      0.5026546199806035,
      0.49924003100022674,
      0.5010641268454492,
      0.500853335019201,
      0.49906739592552185,
      0.5003530569374561,
      0.49956127209588885,
      0.5024651316925883,
      0.5000055888667703,
      0.49940488394349813,
      0.5019209999591112,
      0.49971590703353286,
      0.501582495868206,
      0.5017194882966578,
      0.4999588909558952,
      0.5012070792727172,
      0.500550904776901,
      0.5008798367343843,
      0.5020975852385163,
      0.5000016493722796,
      0.5014650193043053,
      0.4993049409240484,
      0.5011735246516764,
      0.5137886581942439,
      0.4988917810842395,
      0.5011573121882975,
      0.49870330514386296,
      0.5044418922625482,
      0.5013063480146229,
