{
  "mpi_implementation": "intelmpi",
  "operation": "broadcast",
  "num_ranks": 4,
  "tensor_shape": {
    "batch": 32,
    "seq_len": 1,
    "hidden_dim": 2048
  },
  "num_elements": 65536,
  "tensor_size_bytes": 131072,
  "tensor_size_mb": 0.125,
  "dtype": "bfloat16",
  "dtype_note": "Generated as bf16, converted to fp32 for MPI, size reported as bf16",
  "warmup_iterations": 10,
  "measurement_iterations": 100,
  "timing_method": "time.perf_counter()",
  "timings": [
    [
      2.3304950445890427e-05,
      2.1929852664470673e-05,
      2.2075138986110687e-05,
      2.3194588720798492e-05,
      2.3656990379095078e-05,
      2.2271182388067245e-05,
      2.2455118596553802e-05,
      2.2734981030225754e-05,
      2.2882129997015e-05,
      2.3350119590759277e-05,
      2.1900981664657593e-05,
      2.330634742975235e-05,
      2.5791116058826447e-05,
      2.2966880351305008e-05,
      2.3149419575929642e-05,
      2.328399568796158e-05,
      2.3517757654190063e-05,
      2.304092049598694e-05,
      2.3174099624156952e-05,
      2.257106825709343e-05,
      2.326909452676773e-05,
      2.200668677687645e-05,
      2.336408942937851e-05,
      2.2751279175281525e-05,
      2.2748950868844986e-05,
      2.2993888705968857e-05,
      2.184603363275528e-05,
      2.3066997528076172e-05,
      2.2648368030786514e-05,
      2.2774096578359604e-05,
      2.2390857338905334e-05,
      2.2595282644033432e-05,
      2.287980169057846e-05,
      2.2137071937322617e-05,
      2.2724736481904984e-05,
      2.2369902580976486e-05,
      2.2139865905046463e-05,
      2.27317214012146e-05,
      2.2195279598236084e-05,
      2.309214323759079e-05,
      2.3239292204380035e-05,
      2.292310819029808e-05,
      2.270285040140152e-05,
      2.261390909552574e-05,
      2.2594351321458817e-05,
      2.2129155695438385e-05,
      2.2053252905607224e-05,
      2.201925963163376e-05,
      2.24909745156765e-05,
      2.7420930564403534e-05,
      2.2388994693756104e-05,
      2.232380211353302e-05,
      2.268422394990921e-05,
      2.0958948880434036e-05,
      2.2429972887039185e-05,
      2.1499115973711014e-05,
      2.0420178771018982e-05,
      2.2302381694316864e-05,
      2.202112227678299e-05,
      2.1118205040693283e-05,
      2.1729618310928345e-05,
      2.130866050720215e-05,
      2.160714939236641e-05,
      2.2664200514554977e-05,
      2.0811334252357483e-05,
      2.1589919924736023e-05,
      2.1289102733135223e-05,
      2.2233929485082626e-05,
      2.141529694199562e-05,
      2.215104177594185e-05,
      2.1392013877630234e-05,
      2.246396616101265e-05,
      2.2843945771455765e-05,
      2.233171835541725e-05,
      2.102414146065712e-05,
      2.1162908524274826e-05,
      2.1526124328374863e-05,
      2.2018328309059143e-05,
      2.1513085812330246e-05,
      2.24369578063488e-05,
      2.198200672864914e-05,
      2.188514918088913e-05,
      2.2253021597862244e-05,
      2.2286083549261093e-05,
      2.197129651904106e-05,
      2.1619722247123718e-05,
      2.20397487282753e-05,
      2.3369677364826202e-05,
      2.1950341761112213e-05,
      2.2069085389375687e-05,
      2.1976884454488754e-05,
      2.4044886231422424e-05,
      2.162996679544449e-05,
      2.1999236196279526e-05,
      2.1305866539478302e-05,
      2.1516811102628708e-05,
      2.1893996745347977e-05,
      2.181902527809143e-05,
      2.1210871636867523e-05,
      2.2949185222387314e-05
    ],
    [
      2.636713907122612e-05,
      2.5712884962558746e-05,
      2.515595406293869e-05,
      2.6399269700050354e-05,
      2.6286114007234573e-05,
      2.600019797682762e-05,
      2.5502871721982956e-05,
      2.60109081864357e-05,
      2.629496157169342e-05,
      2.655060961842537e-05,
      2.525513991713524e-05,
      2.6071909815073013e-05,
      2.874201163649559e-05,
      2.5764107704162598e-05,
      2.6264693588018417e-05,
      2.6437919586896896e-05,
      2.6438850909471512e-05,
      2.630706876516342e-05,
      2.5860033929347992e-05,
      2.558017149567604e-05,
      2.6662833988666534e-05,
      2.5690067559480667e-05,
      2.6162713766098022e-05,
      2.5679823011159897e-05,
      2.6147812604904175e-05,
      2.568727359175682e-05,
      2.547493204474449e-05,
      2.6341993361711502e-05,
      2.5838147848844528e-05,
      2.603977918624878e-05,
      2.5853049010038376e-05,
      2.5682151317596436e-05,
      2.5694258511066437e-05,
      2.5521032512187958e-05,
      2.585817128419876e-05,
      2.576177939772606e-05,
      2.5159213691949844e-05,
      2.6007648557424545e-05,
      2.548377960920334e-05,
      2.6456080377101898e-05,
      2.6087742298841476e-05,
      2.5474000722169876e-05,
      2.5365035980939865e-05,
      2.6131048798561096e-05,
      2.5395769625902176e-05,
      2.525094896554947e-05,
      2.5484710931777954e-05,
      2.5202054530382156e-05,
      2.5667250156402588e-05,
      3.0281953513622284e-05,
      2.5523826479911804e-05,
      2.5175977498292923e-05,
      2.546887844800949e-05,
      2.4382956326007843e-05,
      2.545490860939026e-05,
      2.4653039872646332e-05,
      2.4252571165561676e-05,
      2.5218352675437927e-05,
      2.4870969355106354e-05,
      2.418598160147667e-05,
      2.461392432451248e-05,
      2.4545006453990936e-05,
      2.469634637236595e-05,
      2.6076100766658783e-05,
      2.417992800474167e-05,
      2.5186687707901e-05,
      2.4407170712947845e-05,
      2.513313665986061e-05,
      2.531474456191063e-05,
      2.535991370677948e-05,
      2.4610664695501328e-05,
      2.495013177394867e-05,
      2.5592278689146042e-05,
      2.5134999305009842e-05,
      2.4801120162010193e-05,
      2.464698627591133e-05,
      2.5011133402585983e-05,
      2.488633617758751e-05,
      2.474198117852211e-05,
      2.569984644651413e-05,
      2.5156885385513306e-05,
      2.5205779820680618e-05,
      2.5344081223011017e-05,
      2.5006011128425598e-05,
      2.5080982595682144e-05,
      2.4667009711265564e-05,
      2.518296241760254e-05,
      2.691708505153656e-05,
      2.5078654289245605e-05,
      2.453615888953209e-05,
      2.4851877242326736e-05,
      2.6999972760677338e-05,
      2.4584122002124786e-05,
      2.518482506275177e-05,
      2.4599023163318634e-05,
      2.4973880499601364e-05,
      2.4655833840370178e-05,
      2.4710316210985184e-05,
      2.428237348794937e-05,
      2.566678449511528e-05
    ],
    [
      2.6337802410125732e-05,
      2.5588087737560272e-05,
      2.523604780435562e-05,
      2.627866342663765e-05,
      2.6360154151916504e-05,
      2.5938730686903e-05,
      2.5589950382709503e-05,
      2.5941990315914154e-05,
      2.6129651814699173e-05,
      2.6516150683164597e-05,
      2.5129877030849457e-05,
      2.611195668578148e-05,
      2.874433994293213e-05,
      2.5834888219833374e-05,
      2.620881423354149e-05,
      2.634664997458458e-05,
      2.6478897780179977e-05,
      2.632569521665573e-05,
      2.57943756878376e-05,
      2.560298889875412e-05,
      2.6531051844358444e-05,
      2.5797169655561447e-05,
      2.6189256459474564e-05,
      2.5792047381401062e-05,
      2.605188637971878e-05,
      2.5572720915079117e-05,
      2.5576911866664886e-05,
      2.6466790586709976e-05,
      2.589775249361992e-05,
      2.5916844606399536e-05,
      2.5819987058639526e-05,
      2.5514978915452957e-05,
      2.5523826479911804e-05,
      2.5573186576366425e-05,
      2.576177939772606e-05,
      2.5863759219646454e-05,
      2.526119351387024e-05,
      2.5997869670391083e-05,
      2.556992694735527e-05,
      2.6390887796878815e-05,
      2.6128720492124557e-05,
      2.539902925491333e-05,
      2.543209120631218e-05,
      2.619018778204918e-05,
      2.5344081223011017e-05,
      2.5173183530569077e-05,
      2.5575049221515656e-05,
      2.5241170078516006e-05,
      2.5730114430189133e-05,
      3.0143186450004578e-05,
      2.55596823990345e-05,
      2.50902958214283e-05,
      2.5484245270490646e-05,
