{
  "mpi_implementation": "intelmpi",
  "operation": "broadcast",
  "num_ranks": 4,
  "tensor_shape": {
    "batch": 16,
    "seq_len": 2048,
    "hidden_dim": 2048
  },
  "num_elements": 67108864,
  "tensor_size_bytes": 134217728,
  "tensor_size_mb": 128.0,
  "dtype": "bfloat16",
  "dtype_note": "Generated as bf16, converted to fp32 for MPI, size reported as bf16",
  "warmup_iterations": 10,
  "measurement_iterations": 100,
  "timing_method": "time.perf_counter()",
  "timings": [
    [
      0.06568047543987632,
      0.038451898377388716,
      0.03838683199137449,
      0.038330899085849524,
      0.03839044878259301,
      0.03828101838007569,
      0.03828152269124985,
      0.03831124119460583,
      0.03830405976623297,
      0.0382848521694541,
      0.03826251067221165,
      0.038265747018158436,
      0.038294145837426186,
      0.0382912871427834,
      0.038252100348472595,
      0.03824434708803892,
      0.03824234427884221,
      0.03824106091633439,
      0.038231298327445984,
      0.03832080774009228,
      0.03821034822613001,
      0.03818866703659296,
      0.03834595484659076,
      0.038286023773252964,
      0.038194237276911736,
      0.0381905916146934,
      0.038164602126926184,
      0.03817896172404289,
      0.038206088822335005,
      0.03823978500440717,
      0.038203144911676645,
      0.038192365784198046,
      0.038125788792967796,
      0.038232363760471344,
      0.038205435033887625,
      0.038217352237552404,
      0.03815748495981097,
      0.038153426721692085,
      0.03814380103722215,
      0.03824852919206023,
      0.038189356215298176,
      0.03814541595056653,
      0.03819508198648691,
      0.038146686274558306,
      0.038204277865588665,
      0.0381390773691237,
      0.03811057284474373,
      0.03816597396507859,
      0.03812354989349842,
      0.0381501168012619,
      0.03815386909991503,
      0.03812700929120183,
      0.038120631128549576,
      0.03818195639178157,
      0.038112625014036894,
      0.03815941186621785,
      0.0380867519415915,
      0.038599062245339155,
      0.03812636435031891,
      0.03811278287321329,
      0.03812274802476168,
      0.038172169122844934,
      0.03817076189443469,
      0.038117583841085434,
      0.03814205015078187,
      0.03809885727241635,
      0.03817868698388338,
      0.038121797144412994,
      0.03815160691738129,
      0.03816377092152834,
      0.03809956507757306,
      0.03822272131219506,
      0.03820151183754206,
      0.03817315399646759,
      0.03958692401647568,
      0.038650089874863625,
      0.038603163324296474,
      0.03883378393948078,
      0.04050738597288728,
      0.043500521685928106,
      0.04192200908437371,
      0.03992916224524379,
      0.04208228085190058,
      0.043479755986481905,
      0.04229775024577975,
      0.04086237587034702,
      0.038247938733547926,
      0.0378964482806623,
      0.03801863128319383,
      0.03817850397899747,
      0.03828213131055236,
      0.03787507303059101,
      0.03790659597143531,
      0.037895129062235355,
      0.037917699199169874,
      0.03783210599794984,
      0.03781256824731827,
      0.03784058382734656,
      0.037900900933891535,
      0.037864178884774446
    ],
    [
      0.06567291263490915,
      0.03845149325206876,
      0.038386143278330564,
      0.038330618757754564,
      0.038390410132706165,
      0.03828045912086964,
      0.03828134620562196,
      0.03831085003912449,
      0.03830408165231347,
      0.03828431200236082,
      0.03826221311464906,
      0.03826558403670788,
      0.03829391114413738,
      0.03829119401052594,
      0.03825109405443072,
      0.038243689108639956,
      0.03824143577367067,
      0.038240964990109205,
      0.03823127318173647,
      0.038320290856063366,
      0.038210054859519005,
      0.038187960628420115,
      0.038344619795680046,
      0.03828561399132013,
      0.03819316066801548,
      0.03819187870249152,
      0.03816429013386369,
      0.03817852167412639,
      0.038205398712307215,
      0.03823934681713581,
      0.03820255305618048,
      0.038191552739590406,
      0.03812518296763301,
      0.03823182312771678,
      0.03820471512153745,
      0.03821669099852443,
      0.038156528025865555,
      0.038153266068547964,
      0.038142964243888855,
      0.038247492630034685,
      0.0381883941590786,
      0.038144789170473814,
      0.03819358069449663,
      0.03814626205712557,
      0.038203520234674215,
      0.038138411939144135,
      0.038109762128442526,
      0.03816532623022795,
      0.03812301205471158,
      0.03814980806782842,
      0.038152451161295176,
      0.03812649380415678,
      0.038119965232908726,
      0.03818128211423755,
      0.03811191488057375,
      0.03815825283527374,
      0.03808585600927472,
      0.03859794978052378,
      0.038125392980873585,
      0.03811218170449138,
      0.03812245698645711,
      0.03817125363275409,
      0.038170437794178724,
      0.03811699291691184,
      0.03814198076725006,
      0.03809842001646757,
      0.03817728301510215,
      0.03812043275684118,
      0.03815106488764286,
      0.03816233901306987,
      0.03809891175478697,
      0.03822192922234535,
      0.038200894836336374,
      0.03817262267693877,
      0.03958537895232439,
      0.03864984028041363,
      0.03860136214643717,
      0.038832697086036205,
      0.04050701204687357,
      0.0434977151453495,
      0.041919882874935865,
      0.03992864117026329,
      0.04208145383745432,
      0.043477990198880434,
      0.04229583591222763,
      0.040861471090465784,
      0.03824752615764737,
      0.0378957437351346,
      0.038017809856683016,
      0.038177663926035166,
      0.03828222630545497,
      0.03787490399554372,
      0.03790580295026302,
      0.0378944450058043,
      0.03791692201048136,
      0.03783147130161524,
      0.037812055088579655,
      0.03784029325470328,
      0.0379001060500741,
      0.03786362707614899
    ],
    [
      0.06567937787622213,
      0.038451593834906816,
      0.03838674025610089,
      0.03833099082112312,
      0.038390322122722864,
      0.038281402084976435,
      0.038281024899333715,
      0.03831190010532737,
      0.03830457618460059,
      0.03828509524464607,
      0.038262246176600456,
      0.038265418726950884,
      0.03829477494582534,
      0.03829128760844469,
      0.03825135109946132,
      0.03824443509802222,
      0.038241862785071135,
      0.03824074100703001,
      0.03823148924857378,
      0.038320704363286495,
      0.03821027372032404,
      0.038187982980161905,
      0.03834474831819534,
      0.03828576626256108,
      0.03819346986711025,
      0.038190717808902264,
      0.038164363242685795,
      0.03817887092009187,
      0.038206441793590784,
      0.03824008721858263,
      0.03820335492491722,
      0.038192395120859146,
      0.03812587819993496,
      0.03823227295652032,
      0.03820673003792763,
      0.03821737505495548,
      0.03815728332847357,
      0.038153461180627346,
      0.038143509067595005,
      0.038248310796916485,
      0.038188776932656765,
      0.03814533958211541,
      0.038193881046026945,
      0.038146758917719126,
      0.038203713949769735,
      0.038139067124575377,
      0.038110679015517235,
      0.03816551202908158,
      0.03812333010137081,
      0.03815033193677664,
      0.03815317712724209,
      0.03812694828957319,
      0.03812059201300144,
      0.03818119363859296,
      0.03811223618686199,
      0.038158897776156664,
      0.0380865503102541,
      0.0385983157902956,
      0.03812618600204587,
      0.03811253188177943,
      0.038122703321278095,
      0.03817193768918514,
      0.038170692045241594,
      0.038117165211588144,
      0.03814195794984698,
      0.03809912782162428,
      0.03817789210006595,
      0.038120883982628584,
      0.0381516688503325,
      0.03816292015835643,
      0.03809943189844489,
      0.03822251129895449,
      0.03820144198834896,
      0.03817278705537319,
