{
  "mpi_implementation": "intelmpi",
  "operation": "broadcast",
  "num_ranks": 4,
  "tensor_shape": {
    "batch": 8,
    "seq_len": 8192,
    "hidden_dim": 2048
  },
  "num_elements": 134217728,
  "tensor_size_bytes": 268435456,
  "tensor_size_mb": 256.0,
  "dtype": "bfloat16",
  "dtype_note": "Generated as bf16, converted to fp32 for MPI, size reported as bf16",
  "warmup_iterations": 10,
  "measurement_iterations": 100,
  "timing_method": "time.perf_counter()",
  "timings": [
    [
      0.13091042777523398,
      0.0769715360365808,
      0.07677887007594109,
      0.07678244169801474,
      0.07686571683734655,
      0.07669796235859394,
      0.07681743102148175,
      0.07675802009180188,
      0.07673884136602283,
      0.07683531288057566,
      0.07672572508454323,
      0.0767496949993074,
      0.07682550232857466,
      0.0766901932656765,
      0.07676764437928796,
      0.07671997789293528,
      0.0766486618667841,
      0.0767832170240581,
      0.07670424925163388,
      0.07664297800511122,
      0.0767773617990315,
      0.0767544200643897,
      0.07669759495183825,
      0.076719103846699,
      0.07668449403718114,
      0.07672432996332645,
      0.07666601100936532,
      0.07657371507957578,
      0.07657047780230641,
      0.07657675771042705,
      0.07653372408822179,
      0.076921203173697,
      0.0769506641663611,
      0.07659304141998291,
      0.07669551018625498,
      0.07656840980052948,
      0.07651746971532702,
      0.07653758395463228,
      0.07653568405658007,
      0.07653546100482345,
      0.07658619992434978,
      0.07652293983846903,
      0.07653938885778189,
      0.0765510369092226,
      0.07656581792980433,
      0.07652435498312116,
      0.07655244506895542,
      0.0766304712742567,
      0.07654487667605281,
      0.07649914408102632,
      0.07657871395349503,
      0.07649420714005828,
      0.07648666482418776,
      0.07649509282782674,
      0.07650117902085185,
      0.07649032212793827,
      0.07651540916413069,
      0.07653708616271615,
      0.07647755416110158,
      0.07647790294140577,
      0.07708789734169841,
      0.0764629589393735,
      0.07649730565026402,
      0.07648990023881197,
      0.07646152004599571,
      0.07647932786494493,
      0.07652946375310421,
      0.07648673793300986,
      0.07648883294314146,
      0.07644923496991396,
      0.07649323809891939,
      0.07647948293015361,
      0.07644881680607796,
      0.07655349094420671,
      0.07649822579696774,
      0.07645447226241231,
      0.07654718775302172,
      0.07645175885409117,
      0.07643229700624943,
      0.07650134107097983,
      0.07643732195720077,
      0.07647616788744926,
      0.07646039314568043,
      0.0770341600291431,
      0.0768236112780869,
      0.07645838661119342,
      0.07660210598260164,
      0.07650079159066081,
      0.07657874189317226,
      0.076461729593575,
      0.07644607126712799,
      0.07643893687054515,
      0.07647693529725075,
      0.07697683898732066,
      0.07645338773727417,
      0.07645437400788069,
      0.07653938606381416,
      0.076481225900352,
      0.076416642870754,
      0.07654092228040099
    ],
    [
      0.13089665304869413,
      0.07697085337713361,
      0.07677792804315686,
      0.07678203983232379,
      0.07686529820784926,
      0.07669770903885365,
      0.07681719725951552,
      0.07675627339631319,
      0.07673782715573907,
      0.07683424791321158,
      0.07672527665272355,
      0.07674185186624527,
      0.07682527275756001,
      0.07668977323919535,
      0.07676726998761296,
      0.07671957882121205,
      0.076648592017591,
      0.07678296510130167,
      0.07670396380126476,
      0.07664302736520767,
      0.07677669217810035,
      0.07675397396087646,
      0.07669731369242072,
      0.07671909220516682,
      0.07668420718982816,
      0.076723987236619,
      0.07666595187038183,
      0.07657364895567298,
      0.07657001912593842,
      0.07657643035054207,
      0.07653301768004894,
      0.07692267885431647,
      0.07694969791918993,
      0.07659281371161342,
      0.07669487129896879,
      0.07656755903735757,
      0.0765171549282968,
      0.07653711410239339,
      0.07653534691780806,
      0.07653506798669696,
      0.07658557873219252,
      0.07652233494445682,
      0.07653898885473609,
      0.07655072771012783,
      0.07656520325690508,
      0.07652396336197853,
      0.07655210420489311,
      0.07662969315424562,
      0.07654441706836224,
      0.07649846421554685,
      0.07657831301912665,
      0.07649415917694569,
      0.07648649998009205,
      0.07649491121992469,
      0.07650145422667265,
      0.07649030536413193,
      0.0765158487483859,
      0.07653690315783024,
      0.07647721283137798,
      0.07647722959518433,
      0.0770874279551208,
      0.07646249514073133,
      0.07649646326899529,
      0.07648982806131244,
      0.07646065996959805,
      0.07647833693772554,
      0.07652897108346224,
      0.07648620288819075,
      0.07648857170715928,
      0.07644932996481657,
      0.07649270491674542,
      0.0764794098213315,
      0.0764488191343844,
      0.07655331632122397,
      0.07649790961295366,
      0.07645399682223797,
      0.07654753234237432,
      0.07645162893459201,
      0.07643261598423123,
      0.07650146912783384,
      0.07643696200102568,
      0.07647584984079003,
      0.07646007416769862,
      0.07703531812876463,
      0.07682257192209363,
      0.0764584462158382,
      0.07660152716562152,
      0.0765002672560513,
      0.07657871674746275,
      0.07646163227036595,
      0.07644567405804992,
      0.07643838692456484,
      0.07647640025243163,
      0.07697672909125686,
      0.07645323127508163,
      0.07645456586033106,
      0.07653893297538161,
      0.07648055208846927,
      0.07641621492803097,
      0.07654076116159558
    ],
    [
      0.1308972528204322,
      0.07697098609060049,
      0.07677722023800015,
      0.07678161468356848,
      0.07686479017138481,
      0.07669772487133741,
      0.07681702123954892,
      0.07675581518560648,
      0.07673768000677228,
      0.07683431403711438,
      0.07672538887709379,
      0.07674127584323287,
      0.07682512886822224,
      0.07668978814035654,
      0.07676705019548535,
      0.0767199038527906,
      0.0766483279876411,
      0.07678327057510614,
      0.07670351536944509,
      0.07664264785125852,
      0.07677702512592077,
      0.07675401074811816,
      0.07669695699587464,
      0.07671894412487745,
      0.07668415131047368,
      0.07672352297231555,
      0.07666608085855842,
      0.07657400704920292,
      0.07656971598044038,
      0.0765768620185554,
      0.07653333712369204,
      0.07692047813907266,
      0.0769514818675816,
      0.07659277971833944,
      0.0766946249641478,
      0.07656793016940355,
      0.07651649508625269,
      0.07653759699314833,
      0.07653569802641869,
      0.07653566589578986,
      0.07658534217625856,
      0.07652263203635812,
      0.07653915137052536,
      0.07655083481222391,
      0.07656569872051477,
      0.07652385113760829,
      0.07655200036242604,
      0.07663009315729141,
      0.07654452370479703,
      0.07649850705638528,
      0.07657860312610865,
      0.07649417594075203,
      0.07648590626195073,
      0.0764948851428926,
      0.07650087028741837,
      0.076490534003824,
      0.07651470927521586,
      0.07653687428683043,
      0.07647702284157276,
      0.07647779677063227,
      0.0770874940790236,
      0.07646300690248609,
      0.07649689307436347,
      0.07648975728079677,
      0.07646064320579171,
      0.07647878862917423,
      0.07652891986072063,
      0.0764856580644846,
      0.07648809999227524,
      0.07644913485273719,
      0.07649314124137163,
      0.07647968968376517,
      0.0764484847895801,
      0.07655342714861035,
      0.07649790914729238,
      0.07645412581041455,
      0.0765469903126359,
      0.07645130716264248,
