{
  "mpi_implementation": "intelmpi",
  "operation": "broadcast",
  "num_ranks": 4,
  "tensor_shape": {
    "batch": 1,
    "seq_len": 2048,
    "hidden_dim": 2048
  },
  "num_elements": 4194304,
  "tensor_size_bytes": 8388608,
  "tensor_size_mb": 8.0,
  "dtype": "bfloat16",
  "dtype_note": "Generated as bf16, converted to fp32 for MPI, size reported as bf16",
  "warmup_iterations": 10,
  "measurement_iterations": 100,
  "timing_method": "time.perf_counter()",
  "timings": [
    [
      0.00218193419277668,
      0.0022408878430724144,
      0.00224044406786561,
      0.0022392012178897858,
      0.002244137693196535,
      0.002239296678453684,
      0.0022413390688598156,
      0.0022433800622820854,
      0.0022403988987207413,
      0.0022476431913673878,
      0.0022429279051721096,
      0.002280822955071926,
      0.0023106830194592476,
      0.0022429442033171654,
      0.002245935145765543,
      0.0022437297739088535,
      0.002242737915366888,
      0.002238864079117775,
      0.0022407942451536655,
      0.0022377315908670425,
      0.0022428729571402073,
      0.002238860819488764,
      0.0022402657195925713,
      0.0022375578992068768,
      0.002237684093415737,
      0.0022367918863892555,
      0.0022401856258511543,
      0.002237836830317974,
      0.002240851055830717,
      0.0022406461648643017,
      0.002239564899355173,
      0.002235713880509138,
      0.00223918491974473,
      0.00223825266584754,
      0.0022379588335752487,
      0.002239556983113289,
      0.0022375150583684444,
      0.0022419351153075695,
      0.002242398913949728,
      0.0022364649921655655,
      0.0022385530173778534,
      0.002236182801425457,
      0.0022431318648159504,
      0.0022397120483219624,
      0.002238939981907606,
      0.002241630107164383,
      0.0022372188977897167,
      0.0022413250990211964,
      0.002238564658910036,
      0.0022357762791216373,
      0.0022383821196854115,
      0.002240643370896578,
      0.0022367113269865513,
      0.0022349506616592407,
      0.002243165858089924,
      0.0022419020533561707,
      0.0022385180927813053,
      0.0022425861097872257,
      0.0022377129644155502,
      0.0022414219565689564,
      0.002237631008028984,
      0.002238134853541851,
      0.00223712669685483,
      0.002245475072413683,
      0.00224237609654665,
      0.002238424029201269,
      0.0022393916733562946,
      0.002237641252577305,
      0.002243451774120331,
      0.0022402373142540455,
      0.0022377227433025837,
      0.002238333225250244,
      0.0022382386960089207,
      0.0022367769852280617,
      0.0022397791035473347,
      0.0022368920035660267,
      0.002241163980215788,
      0.002240216825157404,
      0.0022392841055989265,
      0.002237211912870407,
      0.0022422601468861103,
      0.0022383350878953934,
      0.0022374209947884083,
      0.002237754873931408,
      0.002244336996227503,
      0.0022401968017220497,
      0.0022375178523361683,
      0.0022356240078806877,
      0.002242123242467642,
      0.002238095737993717,
      0.0022389949299395084,
      0.0022405320778489113,
      0.002240958623588085,
      0.0022433470003306866,
      0.0022378386929631233,
      0.0022387122735381126,
      0.0022404328919947147,
      0.002243414055556059,
      0.0022455551661551,
      0.0022371020168066025
    ],
    [
      0.002181217074394226,
      0.002240546979010105,
      0.002239924855530262,
      0.002238329965621233,
      0.0022435090504586697,
      0.0022378978319466114,
      0.0022398829460144043,
      0.0022429819218814373,
      0.002239782363176346,
      0.002247082069516182,
      0.0022423421032726765,
      0.002278509084135294,
      0.002309932839125395,
      0.0022421879693865776,
      0.0022453139536082745,
      0.0022430378012359142,
      0.0022418671287596226,
      0.002238235902041197,
      0.002240388188511133,
      0.002237167675048113,
      0.0022420911118388176,
      0.0022382629103958607,
      0.002239926252514124,
      0.0022369357757270336,
      0.0022372519597411156,
      0.002237692940980196,
      0.002239647787064314,
      0.0022374880500137806,
      0.002239961177110672,
      0.0022398708388209343,
      0.0022391951642930508,
      0.002235131338238716,
      0.002238714136183262,
      0.002237968146800995,
      0.002237717155367136,
      0.0022392310202121735,
      0.00223703496158123,
      0.0022412901744246483,
      0.002241615206003189,
      0.0022359229624271393,
      0.0022376850247383118,
      0.002235405147075653,
      0.0022422950714826584,
      0.0022389129735529423,
      0.002238229848444462,
      0.0022407760843634605,
      0.0022365828044712543,
      0.0022408748045563698,
      0.0022377478890120983,
      0.002235169056802988,
      0.0022375290282070637,
      0.0022399439476430416,
      0.0022361716255545616,
      0.002234345767647028,
      0.002242532093077898,
      0.0022412831895053387,
      0.0022382251918315887,
      0.002242100890725851,
      0.002237265929579735,
      0.002241292968392372,
      0.0022373232059180737,
      0.002237536944448948,
      0.0022368873469531536,
      0.002245199866592884,
      0.0022421609610319138,
      0.00223830109462142,
      0.002238426823168993,
      0.0022372868843376637,
      0.002240495290607214,
      0.002239751163870096,
      0.0022372030653059483,
      0.0022380221635103226,
      0.0022378219291567802,
      0.002236375119537115,
      0.002238902263343334,
      0.0022360580042004585,
      0.0022403202019631863,
      0.0022397111169993877,
      0.002238582819700241,
      0.0022368840873241425,
      0.002241625916212797,
      0.0022377436980605125,
      0.00223692599684,
      0.002237092237919569,
      0.002244219183921814,
      0.00224005663767457,
      0.0022367960773408413,
      0.0022350139915943146,
      0.0022419742308557034,
      0.0022377287968993187,
      0.0022385423071682453,
      0.002239817753434181,
      0.0022406792268157005,
      0.0022431528195738792,
      0.002237399108707905,
      0.002238157205283642,
      0.0022396459244191647,
      0.0022428929805755615,
      0.002245254348963499,
      0.002236347645521164
    ],
    [
      0.002181270159780979,
      0.0022400710731744766,
      0.0022398633882403374,
      0.0022381488233804703,
      0.0022431788966059685,
      0.0022385367192327976,
      0.00224046828225255,
      0.002242791000753641,
      0.002239685971289873,
      0.002246713265776634,
      0.002242004033178091,
      0.0022781831212341785,
      0.002309301868081093,
      0.0022423947229981422,
      0.0022452929988503456,
      0.002243238966912031,
      0.0022421060130000114,
      0.002238029148429632,
      0.0022404431365430355,
      0.0022371397353708744,
      0.0022417521104216576,
      0.0022383308969438076,
      0.0022393460385501385,
      0.002236944157630205,
      0.0022368389181792736,
      0.0022361669689416885,
      0.002239821944385767,
      0.002237468957901001,
      0.002240070141851902,
      0.0022401371970772743,
      0.0022384258918464184,
      0.0022348598577082157,
      0.0022389041259884834,
      0.002237978857010603,
      0.0022373809479177,
      0.002238886896520853,
      0.0022367644123733044,
      0.002241558860987425,
      0.0022417129948735237,
      0.002235861960798502,
      0.0022377963177859783,
      0.002235259860754013,
      0.0022423621267080307,
      0.002239224035292864,
      0.002238420769572258,
      0.0022409800440073013,
      0.0022368482314050198,
      0.002240446861833334,
      0.002237404230982065,
      0.0022352291271090508,
      0.002237550914287567,
      0.0022402070462703705,
      0.002236143685877323,
      0.0022341269068419933,
      0.0022423258051276207,
      0.0022409213706851006,
      0.0022380580194294453,
      0.002241856884211302,
      0.0022370461374521255,
      0.002240446861833334,
      0.002237154170870781,
      0.0022373488172888756,
      0.0022367238998413086,
