{
  "mpi_implementation": "intelmpi",
  "operation": "reduce",
  "num_ranks": 4,
  "tensor_shape": {
    "batch": 16,
    "seq_len": 2048,
    "hidden_dim": 2048
  },
  "num_elements": 67108864,
  "tensor_size_bytes": 134217728,
  "tensor_size_mb": 128.0,
  "dtype": "bfloat16",
  "dtype_note": "Generated as bf16, converted to fp32 for MPI, size reported as bf16",
  "warmup_iterations": 10,
  "measurement_iterations": 100,
  "timing_method": "time.perf_counter()",
  "timings": [
    [
      1.2290411861613393,
      1.2259327480569482,
      1.2261139508336782,
      1.2248651338741183,
      1.2278489088639617,
      1.2263071849010885,
      1.2410217938013375,
      1.2239108122885227,
      1.2251374698244035,
      1.2264311639592052,
      1.2259279279969633,
      1.2242681123316288,
      1.2299228608608246,
      1.2250357917509973,
      1.2264917599968612,
      1.2287722597829998,
      1.225868292618543,
      1.2263100701384246,
      1.2265985058620572,
      1.2252285107970238,
      1.2258600401692092,
      1.224934727884829,
      1.2294597015716136,
      1.2285417071543634,
      1.2237151027657092,
      1.22144292620942,
      1.2215405208989978,
      1.22786704916507,
      1.2238674452528358,
      1.2257531131617725,
      1.2264455677941442,
      1.22659960296005,
      1.224968803115189,
      1.225761080160737,
      1.2256045071408153,
      1.224566030781716,
      1.2251088498160243,
      1.2249653576873243,
      1.226133310701698,
      1.2375533049926162,
      1.2258997317403555,
      1.2239947402849793,
      1.2260314347222447,
      1.2261337996460497,
      1.2253121328540146,
      1.225171746686101,
      1.2258904040791094,
      1.2277698572725058,
      1.2249028319492936,
      1.2246993710286915,
      1.2257633148692548,
      1.2257653870619833,
      1.224955447949469,
      1.225287534762174,
      1.2258931030519307,
      1.2392199952155352,
      1.2260034531354904,
      1.2246926510706544,
      1.2262361301109195,
      1.2240496440790594,
      1.225878661032766,
      1.2243404118344188,
      1.2250883746892214,
      1.228895606007427,
      1.225244509987533,
      1.2218343340791762,
      1.2233138871379197,
      1.2247214238159359,
      1.2224001754075289,
      1.2236843924038112,
      1.2234187768772244,
      1.2252870830707252,
      1.2321099028922617,
      1.2245709272101521,
      1.2225299710407853,
      1.2225311836227775,
      1.2249063039198518,
      1.2264608652330935,
      1.2356163798831403,
      1.2254850030876696,
      1.2272774940356612,
      1.2243028958328068,
      1.2259148177690804,
      1.2247706167399883,
      1.2252517538145185,
      1.2240328779444098,
      1.2259217109531164,
      1.2245009141042829,
      1.2378820478916168,
      1.2263224180787802,
      1.2248486522585154,
      1.2238695686683059,
      1.225925943814218,
      1.2248795330524445,
      1.22525484720245,
      1.2245101747103035,
      1.2279801899567246,
      1.2238780241459608,
      1.2251543141901493,
      1.2263782853260636
    ],
    [
      1.0222688438370824,
      1.0105400467291474,
      1.0197223066352308,
      1.013513259589672,
      1.0193716562353075,
      1.014537035021931,
      1.0258142338134348,
      1.0147836520336568,
      1.016466410830617,
      1.0129345213063061,
      1.0176172899082303,
      1.0161987631581724,
      1.0204915390349925,
      1.017585844732821,
      1.0191775592975318,
      1.0164059298112988,
      1.0181359867565334,
      1.0180854070931673,
      1.0175205511040986,
      1.0150979389436543,
      1.016312322113663,
      1.0167944328859448,
      1.0167600740678608,
      1.022495181299746,
      1.0163675569929183,
      1.0163431810215116,
      1.0132591100409627,
      1.0182827119715512,
      1.0171735091134906,
      1.0167103251442313,
      1.0171898156404495,
      1.0180146899074316,
      1.0149176176637411,
      1.0151784992776811,
      1.0186357568018138,
      1.01589330798015,
      1.0162283089011908,
      1.0177932525984943,
      1.019615810830146,
      1.0282845222391188,
      1.0199314560741186,
      1.0169204268604517,
      1.0157790542580187,
      1.0176808340474963,
      1.0184626090340316,
      1.0162662751972675,
      1.0177298299968243,
      1.0186157091520727,
      1.016160252969712,
      1.0178755591623485,
      1.0184423639439046,
      1.0168920536525548,
      1.0170084009878337,
      1.016362298745662,
      1.0158728770911694,
      1.023939864244312,
      1.0194798498414457,
      1.0156549951061606,
      1.0177157041616738,
      1.0164311649277806,
      1.0160037740133703,
      1.0157422837801278,
      1.0165431150235236,
      1.0168138458393514,
      1.016325153876096,
      1.0144028579816222,
      1.017297353129834,
      1.014604247175157,
      1.0151881570927799,
      1.015988954808563,
      1.0172517448663712,
      1.0162354269996285,
      1.0250177192501724,
      1.0162185402587056,
      1.0184058407321572,
      1.015579525846988,
      1.0175300482660532,
      1.0164236589334905,
      1.018425873015076,
      1.0176842329092324,
      1.0225700768642128,
      1.017605114262551,
      1.0178062762133777,
      1.0175036122091115,
      1.0179197830148041,
      1.0163344335742295,
      1.0184625200927258,
      1.015886812005192,
      1.032816638238728,
      1.018415435217321,
      1.0176484799012542,
      1.0150636741891503,
      1.01846222858876,
      1.0167784648947418,
      1.0183233157731593,
      1.0141474469564855,
      1.021456137765199,
      1.0167511110194027,
      1.0191839477047324,
      1.0165090579539537
    ],
    [
      1.0206045750528574,
      1.0152788520790637,
      1.0196613129228354,
      1.0155415711924434,
      1.0191483818925917,
      1.0164179098792374,
      1.0296274069696665,
      1.0146311596035957,
      1.0152329597622156,
      1.0142958401702344,
      1.0176396630704403,
      1.0163177740760148,
      1.0194416041485965,
      1.0175226819701493,
      1.019031918141991,
      1.0189472129568458,
      1.017876936122775,
      1.0176838403567672,
      1.0166890849359334,
      1.0158806066028774,
      1.0164237190037966,
      1.0160277211107314,
      1.0159869357012212,
      1.0170679250732064,
      1.0121848387643695,
      1.0111484909430146,
      1.0128801981918514,
      1.0188255850225687,
      1.0170125709846616,
      1.0167300417087972,
      1.016674302984029,
      1.0168717131018639,
      1.0140969599597156,
      1.0158279282040894,
      1.0166839598678052,
      1.015175448730588,
      1.0146330799907446,
      1.0175459887832403,
      1.0174389551393688,
      1.02703058719635,
      1.0174762648530304,
      1.0169444563798606,
      1.015255315694958,
      1.0168678630143404,
      1.0164962890557945,
      1.0161998542025685,
      1.017578645143658,
      1.0178687670268118,
      1.0145847578532994,
      1.0159876253455877,
      1.0181296151131392,
      1.0167355369776487,
      1.01538647711277,
      1.0148524311371148,
      1.0147534599527717,
      1.02801265520975,
      1.017032970674336,
      1.0150032667443156,
      1.0163956987671554,
      1.0165383778512478,
      1.015624230261892,
      1.0147352069616318,
      1.0151309999637306,
      1.0165279172360897,
      1.0154143488034606,
      1.0126091870479286,
      1.0146962627768517,
      1.0132107096724212,
      1.014813037123531,
      1.0143323792144656,
      1.0153916319832206,
      1.0145313367247581,
      1.0241267820820212,
      1.0160091510042548,
      1.0158924753777683,
      1.0137916468083858,
      1.0160473808646202,
      1.016743709333241,
      1.0163479181937873,
      1.0177246443927288,
      1.020420819055289,
      1.0178507301025093,
      1.017671029549092,
      1.017102476209402,
      1.0163881960324943,
      1.0165963731706142,
      1.018387429881841,
      1.0150848450139165,
      1.03042097017169,
      1.0179393161088228,
