{
  "mpi_implementation": "intelmpi",
  "operation": "broadcast",
  "num_ranks": 4,
  "tensor_shape": {
    "batch": 16,
    "seq_len": 1,
    "hidden_dim": 4096
  },
  "num_elements": 65536,
  "tensor_size_bytes": 131072,
  "tensor_size_mb": 0.125,
  "dtype": "bfloat16",
  "dtype_note": "Generated as bf16, converted to fp32 for MPI, size reported as bf16",
  "warmup_iterations": 10,
  "measurement_iterations": 100,
  "timing_method": "time.perf_counter()",
  "timings": [
    [
      2.497714012861252e-05,
      2.2240914404392242e-05,
      2.147909253835678e-05,
      2.1861866116523743e-05,
      2.1799933165311813e-05,
      2.2065825760364532e-05,
      2.12937593460083e-05,
      2.1937768906354904e-05,
      2.2268854081630707e-05,
      2.4682842195034027e-05,
      2.396339550614357e-05,
      2.2620894014835358e-05,
      2.2077001631259918e-05,
      2.1819956600666046e-05,
      2.1997839212417603e-05,
      2.1395739167928696e-05,
      2.2358261048793793e-05,
      2.164999023079872e-05,
      2.2416934370994568e-05,
      2.1624378859996796e-05,
      2.1653249859809875e-05,
      2.1554064005613327e-05,
      2.2177118808031082e-05,
      2.121599391102791e-05,
      2.1082814782857895e-05,
      2.1867919713258743e-05,
      2.1643005311489105e-05,
      2.177990972995758e-05,
      2.1612271666526794e-05,
      2.1191779524087906e-05,
      2.1579209715127945e-05,
      2.1924730390310287e-05,
      2.1272804588079453e-05,
      2.1113082766532898e-05,
      2.1531712263822556e-05,
      2.17449851334095e-05,
      2.197176218032837e-05,
      2.1588057279586792e-05,
      2.1634157747030258e-05,
      2.1125655621290207e-05,
      2.177990972995758e-05,
      2.1395273506641388e-05,
      2.171611413359642e-05,
      2.1719839423894882e-05,
      2.1375250071287155e-05,
      2.1272338926792145e-05,
      2.1238811314105988e-05,
      2.1717045456171036e-05,
      2.1154992282390594e-05,
      2.2867228835821152e-05,
      2.188887447118759e-05,
      2.1679792553186417e-05,
      2.153497189283371e-05,
      2.1369196474552155e-05,
      2.174684777855873e-05,
      2.0586885511875153e-05,
      2.1908897906541824e-05,
      2.1634623408317566e-05,
      2.201506868004799e-05,
      2.1792016923427582e-05,
      2.290075644850731e-05,
      2.1209940314292908e-05,
      2.14260071516037e-05,
      2.161087468266487e-05,
      2.1760351955890656e-05,
      2.099107950925827e-05,
      2.1165702491998672e-05,
      2.2328924387693405e-05,
      2.139480784535408e-05,
      2.2023916244506836e-05,
      2.1724030375480652e-05,
      2.2652093321084976e-05,
      2.1080952137708664e-05,
      2.1337997168302536e-05,
      2.129795029759407e-05,
      2.1385960280895233e-05,
      2.091703936457634e-05,
      2.1548941731452942e-05,
      2.216501161456108e-05,
      2.133287489414215e-05,
      2.239178866147995e-05,
      2.130819484591484e-05,
      2.173706889152527e-05,
      2.0551960915327072e-05,
      2.1822750568389893e-05,
      2.170586958527565e-05,
      2.3993663489818573e-05,
      2.2505875676870346e-05,
      2.1435320377349854e-05,
      2.2110063582658768e-05,
      2.183998003602028e-05,
      2.163602039217949e-05,
      2.1342188119888306e-05,
      2.2519845515489578e-05,
      2.201925963163376e-05,
      2.1899119019508362e-05,
      2.0937994122505188e-05,
      2.2047199308872223e-05,
      2.1768733859062195e-05,
      2.1645333617925644e-05
    ],
    [
      2.7946196496486664e-05,
      2.5229062885046005e-05,
      2.552289515733719e-05,
      2.5335699319839478e-05,
      2.4992041289806366e-05,
      2.547306939959526e-05,
      2.517877146601677e-05,
      2.5295186787843704e-05,
      2.5177840143442154e-05,
      2.847611904144287e-05,
      2.7333851903676987e-05,
      2.5303103029727936e-05,
      2.4941284209489822e-05,
      2.4863984435796738e-05,
      2.49641016125679e-05,
      2.4731270968914032e-05,
      2.5552697479724884e-05,
      2.4617183953523636e-05,
      2.5842804461717606e-05,
      2.5039073079824448e-05,
      2.5088898837566376e-05,
      2.446817234158516e-05,
      2.533290535211563e-05,
      2.467166632413864e-05,
      2.4567823857069016e-05,
      2.4870038032531738e-05,
      2.5387853384017944e-05,
      2.5203917175531387e-05,
      2.4767126888036728e-05,
      2.4989712983369827e-05,
      2.502230927348137e-05,
      2.4987850338220596e-05,
      2.4485867470502853e-05,
      2.4144072085618973e-05,
      2.514990046620369e-05,
      2.5319866836071014e-05,
      2.4948734790086746e-05,
      2.5315210223197937e-05,
      2.5188084691762924e-05,
      2.439972013235092e-05,
      2.5180168449878693e-05,
      2.4684704840183258e-05,
      2.488400787115097e-05,
      2.4565961211919785e-05,
      2.4480745196342468e-05,
      2.457480877637863e-05,
      2.442300319671631e-05,
      2.726539969444275e-05,
      2.5243964046239853e-05,
      2.525513991713524e-05,
      2.5147106498479843e-05,
      2.548377960920334e-05,
      2.4762935936450958e-05,
      2.432381734251976e-05,
      2.512289211153984e-05,
      2.3955944925546646e-05,
      2.5311950594186783e-05,
      2.464279532432556e-05,
      2.522626891732216e-05,
      2.5206245481967926e-05,
      2.548331394791603e-05,
      2.440018579363823e-05,
      2.4629291146993637e-05,
      2.4823937565088272e-05,
      2.4671200662851334e-05,
      2.4167820811271667e-05,
      2.4334993213415146e-05,
      2.5697052478790283e-05,
      2.4559907615184784e-05,
      2.549821510910988e-05,
      2.49398872256279e-05,
      2.568913623690605e-05,
      2.4576205760240555e-05,
      2.437969669699669e-05,
      2.4841632694005966e-05,
      2.5167595595121384e-05,
      2.384837716817856e-05,
      2.5064684450626373e-05,
      2.5304965674877167e-05,
      2.4549197405576706e-05,
      2.5674700736999512e-05,
      2.5205779820680618e-05,
      2.4716835469007492e-05,
      2.4514738470315933e-05,
      2.475408837199211e-05,
      2.5121960788965225e-05,
      2.7169939130544662e-05,
      2.539483830332756e-05,
      2.4949200451374054e-05,
      2.517690882086754e-05,
      2.529798075556755e-05,
      2.4677254259586334e-05,
      2.4575740098953247e-05,
      2.5699380785226822e-05,
      2.5117769837379456e-05,
      2.4833716452121735e-05,
      2.4100765585899353e-05,
      2.5360379368066788e-05,
      2.4954788386821747e-05,
      2.4714041501283646e-05
    ],
    [
      2.7839094400405884e-05,
      2.5163404643535614e-05,
      2.5470741093158722e-05,
      2.5271903723478317e-05,
      2.5087036192417145e-05,
      2.525513991713524e-05,
      2.507586032152176e-05,
      2.5305896997451782e-05,
      2.5194138288497925e-05,
      2.8322916477918625e-05,
      2.725515514612198e-05,
      2.5330111384391785e-05,
      2.4975743144750595e-05,
      2.496223896741867e-05,
      2.4872832000255585e-05,
      2.4650245904922485e-05,
      2.5485176593065262e-05,
      2.453988417983055e-05,
      2.5774352252483368e-05,
      2.4957116693258286e-05,
      2.4988315999507904e-05,
      2.4656765162944794e-05,
      2.5373883545398712e-05,
      2.47051939368248e-05,
      2.4477951228618622e-05,
      2.483231946825981e-05,
      2.525513991713524e-05,
      2.506328746676445e-05,
      2.480205148458481e-05,
      2.4913810193538666e-05,
      2.49459408223629e-05,
      2.509215846657753e-05,
      2.4523120373487473e-05,
      2.4065375328063965e-05,
      2.501579001545906e-05,
      2.514990046620369e-05,
      2.498319372534752e-05,
      2.535805106163025e-05,
      2.5164801627397537e-05,
      2.4426262825727463e-05,
      2.5080982595682144e-05,
      2.4632085114717484e-05,
      2.490682527422905e-05,
      2.448214218020439e-05,
      2.438994124531746e-05,
      2.4667009711265564e-05,
      2.444116398692131e-05,
      2.7297064661979675e-05,
      2.517225220799446e-05,
      2.5307759642601013e-05,
      2.5033019483089447e-05,
      2.5453977286815643e-05,
