{
  "mpi_implementation": "intelmpi",
  "operation": "broadcast",
  "num_ranks": 4,
  "tensor_shape": {
    "batch": 16,
    "seq_len": 8192,
    "hidden_dim": 2048
  },
  "num_elements": 268435456,
  "tensor_size_bytes": 536870912,
  "tensor_size_mb": 512.0,
  "dtype": "bfloat16",
  "dtype_note": "Generated as bf16, converted to fp32 for MPI, size reported as bf16",
  "warmup_iterations": 10,
  "measurement_iterations": 100,
  "timing_method": "time.perf_counter()",
  "timings": [
    [
      0.2618113299831748,
      0.15523627400398254,
      0.1644520820118487,
      0.16836360516026616,
      0.15382681833580136,
      0.15366128971800208,
      0.15358076803386211,
      0.1536227222532034,
      0.15370106976479292,
      0.15355038223788142,
      0.1536765950731933,
      0.15412624599412084,
      0.15361206885427237,
      0.15346964076161385,
      0.15363551769405603,
      0.15348242036998272,
      0.15401050820946693,
      0.15429322188720107,
      0.15352679789066315,
      0.15356512740254402,
      0.15349016059190035,
      0.15344716422259808,
      0.15355641674250364,
      0.15353900101035833,
      0.15360683668404818,
      0.15367037942633033,
      0.15354266203939915,
      0.15351135795935988,
      0.15359051618725061,
      0.15417776070535183,
      0.15352503303438425,
      0.1534446538425982,
      0.15347104705870152,
      0.1534112198278308,
      0.15361022809520364,
      0.15349757205694914,
      0.15338751068338752,
      0.15384367108345032,
      0.15352762397378683,
      0.15348493494093418,
      0.1534117148257792,
      0.15346883004531264,
      0.153547840192914,
      0.15340830758213997,
      0.153923945967108,
      0.15347036067396402,
      0.15341834211722016,
      0.15336217964068055,
      0.15342801017686725,
      0.15349453827366233,
      0.15343466866761446,
      0.15344044100493193,
      0.15334666799753904,
      0.15342287719249725,
      0.1533065801486373,
      0.15414094226434827,
      0.15334109496325254,
      0.15345617197453976,
      0.15333416173234582,
      0.15353466104716063,
      0.15387659426778555,
      0.15341148525476456,
      0.15340571105480194,
      0.1533782221376896,
      0.15354581829160452,
      0.15333061292767525,
      0.15347746387124062,
      0.1535609676502645,
      0.15339066786691546,
      0.15337627800181508,
      0.15915431221947074,
      0.1535362950526178,
      0.1535237361676991,
      0.15355187701061368,
      0.1534476038068533,
      0.15357701294124126,
      0.15409302711486816,
      0.15356633998453617,
      0.1533881057985127,
      0.15340415621176362,
      0.15325832832604647,
      0.15417676884680986,
      0.15338630881160498,
      0.15339661994948983,
      0.15330230817198753,
      0.1533344811759889,
      0.15332381101325154,
      0.15329433605074883,
      0.15550118824467063,
      0.1543075288645923,
      0.16575329983606935,
      0.1692127208225429,
      0.1653333599679172,
      0.153978044167161,
      0.15357708977535367,
      0.15364143811166286,
      0.15384496096521616,
      0.15346941305324435,
      0.15349431615322828,
      0.15350924991071224
    ],
    [
      0.26179777504876256,
      0.15523456688970327,
      0.16444982634857297,
      0.1683628591708839,
      0.1538246739655733,
      0.1536601879633963,
      0.15358737483620644,
      0.15362243400886655,
      0.15369986882433295,
      0.15354869840666652,
      0.15367408422753215,
      0.1541244680993259,
      0.15360965905711055,
      0.1534682991914451,
      0.15363464411348104,
      0.15348170697689056,
      0.15400746744126081,
      0.15429132198914886,
      0.1535260658711195,
      0.15356373507529497,
      0.15348907420411706,
      0.1534458426758647,
      0.15355560975149274,
      0.1535369330085814,
      0.15360574377700686,
      0.15366842597723007,
      0.15354102617129683,
      0.1535107553936541,
      0.1535902302712202,
      0.15417584916576743,
      0.15352280903607607,
      0.15344412066042423,
      0.15347024984657764,
      0.15341046592220664,
      0.1536091328598559,
      0.15349616575986147,
      0.1533851157873869,
      0.15384361008182168,
      0.1535249068401754,
      0.15348418755456805,
      0.15341113274917006,
      0.15346781443804502,
      0.15354527393355966,
      0.15340584702789783,
      0.15392302675172687,
      0.15346936183050275,
      0.15341744804754853,
      0.15336129302158952,
      0.1534271133132279,
      0.1534918542020023,
      0.15343379089608788,
      0.15343786915764213,
      0.1533455871976912,
      0.1534222448244691,
      0.1533047272823751,
      0.15414043795317411,
      0.15333967795595527,
      0.1534560681320727,
      0.1533329919911921,
      0.1535334950312972,
      0.15387538261711597,
      0.15341034810990095,
      0.1534030712209642,
      0.1533775390125811,
      0.15354363759979606,
      0.15332987997680902,
      0.15347624197602272,
      0.15356033109128475,
      0.15338802710175514,
      0.15337440697476268,
      0.15915310941636562,
      0.1535355383530259,
      0.15352165279909968,
      0.15355062577873468,
      0.15344631718471646,
      0.15357452491298318,
      0.15409110626205802,
      0.15356429014354944,
      0.15338716702535748,
      0.15340335574001074,
      0.15325711108744144,
      0.15417541516944766,
      0.15338447224348783,
      0.153395663946867,
      0.15330062480643392,
      0.15333347721025348,
      0.15332287969067693,
      0.15329361939802766,
      0.15549797099083662,
      0.15430518006905913,
      0.16575105907395482,
      0.16921027190983295,
      0.1653295080177486,
      0.15397612703964114,
      0.15357503527775407,
      0.15363956289365888,
      0.1538441339507699,
      0.15346841281279922,
      0.15349193196743727,
      0.1535079819150269
    ],
    [
      0.2617929680272937,
      0.15523297805339098,
      0.16445010993629694,
      0.1683629797771573,
      0.15382512100040913,
      0.15365977585315704,
      0.1535789710469544,
      0.15362120512872934,
      0.15369937801733613,
      0.1535484497435391,
      0.15367439622059464,
      0.1541242627426982,
      0.15361022809520364,
      0.15346876112744212,
      0.15363500220701098,
      0.15348151931539178,
      0.1540082637220621,
      0.15429148729890585,
      0.15352607192471623,
      0.15356342075392604,
      0.15348966093733907,
      0.15344568993896246,
      0.1535560181364417,
      0.15353672113269567,
      0.15360624808818102,
      0.1536686229519546,
      0.15354076959192753,
      0.153511012904346,
      0.15358914574608207,
      0.15417782915756106,
      0.15352312615141273,
      0.15344343101605773,
      0.15347036579623818,
      0.1534107169136405,
      0.15360930422320962,
      0.15349643910303712,
      0.15338518982753158,
      0.1538421493023634,
      0.15352528914809227,
      0.15348365809768438,
      0.15341167896986008,
      0.1534682926721871,
      0.15354562317952514,
      0.15340639371424913,
      0.15392317483201623,
      0.1534696319140494,
      0.15341726085171103,
      0.15336140990257263,
      0.1534270509146154,
      0.1534921028651297,
      0.15343405213207006,
      0.15343781793490052,
      0.15334555180743337,
      0.1534224641509354,
      0.15330469282343984,
      0.15414095297455788,
      0.1533396360464394,
      0.15345547115430236,
      0.15333321690559387,
      0.15353350713849068,
      0.1538755833171308,
      0.15341066289693117,
      0.15340365702286363,
      0.15337723912671208,
      0.1535433609969914,
      0.1533297160640359,
      0.15347642498090863,
      0.15356106776744127,
      0.15338840475305915,
      0.15337525820359588,
      0.15915355971083045,
      0.15353609435260296,
      0.15352298179641366,
      0.15355128096416593,
      0.15344661008566618,
      0.15357498219236732,
      0.1540919099934399,
      0.15356442192569375,
      0.1533873719163239,
      0.153403805103153,
