{
  "mpi_implementation": "intelmpi",
  "operation": "allgather",
  "num_ranks": 4,
  "tensor_shape": {
    "batch": 8,
    "seq_len": 1,
    "hidden_dim": 4096
  },
  "num_elements": 32768,
  "tensor_size_bytes": 65536,
  "tensor_size_mb": 0.0625,
  "dtype": "bfloat16",
  "dtype_note": "Generated as bf16, converted to fp32 for MPI, size reported as bf16",
  "warmup_iterations": 10,
  "measurement_iterations": 100,
  "timing_method": "time.perf_counter()",
  "timings": [
    [
      9.381305426359177e-05,
      9.064609184861183e-05,
      8.964678272604942e-05,
      8.729007095098495e-05,
      8.505210280418396e-05,
      8.492870256304741e-05,
      8.682487532496452e-05,
      8.538598194718361e-05,
      9.677605703473091e-05,
      8.698366582393646e-05,
      8.52649100124836e-05,
      8.359970524907112e-05,
      8.565792813897133e-05,
      8.404906839132309e-05,
      8.952384814620018e-05,
      8.620927110314369e-05,
      8.431822061538696e-05,
      8.320901542901993e-05,
      8.522998541593552e-05,
      8.43382440507412e-05,
      9.002676233649254e-05,
      8.749868720769882e-05,
      8.448399603366852e-05,
      8.370401337742805e-05,
      8.479971438646317e-05,
      8.467119187116623e-05,
      8.877180516719818e-05,
      8.631683886051178e-05,
      8.449703454971313e-05,
      8.299620822072029e-05,
      8.585397154092789e-05,
      8.893106132745743e-05,
      8.87550413608551e-05,
      8.661532774567604e-05,
      8.394801989197731e-05,
      8.197827264666557e-05,
      8.570495992898941e-05,
      8.398713544011116e-05,
      8.904607966542244e-05,
      8.574780076742172e-05,
      8.417107164859772e-05,
      8.31950455904007e-05,
      8.889567106962204e-05,
      8.414918556809425e-05,
      8.947309106588364e-05,
      8.642813190817833e-05,
      8.465209975838661e-05,
      8.240202441811562e-05,
      8.577713742852211e-05,
      8.303578943014145e-05,
      8.901301771402359e-05,
      8.532172068953514e-05,
      8.402206003665924e-05,
      8.365325629711151e-05,
      8.557969704270363e-05,
      8.397223427891731e-05,
      8.920719847083092e-05,
      8.567934855818748e-05,
      8.455291390419006e-05,
      8.291192352771759e-05,
      8.579576388001442e-05,
      8.276430889964104e-05,
      8.864235132932663e-05,
      8.555920794606209e-05,
      8.416920900344849e-05,
      8.609471842646599e-05,
      8.587772026658058e-05,
      8.378783240914345e-05,
      9.269872680306435e-05,
      8.548842743039131e-05,
      8.372683078050613e-05,
      8.283508941531181e-05,
      8.562114089727402e-05,
      8.390983566641808e-05,
      8.913828060030937e-05,
      8.539808914065361e-05,
      8.961604908108711e-05,
      8.37910920381546e-05,
      8.566305041313171e-05,
      8.35927203297615e-05,
      8.9976005256176e-05,
      8.56202095746994e-05,
      8.354289457201958e-05,
      8.247792720794678e-05,
      8.533895015716553e-05,
      8.365465328097343e-05,
      8.857902139425278e-05,
      8.915271610021591e-05,
      8.418597280979156e-05,
      8.27680341899395e-05,
      8.566072210669518e-05,
      8.339295163750648e-05,
      8.900417014956474e-05,
      8.672988042235374e-05,
      8.476199582219124e-05,
      8.368911221623421e-05,
      8.577900007367134e-05,
      8.430099114775658e-05,
      8.898694068193436e-05,
      8.90917144715786e-05
    ],
    [
      9.534601122140884e-05,
      9.087380021810532e-05,
      8.849799633026123e-05,
      8.881697431206703e-05,
      8.649006485939026e-05,
      8.592894300818443e-05,
      8.733710274100304e-05,
      8.716899901628494e-05,
      9.18838195502758e-05,
      8.87187197804451e-05,
      8.529331535100937e-05,
      8.48979689180851e-05,
      8.531007915735245e-05,
      8.517736569046974e-05,
      8.763466030359268e-05,
      8.863583207130432e-05,
      8.550193160772324e-05,
      8.358899503946304e-05,
      8.514989167451859e-05,
      8.556526154279709e-05,
      8.767517283558846e-05,
      8.8490080088377e-05,
      8.544977754354477e-05,
      8.478108793497086e-05,
      8.454127237200737e-05,
      8.571287617087364e-05,
      8.753826841711998e-05,
      8.81589949131012e-05,
      8.570495992898941e-05,
      8.390704169869423e-05,
      8.511915802955627e-05,
      8.965190500020981e-05,
      8.757831528782845e-05,
      8.751498535275459e-05,
      8.515361696481705e-05,
      8.459389209747314e-05,
      8.475407958030701e-05,
      8.59387218952179e-05,
      8.73771496117115e-05,
      8.810684084892273e-05,
      8.557271212339401e-05,
      8.408399298787117e-05,
      8.767424151301384e-05,
      8.549308404326439e-05,
      8.798995986580849e-05,
      8.737016469240189e-05,
      8.512614294886589e-05,
      8.432101458311081e-05,
      8.475594222545624e-05,
      8.545909076929092e-05,
      8.768681436777115e-05,
      8.70279036462307e-05,
      8.520996198058128e-05,
      8.772686123847961e-05,
      8.612219244241714e-05,
      8.561788126826286e-05,
      8.757691830396652e-05,
      8.718203753232956e-05,
      8.513592183589935e-05,
      8.448120206594467e-05,
      8.539529517292976e-05,
      8.495291694998741e-05,
      8.724117651581764e-05,
      8.776318281888962e-05,
      8.522439748048782e-05,
      8.774502202868462e-05,
      8.535804226994514e-05,
      8.574500679969788e-05,
      8.738692849874496e-05,
      8.649984374642372e-05,
      8.454173803329468e-05,
      8.42902809381485e-05,
      8.540274575352669e-05,
      8.511776104569435e-05,
      8.710986003279686e-05,
      8.760811761021614e-05,
      8.984608575701714e-05,
      8.508330211043358e-05,
      8.580600842833519e-05,
      8.533382788300514e-05,
      8.79550352692604e-05,
      8.692126721143723e-05,
      8.538598194718361e-05,
      8.475221693515778e-05,
      8.50367359817028e-05,
      8.513173088431358e-05,
      8.712010458111763e-05,
      9.059906005859375e-05,
      8.442625403404236e-05,
      8.481508120894432e-05,
      8.568912744522095e-05,
      8.558714762330055e-05,
      8.766818791627884e-05,
      8.754665032029152e-05,
      8.568493649363518e-05,
      8.42539593577385e-05,
      8.598482236266136e-05,
      8.448818698525429e-05,
      8.720299229025841e-05,
      9.061722084879875e-05
    ],
    [
      9.62219201028347e-05,
      8.961884304881096e-05,
      8.904468268156052e-05,
      8.96151177585125e-05,
      8.779997006058693e-05,
      8.644303306937218e-05,
      8.753407746553421e-05,
      8.709589019417763e-05,
      9.35201533138752e-05,
      8.90376977622509e-05,
      8.651101961731911e-05,
      8.611101657152176e-05,
      8.503813296556473e-05,
      8.492032065987587e-05,
      8.882209658622742e-05,
      8.969428017735481e-05,
      8.703162893652916e-05,
      8.590519428253174e-05,
      8.538179099559784e-05,
      8.860509842634201e-05,
      8.862419053912163e-05,
      9.017623960971832e-05,
      8.618785068392754e-05,
      8.626701310276985e-05,
      8.582789450883865e-05,
      8.544977754354477e-05,
      8.952710777521133e-05,
      8.920393884181976e-05,
      8.578412234783173e-05,
      8.500460535287857e-05,
      8.542323485016823e-05,
      8.932314813137054e-05,
      8.818693459033966e-05,
      8.839322254061699e-05,
      8.52346420288086e-05,
      8.4657222032547e-05,
      8.504511788487434e-05,
      8.507398888468742e-05,
      8.837692439556122e-05,
      8.82130116224289e-05,
      8.637690916657448e-05,
      8.457014337182045e-05,
      8.779624477028847e-05,
      8.523371070623398e-05,
      8.863396942615509e-05,
      8.780695497989655e-05,
      8.459901437163353e-05,
      8.50120559334755e-05,
      8.509587496519089e-05,
      8.41943547129631e-05,
      8.813291788101196e-05,
      8.813804015517235e-05,
      8.469168096780777e-05,
      8.783768862485886e-05,
      8.56681726872921e-05,
      8.463114500045776e-05,
      8.870894089341164e-05,
      8.853711187839508e-05,
      8.59927386045456e-05,
