{
  "mpi_implementation": "intelmpi",
  "operation": "allgather",
  "num_ranks": 4,
  "tensor_shape": {
    "batch": 1,
    "seq_len": 8192,
    "hidden_dim": 2048
  },
  "num_elements": 16777216,
  "tensor_size_bytes": 33554432,
  "tensor_size_mb": 32.0,
  "dtype": "bfloat16",
  "dtype_note": "Generated as bf16, converted to fp32 for MPI, size reported as bf16",
  "warmup_iterations": 10,
  "measurement_iterations": 100,
  "timing_method": "time.perf_counter()",
  "timings": [
    [
      0.2845556540414691,
      0.29863678896799684,
      0.2973904018290341,
      0.2989859259687364,
      0.30251533119007945,
      0.29734059888869524,
      0.3016083971597254,
      0.30266709672287107,
      0.29745042603462934,
      0.2971031810157001,
      0.299278455786407,
      0.30197399109601974,
      0.2970596430823207,
      0.29911530017852783,
      0.2963525988161564,
      0.2972881537862122,
      0.2994128009304404,
      0.29827878484502435,
      0.29645289201289415,
      0.3007354289293289,
      0.302022117190063,
      0.29734477400779724,
      0.2985947160050273,
      0.29874219791963696,
      0.29690179927274585,
      0.3001527450978756,
      0.2985946820117533,
      0.2966515850275755,
      0.3012544261291623,
      0.29891608795151114,
      0.2966061560437083,
      0.2988688941113651,
      0.29745399486273527,
      0.29884671000763774,
      0.29795829532667994,
      0.29996490105986595,
      0.3001455329358578,
      0.29806365305557847,
      0.29862377420067787,
      0.29929393623024225,
      0.29970343317836523,
      0.2961423471570015,
      0.29826125875115395,
      0.29920858796685934,
      0.29771137377247214,
      0.29745606472715735,
      0.2994314981624484,
      0.2968370895832777,
      0.2999074961990118,
      0.29831750923767686,
      0.29801954608410597,
      0.30495292507112026,
      0.3056915560737252,
      0.2999370419420302,
      0.29803150007501245,
      0.2979868412949145,
      0.2986294929869473,
      0.29807084100320935,
      0.2976037305779755,
      0.29939828207716346,
      0.29732947889715433,
      0.29713105503469706,
      0.29676431976258755,
      0.2951645781286061,
      0.30235484801232815,
      0.29763796692714095,
      0.29933424992486835,
      0.2983139636926353,
      0.2979377000592649,
      0.29987606732174754,
      0.2980238259769976,
      0.2988130091689527,
      0.2997427969239652,
      0.29764611180871725,
      0.2990964842028916,
      0.2975479611195624,
      0.29976871283724904,
      0.2975521949119866,
      0.3016150863841176,
      0.29907472617924213,
      0.2968040471896529,
      0.29940183414146304,
      0.29940983094275,
      0.2973880316130817,
      0.29956189822405577,
      0.30008121114224195,
      0.2987949028611183,
      0.301153470762074,
      0.2972917449660599,
      0.29912876384332776,
      0.29633067501708865,
      0.29871026100590825,
      0.29859698889777064,
      0.29846580140292645,
      0.30073003098368645,
      0.2976908111013472,
      0.29741253331303596,
      0.2995380340144038,
      0.2993170730769634,
      0.30015223380178213
    ],
    [
      0.2861595507711172,
      0.29965805588290095,
      0.298652658239007,
      0.29917618725448847,
      0.3028541482053697,
      0.29845621436834335,
      0.3009354011155665,
      0.3066041278652847,
      0.2990467296913266,
      0.297841337043792,
      0.29960515117272735,
      0.30384686030447483,
      0.29828239185735583,
      0.30020143324509263,
      0.2973511088639498,
      0.29849241813644767,
      0.2979286299087107,
      0.29975370317697525,
      0.2982657919637859,
      0.30249643977731466,
      0.30418199207633734,
      0.29907701071351767,
      0.29907510336488485,
      0.3008857718668878,
      0.29798294603824615,
      0.3009412079118192,
      0.2979721510782838,
      0.2978565483354032,
      0.30166436498984694,
      0.29839105485007167,
      0.2987886662594974,
      0.30006900895386934,
      0.298303275834769,
      0.299181270878762,
      0.299200136680156,
      0.30131470737978816,
      0.3011265769600868,
      0.2999781770631671,
      0.29899008478969336,
      0.29984980123117566,
      0.30073449201881886,
      0.29823279893025756,
      0.29897700110450387,
      0.30073971999809146,
      0.2985696569085121,
      0.29918230697512627,
      0.3007869659923017,
      0.2978338487446308,
      0.30097979633137584,
      0.29731757985427976,
      0.29989760322496295,
      0.30718945106491446,
      0.306585940066725,
      0.3025668249465525,
      0.29979342315346,
      0.2987757222726941,
      0.2996861878782511,
      0.29950045282021165,
      0.2987967380322516,
      0.2980246627703309,
      0.2972847712226212,
      0.29774894192814827,
      0.2975949440151453,
      0.2978351563215256,
      0.30529856495559216,
      0.29905540496110916,
      0.30039209965616465,
      0.2996742557734251,
      0.2991494769230485,
      0.301732050254941,
      0.2982322769239545,
      0.29927790397778153,
      0.2999938610009849,
      0.3001192188821733,
      0.302009710110724,
      0.2978885853663087,
      0.30107670510187745,
      0.29989467188715935,
      0.30165877286344767,
      0.30109892692416906,
      0.29770867014303803,
      0.30104605993255973,
      0.2996529331430793,
      0.2989898300729692,
      0.30115514481440187,
      0.30172671703621745,
      0.3011208390817046,
      0.3011822821572423,
      0.29789669113233685,
      0.29946355568245053,
      0.2970636901445687,
      0.29967572912573814,
      0.2980847489088774,
      0.29991782596334815,
      0.30097810784354806,
      0.29860512539744377,
      0.29896308621391654,
      0.3012002413161099,
      0.30092019541189075,
      0.30226979590952396
    ],
    [
      0.28744108974933624,
      0.29880984080955386,
      0.29771506879478693,
      0.29892947617918253,
      0.3027905668132007,
      0.298281863797456,
      0.30663964012637734,
      0.3043013960123062,
      0.2981269359588623,
      0.29760313173756003,
      0.29956766683608294,
      0.3037486867979169,
      0.29817577404901385,
      0.2991935103200376,
      0.29679361544549465,
      0.2975739100947976,
      0.29951570089906454,
      0.2988295638933778,
      0.29737966787070036,
      0.30149714229628444,
      0.3042422067373991,
      0.29879155382514,
      0.2989655160345137,
      0.3009109413251281,
      0.29737505223602057,
      0.3006280576810241,
      0.29877961659803987,
      0.29740733886137605,
      0.30126700876280665,
      0.2979439408518374,
      0.29784222273156047,
      0.29969581216573715,
      0.29834121791645885,
      0.299025793094188,
      0.2982180556282401,
      0.30101150274276733,
      0.3017766769044101,
      0.2996449717320502,
      0.2987714768387377,
      0.29981228709220886,
      0.2979237069375813,
      0.29791266610845923,
      0.2983404672704637,
      0.2999560940079391,
      0.2979663130827248,
      0.29890899173915386,
      0.299630637280643,
      0.2973497938364744,
      0.3000454120337963,
      0.2986769019626081,
      0.2982424679212272,
      0.30631269328296185,
      0.3064621868543327,
      0.3024563202634454,
      0.29943423718214035,
      0.2981268046423793,
      0.29887819895520806,
      0.29900645930320024,
      0.2980232909321785,
      0.29962121695280075,
      0.2978288112208247,
      0.29703593626618385,
      0.2974540269933641,
      0.29749468294903636,
      0.3045125179924071,
      0.2979454626329243,
      0.29956788197159767,
      0.2986850771121681,
      0.2987681971862912,
      0.301680157892406,
      0.29910770198330283,
      0.2979507939890027,
      0.2996807098388672,
      0.29771559638902545,
      0.3017553058452904,
      0.297608092892915,
      0.30080190021544695,
      0.29849839909002185,
      0.3014665902592242,
      0.30069345887750387,
      0.29696825286373496,
      0.3001543553546071,
      0.29864784283563495,
