{
  "mpi_implementation": "intelmpi",
  "operation": "broadcast",
  "num_ranks": 4,
  "tensor_shape": {
    "batch": 16,
    "seq_len": 1,
    "hidden_dim": 2048
  },
  "num_elements": 32768,
  "tensor_size_bytes": 65536,
  "tensor_size_mb": 0.0625,
  "dtype": "bfloat16",
  "dtype_note": "Generated as bf16, converted to fp32 for MPI, size reported as bf16",
  "warmup_iterations": 10,
  "measurement_iterations": 100,
  "timing_method": "time.perf_counter()",
  "timings": [
    [
      1.3445969671010971e-05,
      1.2672040611505508e-05,
      1.2372620403766632e-05,
      1.1831987649202347e-05,
      1.1759810149669647e-05,
      1.2065283954143524e-05,
      1.1572614312171936e-05,
      1.2154225260019302e-05,
      1.1657830327749252e-05,
      1.175515353679657e-05,
      1.2248288840055466e-05,
      1.1967029422521591e-05,
      1.2466218322515488e-05,
      1.223711296916008e-05,
      1.1628028005361557e-05,
      1.1491123586893082e-05,
      1.1614058166742325e-05,
      1.141102984547615e-05,
      1.1919066309928894e-05,
      1.1961907148361206e-05,
      1.146690919995308e-05,
      1.2126285582780838e-05,
      1.1916738003492355e-05,
      1.1491123586893082e-05,
      1.1731870472431183e-05,
      1.229485496878624e-05,
      1.1809170246124268e-05,
      1.1723022907972336e-05,
      1.2339092791080475e-05,
      1.2028031051158905e-05,
      1.2048985809087753e-05,
      1.1635012924671173e-05,
      1.2205913662910461e-05,
      1.1980999261140823e-05,
      1.4470890164375305e-05,
      1.260172575712204e-05,
      1.2488104403018951e-05,
      1.2271106243133545e-05,
      1.198379322886467e-05,
      1.2088101357221603e-05,
      1.188088208436966e-05,
      1.2453179806470871e-05,
      1.2315809726715088e-05,
      1.214630901813507e-05,
      1.2139324098825455e-05,
      1.177983358502388e-05,
      1.1708121746778488e-05,
      1.2392178177833557e-05,
      1.1696014553308487e-05,
      1.209089532494545e-05,
      1.2086238712072372e-05,
      1.2117903679609299e-05,
      1.1819880455732346e-05,
      1.1934898793697357e-05,
      1.2361910194158554e-05,
      1.2553762644529343e-05,
      1.2014992535114288e-05,
      1.2278091162443161e-05,
      1.2573786079883575e-05,
      1.226784661412239e-05,
      1.1973083019256592e-05,
      1.1787749826908112e-05,
      1.2309756129980087e-05,
      1.2153759598731995e-05,
      1.1238735169172287e-05,
      1.1651776731014252e-05,
      1.0772142559289932e-05,
      1.088809221982956e-05,
      1.1348165571689606e-05,
      1.1374242603778839e-05,
      1.127924770116806e-05,
      1.1222902685403824e-05,
      1.1809170246124268e-05,
      1.1045951396226883e-05,
      1.1038966476917267e-05,
      1.1247117072343826e-05,
      1.1043157428503036e-05,
      1.1373776942491531e-05,
      1.086108386516571e-05,
      1.0932795703411102e-05,
      1.0441988706588745e-05,
      1.124432310461998e-05,
      1.1089257895946503e-05,
      1.1119060218334198e-05,
      1.1158175766468048e-05,
      1.0645948350429535e-05,
      1.085083931684494e-05,
      1.1248048394918442e-05,
      1.1226627975702286e-05,
      1.1188909411430359e-05,
      1.1199153959751129e-05,
      1.1185184121131897e-05,
      1.122988760471344e-05,
      1.146271824836731e-05,
      1.1027324944734573e-05,
      1.3120006769895554e-05,
      1.1451076716184616e-05,
      1.090019941329956e-05,
      1.1424068361520767e-05,
      1.0938849300146103e-05
    ],
    [
      1.683691516518593e-05,
      1.699896529316902e-05,
      1.5401747077703476e-05,
      1.533888280391693e-05,
      1.5360768884420395e-05,
      1.5215948224067688e-05,
      1.5034805983304977e-05,
      1.5076715499162674e-05,
      1.488998532295227e-05,
      1.5038065612316132e-05,
      1.5527941286563873e-05,
      1.4862976968288422e-05,
      1.5194062143564224e-05,
      1.488998532295227e-05,
      1.4792662113904953e-05,
      1.4901161193847656e-05,
      1.4765188097953796e-05,
      1.49579718708992e-05,
      1.4976132661104202e-05,
      1.5206169337034225e-05,
      1.4994293451309204e-05,
      1.5426892787218094e-05,
      1.5192199498414993e-05,
      1.4961697161197662e-05,
      1.5108846127986908e-05,
      1.532677561044693e-05,
      1.5818048268556595e-05,
      1.5081837773323059e-05,
      1.519918441772461e-05,
      1.5574973076581955e-05,
      1.5566125512123108e-05,
      1.5342142432928085e-05,
      1.5144236385822296e-05,
      1.5920959413051605e-05,
      1.706089824438095e-05,
      1.6372185200452805e-05,
      1.5798024833202362e-05,
      1.5581026673316956e-05,
      1.549394801259041e-05,
      1.5371013432741165e-05,
      1.555122435092926e-05,
      1.5729106962680817e-05,
      1.575518399477005e-05,
      1.5362631529569626e-05,
      1.5572644770145416e-05,
      1.4955177903175354e-05,
      1.5449244529008865e-05,
      1.5428289771080017e-05,
      1.544225960969925e-05,
      1.568114385008812e-05,
      1.5498138964176178e-05,
      1.5493016690015793e-05,
      1.5850644558668137e-05,
      1.56499445438385e-05,
      1.5696045011281967e-05,
      1.551397144794464e-05,
      1.5215948224067688e-05,
      1.5577301383018494e-05,
      1.53309665620327e-05,
      1.5756115317344666e-05,
      1.5422701835632324e-05,
      1.5300698578357697e-05,
      1.4934223145246506e-05,
      1.5368685126304626e-05,
      1.4652963727712631e-05,
      1.4522112905979156e-05,
      1.482618972659111e-05,
      1.4250166714191437e-05,
      1.4784280210733414e-05,
      1.4588702470064163e-05,
      1.4413148164749146e-05,
      1.461198553442955e-05,
      1.5006400644779205e-05,
      1.4480669051408768e-05,
      1.4353077858686447e-05,
      1.4137011021375656e-05,
      1.410115510225296e-05,
      1.4553777873516083e-05,
      1.4322809875011444e-05,
      1.4181248843669891e-05,
      1.3942830264568329e-05,
      1.4408957213163376e-05,
      1.4699064195156097e-05,
      1.4419201761484146e-05,
      1.4754943549633026e-05,
      1.4118850231170654e-05,
      1.4011748135089874e-05,
      1.4517921954393387e-05,
      1.4613382518291473e-05,
      1.4677178114652634e-05,
      1.4468096196651459e-05,
      1.4557968825101852e-05,
      1.413607969880104e-05,
      1.4605000615119934e-05,
      1.4287885278463364e-05,
      1.657893881201744e-05,
      1.5211757272481918e-05,
      1.45668163895607e-05,
      1.4625024050474167e-05,
      1.387065276503563e-05
    ],
    [
      1.668417826294899e-05,
      1.6883015632629395e-05,
      1.53370201587677e-05,
      1.5458092093467712e-05,
      1.5296973288059235e-05,
      1.5303026884794235e-05,
      1.5109777450561523e-05,
      1.5135854482650757e-05,
      1.4837831258773804e-05,
      1.4986377209424973e-05,
      1.5481840819120407e-05,
      1.5022233128547668e-05,
      1.5342142432928085e-05,
      1.4802906662225723e-05,
      1.4740042388439178e-05,
      1.4784280210733414e-05,
      1.4679040759801865e-05,
      1.5117693692445755e-05,
      1.5039928257465363e-05,
      1.529185101389885e-05,
      1.5110708773136139e-05,
      1.5384983271360397e-05,
      1.5264842659235e-05,
      1.499708741903305e-05,
      1.498498022556305e-05,
      1.5452969819307327e-05,
      1.567276194691658e-05,
      1.5023164451122284e-05,
      1.5224795788526535e-05,
      1.561315730214119e-05,
      1.5493016690015793e-05,
      1.527508720755577e-05,
      1.5247613191604614e-05,
      1.582084223628044e-05,
      1.7171259969472885e-05,
      1.6415957361459732e-05,
      1.566065475344658e-05,
      1.551210880279541e-05,
      1.5622004866600037e-05,
      1.5364959836006165e-05,
      1.5401747077703476e-05,
      1.5863217413425446e-05,
      1.5798956155776978e-05,
      1.5296973288059235e-05,
      1.560105010867119e-05,
      1.4916062355041504e-05,
      1.5387777239084244e-05,
      1.5319790691137314e-05,
      1.53309665620327e-05,
      1.5606172382831573e-05,
      1.5436671674251556e-05,
