{
  "mpi_implementation": "intelmpi",
  "operation": "gather",
  "num_ranks": 4,
  "tensor_shape": {
    "batch": 8,
    "seq_len": 1,
    "hidden_dim": 2048
  },
  "num_elements": 16384,
  "tensor_size_bytes": 32768,
  "tensor_size_mb": 0.03125,
  "dtype": "bfloat16",
  "dtype_note": "Generated as bf16, converted to fp32 for MPI, size reported as bf16",
  "warmup_iterations": 10,
  "measurement_iterations": 100,
  "timing_method": "time.perf_counter()",
  "timings": [
    [
      5.671335384249687e-05,
      5.142483860254288e-05,
      5.275756120681763e-05,
      5.154404789209366e-05,
      5.759904161095619e-05,
      5.6941062211990356e-05,
      5.190819501876831e-05,
      5.242740735411644e-05,
      5.161995068192482e-05,
      5.1042065024375916e-05,
      4.9217138439416885e-05,
      5.032401531934738e-05,
      4.949280992150307e-05,
      4.801107570528984e-05,
      4.733772948384285e-05,
      4.94527630507946e-05,
      4.864763468503952e-05,
      4.751468077301979e-05,
      4.9516092985868454e-05,
      4.980713129043579e-05,
      4.903040826320648e-05,
      4.919804632663727e-05,
      5.044415593147278e-05,
      4.899315536022186e-05,
      6.17150217294693e-05,
      5.1307957619428635e-05,
      4.7584064304828644e-05,
      4.9566850066185e-05,
      4.952726885676384e-05,
      5.0203874707221985e-05,
      4.921015352010727e-05,
      4.960596561431885e-05,
      4.930701106786728e-05,
      4.63780015707016e-05,
      4.984298720955849e-05,
      4.9490947276353836e-05,
      4.971493035554886e-05,
      4.93442639708519e-05,
      4.9069058150053024e-05,
      4.947371780872345e-05,
      5.002832040190697e-05,
      5.058199167251587e-05,
      4.8862770199775696e-05,
      4.959572106599808e-05,
      6.157811731100082e-05,
      5.1280949264764786e-05,
      4.9688853323459625e-05,
      4.909886047244072e-05,
      4.961807280778885e-05,
      4.9603171646595e-05,
      4.807533696293831e-05,
      4.923529922962189e-05,
      4.85922209918499e-05,
      4.9173831939697266e-05,
      4.892144352197647e-05,
      5.1454175263643265e-05,
      5.013495683670044e-05,
      4.982529208064079e-05,
      4.863599315285683e-05,
      4.9286987632513046e-05,
      4.868069663643837e-05,
      4.960410296916962e-05,
      4.5981258153915405e-05,
      5.8980658650398254e-05,
      5.3326133638620377e-05,
      4.7044362872838974e-05,
      4.872865974903107e-05,
      4.882831126451492e-05,
      5.0342176109552383e-05,
      5.068304017186165e-05,
      4.92599792778492e-05,
      4.879990592598915e-05,
      4.896288737654686e-05,
      4.8814807087183e-05,
      4.977919161319733e-05,
      5.002785474061966e-05,
      4.8166606575250626e-05,
      4.9452297389507294e-05,
      5.005672574043274e-05,
      4.9342866986989975e-05,
      4.8640184104442596e-05,
      4.918966442346573e-05,
      4.945090040564537e-05,
      5.876459181308746e-05,
      4.974333569407463e-05,
      4.972098395228386e-05,
      4.8663001507520676e-05,
      4.911795258522034e-05,
      4.855683073401451e-05,
      4.881294444203377e-05,
      4.858989268541336e-05,
      4.6344008296728134e-05,
      4.807114601135254e-05,
      4.919338971376419e-05,
      4.822993651032448e-05,
      4.917522892355919e-05,
      4.63780015707016e-05,
      4.862109199166298e-05,
      4.86103817820549e-05,
      4.787091165781021e-05
    ],
    [
      2.2636260837316513e-05,
      1.739896833896637e-05,
      1.909630373120308e-05,
      1.9144266843795776e-05,
      1.831771805882454e-05,
      2.2902153432369232e-05,
      1.9202008843421936e-05,
      1.947302371263504e-05,
      1.8558930605649948e-05,
      1.8890947103500366e-05,
      1.8699094653129578e-05,
      1.9145198166370392e-05,
      1.8767546862363815e-05,
      1.7305836081504822e-05,
      1.7615966498851776e-05,
      1.7305836081504822e-05,
      1.743389293551445e-05,
      1.451093703508377e-05,
      1.7533078789711e-05,
      1.72322615981102e-05,
      1.7265789210796356e-05,
      1.7838086932897568e-05,
      1.8177088350057602e-05,
      1.7384998500347137e-05,
      1.7028767615556717e-05,
      1.8608756363391876e-05,
      1.7941929399967194e-05,
      1.7479993402957916e-05,
      1.745857298374176e-05,
      1.7840880900621414e-05,
      1.743575558066368e-05,
      1.7838086932897568e-05,
      1.775519922375679e-05,
      1.4322809875011444e-05,
      1.7334241420030594e-05,
      1.742970198392868e-05,
      1.772865653038025e-05,
      1.7181970179080963e-05,
      1.719500869512558e-05,
      1.7344020307064056e-05,
      1.7198733985424042e-05,
      1.8576160073280334e-05,
      1.6956590116024017e-05,
      1.766858622431755e-05,
      2.6159919798374176e-05,
      1.8295831978321075e-05,
      1.7937738448381424e-05,
      1.7032958567142487e-05,
      1.7220154404640198e-05,
      1.7366837710142136e-05,
      1.7309095710515976e-05,
      1.7547979950904846e-05,
      1.7466023564338684e-05,
      1.7657876014709473e-05,
      1.7527025192975998e-05,
      1.811794936656952e-05,
      1.819012686610222e-05,
      1.71000137925148e-05,
      1.7497222870588303e-05,
      1.7941929399967194e-05,
      1.696404069662094e-05,
      1.7514917999505997e-05,
      1.409091055393219e-05,
      1.781713217496872e-05,
      2.0075123757123947e-05,
      1.7049256712198257e-05,
      1.7350073903799057e-05,
      1.7298851162195206e-05,
      1.7873942852020264e-05,
      1.762108877301216e-05,
      1.717405393719673e-05,
      1.7037615180015564e-05,
      1.7073005437850952e-05,
      1.7585232853889465e-05,
      1.7432961612939835e-05,
      1.7574988305568695e-05,
      1.737801358103752e-05,
      1.7320271581411362e-05,
      1.737009733915329e-05,
      1.7724931240081787e-05,
      1.753261312842369e-05,
      1.750793308019638e-05,
      1.7067883163690567e-05,
      1.7627142369747162e-05,
      1.4709774404764175e-05,
      1.7645303159952164e-05,
      1.730211079120636e-05,
      1.787487417459488e-05,
      1.7256010323762894e-05,
      1.732679083943367e-05,
      1.701992005109787e-05,
      1.728534698486328e-05,
      1.6952864825725555e-05,
      1.7477665096521378e-05,
      1.7055310308933258e-05,
      1.7430167645215988e-05,
      1.7316080629825592e-05,
      1.751817762851715e-05,
      1.7039943486452103e-05,
      1.7690937966108322e-05
    ],
    [
      1.9442755728960037e-05,
      2.0407140254974365e-05,
      1.957640051841736e-05,
      1.9107945263385773e-05,
      1.9029714167118073e-05,
      2.3226719349622726e-05,
      1.9439030438661575e-05,
      1.9768252968788147e-05,
      1.8866267055273056e-05,
      1.902831718325615e-05,
      1.7943792045116425e-05,
      1.7988961189985275e-05,
      1.7659738659858704e-05,
      1.6896985471248627e-05,
      1.500127837061882e-05,
      1.7661135643720627e-05,
      1.7039012163877487e-05,
      1.7668120563030243e-05,
      1.7927028238773346e-05,
      1.750001683831215e-05,
      1.764204353094101e-05,
      1.7593614757061005e-05,
      1.8434599041938782e-05,
      1.7148908227682114e-05,
      1.7408747225999832e-05,
      1.825392246246338e-05,
      1.5115831047296524e-05,
      1.764576882123947e-05,
      1.7807818949222565e-05,
      1.7505604773759842e-05,
      1.7719343304634094e-05,
      1.8206890672445297e-05,
      1.745624467730522e-05,
      1.720292493700981e-05,
      1.767463982105255e-05,
      1.7184298485517502e-05,
      1.797359436750412e-05,
      1.73225998878479e-05,
      1.7415732145309448e-05,
      1.773657277226448e-05,
      1.7686281353235245e-05,
      1.8027611076831818e-05,
      1.7488375306129456e-05,
      1.7277896404266357e-05,
      2.281228080391884e-05,
      1.8543098121881485e-05,
      1.774076372385025e-05,
      1.747068017721176e-05,
      1.7461832612752914e-05,
      1.7389655113220215e-05,
      1.7344951629638672e-05,
      1.7715152353048325e-05,
      1.7571263015270233e-05,
      1.758197322487831e-05,
