{
  "mpi_implementation": "intelmpi",
  "operation": "gather",
  "num_ranks": 4,
  "tensor_shape": {
    "batch": 16,
    "seq_len": 4096,
    "hidden_dim": 4096
  },
  "num_elements": 268435456,
  "tensor_size_bytes": 536870912,
  "tensor_size_mb": 512.0,
  "dtype": "bfloat16",
  "dtype_note": "Generated as bf16, converted to fp32 for MPI, size reported as bf16",
  "warmup_iterations": 10,
  "measurement_iterations": 100,
  "timing_method": "time.perf_counter()",
  "timings": [
    [
      4.704949272796512,
      4.848882015328854,
      4.863650587387383,
      4.864839488640428,
      4.858896431047469,
      4.87418401800096,
      4.860981136094779,
      4.8719475460238755,
      4.85914739407599,
      4.864036851096898,
      4.877606898080558,
      4.8603913160040975,
      4.863149533048272,
      4.855267378967255,
      4.872314106673002,
      4.852715793997049,
      4.857582952827215,
      4.860796097666025,
      4.876066938973963,
      4.864968674257398,
      4.861964826006442,
      4.859262970741838,
      4.877667561173439,
      4.862151573877782,
      4.864756360184401,
      4.862967954017222,
      4.876516695134342,
      4.863252012990415,
      4.867929982952774,
      4.8554976671002805,
      4.874991902150214,
      4.86179829062894,
      4.862890447955579,
      4.858999178279191,
      4.856855509337038,
      4.869072420988232,
      4.858451734762639,
      4.859450838062912,
      4.857806307263672,
      4.871450691949576,
      4.858080140314996,
      4.860675312113017,
      4.8581935949623585,
      4.872745013330132,
      4.860707212705165,
      4.858814301900566,
      4.859832228161395,
      4.872446238063276,
      4.859701759181917,
      4.86078076902777,
      4.860944704152644,
      4.875772588886321,
      4.859466053079814,
      4.8595600333064795,
      4.858222361188382,
      4.873983917757869,
      4.860665210988373,
      4.858826968353242,
      4.858696238137782,
      4.872872949112207,
      4.861365364864469,
      4.861477739177644,
      4.85517068579793,
      4.870538162998855,
      4.863483177963644,
      4.860556266270578,
      4.8618598892353475,
      4.871183296665549,
      4.879162873141468,
      4.864408552180976,
      4.862564419861883,
      4.856638055294752,
      4.870524828787893,
      4.8609555079601705,
      4.8625728650949895,
      4.860409782733768,
      4.872710941825062,
      4.8596756351180375,
      4.861267973668873,
      4.858992785215378,
      4.871322341263294,
      4.856816146988422,
      4.862103209365159,
      4.858840631786734,
      4.8742428021505475,
      4.858410741202533,
      4.8592196251265705,
      4.858868559356779,
      4.875709320884198,
      4.857798715122044,
      4.859866531100124,
      4.858067562337965,
      4.871709960978478,
      4.855442496016622,
      4.860677926335484,
      4.857769743073732,
      4.870747256092727,
      4.857386847957969,
      4.862009478267282,
      4.889193361159414
    ],
    [
      2.497074471320957,
      2.4838896449655294,
      2.492302202153951,
      2.4970901049673557,
      2.494856181088835,
      2.5068120202049613,
      2.4918096801266074,
      2.5065211239270866,
      2.494498056359589,
      2.4984429688192904,
      2.5098178167827427,
      2.4938869359903038,
      2.4974410831928253,
      2.492247459013015,
      2.5070409448817372,
      2.491932562086731,
      2.495202664285898,
      2.4939292981289327,
      2.5096118240617216,
      2.495843659155071,
      2.4938922501169145,
      2.497423515189439,
      2.4988711909390986,
      2.494233979843557,
      2.49428616091609,
      2.4951260527595878,
      2.499923347029835,
      2.496951086912304,
      2.4969054530374706,
      2.4948508203960955,
      2.497190770227462,
      2.497094528749585,
      2.497044744435698,
      2.4983626333996654,
      2.490679670125246,
      2.506117207929492,
      2.4948551817797124,
      2.4975206339731812,
      2.496172884013504,
      2.508850928861648,
      2.493787250947207,
      2.501405742019415,
      2.495281600859016,
      2.507829561829567,
      2.493216420058161,
      2.499919543042779,
      2.4937459463253617,
      2.508200441021472,
      2.4944343180395663,
      2.4941690200939775,
      2.4935015561059117,
      2.501153952907771,
      2.493120977189392,
      2.4930584258399904,
      2.49671238893643,
      2.4951481260359287,
      2.493291263934225,
      2.4925654022954404,
      2.4952342896722257,
      2.495779111981392,
      2.4954168600961566,
      2.4934354908764362,
      2.495756195858121,
      2.4906381159089506,
      2.493842225987464,
      2.4933314798399806,
      2.4960130979306996,
      2.4948686081916094,
      2.5028198761865497,
      2.4956490588374436,
      2.4945757407695055,
      2.4903471651487052,
      2.5054014921188354,
      2.4941459731198847,
      2.4961391552351415,
      2.5019839331507683,
      2.5050311791710556,
      2.4927726234309375,
      2.4934518919326365,
      2.4918427420780063,
      2.5105130369774997,
      2.4924673489294946,
      2.4926291811279953,
      2.492471781093627,
      2.5063863988034427,
      2.4944617738947272,
      2.491002425085753,
      2.4922448922879994,
      2.4944934570230544,
      2.490012811962515,
      2.4913123729638755,
      2.4921855847351253,
      2.491860279813409,
      2.4912689039483666,
      2.489797481801361,
      2.490505452733487,
      2.4925048328004777,
      2.4932911740615964,
      2.492480217013508,
      2.4900794900022447
    ],
    [
      2.4979397570714355,
      2.4843671559356153,
      2.491413025651127,
      2.498759680893272,
      2.4932340891100466,
      2.5063261538743973,
      2.491777217015624,
      2.50562337692827,
      2.493225711863488,
      2.497539569158107,
      2.5109190051443875,
      2.493560492992401,
      2.49612757563591,
      2.4911699700169265,
      2.50590240303427,
      2.492079204879701,
      2.4942926480434835,
      2.4951254869811237,
      2.5079253339208663,
      2.4948210432194173,
      2.492811900097877,
      2.4953233199194074,
      2.496843873988837,
      2.4933308670297265,
      2.4938416657969356,
      2.4939994611777365,
      2.4979649358429015,
      2.494565105997026,
      2.4962634779512882,
      2.494179483037442,
      2.495675227139145,
      2.494668871629983,
      2.494952915702015,
      2.496422454714775,
      2.4901813520118594,
      2.504111039917916,
      2.4939106912352145,
      2.4962673890404403,
      2.495435297023505,
      2.5076201111078262,
      2.4928840082138777,
      2.4992660409770906,
      2.4936917750164866,
      2.5066354470327497,
      2.4928623023442924,
      2.4980566492304206,
      2.4933059471659362,
      2.506723139900714,
      2.4930021790787578,
      2.493815931957215,
      2.4931444078683853,
      2.499538124073297,
      2.492813179269433,
      2.491307314950973,
      2.4957549599930644,
      2.494336892850697,
      2.4920724807307124,
      2.4919122862629592,
      2.4934864710085094,
      2.4947673678398132,
      2.496207515709102,
      2.4926929171197116,
      2.4937154171057045,
      2.489127160049975,
      2.4943807278759778,
      2.4913934133946896,
      2.493919048923999,
      2.494110805913806,
      2.5019161417149007,
      2.49541278090328,
      2.4939574720337987,
      2.4895497038960457,
      2.505120189860463,
      2.4929317920468748,
      2.4953118921257555,
      2.4951008120551705,
      2.504108276218176,
      2.491900000721216,
      2.4933878779411316,
      2.4908571830019355,
      2.508464580401778,
      2.490439404733479,
      2.4924772437661886,
      2.4915046696551144,
      2.5056529911234975,
      2.492893697693944,
      2.4897025818936527,
      2.4920478211715817,
      2.495333722792566,
      2.489650959149003,
      2.4903251212090254,
      2.4919033967889845,
      2.4906325079500675,
      2.490431271959096,
