{
  "mpi_implementation": "intelmpi",
  "operation": "allgather",
  "num_ranks": 4,
  "tensor_shape": {
    "batch": 8,
    "seq_len": 2048,
    "hidden_dim": 4096
  },
  "num_elements": 67108864,
  "tensor_size_bytes": 134217728,
  "tensor_size_mb": 128.0,
  "dtype": "bfloat16",
  "dtype_note": "Generated as bf16, converted to fp32 for MPI, size reported as bf16",
  "warmup_iterations": 10,
  "measurement_iterations": 100,
  "timing_method": "time.perf_counter()",
  "timings": [
    [
      1.1762132099829614,
      1.248905261978507,
      1.246788796968758,
      1.2370347720570862,
      1.2485092049464583,
      1.24086432158947,
      1.2446757848374546,
      1.241320049855858,
      1.245489058084786,
      1.249971291050315,
      1.2529692011885345,
      1.2461283570155501,
      1.246576847974211,
      1.2414984898641706,
      1.2487691538408399,
      1.2436497444286942,
      1.2461404078640044,
      1.2424383549951017,
      1.242589124944061,
      1.2433852930553257,
      1.2393812472000718,
      1.244896912947297,
      1.2435411983169615,
      1.243490430060774,
      1.2406061133369803,
      1.2610362698324025,
      1.2414682917296886,
      1.247366826981306,
      1.243799502030015,
      1.2430724771693349,
      1.2414767132140696,
      1.2521328781731427,
      1.2397483373060822,
      1.2404431561008096,
      1.244828520808369,
      1.2445842139422894,
      1.2462756899185479,
      1.2516586240381002,
      1.2426515268161893,
      1.2428776919841766,
      1.2570330379530787,
      1.2625601789914072,
      1.242212348151952,
      1.2498644408769906,
      1.244468207936734,
      1.2416160721331835,
      1.2508374718017876,
      1.2542780921794474,
      1.2442186386324465,
      1.247151126153767,
      1.253314227797091,
      1.2415697439573705,
      1.246400199830532,
      1.2437149216420949,
      1.2460742932744324,
      1.2435893299989402,
      1.2459029909223318,
      1.2596828029491007,
      1.2424732916988432,
      1.2437843387015164,
      1.242471651174128,
      1.243662460707128,
      1.2436382710002363,
      1.2489444511011243,
      1.2456364152021706,
      1.2542119910940528,
      1.24772080918774,
      1.2451955922879279,
      1.248053998220712,
      1.240358647890389,
      1.246270195581019,
      1.2390320771373808,
      1.2423342480324209,
      1.2689012689515948,
      1.2445394909009337,
      1.244079644791782,
      1.2484702030196786,
      1.241155497264117,
      1.2457385789602995,
      1.245465219952166,
      1.24778245203197,
      1.2473021033219993,
      1.2458965773694217,
      1.2427485007792711,
      1.2451005792245269,
      1.2448241277597845,
      1.2518797782249749,
      1.244356150738895,
      1.245819163043052,
      1.257748597767204,
      1.2456441689282656,
      1.2438419042155147,
      1.2519091051071882,
      1.2391652730293572,
      1.2461103177629411,
      1.2429851298220456,
      1.2447590567171574,
      1.244397624861449,
      1.2466195081360638,
      1.2426569731906056
    ],
    [
      1.1803930681198835,
      1.251038298010826,
      1.2525289617478848,
      1.2425892599858344,
      1.2530922847799957,
      1.2463426399044693,
      1.248935584910214,
      1.2482791771180928,
      1.2470393399707973,
      1.254819751251489,
      1.2589886668138206,
      1.2505555041134357,
      1.251769040711224,
      1.2475796970538795,
      1.2532822359353304,
      1.2464084150269628,
      1.2503297296352684,
      1.2465063780546188,
      1.2471326980739832,
      1.2485748091712594,
      1.2457753540948033,
      1.2473148494027555,
      1.2485010861419141,
      1.2460230542346835,
      1.2486727181822062,
      1.2658002050593495,
      1.2463504481129348,
      1.2503916770219803,
      1.2498046420514584,
      1.2478730380535126,
      1.2487939498387277,
      1.253612311091274,
      1.2469628979451954,
      1.2439415948465466,
      1.2485036761499941,
      1.2515602461062372,
      1.2485540132038295,
      1.253651653882116,
      1.2480378770269454,
      1.2523024966940284,
      1.2617262033745646,
      1.264890638180077,
      1.250495531130582,
      1.2527513429522514,
      1.249714973848313,
      1.2458691392093897,
      1.2543417173437774,
      1.261274104937911,
      1.2480402458459139,
      1.2552734380587935,
      1.2541608768515289,
      1.247487329877913,
      1.250584077090025,
      1.2485146010294557,
      1.2509411629289389,
      1.2488460848107934,
      1.2486737351864576,
      1.265104582067579,
      1.2485372610390186,
      1.248152838088572,
      1.2475973688997328,
      1.2505448209121823,
      1.2484721108339727,
      1.2506829490885139,
      1.2542747799307108,
      1.2558532538823783,
      1.2516253208741546,
      1.2474982501007617,
      1.2505936059169471,
      1.2462778729386628,
      1.251394724007696,
      1.2455496056936681,
      1.2472411273047328,
      1.2696784972213209,
      1.2483754460699856,
      1.249364516697824,
      1.2520780833438039,
      1.246215692255646,
      1.2529276101849973,
      1.24915358889848,
      1.253836974967271,
      1.2504405342042446,
      1.250528800766915,
      1.2467554272152483,
      1.2526580658741295,
      1.2501747240312397,
      1.2533213603310287,
      1.2472671028226614,
      1.249363814946264,
      1.2623620722442865,
      1.2490364932455122,
      1.2479107836261392,
      1.2556941588409245,
      1.245754853822291,
      1.2529853540472686,
      1.2485652840696275,
      1.2523727850057185,
      1.2515689036808908,
      1.2509569739922881,
      1.2526397951878607
    ],
    [
      1.1765140569768846,
      1.2478472632355988,
      1.247418505139649,
      1.2409331281669438,
      1.2505784169770777,
      1.2431399109773338,
      1.2465216498821974,
      1.244606832973659,
      1.2435789266601205,
      1.2524152677506208,
      1.2534833177924156,
      1.2498954548500478,
      1.2516311379149556,
      1.2461303928866982,
      1.253229299094528,
      1.2432555141858757,
      1.2476290483027697,
      1.2437858101911843,
      1.2440250501967967,
      1.2455460908822715,
      1.243527022190392,
      1.247007053811103,
      1.2475773841142654,
      1.2459729691036046,
      1.2449029660783708,
      1.2634719549678266,
      1.2438560468144715,
      1.2497481079772115,
      1.2460192600265145,
      1.245180152822286,
      1.2471936950460076,
      1.2497795866802335,
      1.244534330908209,
      1.2429726999253035,
      1.2444400116801262,
      1.24932053219527,
      1.2482511987909675,
      1.251463287975639,
      1.2447342262603343,
      1.2478668647818267,
      1.2595593971200287,
      1.2645335826091468,
      1.244858117774129,
      1.251873825211078,
      1.2446488291025162,
      1.245625379960984,
      1.2531828158535063,
      1.2575146332383156,
      1.2460658033378422,
      1.2518912269733846,
      1.2534244670532644,
      1.2430761279538274,
      1.2483320301398635,
      1.2476633451879025,
      1.2473722989670932,
      1.2460031090304255,
      1.2448596628382802,
      1.2620713915675879,
      1.2467569499276578,
      1.2443836047314107,
      1.2458895216695964,
      1.2501437752507627,
      1.2477799686603248,
      1.2490298356860876,
      1.2484767488203943,
      1.2542652692645788,
      1.2496635760180652,
      1.2466056202538311,
      1.2485307739116251,
      1.243966521229595,
      1.2505605989135802,
      1.2424226319417357,
      1.2443313086405396,
      1.268954155035317,
      1.245435771998018,
      1.2484861686825752,
      1.249906366225332,
      1.2429244578815997,
      1.252160263247788,
      1.246028886642307,
      1.249863994307816,
      1.2494618627242744,
      1.246736747212708,
      1.2435455350205302,
      1.2501284079626203,
      1.2477932921610773,
      1.2518336800858378,
      1.2467184555716813,
      1.2479582130908966,
      1.2591174612753093,
