{
  "mpi_implementation": "intelmpi",
  "operation": "gather",
  "num_ranks": 4,
  "tensor_shape": {
    "batch": 16,
    "seq_len": 8192,
    "hidden_dim": 4096
  },
  "num_elements": 536870912,
  "tensor_size_bytes": 1073741824,
  "tensor_size_mb": 1024.0,
  "dtype": "bfloat16",
  "dtype_note": "Generated as bf16, converted to fp32 for MPI, size reported as bf16",
  "warmup_iterations": 10,
  "measurement_iterations": 100,
  "timing_method": "time.perf_counter()",
  "timings": [
    [
      9.299148112069815,
      9.629321987275034,
      9.608195431064814,
      9.635191324166954,
      9.609239118173718,
      9.639707401860505,
      9.615543936844915,
      9.64257469912991,
      9.624372210819274,
      9.659290930256248,
      9.623288193251938,
      9.64976031286642,
      9.629422322846949,
      9.652687995228916,
      9.631840453017503,
      9.653084100224078,
      9.625368553213775,
      9.631206125952303,
      9.645059428177774,
      9.654765591025352,
      9.65411054296419,
      9.64863455016166,
      9.644635985139757,
      9.648060519248247,
      9.644520053174347,
      9.65929515240714,
      9.650946472771466,
      9.651136256754398,
      9.648651560302824,
      9.654236314352602,
      9.660950019955635,
      9.657127081882209,
      9.66545449802652,
      9.655844886787236,
      9.670723820105195,
      9.66113286698237,
      9.658548910170794,
      9.646220942027867,
      9.66637430805713,
      9.667481349315494,
      9.660790975671262,
      9.653647863771766,
      9.64986532041803,
      9.651684147771448,
      9.669741614256054,
      9.665619869250804,
      9.655293292365968,
      9.667459074873477,
      9.653942621778697,
      9.665400294121355,
      9.641118691302836,
      9.656402480322868,
      9.643774359952658,
      9.65518881380558,
      9.644092868082225,
      9.661921963095665,
      9.644788704346865,
      9.65706438710913,
      9.65508274314925,
      9.68542836792767,
      9.664778633974493,
      9.676791882142425,
      9.66581003088504,
      9.683083943091333,
      9.663456876762211,
      9.670463657937944,
      9.670223484747112,
      9.67999644484371,
      9.661824397277087,
      9.674141972791404,
      9.656112706754357,
      9.667682447936386,
      9.66363362269476,
      9.65659701032564,
      9.664803728926927,
      9.663971944712102,
      9.67870080191642,
      9.660865304991603,
      9.683826901949942,
      9.669321697205305,
      9.679655198007822,
      9.66995214484632,
      9.680052847601473,
      9.670494353864342,
      9.681786678731441,
      9.670190097764134,
      9.673700872343034,
      9.658841319847852,
      9.670894730836153,
      9.66056353179738,
      9.672483701724559,
      9.671402423176914,
      9.671342205256224,
      9.665016838815063,
      9.666902906727046,
      9.657809692900628,
      9.668909139931202,
      9.66092813713476,
      9.673642782960087,
      9.741982521954924
    ],
    [
      4.9620690499432385,
      4.962172436993569,
      4.956598655320704,
      4.962065166793764,
      4.954457555897534,
      4.9605947230011225,
      4.955033434089273,
      4.951194698922336,
      4.959855476859957,
      4.958202792797238,
      4.955855070147663,
      4.955854895059019,
      4.956645022146404,
      4.957662037573755,
      4.9574901801534,
      4.954883084166795,
      4.957479660864919,
      4.953010604716837,
      4.975148138124496,
      4.956156461965293,
      4.9749222551472485,
      4.960214402992278,
      4.969717529602349,
      4.9555895500816405,
      4.9697982906363904,
      4.9648796818219125,
      4.976028769277036,
      4.960373709909618,
      4.965467636007816,
      4.960906072054058,
      4.975623773410916,
      4.956542807631195,
      4.959887563250959,
      4.955804311204702,
      4.956827547866851,
      4.959355335216969,
      4.959144081920385,
      4.958129278384149,
      4.96040661400184,
      4.967671089340001,
      4.962120309937745,
      4.966347640845925,
      4.959795102942735,
      4.953993106260896,
      4.965914280153811,
      4.9716367442160845,
      4.963411437347531,
      4.972238681744784,
      4.963303131982684,
      4.978231803048402,
      4.963067878969014,
      4.9707814157009125,
      4.96342645585537,
      4.972628558054566,
      4.958549933042377,
      4.972976780030876,
      4.959675199817866,
      4.967434136196971,
      4.961452481802553,
      4.980036501772702,
      4.967682395130396,
      4.957977802027017,
      4.963587796315551,
      4.963551583699882,
      4.967816921882331,
      4.957120936829597,
      4.971409494057298,
      4.962501978036016,
      4.961742839310318,
      4.96362937707454,
      4.958998792804778,
      4.956824108026922,
      4.970023679081351,
      4.961444890592247,
      4.973124390933663,
      4.9642902091145515,
      4.979469317011535,
      4.962636969983578,
      4.986301640979946,
      4.964159967843443,
      4.986416782718152,
      4.969431742094457,
      4.982275050599128,
      4.965765405911952,
      4.98055631108582,
      4.9683244177140296,
      4.97655034204945,
      4.9619873920455575,
      4.967095614410937,
      4.96074448293075,
      4.965850418899208,
      4.972508273087442,
      4.9660259718075395,
      4.962698868941516,
      4.963122831191868,
      4.960416140034795,
      4.962674161884934,
      4.9610254960134625,
      4.961940384935588,
      4.967447864357382
    ],
    [
      4.96285422006622,
      4.963938215281814,
      4.957444631960243,
      4.961631938349456,
      4.9535314668901265,
      4.9593223496340215,
      4.95381371723488,
      4.949012941215187,
      4.960178859066218,
      4.956901992671192,
      4.954884643666446,
      4.955197606701404,
      4.956122624222189,
      4.959016531705856,
      4.957464984152466,
      4.953630653209984,
      4.952983477152884,
      4.952802324667573,
      4.973711201921105,
      4.95705084502697,
      4.973872318863869,
      4.958440789952874,
      4.968869425822049,
      4.954138251952827,
      4.970385138876736,
      4.968646383844316,
      4.971978831104934,
      4.958447547629476,
      4.963704269845039,
      4.959359074942768,
      4.975610619876534,
      4.956270230002701,
      4.960612424183637,
      4.954624458681792,
      4.9579913429915905,
      4.958524101879448,
      4.958505691960454,
      4.958175858017057,
      4.958607164211571,
      4.966791158076376,
      4.961692475248128,
      4.965663332026452,
      4.958204125054181,
      4.953790108207613,
      4.964316206984222,
      4.969928198028356,
      4.964592517353594,
      4.970841337926686,
      4.962706346996129,
      4.976018782239407,
      4.962420759256929,
      4.969169299118221,
      4.962672417983413,
      4.971160274930298,
      4.9586548511870205,
      4.973646549973637,
      4.958726339973509,
      4.967175543773919,
      4.959493284113705,
      4.979104069061577,
      4.967636562883854,
      4.956933489069343,
      4.9623415768146515,
      4.963819770142436,
      4.966549886856228,
      4.957051353063434,
      4.970148792956024,
      4.96098841400817,
      4.961888342164457,
      4.961692878045142,
      4.958956149872392,
      4.9563472690060735,
      4.971043582074344,
      4.960983807221055,
      4.973161055706441,
      4.963000094052404,
      4.978924389928579,
      4.960973819252104,
      4.98422118416056,
      4.9638490518555045,
      4.984505783300847,
      4.9692430277355015,
      4.981393147725612,
      4.965209788177162,
      4.979972837027162,
      4.966914285905659,
      4.974943965207785,
      4.960072489921004,
      4.966768100857735,
      4.9608582821674645,
      4.964306752197444,
      4.97025712300092,
      4.965164228808135,
      4.961679731030017,
      4.961328453850001,
      4.960117364767939,
      4.960824259091169,
      4.960095038171858,
      4.961140105966479,
