{
  "mpi_implementation": "intelmpi",
  "operation": "allreduce",
  "num_ranks": 4,
  "tensor_shape": {
    "batch": 8,
    "seq_len": 8192,
    "hidden_dim": 2048
  },
  "num_elements": 134217728,
  "tensor_size_bytes": 268435456,
  "tensor_size_mb": 256.0,
  "dtype": "bfloat16",
  "dtype_note": "Generated as bf16, converted to fp32 for MPI, size reported as bf16",
  "warmup_iterations": 10,
  "measurement_iterations": 100,
  "timing_method": "time.perf_counter()",
  "timings": [
    [
      2.988555927760899,
      2.999964985065162,
      3.007330864202231,
      3.010135343298316,
      3.0126973730511963,
      3.011375319212675,
      3.0109810917638242,
      3.013130665756762,
      3.0175584950484335,
      3.0119963958859444,
      3.0159066040068865,
      3.017711909953505,
      3.0118310563266277,
      3.0276229372248054,
      3.016820063814521,
      3.0201957412064075,
      3.0149121950380504,
      3.015091281849891,
      3.0186090460047126,
      3.01754777925089,
      3.018249516841024,
      3.0129623152315617,
      3.0165339107625186,
      3.01482657995075,
      3.021567814052105,
      3.017421327996999,
      3.018683454953134,
      3.015478800982237,
      3.020258659031242,
      3.0155661259777844,
      3.0140960831195116,
      3.0173217388801277,
      3.0155211151577532,
      3.0164004852995276,
      3.017265202011913,
      3.0141351157799363,
      3.018350053112954,
      3.016965256072581,
      3.015669167973101,
      3.0184188741259277,
      3.0176414512097836,
      3.0198586909100413,
      3.0196730634197593,
      3.0156430983915925,
      3.016866978723556,
      3.0158806946128607,
      3.0219405880197883,
      3.014114523306489,
      3.0163771100342274,
      3.0167427826672792,
      3.017897976562381,
      3.019918550737202,
      3.0185041590593755,
      3.0199407399632037,
      3.016065593343228,
      3.0185456620529294,
      3.0165693438611925,
      3.0187521488405764,
      3.0242128088138998,
      3.0203831987455487,
      3.0160504118539393,
      3.0184940667822957,
      3.016925990115851,
      3.0180695708841085,
      3.0235032392665744,
      3.01690928125754,
      3.018698391970247,
      3.0233038840815425,
      3.0180030618794262,
      3.0164348110556602,
      3.0187774039804935,
      3.021692322101444,
      3.0172516871243715,
      3.0171123812906444,
      3.016173970885575,
      3.018687646370381,
      3.020013814792037,
      3.0207916698418558,
      3.0176865751855075,
      3.017597160767764,
      3.0149754812009633,
      3.01783326594159,
      3.017788963858038,
      3.014290740247816,
      3.0210707210935652,
      3.0188772440887988,
      3.017221825197339,
      3.019899435341358,
      3.019138090778142,
      3.0188579047098756,
      3.0205693263560534,
      3.021584355738014,
      3.0177489006891847,
      3.0185675942339003,
      3.017145595047623,
      3.0170358107425272,
      3.019549885764718,
      3.0182006848044693,
      3.015364778228104,
      3.0191143308766186
    ],
    [
      2.993102803826332,
      3.0073437518440187,
      3.011098777409643,
      3.013592998031527,
      3.0167285609059036,
      3.01597908930853,
      3.014691179152578,
      3.016915529035032,
      3.0216208649799228,
      3.0180546562187374,
      3.022833119146526,
      3.02413341216743,
      3.0184656158089638,
      3.03133744886145,
      3.0214901668950915,
      3.0243575870990753,
      3.0185406845994294,
      3.019898407161236,
      3.0227921078912914,
      3.0212664189748466,
      3.0186841539107263,
      3.018150201998651,
      3.0218694861978292,
      3.0210450468584895,
      3.0240007508546114,
      3.0208528037182987,
      3.0209325812757015,
      3.0195917887613177,
      3.0249043367803097,
      3.020128309261054,
      3.019440934062004,
      3.022687952965498,
      3.0212633782066405,
      3.0200659432448447,
      3.0203231130726635,
      3.019966225605458,
      3.0224146633408964,
      3.022674554027617,
      3.0259751360863447,
      3.0262947943992913,
      3.024697310756892,
      3.0265552066266537,
      3.024350211955607,
      3.0189713980071247,
      3.023494746070355,
      3.019453601911664,
      3.0251081800088286,
      3.0194393158890307,
      3.021851307246834,
      3.0202030949294567,
      3.020699847023934,
      3.024027403909713,
      3.022458506282419,
      3.026241207960993,
      3.0223178351297975,
      3.022140866611153,
      3.022552873007953,
      3.0245298207737505,
      3.027938995976001,
      3.025915008969605,
      3.0220526424236596,
      3.022944637108594,
      3.0236788378097117,
      3.0235874759964645,
      3.0272955750115216,
      3.0233254581689835,
      3.024471006821841,
      3.026721981819719,
      3.0221655359491706,
      3.0200212062336504,
      3.0234061777591705,
      3.026360428892076,
      3.0238976888358593,
      3.0222599073313177,
      3.022026210092008,
      3.0226411428302526,
      3.023627973161638,
      3.0248787733726203,
      3.0213100649416447,
      3.0214783316478133,
      3.020596672780812,
      3.023336516227573,
      3.0227053142152727,
      3.022453533951193,
      3.0247580651193857,
      3.0232382281683385,
      3.024406508076936,
      3.0258678891696036,
      3.0241311551071703,
      3.0222691232338548,
      3.024430362973362,
      3.025206161197275,
      3.0219711931422353,
      3.0245225857943296,
      3.020819177851081,
      3.023266538977623,
      3.0253328569233418,
      3.0212031668052077,
      3.0207165209576488,
      3.0272869942709804
    ],
    [
      2.9924813359975815,
      3.0067959749139845,
      3.009581299033016,
      3.0124079268425703,
      3.014964973088354,
      3.0159277762286365,
      3.0137933250516653,
      3.01647215988487,
      3.0219667768105865,
      3.0175578300841153,
      3.0207009511068463,
      3.0201226570643485,
      3.016726207919419,
      3.027884944807738,
      3.019494109787047,
      3.022347227204591,
      3.016482276841998,
      3.0163696142844856,
      3.0208238949999213,
      3.0193553431890905,
      3.0181052130647004,
      3.015025770291686,
      3.0171318538486958,
      3.017146598082036,
      3.0193461501039565,
      3.018298647366464,
      3.0164857204072177,
      3.0167999798431993,
      3.0207883487455547,
      3.018691055011004,
      3.0175614622421563,
      3.019896624609828,
      3.0192000758834183,
      3.0171260270290077,
      3.0176848703995347,
      3.016059179790318,
      3.0214246888644993,
      3.021443090867251,
      3.0243530520237982,
      3.022247273940593,
      3.021080361213535,
      3.0246331659145653,
      3.0223987959325314,
      3.0181096801534295,
      3.021641411818564,
      3.0187079068273306,
      3.024560939054936,
      3.017615512944758,
      3.019366128835827,
      3.019291025120765,
      3.0201007490977645,
      3.023474406916648,
      3.0213277800939977,
      3.024160894099623,
      3.018398125190288,
      3.0187505767680705,
      3.0188025101087987,
      3.0201262328773737,
      3.0265887528657913,
      3.0233732303604484,
      3.0201146751642227,
      3.0204528071917593,
      3.021319906692952,
      3.0228479229845107,
      3.0235776668414474,
      3.019253196194768,
      3.0200455710291862,
      3.024285278748721,
      3.018393810838461,
      3.016789402347058,
      3.019611750729382,
      3.0260558100417256,
      3.020227719563991,
      3.01804511109367,
      3.018990962766111,
      3.0187431718222797,
      3.0204221070744097,
      3.020642666146159,
      3.01772587466985,
      3.0202267421409488,
      3.018207940272987,
      3.020946596749127,
      3.019868514034897,
      3.020115255843848,
      3.0240075159817934,
      3.021474039182067,
      3.0200544730760157,
      3.0238136127591133,
      3.0224456912837923,
      3.021757301874459,
      3.022858213633299,
      3.024150798097253,
      3.0211792890913785,
