{
  "mpi_implementation": "intelmpi",
  "operation": "broadcast",
  "num_ranks": 4,
  "tensor_shape": {
    "batch": 16,
    "seq_len": 4096,
    "hidden_dim": 4096
  },
  "num_elements": 268435456,
  "tensor_size_bytes": 536870912,
  "tensor_size_mb": 512.0,
  "dtype": "bfloat16",
  "dtype_note": "Generated as bf16, converted to fp32 for MPI, size reported as bf16",
  "warmup_iterations": 10,
  "measurement_iterations": 100,
  "timing_method": "time.perf_counter()",
  "timings": [
    [
      0.26124641112983227,
      0.15388145577162504,
      0.15376432985067368,
      0.1539560412056744,
      0.15379818808287382,
      0.15379159897565842,
      0.1538181439973414,
      0.15382250724360347,
      0.1540443659760058,
      0.15443558990955353,
      0.15383116528391838,
      0.15417855931445956,
      0.15365302981808782,
      0.1537398281507194,
      0.15365961799398065,
      0.1536893672309816,
      0.15378728322684765,
      0.1536950576119125,
      0.15372204966843128,
      0.1536841243505478,
      0.1536863730289042,
      0.15364063531160355,
      0.15363002894446254,
      0.15370977111160755,
      0.1535435440018773,
      0.1535362950526178,
      0.15410697180777788,
      0.15358846029266715,
      0.15362933790311217,
      0.15372817404568195,
      0.15356988226994872,
      0.1558488761074841,
      0.15501662716269493,
      0.15976816695183516,
      0.16987097915261984,
      0.16400828678160906,
      0.1539757428690791,
      0.15376106463372707,
      0.15379247907549143,
      0.15404408192262053,
      0.15380045492202044,
      0.15364571381360292,
      0.153905073646456,
      0.15421831607818604,
      0.15378177631646395,
      0.15374288987368345,
      0.15364427864551544,
      0.1535969921387732,
      0.15365136787295341,
      0.15369740594178438,
      0.1535896509885788,
      0.15359294787049294,
      0.15365691808983684,
      0.15370547398924828,
      0.15364080062136054,
      0.15372885996475816,
      0.1536243432201445,
      0.1536119501106441,
      0.15354447392746806,
      0.15349422302097082,
      0.15399865992367268,
      0.15390049200505018,
      0.153637012001127,
      0.15357752703130245,
      0.15350127033889294,
      0.15355787193402648,
      0.15364211425185204,
      0.15367859229445457,
      0.15361372428014874,
      0.1537221991457045,
      0.15361347794532776,
      0.15352669032290578,
      0.15343855693936348,
      0.15361336478963494,
      0.15354102803394198,
      0.15408148197457194,
      0.15364224696531892,
      0.15358753083273768,
      0.15363648207858205,
      0.15347657864913344,
      0.15356707479804754,
      0.15369980176910758,
      0.15360672818496823,
      0.15361836226657033,
      0.15371408173814416,
      0.15355810802429914,
      0.15386170614510775,
      0.15383056923747063,
      0.15364107815548778,
      0.15341889020055532,
      0.15344158094376326,
      0.15421436913311481,
      0.15341245289891958,
      0.15360769210383296,
      0.1536048138514161,
      0.15347842825576663,
      0.15350829297676682,
      0.15360797522589564,
      0.153416121378541,
      0.15353103494271636
    ],
    [
      0.2612391780130565,
      0.15388128207996488,
      0.15376368397846818,
      0.15395558578893542,
      0.15379841485992074,
      0.1537913647480309,
      0.15381803875789046,
      0.15382202016189694,
      0.15404564840719104,
      0.15443454589694738,
      0.15383008820936084,
      0.15417814394459128,
      0.15365288080647588,
      0.15373966516926885,
      0.15365915885195136,
      0.1536893667653203,
      0.15378587506711483,
      0.15369602385908365,
      0.15372184431180358,
      0.15368355298414826,
      0.15368547523394227,
      0.15363955916836858,
      0.15362970298156142,
      0.1537090139463544,
      0.1535429861396551,
      0.15353542007505894,
      0.15410622209310532,
      0.15358745027333498,
      0.15362856863066554,
      0.15372685994952917,
      0.15357148041948676,
      0.15584821021184325,
      0.15501623693853617,
      0.15976714715361595,
      0.16987050604075193,
      0.1640079258941114,
      0.15397523110732436,
      0.1537604653276503,
      0.15379153192043304,
      0.15404272498562932,
      0.15380133595317602,
      0.15364514477550983,
      0.15390427084639668,
      0.15421949606388807,
      0.15378094790503383,
      0.15374263981357217,
      0.15364369098097086,
      0.1535963169299066,
      0.15365245006978512,
      0.15369666693732142,
      0.15358893992379308,
      0.15359249990433455,
      0.15365549502894282,
      0.15370501298457384,
      0.15364019386470318,
      0.1537288799881935,
      0.1536259832791984,
      0.1536109889857471,
      0.15354418894276023,
      0.153493233025074,
      0.15399763407185674,
      0.15390101727098227,
      0.15363678289577365,
      0.15357701107859612,
      0.1535005858168006,
      0.15355754317715764,
      0.1536415801383555,
      0.1536777736619115,
      0.15361303184181452,
      0.15372313233092427,
      0.15361237525939941,
      0.1535260509699583,
      0.15343780303373933,
      0.15361433802172542,
      0.1535408259369433,
      0.15408066799864173,
      0.15364223485812545,
      0.15358663722872734,
      0.1536362310871482,
      0.15347595233470201,
      0.1535660750232637,
      0.1536992690525949,
      0.15360796498134732,
      0.15361736016348004,
      0.15371343679726124,
      0.1535573210567236,
      0.15386088797822595,
      0.1538298991508782,
      0.15364010771736503,
      0.15341800171881914,
      0.15344005590304732,
      0.15421374328434467,
      0.15341122914105654,
      0.15360706206411123,
      0.15360413491725922,
      0.15347955422475934,
      0.15350690390914679,
      0.15360724413767457,
      0.1534151858650148,
      0.1535302959382534
    ],
    [
      0.2612394308671355,
      0.15388091700151563,
      0.153762964066118,
      0.1539552048780024,
      0.1537964679300785,
      0.15379105973988771,
      0.1538170948624611,
      0.15382130211219192,
      0.15404275199398398,
      0.15443451283499599,
      0.15382937993854284,
      0.1541776219382882,
      0.15365194994956255,
      0.15373889403417706,
      0.1536586033180356,
      0.15368853090330958,
      0.1537853879854083,
      0.15369451185688376,
      0.15372162545099854,
      0.15368375042453408,
      0.1536847585812211,
      0.15363961784169078,
      0.15362963918596506,
      0.15370912803336978,
      0.15354266297072172,
      0.15353512996807694,
      0.15410622209310532,
      0.15358726400882006,
      0.15362807316705585,
      0.153727063909173,
      0.15356980124488473,
      0.15584780182689428,
      0.1550152376294136,
      0.15976682538166642,
      0.16987027088180184,
      0.16400723299011588,
      0.15397498290985823,
      0.15376039315015078,
      0.1537911449559033,
      0.15404261136427522,
      0.15379925491288304,
      0.1536448858678341,
      0.15390330785885453,
      0.15421713097020984,
      0.15378107083961368,
      0.15374117717146873,
      0.15364308189600706,
      0.15359606919810176,
      0.15365060092881322,
      0.15369600243866444,
      0.15358910104259849,
      0.15359260886907578,
      0.1536558410152793,
      0.15370459016412497,
      0.1536398557946086,
      0.15372860291972756,
      0.1536232982762158,
      0.15361115988343954,
      0.15354369301348925,
      0.15349292708560824,
      0.1539974920451641,
      0.1539008836261928,
      0.15363717498257756,
      0.15357667114585638,
      0.1535006440244615,
      0.1535579520277679,
      0.15364180598407984,
      0.15367801766842604,
      0.15361369866877794,
      0.15372115140780807,
      0.15361239900812507,
      0.15352587401866913,
      0.15343803772702813,
      0.1536125773563981,
      0.15354023920372128,
      0.1540805879049003,
      0.15364179387688637,
      0.15358733339235187,
      0.15363629767671227,
