{
  "mpi_implementation": "intelmpi",
  "operation": "allreduce",
  "num_ranks": 4,
  "tensor_shape": {
    "batch": 8,
    "seq_len": 1,
    "hidden_dim": 2048
  },
  "num_elements": 16384,
  "tensor_size_bytes": 32768,
  "tensor_size_mb": 0.03125,
  "dtype": "bfloat16",
  "dtype_note": "Generated as bf16, converted to fp32 for MPI, size reported as bf16",
  "warmup_iterations": 10,
  "measurement_iterations": 100,
  "timing_method": "time.perf_counter()",
  "timings": [
    [
      8.832709863781929e-05,
      8.118106052279472e-05,
      8.362205699086189e-05,
      8.060922846198082e-05,
      8.516991510987282e-05,
      8.274614810943604e-05,
      6.690016016364098e-05,
      6.309989839792252e-05,
      6.564194336533546e-05,
      6.444007158279419e-05,
      6.634462624788284e-05,
      6.433110684156418e-05,
      6.648432463407516e-05,
      6.4085703343153e-05,
      6.530992686748505e-05,
      6.262306123971939e-05,
      6.36400654911995e-05,
      6.293179467320442e-05,
      6.52172602713108e-05,
      6.243493407964706e-05,
      6.538769230246544e-05,
      6.257602944970131e-05,
      6.438791751861572e-05,
      6.1775092035532e-05,
      6.382027640938759e-05,
      6.185099482536316e-05,
      6.632599979639053e-05,
      6.219837814569473e-05,
      6.452901288866997e-05,
      6.192084401845932e-05,
      6.502727046608925e-05,
      6.270594894886017e-05,
      6.432505324482918e-05,
      6.255600601434708e-05,
      6.514694541692734e-05,
      6.20521605014801e-05,
      6.493320688605309e-05,
      6.222212687134743e-05,
      6.53369352221489e-05,
      6.236229091882706e-05,
      6.516603752970695e-05,
      6.434693932533264e-05,
      6.537279114127159e-05,
      6.127916276454926e-05,
      6.422866135835648e-05,
      6.337184458971024e-05,
      6.435113027691841e-05,
      6.279768422245979e-05,
      6.50607980787754e-05,
      6.227008998394012e-05,
      6.546592339873314e-05,
      6.329314783215523e-05,
      6.445078179240227e-05,
      6.323913112282753e-05,
      6.589526310563087e-05,
      6.330711767077446e-05,
      6.630970165133476e-05,
      6.243586540222168e-05,
      6.472412496805191e-05,
      6.233202293515205e-05,
      6.520934402942657e-05,
      6.2502920627594e-05,
      6.502307951450348e-05,
      6.15343451499939e-05,
      6.488896906375885e-05,
      6.288290023803711e-05,
      6.558792665600777e-05,
      6.354227662086487e-05,
      6.515998393297195e-05,
      6.219185888767242e-05,
      6.544776260852814e-05,
      6.379419937729836e-05,
      6.459467113018036e-05,
      6.301281973719597e-05,
      6.414903327822685e-05,
      6.293412297964096e-05,
      6.428128108382225e-05,
      6.230408325791359e-05,
      6.41760416328907e-05,
      6.235111504793167e-05,
      6.455183029174805e-05,
      6.245588883757591e-05,
      6.505707278847694e-05,
      6.279628723859787e-05,
      6.43683597445488e-05,
      6.289500743150711e-05,
      6.539281457662582e-05,
      6.19860365986824e-05,
      6.471388041973114e-05,
      6.13359734416008e-05,
      6.400886923074722e-05,
      6.159720942378044e-05,
      6.511807441711426e-05,
      6.221001967787743e-05,
      6.511108949780464e-05,
      6.157997995615005e-05,
      6.516324356198311e-05,
      6.275530904531479e-05,
      6.547104567289352e-05,
      6.273575127124786e-05
    ],
    [
      9.428383782505989e-05,
      8.646398782730103e-05,
      8.989265188574791e-05,
      8.644396439194679e-05,
      9.011710062623024e-05,
      8.717970922589302e-05,
      6.824219599366188e-05,
      6.471201777458191e-05,
      6.777932867407799e-05,
      6.589805707335472e-05,
      6.836233660578728e-05,
      6.641494110226631e-05,
      6.805406883358955e-05,
      6.584823131561279e-05,
      6.727315485477448e-05,
      6.434507668018341e-05,
      6.525404751300812e-05,
      6.477301940321922e-05,
      6.687501445412636e-05,
      6.42118975520134e-05,
      6.728526204824448e-05,
      6.389664486050606e-05,
      6.615091115236282e-05,
      6.374390795826912e-05,
      6.55297189950943e-05,
      6.354972720146179e-05,
      6.793392822146416e-05,
      6.410805508494377e-05,
      6.640097126364708e-05,
      6.354507058858871e-05,
      6.654579192399979e-05,
      6.43385574221611e-05,
      6.60833902657032e-05,
      6.426870822906494e-05,
      6.68470747768879e-05,
      6.376206874847412e-05,
      6.658118218183517e-05,
      6.386591121554375e-05,
      6.712367758154869e-05,
      6.410013884305954e-05,
      6.694113835692406e-05,
      6.58063217997551e-05,
      6.721308454871178e-05,
      6.289081647992134e-05,
      6.59148208796978e-05,
      6.470875814557076e-05,
      6.660306826233864e-05,
      6.482517346739769e-05,
      6.671668961644173e-05,
      6.383704021573067e-05,
      6.703613325953484e-05,
      6.471388041973114e-05,
      6.66310079395771e-05,
      6.555020809173584e-05,
      6.795162335038185e-05,
      6.53369352221489e-05,
      6.83460384607315e-05,
      6.423937156796455e-05,
      6.667990237474442e-05,
      6.390223279595375e-05,
      6.708502769470215e-05,
      6.438698619604111e-05,
      6.67390413582325e-05,
      6.350595504045486e-05,
      6.623426452279091e-05,
      6.479397416114807e-05,
      6.683124229311943e-05,
      6.501004099845886e-05,
      6.721401587128639e-05,
      6.415415555238724e-05,
      6.716186180710793e-05,
      6.526708602905273e-05,
      6.678188219666481e-05,
      6.447499617934227e-05,
      6.563588976860046e-05,
      6.449921056628227e-05,
      6.597908213734627e-05,
      6.411410868167877e-05,
      6.591388955712318e-05,
      6.404798477888107e-05,
      6.681401282548904e-05,
      6.421701982617378e-05,
      6.691413000226021e-05,
      6.447872146964073e-05,
      6.597582250833511e-05,
      6.458023563027382e-05,
      6.736814975738525e-05,
      6.405403837561607e-05,
      6.681587547063828e-05,
      6.269523873925209e-05,
      6.570108234882355e-05,
      6.326008588075638e-05,
      6.712926551699638e-05,
      6.397208198904991e-05,
      6.732111796736717e-05,
      6.322609260678291e-05,
      6.656674668192863e-05,
      6.432086229324341e-05,
      6.737560033798218e-05,
      6.446428596973419e-05
    ],
    [
      9.443704038858414e-05,
      8.613476529717445e-05,
      8.858414366841316e-05,
      8.598016574978828e-05,
      9.103585034608841e-05,
      8.63722525537014e-05,
      6.832415238022804e-05,
      6.49518333375454e-05,
      6.764894351363182e-05,
      6.616581231355667e-05,
      6.828596815466881e-05,
      6.644194945693016e-05,
      6.862031295895576e-05,
      6.552925333380699e-05,
      6.737280637025833e-05,
      6.431667134165764e-05,
      6.513204425573349e-05,
      6.483308970928192e-05,
      6.722798570990562e-05,
      6.425008177757263e-05,
      6.705708801746368e-05,
      6.425194442272186e-05,
      6.636697798967361e-05,
      6.378209218382835e-05,
      6.580399349331856e-05,
      6.376905366778374e-05,
      6.801402196288109e-05,
      6.405683234333992e-05,
      6.655510514974594e-05,
      6.367173045873642e-05,
      6.614672020077705e-05,
      6.419327110052109e-05,
      6.617791950702667e-05,
      6.419001147150993e-05,
      6.700633093714714e-05,
      6.407592445611954e-05,
      6.695371121168137e-05,
      6.41397200524807e-05,
      6.696907803416252e-05,
      6.449641659855843e-05,
      6.656721234321594e-05,
      6.576301530003548e-05,
      6.711483001708984e-05,
      6.294576451182365e-05,
      6.59208744764328e-05,
      6.480887532234192e-05,
      6.6359993070364e-05,
      6.503192707896233e-05,
      6.662076339125633e-05,
      6.431294605135918e-05,
      6.750877946615219e-05,
      6.488105282187462e-05,
      6.642425432801247e-05,
      6.51930458843708e-05,
      6.769225001335144e-05,
      6.499793380498886e-05,
      6.864499300718307e-05,
      6.422586739063263e-05,
      6.656581535935402e-05,
