{
  "mpi_implementation": "intelmpi",
  "operation": "reduce",
  "num_ranks": 4,
  "tensor_shape": {
    "batch": 8,
    "seq_len": 1,
    "hidden_dim": 2048
  },
  "num_elements": 16384,
  "tensor_size_bytes": 32768,
  "tensor_size_mb": 0.03125,
  "dtype": "bfloat16",
  "dtype_note": "Generated as bf16, converted to fp32 for MPI, size reported as bf16",
  "warmup_iterations": 10,
  "measurement_iterations": 100,
  "timing_method": "time.perf_counter()",
  "timings": [
    [
      5.792221054434776e-05,
      5.668029189109802e-05,
      5.7373661547899246e-05,
      5.7680997997522354e-05,
      5.657318979501724e-05,
      5.677388980984688e-05,
      5.6173186749219894e-05,
      5.77978789806366e-05,
      5.778111517429352e-05,
      5.617225542664528e-05,
      5.660485476255417e-05,
      5.698809400200844e-05,
      5.571916699409485e-05,
      5.679018795490265e-05,
      5.8741308748722076e-05,
      5.497317761182785e-05,
      5.647120997309685e-05,
      5.674315616488457e-05,
      5.504302680492401e-05,
      5.708402022719383e-05,
      5.5631157010793686e-05,
      5.580810829997063e-05,
      5.5972952395677567e-05,
      5.657132714986801e-05,
      5.5726151913404465e-05,
      5.6912191212177277e-05,
      5.555618554353714e-05,
      5.669891834259033e-05,
      5.4958276450634e-05,
      5.5989716202020645e-05,
      5.6214164942502975e-05,
      5.658809095621109e-05,
      5.8535952121019363e-05,
      5.537504330277443e-05,
      5.545979365706444e-05,
      5.6055840104818344e-05,
      5.674688145518303e-05,
      5.664117634296417e-05,
      5.559902638196945e-05,
      5.770707502961159e-05,
      5.6663062423467636e-05,
      5.674874410033226e-05,
      5.6280288845300674e-05,
      5.642883479595184e-05,
      5.633290857076645e-05,
      5.7033728808164597e-05,
      5.662580952048302e-05,
      5.6202057749032974e-05,
      5.753990262746811e-05,
      5.782395601272583e-05,
      5.546491593122482e-05,
      5.6148041039705276e-05,
      5.590217188000679e-05,
      5.657924339175224e-05,
      5.5667944252491e-05,
      5.554966628551483e-05,
      5.571870133280754e-05,
      5.687400698661804e-05,
      5.641300231218338e-05,
      5.552312359213829e-05,
      5.5375974625349045e-05,
      5.6162942200899124e-05,
      5.65466471016407e-05,
      5.673198029398918e-05,
      5.601905286312103e-05,
      5.6247226893901825e-05,
      5.4684001952409744e-05,
      5.8970414102077484e-05,
      5.6312885135412216e-05,
      5.541881546378136e-05,
      5.536526441574097e-05,
      5.621276795864105e-05,
      5.6037213653326035e-05,
      5.649123340845108e-05,
      5.597667768597603e-05,
      5.6323129683732986e-05,
      5.6128017604351044e-05,
      5.606096237897873e-05,
      5.543837323784828e-05,
      5.545793101191521e-05,
      5.597388371825218e-05,
      5.443301051855087e-05,
      5.477713420987129e-05,
      5.591521039605141e-05,
      6.171083077788353e-05,
      5.6311022490262985e-05,
      5.6134071201086044e-05,
      5.469284951686859e-05,
      5.5194366723299026e-05,
      5.614291876554489e-05,
      5.443301051855087e-05,
      5.594594404101372e-05,
      5.5783893913030624e-05,
      5.59268519282341e-05,
      5.5386219173669815e-05,
      5.5519863963127136e-05,
      5.5773183703422546e-05,
      5.65466471016407e-05,
      5.650194361805916e-05,
      5.552312359213829e-05
    ],
    [
      4.946300759911537e-05,
      4.6694185584783554e-05,
      4.77922149002552e-05,
      4.7111883759498596e-05,
      4.850700497627258e-05,
      4.723621532320976e-05,
      4.623597487807274e-05,
      4.607299342751503e-05,
      4.701782017946243e-05,
      4.775309935212135e-05,
      4.635099321603775e-05,
      4.733586683869362e-05,
      4.651118069887161e-05,
      4.663504660129547e-05,
      4.932563751935959e-05,
      4.592910408973694e-05,
      4.475237801671028e-05,
      4.508486017584801e-05,
      4.574796184897423e-05,
      4.6691857278347015e-05,
      4.654191434383392e-05,
      4.5971013605594635e-05,
      4.5795924961566925e-05,
      4.5800115913152695e-05,
      4.584295675158501e-05,
      4.6552158892154694e-05,
      4.582200199365616e-05,
      4.60050068795681e-05,
      4.653399810194969e-05,
      4.541361704468727e-05,
      4.4659245759248734e-05,
      4.563992843031883e-05,
      4.880223423242569e-05,
      4.597986117005348e-05,
      4.550302401185036e-05,
      4.632212221622467e-05,
      4.6611763536930084e-05,
      4.614563658833504e-05,
      4.4872984290122986e-05,
      4.6137720346450806e-05,
      4.620617255568504e-05,
      4.6173110604286194e-05,
      4.723109304904938e-05,
      4.5768916606903076e-05,
      4.648696631193161e-05,
      4.612701013684273e-05,
      4.671607166528702e-05,
      4.660896956920624e-05,
      4.6737026423215866e-05,
      4.795799031853676e-05,
      4.530604928731918e-05,
      4.4489745050668716e-05,
      4.5416876673698425e-05,
      4.588114097714424e-05,
      4.5869965106248856e-05,
      4.6073924750089645e-05,
      4.6078115701675415e-05,
      4.71542589366436e-05,
      4.614517092704773e-05,
      4.566507413983345e-05,
      4.574283957481384e-05,
      4.597008228302002e-05,
      4.623504355549812e-05,
      4.581594839692116e-05,
      4.5653898268938065e-05,
      4.598824307322502e-05,
      4.566507413983345e-05,
      4.8129819333553314e-05,
      4.720594733953476e-05,
      4.5534223318099976e-05,
      4.59570437669754e-05,
      4.54452820122242e-05,
      4.570698365569115e-05,
      4.741968587040901e-05,
      4.4640153646469116e-05,
      4.607904702425003e-05,
      4.589231684803963e-05,
      4.6011991798877716e-05,
      4.585320129990578e-05,
      4.5313965529203415e-05,
      4.5744236558675766e-05,
      4.5715365558862686e-05,
      4.575401544570923e-05,
      4.53009270131588e-05,
      4.7268811613321304e-05,
      4.496099427342415e-05,
      4.606228321790695e-05,
      4.549790173768997e-05,
      4.3744686990976334e-05,
      4.594167694449425e-05,
      4.5886728912591934e-05,
      4.5930035412311554e-05,
      4.600081592798233e-05,
      4.5954249799251556e-05,
      4.539173096418381e-05,
      4.528230056166649e-05,
      4.595378413796425e-05,
      4.660198464989662e-05,
      4.647811874747276e-05,
      4.4794753193855286e-05
    ],
    [
      4.657404497265816e-05,
      4.37726266682148e-05,
      4.500383511185646e-05,
      4.513608291745186e-05,
      4.41218726336956e-05,
      4.4436194002628326e-05,
      4.3806154280900955e-05,
      4.525715485215187e-05,
      4.5449938625097275e-05,
      4.366924986243248e-05,
      4.4065993279218674e-05,
      4.3954700231552124e-05,
      4.3544918298721313e-05,
      4.3999869376420975e-05,
      4.6551693230867386e-05,
      4.246411845088005e-05,
      4.4018030166625977e-05,
      4.395283758640289e-05,
      4.2840372771024704e-05,
      4.440406337380409e-05,
      4.352722316980362e-05,
      4.302617162466049e-05,
      4.2838044464588165e-05,
      4.3954700231552124e-05,
      4.3585896492004395e-05,
      4.451395943760872e-05,
      4.3670181185007095e-05,
      4.412373527884483e-05,
      4.2765866965055466e-05,
      4.3122097849845886e-05,
      4.395609721541405e-05,
      4.403525963425636e-05,
      4.645390436053276e-05,
      4.2621977627277374e-05,
      4.338100552558899e-05,
      4.364876076579094e-05,
      4.4360291212797165e-05,
      4.409905523061752e-05,
      4.3425243347883224e-05,
      4.5177992433309555e-05,
      4.415912553668022e-05,
      4.437100142240524e-05,
      4.423828795552254e-05,
      4.4038984924554825e-05,
      4.414515569806099e-05,
      4.438403993844986e-05,
      4.4253189116716385e-05,
      4.392815753817558e-05,
      4.4811051338911057e-05,
      4.483480006456375e-05,
      4.286598414182663e-05,
      4.357798025012016e-05,
      4.34177927672863e-05,
      4.39230352640152e-05,
      4.357285797595978e-05,
      4.3114181607961655e-05,
