{
  "mpi_implementation": "intelmpi",
  "operation": "gather",
  "num_ranks": 4,
  "tensor_shape": {
    "batch": 32,
    "seq_len": 4096,
    "hidden_dim": 4096
  },
  "num_elements": 536870912,
  "tensor_size_bytes": 1073741824,
  "tensor_size_mb": 1024.0,
  "dtype": "bfloat16",
  "dtype_note": "Generated as bf16, converted to fp32 for MPI, size reported as bf16",
  "warmup_iterations": 10,
  "measurement_iterations": 100,
  "timing_method": "time.perf_counter()",
  "timings": [
    [
      9.314099804963917,
      9.624412318691611,
      9.62695839907974,
      9.636794358957559,
      9.6395676699467,
      9.639341447036713,
      9.653516083024442,
      9.634805229958147,
      9.633549605030566,
      9.642318242695183,
      9.641380829270929,
      9.636172884143889,
      9.638231846969575,
      9.64388052513823,
      9.639914686791599,
      9.646385103929788,
      9.642635587137192,
      9.646949623245746,
      9.64366333000362,
      9.646586623042822,
      9.64804632589221,
      9.652192614041269,
      9.654194702394307,
      9.646658264100552,
      9.63480057893321,
      9.666986329946667,
      9.637008782010525,
      9.671596681233495,
      9.636600004974753,
      9.67818086175248,
      9.652897227089852,
      9.679341076873243,
      9.653010495007038,
      9.682128823827952,
      9.65145018370822,
      9.668381311930716,
      9.645479604136199,
      9.685032058972865,
      9.648207796737552,
      9.677808011882007,
      9.644932823255658,
      9.675581159070134,
      9.648881155066192,
      9.673666637856513,
      9.64786263788119,
      9.671890147961676,
      9.654344123322517,
      9.671079406049103,
      9.650601809844375,
      9.691697672009468,
      9.647970033343881,
      9.670429380144924,
      9.661321073770523,
      9.669833006802946,
      9.664432391989976,
      9.667428988032043,
      9.676991878077388,
      9.678524557035416,
      9.680727462284267,
      9.677106176968664,
      9.674424652010202,
      9.671427516266704,
      9.66132495412603,
      9.666965743992478,
      9.665027115959674,
      9.66949850320816,
      9.665299018844962,
      9.665358406957239,
      9.67370288260281,
      9.661992494016886,
      9.659975745715201,
      9.659685137216002,
      9.653380973730236,
      9.662177386227995,
      9.653154635801911,
      9.671259426977485,
      9.653964668978006,
      9.651120240800083,
      9.651028257329017,
      9.658947126939893,
      9.648478372953832,
      9.684598261024803,
      9.659697058144957,
      9.672094471752644,
      9.638977598864585,
      9.684758817777038,
      9.657568808179349,
      9.678720050025731,
      9.642583819571882,
      9.661732310894877,
      9.645782232750207,
      9.664344812743366,
      9.637608526274562,
      9.665660412982106,
      9.65804926585406,
      9.688677662052214,
      9.65944227622822,
      9.687460131943226,
      9.658999909181148,
      9.751850652974099
    ],
    [
      4.982157563790679,
      4.952795352786779,
      4.9722857447341084,
      4.9683355409651995,
      4.972868782933801,
      4.962452252861112,
      4.986201148014516,
      4.955431211274117,
      4.9679129482246935,
      4.9529892220161855,
      4.952371163293719,
      4.954824958927929,
      4.948895787354559,
      4.952615392860025,
      4.951987580861896,
      4.960192988160998,
      4.953797687776387,
      4.9553798087872565,
      4.953953701071441,
      4.950829185079783,
      4.957062005996704,
      4.957850757054985,
      4.95349202118814,
      4.956178764346987,
      4.95694605819881,
      4.9719759109430015,
      4.957443682011217,
      4.9721098630689085,
      4.958058513700962,
      4.977663150057197,
      4.965462432708591,
      4.975259252358228,
      4.963562211021781,
      4.9763827892020345,
      4.9640340632759035,
      4.971097865141928,
      4.960604624822736,
      4.9828627849929035,
      4.956348986830562,
      4.955074576195329,
      4.958310403861105,
      4.957579670008272,
      4.962448535952717,
      4.957476162351668,
      4.958380857016891,
      4.952916498295963,
      4.957897890359163,
      4.955670999828726,
      4.9568961267359555,
      4.960396252106875,
      4.958654695656151,
      4.9581720950081944,
      4.971556378994137,
      4.963720244821161,
      4.973877249285579,
      4.961206145118922,
      4.982454795856029,
      4.966357763856649,
      4.978359175845981,
      4.964835986029357,
      4.980604687705636,
      4.965026474092156,
      4.973466674797237,
      4.957783575169742,
      4.973592150956392,
      4.964094604831189,
      4.9695621258579195,
      4.957183578051627,
      4.9750778139568865,
      4.952846808824688,
      4.957048242911696,
      4.958886518608779,
      4.954036305192858,
      4.9571177158504725,
      4.951940757222474,
      4.9578309608623385,
      4.9572624689899385,
      4.953819700051099,
      4.957755968905985,
      4.958484489005059,
      4.964793746825308,
      4.981159940827638,
      4.9658238077536225,
      4.972835590131581,
      4.958008000161499,
      4.978431678842753,
      4.96272314991802,
      4.980851237196475,
      4.960861842148006,
      4.968405755236745,
      4.959741038270295,
      4.9742773259058595,
      4.956444713752717,
      4.970618833322078,
      4.9642084101215005,
      4.9620084022171795,
      4.9614866827614605,
      4.964666298124939,
      4.961013134103268,
      4.97554666409269
    ],
    [
      4.980518262833357,
      4.950824751984328,
      4.972424669191241,
      4.959913574159145,
      4.971702240873128,
      4.960630846209824,
      4.985451547894627,
      4.95471138227731,
      4.9719733679667115,
      4.951405924744904,
      4.9523614421486855,
      4.954255077987909,
      4.947512494400144,
      4.951173228677362,
      4.950229323934764,
      4.95869194669649,
      4.953682736027986,
      4.955411202739924,
      4.953293325379491,
      4.950562268961221,
      4.956913779955357,
      4.954749458935112,
      4.95216982299462,
      4.956171896774322,
      4.955261692870408,
      4.971210590098053,
      4.955746286083013,
      4.9720571506768465,
      4.957072174176574,
      4.97583833662793,
      4.963992139324546,
      4.973270732909441,
      4.962371825240552,
      4.976886048913002,
      4.962306329980493,
      4.969794923905283,
      4.958267210051417,
      4.984633489977568,
      4.954360273201019,
      4.953905440866947,
      4.957124511711299,
      4.956716162152588,
      4.961609801277518,
      4.955721119884402,
      4.956385381054133,
      4.953746667131782,
      4.956224491819739,
      4.955747134052217,
      4.957367570139468,
      4.962220611050725,
      4.956939401105046,
      4.958654358051717,
      4.969779922161251,
      4.963668535929173,
      4.974384470842779,
      4.961733486969024,
      4.982942892238498,
      4.965691342018545,
      4.980059818830341,
      4.9659765139222145,
      4.980271960143,
      4.966010579839349,
      4.974335530307144,
      4.956757298205048,
      4.971717004198581,
      4.96373349102214,
      4.96603116998449,
      4.957435945048928,
      4.97644252423197,
      4.952941588126123,
      4.95739122107625,
      4.955613671801984,
      4.954458416905254,
      4.95708866789937,
      4.953290339093655,
      4.95807246491313,
      4.957561652176082,
      4.953754867892712,
      4.9580820659175515,
      4.959929896984249,
      4.964245215058327,
      4.981167696882039,
      4.965873881708831,
      4.971502464730293,
      4.957048173062503,
      4.979234590195119,
      4.962677023373544,
      4.980421824846417,
      4.958351546898484,
      4.968246990349144,
      4.958001001738012,
      4.9743559141643345,
      4.9556936621665955,
      4.972050108015537,
      4.96246452908963,
      4.961020617745817,
      4.960568876005709,
      4.964615282602608,
      4.961569243110716,
