{
  "mpi_implementation": "intelmpi",
  "operation": "reduce",
  "num_ranks": 4,
  "tensor_shape": {
    "batch": 32,
    "seq_len": 8192,
    "hidden_dim": 4096
  },
  "num_elements": 1073741824,
  "tensor_size_bytes": 2147483648,
  "tensor_size_mb": 2048.0,
  "dtype": "bfloat16",
  "dtype_note": "Generated as bf16, converted to fp32 for MPI, size reported as bf16",
  "warmup_iterations": 10,
  "measurement_iterations": 100,
  "timing_method": "time.perf_counter()",
  "timings": [
    [
      19.51832048315555,
      19.525067575275898,
      19.512337924912572,
      19.52787146391347,
      19.533635253086686,
      19.522620030213147,
      19.54276291001588,
      19.53693182906136,
      19.53745697811246,
      19.531666785944253,
      19.523016212973744,
      19.552435412071645,
      19.545812024269253,
      19.547987875994295,
      19.550889898091555,
      19.54421892296523,
      19.538150427863002,
      19.548508082982153,
      19.54571328125894,
      19.546860699076205,
      19.546923579182476,
      19.54943296685815,
      19.546584312804043,
      19.56033816188574,
      19.53565063001588,
      19.54392326110974,
      19.5505650350824,
      19.566183316987008,
      19.553836366161704,
      19.565791015978903,
      19.564178396947682,
      19.562045821920037,
      19.586981222964823,
      19.5677632978186,
      19.570632766000926,
      19.546316938009113,
      19.568396265152842,
      19.558359189890325,
      19.563864467199892,
      19.562632899731398,
      19.577108581084758,
      19.575636938679963,
      19.58119855960831,
      19.572290847077966,
      19.5810355017893,
      19.563689318019897,
      19.563761612866074,
      19.541526779998094,
      19.543401848059148,
      19.534061319194734,
      19.53660521423444,
      19.54341856110841,
      19.554623301140964,
      19.545134810265154,
      19.548567567951977,
      19.552534465678036,
      19.545064653735608,
      19.551322394050658,
      19.549959596712142,
      19.547919338103384,
      19.548651658929884,
      19.554309849161655,
      19.558207337744534,
      19.552343962714076,
      19.553123799152672,
      19.546751115005463,
      19.541607284918427,
      19.536456708796322,
      19.531828301027417,
      19.55072562303394,
      19.548740334808826,
      19.564086155965924,
      19.563950654119253,
      19.569640521891415,
      19.55604301672429,
      19.557321724947542,
      19.554534940049052,
      19.565935275051743,
      19.570259984117,
      19.56567029003054,
      19.57421526964754,
      19.56747106090188,
      19.556474802084267,
      19.552664420567453,
      19.56348367827013,
      19.553017686121166,
      19.54488715203479,
      19.551359196193516,
      19.558477389626205,
      19.560728068929166,
      19.562429461162537,
      19.55107525596395,
      19.548894993960857,
      19.55976430187002,
      19.54313363879919,
      19.551261299755424,
      19.556579845026135,
      19.567282299976796,
      19.568720983806998,
      19.63952463399619
    ],
    [
      16.24546064483002,
      16.234822171740234,
      16.243371225893497,
      16.238592244219035,
      16.241463979706168,
      16.236465327907354,
      16.241131756920367,
      16.24227325571701,
      16.239071757998317,
      16.232407396193594,
      16.2466575386934,
      16.26413423102349,
      16.253229269757867,
      16.24644260481,
      16.253045863006264,
      16.240416573826224,
      16.254623665008694,
      16.23944412264973,
      16.238546282052994,
      16.245194520801306,
      16.230376491788775,
      16.235136915929615,
      16.23295898642391,
      16.233920054975897,
      16.226373069919646,
      16.250606978312135,
      16.24512591212988,
      16.25688514811918,
      16.2593559268862,
      16.264534124173224,
      16.269463079981506,
      16.26472403295338,
      16.271234577987343,
      16.263162560760975,
      16.262858622707427,
      16.251256332267076,
      16.26141722826287,
      16.260616261977702,
      16.265272168908268,
      16.26661866903305,
      16.26461824402213,
      16.2666973923333,
      16.28010689886287,
      16.265985222067684,
      16.264140172861516,
      16.267589128110558,
      16.26778997015208,
      16.244860509876162,
      16.240566949825734,
      16.24073936510831,
      16.23250861885026,
      16.242846781853586,
      16.25519507424906,
      16.24774313904345,
      16.25654527777806,
      16.258154422976077,
      16.238095516338944,
      16.2474842001684,
      16.25178340030834,
      16.246510533615947,
      16.254633985925466,
      16.244580982252955,
      16.240175772923976,
      16.237296786159277,
      16.24374165618792,
      16.239620571024716,
      16.232782624661922,
      16.2371905897744,
      16.234946493059397,
      16.24701733654365,
      16.244836109690368,
      16.260361009277403,
      16.26211493462324,
      16.264958843123168,
      16.254963552113622,
      16.250171849038452,
      16.258069010917097,
      16.266688118688762,
      16.25549689726904,
      16.260202300734818,
      16.279550368897617,
      16.264639555010945,
      16.26039230916649,
      16.245196477044374,
      16.250116744078696,
      16.255047307815403,
      16.255947737023234,
      16.252296241931617,
      16.26790988072753,
      16.264509675092995,
      16.260694914963096,
      16.259737108834088,
      16.258489426225424,
      16.25891215307638,
      16.241689175833017,
      16.251934306230396,
      16.246114526875317,
      16.260589495766908,
      16.25709332805127,
      16.278783899731934
    ],
    [
      16.20678070606664,
      16.201581689994782,
      16.202632477972656,
      16.198264115024358,
      16.201922569889575,
      16.1894601280801,
      16.212193455081433,
      16.212423752993345,
      16.204391436185688,
      16.203793400898576,
      16.197968256194144,
      16.21350281732157,
      16.217928630299866,
      16.21650413889438,
      16.217512528877705,
      16.209303295239806,
      16.209366289898753,
      16.216529712080956,
      16.215161509811878,
      16.215285170823336,
      16.201666465960443,
      16.197464731987566,
      16.199624580331147,
      16.208032082300633,
      16.198465259280056,
      16.21005203295499,
      16.20265177777037,
      16.228211899288,
      16.22169290203601,
      16.225826784968376,
      16.224673384800553,
      16.226231840904802,
      16.24119575507939,
      16.229742884170264,
      16.23808460542932,
      16.2147929337807,
      16.23005345184356,
      16.220774879213423,
      16.22358789667487,
      16.22260504309088,
      16.234230928122997,
      16.23167807701975,
      16.240077439695597,
      16.227249608375132,
      16.230535502079874,
      16.230243942700326,
      16.2274364461191,
      16.204475733917207,
      16.201433427166194,
      16.20169556234032,
      16.19591553788632,
      16.20951335784048,
      16.22167052794248,
      16.207060979679227,
      16.21761574689299,
      16.219334754161537,
      16.208825282752514,
      16.219178672879934,
      16.218368836212903,
      16.21517018182203,
      16.212266445159912,
      16.207450330257416,
      16.20389576908201,
      16.200576570816338,
      16.206436151172966,
      16.206138818059117,
      16.20489045791328,
      16.198761399835348,
      16.19648196035996,
      16.21759241167456,
      16.225892731919885,
      16.22867770306766,
      16.22669441998005,
      16.23049436090514,
      16.2198045742698,
      16.215392236132175,
      16.219764726702124,
      16.227655353024602,
      16.23092067008838,
      16.23234058637172,
      16.233401687815785,
      16.231326901819557,
      16.219281258061528,
      16.21189237711951,
      16.22429067082703,
      16.217625417746603,
      16.211700981948525,
      16.21345189632848,
      16.22541078319773,
      16.229462942574173,
      16.225345885846764,
      16.21529276110232,
