{
  "mpi_implementation": "intelmpi",
  "operation": "allgather",
  "num_ranks": 4,
  "tensor_shape": {
    "batch": 1,
    "seq_len": 4096,
    "hidden_dim": 2048
  },
  "num_elements": 8388608,
  "tensor_size_bytes": 16777216,
  "tensor_size_mb": 16.0,
  "dtype": "bfloat16",
  "dtype_note": "Generated as bf16, converted to fp32 for MPI, size reported as bf16",
  "warmup_iterations": 10,
  "measurement_iterations": 100,
  "timing_method": "time.perf_counter()",
  "timings": [
    [
      0.133829141035676,
      0.1426914231851697,
      0.14185212785378098,
      0.14180772379040718,
      0.1541674630716443,
      0.14249438978731632,
      0.1400755220092833,
      0.13967405911535025,
      0.14526234474033117,
      0.14072738541290164,
      0.1401004591025412,
      0.14028971223160625,
      0.14202520111575723,
      0.14180594077333808,
      0.14125517569482327,
      0.15519183687865734,
      0.14031811011955142,
      0.1398598151281476,
      0.1417616493999958,
      0.1413365206681192,
      0.13984442222863436,
      0.14113610982894897,
      0.14079420594498515,
      0.13986180210486054,
      0.13994539575651288,
      0.14067493472248316,
      0.15085524367168546,
      0.14049095194786787,
      0.14105533296242356,
      0.14038640912622213,
      0.14073691377416253,
      0.142020293045789,
      0.14182811696082354,
      0.1413718261756003,
      0.1388503359630704,
      0.14025295805186033,
      0.14262863527983427,
      0.14059314411133528,
      0.14070672867819667,
      0.1408163569867611,
      0.14026150712743402,
      0.13935513328760862,
      0.14827339118346572,
      0.14252023585140705,
      0.13949517579749227,
      0.14007865404710174,
      0.14214029209688306,
      0.14122174633666873,
      0.14016296714544296,
      0.14342871215194464,
      0.1493126410059631,
      0.14547112211585045,
      0.14238971285521984,
      0.14343987731263041,
      0.13985188817605376,
      0.13937247218564153,
      0.14050084399059415,
      0.14243119908496737,
      0.13985873013734818,
      0.14145257323980331,
      0.14295448223128915,
      0.141517355106771,
      0.13969876104965806,
      0.13736705295741558,
      0.14076617266982794,
      0.13975229300558567,
      0.14241669606417418,
      0.14355914806947112,
      0.13983645709231496,
      0.14002947695553303,
      0.1403333581984043,
      0.14109138818457723,
      0.13970150332897902,
      0.14116948004812002,
      0.1401343117468059,
      0.14045101217925549,
      0.13975331000983715,
      0.14124068384990096,
      0.14457389898598194,
      0.1428591487929225,
      0.14014713605865836,
      0.14310892997309566,
      0.14029095694422722,
      0.1387097779661417,
      0.13928927667438984,
      0.143180628772825,
      0.14040759718045592,
      0.14119082409888506,
      0.13975190836936235,
      0.14144089818000793,
      0.14049966866150498,
      0.14134296821430326,
      0.14075698191300035,
      0.14073185669258237,
      0.14043522533029318,
      0.14258421398699284,
      0.13894064398482442,
      0.1399185648187995,
      0.14085728302598,
      0.1411637798883021
    ],
    [
      0.1331733432598412,
      0.1436445633880794,
      0.14295933628454804,
      0.14289335114881396,
      0.15470872400328517,
      0.14339696615934372,
      0.13941157888621092,
      0.14044672483578324,
      0.14501381991431117,
      0.14210917800664902,
      0.14023367874324322,
      0.14155277889221907,
      0.14218075200915337,
      0.14154110103845596,
      0.1423308770172298,
      0.15646729012951255,
      0.14147814363241196,
      0.14061092725023627,
      0.1408023089170456,
      0.14163799583911896,
      0.14062485797330737,
      0.1400987347587943,
      0.1417179061099887,
      0.14050421910360456,
      0.1401189756579697,
      0.14072140399366617,
      0.15119015285745263,
      0.14012893615290523,
      0.14257468283176422,
      0.14131482178345323,
      0.1410252870991826,
      0.14283913280814886,
      0.14237153809517622,
      0.14091551303863525,
      0.13943079207092524,
      0.1408847006969154,
      0.1411234550178051,
      0.14196328585967422,
      0.14147733803838491,
      0.14188705384731293,
      0.13930060574784875,
      0.14036920201033354,
      0.149019714910537,
      0.14237247919663787,
      0.14035270875319839,
      0.1402681958861649,
      0.14099668199196458,
      0.14208934316411614,
      0.14067025622352958,
      0.14272023225203156,
      0.1507068146020174,
      0.14617356611415744,
      0.14182417001575232,
      0.14208898972719908,
      0.1402642889879644,
      0.1394112380221486,
      0.14092768589034677,
      0.14121643221005797,
      0.14060501288622618,
      0.14162917900830507,
      0.1413512476719916,
      0.13998939096927643,
      0.14030985487625003,
      0.13823738740757108,
      0.14150532986968756,
      0.13996896101161838,
      0.14357084967195988,
      0.1437677969224751,
      0.1401832210831344,
      0.1410445859655738,
      0.14177770586684346,
      0.1402955176308751,
      0.14087758399546146,
      0.14161643106490374,
      0.1400780430994928,
      0.14077840419486165,
      0.13988400297239423,
      0.14013338927179575,
      0.14479798218235373,
      0.14298148220404983,
      0.1406265301629901,
      0.14313968876376748,
      0.13996627880260348,
      0.13910939171910286,
      0.14006931008771062,
      0.14331594621762633,
      0.1416402868926525,
      0.14043478900566697,
      0.1406070222146809,
      0.14156421087682247,
      0.14175950782373548,
      0.1416322197765112,
      0.14020367106422782,
      0.14212781935930252,
      0.14114907896146178,
      0.1409071651287377,
      0.13979486469179392,
      0.14055698597803712,
      0.14064751286059618,
      0.14191780006513
    ],
    [
      0.1340133142657578,
      0.14282580697908998,
      0.14217162411659956,
      0.1433711899444461,
      0.15469608269631863,
      0.14338779915124178,
      0.1395158818922937,
      0.13976910384371877,
      0.143779459875077,
      0.14150997484102845,
      0.14092003786936402,
      0.14187380904331803,
      0.14058892708271742,
      0.14044377580285072,
      0.1424394459463656,
      0.1557308272458613,
      0.1406924487091601,
      0.14121242705732584,
      0.1405867263674736,
      0.14260106114670634,
      0.1400772868655622,
      0.1397925689816475,
      0.14099374506622553,
      0.13958006398752332,
      0.1409287629649043,
      0.1390958121046424,
      0.15002970583736897,
      0.14126363769173622,
      0.14218111615628004,
      0.14167529391124845,
      0.14168350771069527,
      0.1416682512499392,
      0.14038646966218948,
      0.1406050231307745,
      0.13995492504909635,
      0.14000865165144205,
      0.14237330108880997,
      0.14216418284922838,
      0.14050945406779647,
      0.14166662422940135,
      0.1395003660582006,
      0.14031878905370831,
      0.14777203695848584,
      0.1431358209811151,
      0.13954465789720416,
      0.141047190874815,
      0.14016572199761868,
      0.14152336865663528,
      0.1409989013336599,
      0.14257449423894286,
      0.14997065300121903,
      0.14556856686249375,
      0.14236292708665133,
      0.1425914759747684,
      0.14112059213221073,
      0.14002613723278046,
      0.14183712005615234,
      0.14238194795325398,
      0.1400547088123858,
      0.1423900267109275,
      0.14109366293996572,
      0.14123348612338305,
      0.13977796491235495,
      0.13853605976328254,
      0.1402841811068356,
      0.14062385819852352,
      0.14445699518546462,
      0.1414215499535203,
      0.13917888700962067,
      0.1402357630431652,
      0.14137177588418126,
      0.14163279067724943,
      0.1401446983218193,
      0.14077034080401063,
      0.1400047717615962,
      0.13937134202569723,
      0.1406721230596304,
      0.1403681910596788,
      0.14326322078704834,
      0.141429265961051,
