{
  "implementation": "deepspeed_oneccl",
  "backend": "ccl",
  "operation": "allreduce",
  "num_ranks": 4,
  "tensor_shape": {
    "batch": 8,
    "seq_len": 2048,
    "hidden_dim": 2048
  },
  "num_elements": 33554432,
  "tensor_size_bytes": 67108864,
  "tensor_size_mb": 64.0,
  "dtype": "bfloat16",
  "warmup_iterations": 10,
  "measurement_iterations": 100,
  "timing_method": "time.perf_counter()",
  "timings": [
    [
      0.027879142202436924,
      0.02838095836341381,
      0.028249052818864584,
      0.028188171796500683,
      0.028159302193671465,
      0.02814814494922757,
      0.028255145996809006,
      0.02817855216562748,
      0.028185734059661627,
      0.02823545690625906,
      0.028200544882565737,
      0.02810255903750658,
      0.028282240964472294,
      0.028138033114373684,
      0.028232838958501816,
      0.028149856254458427,
      0.028225596994161606,
      0.02821384510025382,
      0.028174327686429024,
      0.028163745068013668,
      0.028190169017761946,
      0.02819573925808072,
      0.028187228832393885,
      0.028174662962555885,
      0.028244368731975555,
      0.028201048728078604,
      0.02820553071796894,
      0.028215735219419003,
      0.028220652602612972,
      0.028199729975312948,
      0.028210196178406477,
      0.028208034113049507,
      0.02822213200852275,
      0.028102431911975145,
      0.028185708913952112,
      0.02815917320549488,
      0.028184389229863882,
      0.028087900020182133,
      0.028169286902993917,
      0.02813494997099042,
      0.02815712708979845,
      0.028198888059705496,
      0.028131283354014158,
      0.028136943001300097,
      0.02818733872845769,
      0.028221721295267344,
      0.028201266191899776,
      0.028175776824355125,
      0.02801676234230399,
      0.028191602788865566,
      0.028166525065898895,
      0.028188275638967752,
      0.028200008440762758,
      0.028095769230276346,
      0.028391055297106504,
      0.026185495778918266,
      0.028257729951292276,
      0.028074377682060003,
      0.028198618907481432,
      0.02815963886678219,
      0.028216184582561255,
      0.02814172301441431,
      0.028187382966279984,
      0.028095278423279524,
      0.028203995898365974,
      0.028158436994999647,
      0.02823515422642231,
      0.028174439910799265,
      0.028159791138023138,
      0.028191151097416878,
      0.02824363997206092,
      0.02820615004748106,
      0.02816641889512539,
      0.028125043027102947,
      0.028127743396908045,
      0.028101488016545773,
      0.028107514139264822,
      0.028138520661741495,
      0.028160184156149626,
      0.028236656915396452,
      0.02814987301826477,
      0.0281144417822361,
      0.028202665969729424,
      0.028164587914943695,
      0.02816930878907442,
      0.027964154724031687,
      0.028230053838342428,
      0.028113855980336666,
      0.028200287837535143,
      0.028113067150115967,
      0.02816161699593067,
      0.028120785020291805,
      0.028158925008028746,
      0.02812958974391222,
      0.028147642966359854,
      0.02813364937901497,
      0.028169114608317614,
      0.028110566083341837,
      0.02817931305617094,
      0.02817482501268387
    ],
    [
      0.027683523949235678,
      0.028340304270386696,
      0.028282491955906153,
      0.028154600877314806,
      0.028191874269396067,
      0.028182911686599255,
      0.028305954299867153,
      0.028230300173163414,
      0.028244683053344488,
      0.02818292658776045,
      0.028221103828400373,
      0.028002570383250713,
      0.028281081933528185,
      0.02820888813585043,
      0.02827850030735135,
      0.028196829836815596,
      0.028270944021642208,
      0.028271953109651804,
      0.028214072808623314,
      0.028197388164699078,
      0.028208894189447165,
      0.028175351209938526,
      0.02821010211482644,
      0.028243247885257006,
      0.028226178139448166,
      0.028239671140909195,
      0.028247965034097433,
      0.028192713391035795,
      0.02827309165149927,
      0.028278262820094824,
      0.028235136065632105,
      0.028130369260907173,
      0.028255067765712738,
      0.028134134132415056,
      0.02825181419029832,
      0.028206915128976107,
      0.02822911785915494,
      0.02810234110802412,
      0.028205362148582935,
      0.028154348954558372,
      0.0282217962667346,
      0.028269744012504816,
      0.028113611042499542,
      0.028215161059051752,
      0.028242717031389475,
      0.028269654139876366,
      0.028218165040016174,
      0.028150565922260284,
      0.027942898217588663,
      0.028224607929587364,
      0.028227441012859344,
      0.028225593734532595,
      0.02825543563812971,
      0.0281533170491457,
      0.028452890925109386,
      0.026240890845656395,
      0.02829900523647666,
      0.028124972246587276,
      0.02822802821174264,
      0.028224932961165905,
      0.028287194203585386,
      0.02818950777873397,
      0.028220520820468664,
      0.028098674025386572,
      0.02823008969426155,
      0.028184829745441675,
      0.028229836840182543,
      0.0281985723413527,
      0.02815621020272374,
      0.028175690211355686,
      0.02830589935183525,
      0.028157401364296675,
      0.028188202995806932,
      0.028105889912694693,
      0.028149137273430824,
      0.028154056053608656,
      0.02817459497600794,
      0.028119567781686783,
      0.028218769002705812,
      0.028236899990588427,
      0.028178556822240353,
      0.028194547165185213,
      0.028253050986677408,
      0.028208450879901648,
      0.028201827313750982,
      0.02803468471392989,
      0.02808026922866702,
      0.028166825883090496,
      0.02824448887258768,
      0.02815282205119729,
      0.028220332693308592,
      0.02819061605259776,
      0.028196479193866253,
      0.028185848146677017,
      0.02816142700612545,
      0.028180531226098537,
      0.02822156809270382,
      0.028170587960630655,
      0.02821458876132965,
      0.02814855333417654
    ],
    [
      0.027756113093346357,
      0.028306460939347744,
      0.028239248786121607,
      0.02814027201384306,
      0.028125067241489887,
      0.028088569175451994,
      0.028258333913981915,
      0.02817275794222951,
      0.028166179079562426,
      0.02807974722236395,
      0.028215435799211264,
      0.028013412840664387,
      0.02827938087284565,
      0.028051014989614487,
      0.02825438417494297,
      0.02814010391011834,
      0.028261499013751745,
      0.02810766501352191,
      0.028123032301664352,
      0.02819844987243414,
      0.028170465026050806,
      0.02809185767546296,
      0.028174240607768297,
      0.028193983249366283,
      0.02826888393610716,
      0.028188124764710665,
      0.028209167066961527,
      0.028210273012518883,
      0.02824641577899456,
      0.028210319112986326,
      0.028199199121445417,
      0.028123467229306698,
      0.028224878944456577,
      0.02804319281131029,
      0.028179015964269638,
      0.02818267699331045,
      0.028168712742626667,
      0.0280023911036551,
      0.028141336049884558,
      0.02795668225735426,
      0.028178376145660877,
      0.028177217114716768,
      0.027979635167866945,
      0.02811865508556366,
      0.028199966996908188,
      0.028205514885485172,
      0.02820138121023774,
      0.028147200122475624,
      0.027959007304161787,
      0.028095927089452744,
      0.028141922317445278,
      0.02819069428369403,
      0.028241310734301805,
      0.02808208577334881,
      0.02836519805714488,
      0.02624115301296115,
      0.02826840989291668,
      0.028050420805811882,
      0.028195404913276434,
      0.02820096118375659,
      0.02819795673713088,
      0.028056125156581402,
      0.028153423219919205,
      0.028119518887251616,
      0.02818811498582363,
      0.02804579120129347,
      0.028166515287011862,
      0.02818543091416359,
      0.02814966719597578,
      0.02803629683330655,
      0.028265362605452538,
      0.02822734834626317,
      0.028173569124192,
