{
  "implementation": "deepspeed_oneccl",
  "backend": "ccl",
  "operation": "allreduce",
  "num_ranks": 4,
  "tensor_shape": {
    "batch": 16,
    "seq_len": 2048,
    "hidden_dim": 2048
  },
  "num_elements": 67108864,
  "tensor_size_bytes": 134217728,
  "tensor_size_mb": 128.0,
  "dtype": "bfloat16",
  "warmup_iterations": 10,
  "measurement_iterations": 100,
  "timing_method": "time.perf_counter()",
  "timings": [
    [
      0.054997049272060394,
      0.05690620606765151,
      0.055354413110762835,
      0.056458086241036654,
      0.05537596391513944,
      0.056250456254929304,
      0.055430858861655,
      0.05584770813584328,
      0.055635442957282066,
      0.05569666204974055,
      0.055631095077842474,
      0.05569882085546851,
      0.05561383720487356,
      0.055699680000543594,
      0.055603884626179934,
      0.05564785795286298,
      0.05568360211327672,
      0.05567405326291919,
      0.055685185361653566,
      0.05560193117707968,
      0.055405189748853445,
      0.05565825430676341,
      0.055583254899829626,
      0.05577637115493417,
      0.05568091385066509,
      0.0555896838195622,
      0.05552716599777341,
      0.055622221902012825,
      0.05567945912480354,
      0.055631999392062426,
      0.055670865811407566,
      0.055630904622375965,
      0.05564612615853548,
      0.055682091042399406,
      0.0555714787915349,
      0.05565691599622369,
      0.05564032820984721,
      0.055494366213679314,
      0.05602817330509424,
      0.05584639124572277,
      0.05551378009840846,
      0.05569777498021722,
      0.055473380256444216,
      0.05567052913829684,
      0.05570579320192337,
      0.055655640084296465,
      0.05559859797358513,
      0.05570583790540695,
      0.055471680127084255,
      0.055674836970865726,
      0.05563074629753828,
      0.055549821350723505,
      0.05552704306319356,
      0.05568410083651543,
      0.05554481130093336,
      0.05558879906311631,
      0.05555287795141339,
      0.055556008126586676,
      0.0554752922616899,
      0.0556418658234179,
      0.055613412987440825,
      0.05555742001160979,
      0.05546538904309273,
      0.05567415710538626,
      0.05549218179658055,
      0.05558803025633097,
      0.05549613991752267,
      0.05565820261836052,
      0.055504615884274244,
      0.05565398512408137,
      0.055531011894345284,
      0.05555165885016322,
      0.055530969984829426,
      0.0554395942017436,
      0.05559869296848774,
      0.05556413484737277,
      0.05547525826841593,
      0.05562815396115184,
      0.05553478188812733,
      0.05570953106507659,
      0.05552643025293946,
      0.05553233018144965,
      0.05551381595432758,
      0.055559517815709114,
      0.05553244985640049,
      0.05553324008360505,
      0.056057726964354515,
      0.05625420808792114,
      0.055523840710520744,
      0.05568401888012886,
      0.05564552405849099,
      0.055917174089699984,
      0.05540708592161536,
      0.05555309588089585,
      0.055585560854524374,
      0.05561041599139571,
      0.05554615939036012,
      0.055543335154652596,
      0.05547213787212968,
      0.055621637031435966
    ],
    [
      0.055065966211259365,
      0.05699662398546934,
      0.05543786799535155,
      0.0565306362695992,
      0.05544275511056185,
      0.05612892098724842,
      0.055510169360786676,
      0.05589600373059511,
      0.055516408290714025,
      0.05577555811032653,
      0.05571216205134988,
      0.05559092806652188,
      0.055694323033094406,
      0.05579670798033476,
      0.05567840812727809,
      0.05571150779724121,
      0.05575957614928484,
      0.05573033122345805,
      0.05575992073863745,
      0.05567902233451605,
      0.055486070923507214,
      0.05574827175587416,
      0.05567469773814082,
      0.055837355088442564,
      0.0555814178660512,
      0.0556820509955287,
      0.05559752695262432,
      0.0557022038847208,
      0.055547844152897596,
      0.055712435860186815,
      0.05575990304350853,
      0.0557004502043128,
      0.055720949079841375,
      0.055584972724318504,
      0.055627038702368736,
      0.05573118943721056,
      0.05571360094472766,
      0.05557274725288153,
      0.05611767526715994,
      0.05591251002624631,
      0.05559984501451254,
      0.05576205626130104,
      0.055536511819809675,
      0.055734967812895775,
      0.055699999909847975,
      0.05572761967778206,
      0.05568888923153281,
      0.05578776728361845,
      0.055559721775352955,
      0.05575653538107872,
      0.05570495408028364,
      0.0556210489012301,
      0.05561974784359336,
      0.05577040882781148,
      0.05562095018103719,
      0.05566418217495084,
      0.05563374189659953,
      0.05564570426940918,
      0.055351989809423685,
      0.05569709511473775,
      0.05569467693567276,
      0.05561859626322985,
      0.055546370800584555,
      0.05557020986452699,
      0.0555811757221818,
      0.055673647206276655,
      0.055603766813874245,
      0.05573964584618807,
      0.05559924291446805,
      0.055740911047905684,
      0.05560017889365554,
      0.05562101909890771,
      0.05559468315914273,
      0.055503719951957464,
      0.05566850304603577,
      0.05564684793353081,
      0.05556019302457571,
      0.05548939015716314,
      0.055627327878028154,
      0.055779281072318554,
      0.05561766494065523,
      0.05560650955885649,
      0.05559708224609494,
      0.055643599946051836,
      0.05561255104839802,
      0.055610277224332094,
      0.05614027287811041,
      0.05613409215584397,
      0.05560295516625047,
      0.05577833391726017,
      0.05573052866384387,
      0.055905232671648264,
      0.055500898975878954,
      0.05563297774642706,
      0.055456225760281086,
      0.05572936497628689,
      0.05541651789098978,
      0.05563273187726736,
      0.05555173382163048,
      0.055687117855995893
    ],
    [
      0.0548380920663476,
      0.05686715804040432,
      0.055355275981128216,
      0.05640037078410387,
      0.055231315083801746,
      0.05596793396398425,
      0.055273259058594704,
      0.05580963287502527,
      0.05539526604115963,
      0.05556996073573828,
      0.05549855995923281,
      0.05551917338743806,
      0.05547339795157313,
      0.0556425703689456,
      0.055472168140113354,
      0.05557193700224161,
      0.05555072007700801,
      0.05551692238077521,
      0.0554940621368587,
      0.05554158380255103,
      0.055286718998104334,
      0.05556140234693885,
      0.05542479595169425,
      0.05575297120958567,
      0.05542665906250477,
      0.05544299865141511,
      0.05539670214056969,
      0.05559107940644026,
      0.055401983205229044,
      0.05552291497588158,
      0.05551341501995921,
      0.05557939223945141,
      0.05548103712499142,
      0.055448142811656,
      0.05538270762190223,
      0.055572202894836664,
      0.0555079341866076,
      0.055357963778078556,
      0.05585509026423097,
      0.05578811001032591,
      0.05535363918170333,
      0.05554815800860524,
      0.05531420698389411,
      0.05559077626094222,
      0.05552297830581665,
      0.05553819192573428,
      0.05546653317287564,
      0.05562123563140631,
      0.05534128984436393,
      0.055537579115480185,
      0.055490272119641304,
      0.05551707884296775,
      0.055361966136842966,
      0.05557672819122672,
      0.05536249000579119,
      0.055618562269955873,
      0.055371884256601334,
      0.055461141280829906,
      0.055278824642300606,
      0.05557191837579012,
      0.0554697890765965,
      0.05541793396696448,
      0.05525211105123162,
      0.05555600905790925,
      0.05534841027110815,
      0.05548795498907566,
      0.055307887960225344,
      0.05561495199799538,
      0.05536029813811183,
      0.05550708808004856,
      0.055315416771918535,
      0.055537610314786434,
      0.05533978994935751,
      0.055376913864165545,
      0.05540537601336837,
      0.055528837721794844,
      0.05527364136651158,
