{
  "implementation": "deepspeed_gloo",
  "backend": "gloo",
  "operation": "gather",
  "num_ranks": 4,
  "tensor_shape": {
    "batch": 32,
    "seq_len": 2048,
    "hidden_dim": 2048
  },
  "num_elements": 134217728,
  "tensor_size_bytes": 268435456,
  "tensor_size_mb": 256.0,
  "dtype": "bfloat16",
  "warmup_iterations": 10,
  "measurement_iterations": 100,
  "timing_method": "time.perf_counter()",
  "timings": [
    [
      0.7479686476290226,
      0.9164266926236451,
      0.8029268821701407,
      0.7223604409955442,
      0.7373722959309816,
      0.7501762080937624,
      0.8357414789497852,
      0.7522868099622428,
      0.8269086456857622,
      0.740966284647584,
      0.7999188671819866,
      0.7456783261150122,
      0.7565368134528399,
      0.8003478911705315,
      0.7371902749873698,
      0.8092449982650578,
      0.7358029931783676,
      0.8019230710342526,
      0.7475425978191197,
      0.7535118069499731,
      0.7882905262522399,
      0.7166858268901706,
      0.7835101131349802,
      0.7244438058696687,
      0.7692415998317301,
      0.7636095420457423,
      0.778157358057797,
      0.7745660659857094,
      0.7354970551095903,
      0.8025264199823141,
      0.7277690949849784,
      0.8309548851102591,
      0.7183781270869076,
      0.7816632161848247,
      0.7965419529937208,
      0.7275695847347379,
      0.8229389502666891,
      0.7309713889844716,
      0.8445401596836746,
      0.7359047490172088,
      0.7518197819590569,
      0.7883411971852183,
      0.7953762938268483,
      0.7571654939092696,
      0.7185395662672818,
      0.7988970661535859,
      0.7584028369747102,
      0.8024319289252162,
      0.7273200936615467,
      0.7772274604067206,
      0.7474809819832444,
      0.7900578561238945,
      0.7139531588181853,
      0.7263267361558974,
      0.7329031089320779,
      0.6776395621709526,
      0.7156353192403913,
      0.678836477920413,
      0.7192734968848526,
      0.6738076559267938,
      0.7010802901349962,
      0.6894037239253521,
      0.6796959028579295,
      0.7087668823078275,
      0.7009715521708131,
      0.7276307260617614,
      0.7953737219795585,
      0.7462890120223165,
      0.6886551799252629,
      0.752049989067018,
      0.8128212648443878,
      0.6995826535858214,
      0.7290826980024576,
      0.832912668120116,
      0.749889369122684,
      0.7202621311880648,
      0.8232561852782965,
      0.8020255668088794,
      0.7232989482581615,
      0.8248628759756684,
      0.7402207073755562,
      0.7131781601347029,
      0.7093116366304457,
      0.869920561555773,
      0.7075394736602902,
      0.6961228069849312,
      0.8012135322205722,
      0.7621717187575996,
      0.7383090020157397,
      0.721230975817889,
      0.8719084039330482,
      0.7115408247336745,
      0.7567470390349627,
      0.7584255412220955,
      0.7227859026752412,
      0.7318703369237483,
      0.7482416853308678,
      0.81002983963117,
      0.6857374063692987,
      0.7165970439091325
    ],
    [
      0.5104100820608437,
      0.6376733342185616,
      0.5806680559180677,
      0.41557012032717466,
      0.5339649156667292,
      0.4505540821701288,
      0.2880174033343792,
      0.3107323572039604,
      0.3587017301470041,
      0.33838845090940595,
      0.5608103410340846,
      0.5035855146124959,
      0.41789433266967535,
      0.2500956319272518,
      0.4171901289373636,
      0.3696606499142945,
      0.25353078497573733,
      0.4019465739838779,
      0.38600309612229466,
      0.5201944513246417,
      0.41986430529505014,
      0.2546633495949209,
      0.27474404498934746,
      0.5144680459052324,
      0.2865476650185883,
      0.4289515009149909,
      0.5054410072043538,
      0.2845596098341048,
      0.33678780496120453,
      0.5715119619853795,
      0.48113684728741646,
      0.2489698869176209,
      0.47329953080043197,
      0.5471544819884002,
      0.5214595841243863,
      0.48954786406829953,
      0.25673225335776806,
      0.46470160223543644,
      0.6220431220717728,
      0.22787490393966436,
      0.5429388131015003,
      0.5030803098343313,
      0.46314592007547617,
      0.26338334009051323,
      0.485020502936095,
      0.25895417388528585,
      0.32423848332837224,
      0.5873352759517729,
      0.46500616194680333,
      0.5643697446212173,
      0.29651601100340486,
      0.3635851596482098,
      0.4703654390759766,
      0.5034247692674398,
      0.46445724787190557,
      0.4599022092297673,
      0.44203622406348586,
      0.35233932454138994,
      0.457172904163599,
      0.45946084102615714,
      0.4597331047989428,
      0.3016416961327195,
      0.4557787347584963,
      0.49984118109568954,
      0.4372886708006263,
      0.46437811106443405,
      0.429552495945245,
      0.22755233012139797,
      0.48081691190600395,
      0.4859981150366366,
      0.610542762093246,
      0.35389302112162113,
      0.3252358892932534,
      0.5159271443262696,
      0.22972502605989575,
      0.2276411261409521,
      0.24296229612082243,
      0.4846244021318853,
      0.482165333814919,
      0.5509093292057514,
      0.27507458813488483,
      0.23694272339344025,
      0.2908227941952646,
      0.6001193667761981,
      0.23843279341235757,
      0.21572674019262195,
      0.5252356459386647,
      0.55047114379704,
      0.5040101176127791,
      0.484802498947829,
      0.6343411807902157,
      0.4980416791513562,
      0.22458739578723907,
      0.4390103481709957,
      0.3146949401125312,
      0.3516033380292356,
      0.22798485402017832,
      0.6018269937485456,
      0.47652498120442033,
      0.47144516091793776
    ],
    [
      0.5081151719205081,
      0.6331659839488566,
      0.5909371841698885,
      0.4812343865633011,
      0.5287754605524242,
      0.5364530249498785,
      0.41188020864501595,
      0.5358954560942948,
      0.5012400792911649,
      0.5246545057743788,
      0.54542948724702,
      0.5181346088647842,
      0.5371813462115824,
      0.5536144496873021,
      0.5269583561457694,
      0.5275752227753401,
      0.5188043587841094,
      0.5432173032313585,
      0.5221658828668296,
      0.5187326520681381,
      0.5366129036992788,
      0.5024387850426137,
      0.5304271820932627,
      0.42432220885530114,
      0.5061701312661171,
      0.5397801361978054,
      0.5303812129423022,
      0.5269070779904723,
      0.5204035271890461,
      0.45814356207847595,
      0.367685214150697,
      0.5450668521225452,
      0.48993189819157124,
      0.374953914899379,
      0.5148635781370103,
      0.2848416743800044,
      0.6033723498694599,
      0.38738268008455634,
      0.6237371861934662,
      0.4965803590603173,
      0.5383797809481621,
      0.5006956378929317,
      0.5247072768397629,
      0.5273511009290814,
      0.4832664863206446,
      0.5725385029800236,
      0.5050093461759388,
      0.39440971333533525,
      0.4837283808737993,
      0.3233418078161776,
      0.5314945410937071,
      0.5100498259998858,
      0.4958037231117487,
      0.288905065972358,
      0.3650374882854521,
      0.24079613527283072,
      0.37921790080145,
      0.4706729119643569,
      0.5067656598985195,
      0.2672067736275494,
      0.47104241140186787,
      0.4761127717792988,
      0.45717059122398496,
      0.4954731408506632,
      0.4876402677036822,
      0.48934563295915723,
      0.33803947176784277,
      0.4863315490074456,
      0.27545171370729804,
      0.2257376629859209,
      0.5872738813050091,
      0.46966116689145565,
      0.49951504822820425,
      0.3290161360055208,
      0.3986072321422398,
      0.3781992569565773,
      0.526495398953557,
      0.44219733122736216,
      0.24807561421766877,
      0.5792903653346002,
      0.529692011885345,
      0.5053096688352525,
      0.48086167592555285,
      0.4556087739765644,
      0.49703714717179537,
      0.466639103833586,
      0.5391710717231035,
      0.5174215496517718,
      0.5189839750528336,
