{
  "implementation": "deepspeed_gloo",
  "backend": "gloo",
  "operation": "gather",
  "num_ranks": 4,
  "tensor_shape": {
    "batch": 16,
    "seq_len": 4096,
    "hidden_dim": 2048
  },
  "num_elements": 134217728,
  "tensor_size_bytes": 268435456,
  "tensor_size_mb": 256.0,
  "dtype": "bfloat16",
  "warmup_iterations": 10,
  "measurement_iterations": 100,
  "timing_method": "time.perf_counter()",
  "timings": [
    [
      0.7029269100166857,
      0.6940221600234509,
      0.7325891139917076,
      0.7313843751326203,
      0.6824022177606821,
      0.7086237231269479,
      0.6689008357934654,
      0.7887287368066609,
      0.6819995078258216,
      0.7415269142948091,
      0.7717835791409016,
      0.7128348681144416,
      0.7198792439885437,
      0.7311881687492132,
      0.7094358429312706,
      0.6849298500455916,
      0.7227319809608161,
      0.7220355649478734,
      0.7711089081130922,
      0.7118907170370221,
      0.731060623191297,
      0.7340232292190194,
      0.7079740720801055,
      0.7514021140523255,
      0.6883508712053299,
      0.7585603138431907,
      0.7126447637565434,
      0.7679867390543222,
      0.6848258678801358,
      0.7526919222436845,
      0.7209991328418255,
      0.7375555792823434,
      0.8111176649108529,
      0.7090260968543589,
      0.7653871402144432,
      0.697452369146049,
      0.7498972318135202,
      0.7198791680857539,
      0.7402616976760328,
      0.7623643879778683,
      0.7078288453631103,
      0.7375914249569178,
      0.7356092687696218,
      0.762939871288836,
      0.6975034992210567,
      0.7580043370835483,
      0.711625446099788,
      0.7764484859071672,
      0.7308083260431886,
      0.7795890863053501,
      0.772703006863594,
      0.7011120012030005,
      0.7595367003232241,
      0.7043810724280775,
      0.7587963971309364,
      0.7703366247005761,
      0.735538309905678,
      0.8727643447928131,
      0.729470606893301,
      0.8003702820278704,
      0.7677142019383609,
      0.8215105789713562,
      0.7615310535766184,
      0.735008261166513,
      0.8019784251227975,
      0.7238182346336544,
      0.7692822511307895,
      0.7447973280213773,
      0.7741154059767723,
      0.7163074989803135,
      0.7535672429949045,
      0.7415346628986299,
      0.7576683340594172,
      0.6986040081828833,
      0.685881569981575,
      0.7288275612518191,
      0.7759515321813524,
      0.7315889606252313,
      0.7385289608500898,
      0.7317357850261033,
      0.7804567748680711,
      0.719754999037832,
      0.7475033481605351,
      0.7876675929874182,
      0.7447776617482305,
      0.7628415781073272,
      0.7252859799191356,
      0.7176899267360568,
      0.705501776188612,
      0.7573412619531155,
      0.7007416388951242,
      0.7400320479646325,
      0.7100298418663442,
      0.747729838360101,
      0.7488407171331346,
      0.7259440617635846,
      0.7861417261883616,
      0.7309345407411456,
      0.7874415800906718,
      0.7197196548804641
    ],
    [
      0.4898123927414417,
      0.3833065927028656,
      0.441838376224041,
      0.23057369515299797,
      0.47666424000635743,
      0.21079120878130198,
      0.2764102038927376,
      0.45838742004707456,
      0.4701498397625983,
      0.2592111569829285,
      0.4886064832098782,
      0.48019481217488647,
      0.2792988116852939,
      0.4087987868115306,
      0.2256221049465239,
      0.44983360171318054,
      0.23326224880293012,
      0.4564806269481778,
      0.5472914669662714,
      0.36396354297176003,
      0.5262308460660279,
      0.47038346622139215,
      0.24279726902022958,
      0.22367423865944147,
      0.4487644541077316,
      0.3478476111777127,
      0.24075614707544446,
      0.25148611422628164,
      0.46765887225046754,
      0.5436001010239124,
      0.22165026515722275,
      0.42367654107511044,
      0.4128905930556357,
      0.2376381387002766,
      0.3990351748652756,
      0.46707307174801826,
      0.3002972062677145,
      0.3743204730562866,
      0.5222695348784328,
      0.5177494920790195,
      0.4938568752259016,
      0.2665550229139626,
      0.2244328078813851,
      0.5561277181841433,
      0.25896901823580265,
      0.5590482070110738,
      0.21666182717308402,
      0.43558933632448316,
      0.4456705190241337,
      0.43859645863994956,
      0.39885405264794827,
      0.22839283384382725,
      0.4786624498665333,
      0.49241577787324786,
      0.5454591768793762,
      0.49628626415506005,
      0.2733491621911526,
      0.49073989782482386,
      0.27082294411957264,
      0.2591074970550835,
      0.2864390849135816,
      0.6022922419942915,
      0.4925479041412473,
      0.5211906060576439,
      0.5255524790845811,
      0.5001677977852523,
      0.4959071148186922,
      0.5199206848628819,
      0.5600749752484262,
      0.21440750313922763,
      0.5087403608486056,
      0.23290414223447442,
      0.5450240951031446,
      0.29334706626832485,
      0.26262655202299356,
      0.39571938291192055,
      0.2586833997629583,
      0.45912325382232666,
      0.5152616109699011,
      0.3126966399140656,
      0.24924778286367655,
      0.2329217018559575,
      0.5349049451760948,
      0.3313325671479106,
      0.5317825390957296,
      0.3465358470566571,
      0.5080319391563535,
      0.22020404180511832,
      0.2854621233418584,
      0.5414083539508283,
      0.3237806297838688,
      0.5259206728078425,
      0.21824906580150127,
      0.4984993669204414,
      0.41624626610428095,
      0.4890744620934129,
      0.34420853992924094,
      0.5034138620831072,
      0.2364006000570953,
      0.49058875208720565
    ],
    [
      0.2707522981800139,
      0.33953968016430736,
      0.5309228128753603,
      0.4944671387784183,
      0.4830924700945616,
      0.4867313476279378,
      0.4683551909402013,
      0.5445227632299066,
      0.2922670189291239,
      0.533426770940423,
      0.4931204030290246,
      0.4999753008596599,
      0.5080981990322471,
      0.5207985020242631,
      0.4999324488453567,
      0.4789188737049699,
      0.5178570081479847,
      0.468740900978446,
      0.553553803358227,
      0.485490296036005,
      0.5219245902262628,
      0.4932242138311267,
      0.4869259372353554,
      0.394050657749176,
      0.4797321418300271,
      0.5454324795864522,
      0.48994369991123676,
      0.53957460494712,
      0.42605240596458316,
      0.44158154679462314,
      0.4824918331578374,
      0.5276332078501582,
      0.5119352140463889,
      0.4944312572479248,
      0.2498557772487402,
      0.4765437329187989,
      0.5403258390724659,
      0.4808027157559991,
      0.498591304756701,
      0.3921946878544986,
      0.44581327494233847,
      0.5173907992430031,
      0.48871682956814766,
      0.5272007179446518,
      0.48327632108703256,
      0.2583306008018553,
      0.4673546007834375,
      0.5473012058064342,
      0.4865940320305526,
      0.37598456209525466,
      0.5293160397559404,
      0.48808655701577663,
      0.39981296472251415,
      0.42326039681211114,
      0.2942832987755537,
      0.40393975703045726,
      0.4115678030066192,
      0.48943674098700285,
      0.5163386859931052,
      0.5646339082159102,
      0.5203975741751492,
      0.4732117261737585,
      0.49377528578042984,
      0.39200212992727757,
      0.5274032829329371,
      0.49860641080886126,
      0.5119771189056337,
      0.3228216380812228,
      0.4963822551071644,
      0.37494851276278496,
      0.5416423068381846,
      0.5156789240427315,
      0.4694175277836621,
      0.5035707969218493,
      0.4536806447431445,
      0.48110729502514005,
      0.5055549549870193,
      0.5092753949575126,
      0.5166056589223444,
      0.5055953259579837,
      0.5648556910455227,
      0.4930578861385584,
      0.5363232218660414,
      0.5129687529988587,
      0.5276042777113616,
      0.5133867673575878,
      0.5079300948418677,
      0.502825157251209,
      0.4872953803278506,
