{
  "implementation": "deepspeed_gloo",
  "backend": "gloo",
  "operation": "broadcast",
  "num_ranks": 4,
  "tensor_shape": {
    "batch": 1,
    "seq_len": 4096,
    "hidden_dim": 2048
  },
  "num_elements": 8388608,
  "tensor_size_bytes": 16777216,
  "tensor_size_mb": 16.0,
  "dtype": "bfloat16",
  "warmup_iterations": 10,
  "measurement_iterations": 100,
  "timing_method": "time.perf_counter()",
  "timings": [
    [
      0.005787642206996679,
      0.00552990660071373,
      0.005855587776750326,
      0.006279004737734795,
      0.005709446035325527,
      0.005587543826550245,
      0.006809684913605452,
      0.005435274913907051,
      0.005685314070433378,
      0.006571306847035885,
      0.00571892224252224,
      0.005780438892543316,
      0.006426926702260971,
      0.005429414100944996,
      0.005802917759865522,
      0.006442772224545479,
      0.005647525191307068,
      0.005546194966882467,
      0.006240136921405792,
      0.005799735896289349,
      0.005495680961757898,
      0.00615075696259737,
      0.005662630312144756,
      0.0056291259825229645,
      0.00653656804934144,
      0.005578445736318827,
      0.0055117979645729065,
      0.006139834877103567,
      0.005522978026419878,
      0.005618371069431305,
      0.006127064116299152,
      0.005628840997815132,
      0.00574867008253932,
      0.006561097223311663,
      0.005806740839034319,
      0.00612389761954546,
      0.0071546779945492744,
      0.006169586908072233,
      0.005970792379230261,
      0.006816193927079439,
      0.00613062409684062,
      0.005746830720454454,
      0.006429397966712713,
      0.0054898569360375404,
      0.005720143206417561,
      0.006575561128556728,
      0.005550444591790438,
      0.005573969334363937,
      0.006440713070333004,
      0.005676978267729282,
      0.005505452863872051,
      0.006031019147485495,
      0.005722865927964449,
      0.00569832231849432,
      0.006160084158182144,
      0.005445967894047499,
      0.005582981742918491,
      0.0063682603649795055,
      0.005333455745130777,
      0.005135128740221262,
      0.006312726065516472,
      0.005507173016667366,
      0.005332921165972948,
      0.006167952436953783,
      0.00543689401820302,
      0.005527515895664692,
      0.006166818551719189,
      0.005434418097138405,
      0.005704586859792471,
      0.0063339052721858025,
      0.0055567421950399876,
      0.005410209763795137,
      0.006172913126647472,
      0.005673429928719997,
      0.005602253135293722,
      0.00608793506398797,
      0.005378446076065302,
      0.006090078968554735,
      0.006355367135256529,
      0.005385540891438723,
      0.005392660852521658,
      0.00638388330116868,
      0.005562294274568558,
      0.005472179036587477,
      0.006081419996917248,
      0.005427750293165445,
      0.0054525346495211124,
      0.006123081780970097,
      0.005210343282669783,
      0.005556218791753054,
      0.006481597200036049,
      0.0053506456315517426,
      0.005417503882199526,
      0.0062196990475058556,
      0.005725583992898464,
      0.005563292186707258,
      0.0062410770915448666,
      0.005506677087396383,
      0.005720319226384163,
      0.006332365795969963
    ],
    [
      0.005988532677292824,
      0.008363839238882065,
      0.0058469208888709545,
      0.0091042909771204,
      0.0058250268921256065,
      0.008307414129376411,
      0.006446178071200848,
      0.00813274271786213,
      0.005771831143647432,
      0.006557435728609562,
      0.008511185646057129,
      0.005831494927406311,
      0.005855848081409931,
      0.00829353928565979,
      0.0058790710754692554,
      0.009195690974593163,
      0.005666214972734451,
      0.0056282589212059975,
      0.009102441370487213,
      0.005904157646000385,
      0.008279112167656422,
      0.008973111864179373,
      0.005790775176137686,
      0.008401716127991676,
      0.009388139005750418,
      0.005523873958736658,
      0.008047942072153091,
      0.008543484844267368,
      0.007731524761766195,
      0.007457048632204533,
      0.007837021257728338,
      0.00723094679415226,
      0.007118168752640486,
      0.00762374559417367,
      0.006823136005550623,
      0.007093799766153097,
      0.007810742128640413,
      0.00687122717499733,
      0.006613133009523153,
      0.007443049922585487,
      0.0068008690141141415,
      0.0061599803157150745,
      0.0069683147594332695,
      0.006100405938923359,
      0.006384200882166624,
      0.007094202097505331,
      0.006132826674729586,
      0.006218908354640007,
      0.007008318789303303,
      0.006285418290644884,
      0.0061026569455862045,
      0.006582858972251415,
      0.006477124057710171,
      0.006350353825837374,
      0.006685926113277674,
      0.0060914079658687115,
      0.006204523146152496,
      0.006924114190042019,
      0.005923299118876457,
      0.005712551064789295,
      0.006875992752611637,
      0.006087458226829767,
      0.005881998222321272,
      0.006711613852530718,
      0.005963691044598818,
      0.006149974651634693,
      0.006777276750653982,
      0.006238740868866444,
      0.006279835011810064,
      0.0068977707996964455,
      0.006148145999759436,
      0.006063126027584076,
      0.006686221808195114,
      0.006281243171542883,
      0.006198398768901825,
      0.006662112195044756,
      0.005917885806411505,
      0.006117503624409437,
      0.0069370027631521225,
      0.0059363506734371185,
      0.005943866912275553,
      0.0068939789198338985,
      0.006141297984868288,
      0.006071962881833315,
      0.006578759755939245,
      0.00596411619335413,
      0.006043748930096626,
      0.0065776328556239605,
      0.005682137329131365,
      0.006163490936160088,
      0.007006607949733734,
      0.0058058868162333965,
      0.006039298605173826,
      0.006775052286684513,
      0.006476724054664373,
      0.0061227548867464066,
      0.006848251912742853,
      0.00610071187838912,
      0.006361174862831831,
      0.0070435656234622
    ],
    [
      0.0058205099776387215,
      0.0029223421588540077,
      0.005850710906088352,
      0.003649498336017132,
      0.0057389759458601475,
      0.0028960579074919224,
      0.006827162113040686,
      0.0028640711680054665,
      0.005715188104659319,
      0.006581909954547882,
      0.002978743053972721,
      0.005815380252897739,
      0.00648097787052393,
      0.0028322390280663967,
      0.005827284883707762,
      0.003712077159434557,
      0.005675929132848978,
      0.00556712644174695,
      0.003578547853976488,
      0.005835815332829952,
      0.0028505059890449047,
      0.003517818171530962,
      0.005698001943528652,
      0.0029062852263450623,
      0.0037997462786734104,
      0.0056110587902367115,
      0.002886486239731312,
      0.0035027610138058662,
      0.0029264981858432293,
      0.002946874126791954,
      0.003502621315419674,
      0.0029929811134934425,
      0.0030257580801844597,
      0.0038136672228574753,
      0.0030098436400294304,
      0.003224798012524843,
      0.004154238384217024,
      0.0032514608465135098,
      0.003143508918583393,
      0.0039654690772295,
      0.003229971043765545,
      0.0030169603414833546,
      0.0037020742893218994,
      0.0028976090252399445,
      0.003016670700162649,
      0.0038264538161456585,
      0.0029195589013397694,
      0.0029502520337700844,
      0.0036704549565911293,
      0.0029922868125140667,
      0.002875308971852064,
      0.0034455610439181328,
      0.003024857956916094,
      0.0029807770624756813,
      0.0035271765664219856,
      0.0028607440181076527,
      0.0029082163237035275,
      0.0037271869368851185,
      0.0027744262479245663,
      0.0026636836118996143,
      0.003694784827530384,
      0.002903098240494728,
      0.0027661817148327827,
      0.003570436965674162,
      0.0028580003418028355,
      0.002896600402891636,
      0.003570632077753544,
      0.002883230336010456,
