{
  "implementation": "deepspeed_gloo",
  "backend": "gloo",
  "operation": "allgather",
  "num_ranks": 4,
  "tensor_shape": {
    "batch": 32,
    "seq_len": 1,
    "hidden_dim": 2048
  },
  "num_elements": 65536,
  "tensor_size_bytes": 131072,
  "tensor_size_mb": 0.125,
  "dtype": "bfloat16",
  "warmup_iterations": 10,
  "measurement_iterations": 100,
  "timing_method": "time.perf_counter()",
  "timings": [
    [
      0.00029888609424233437,
      0.00028544897213578224,
      0.0003170040436089039,
      0.0002958723343908787,
      0.00030171917751431465,
      0.0003150743432343006,
      0.00033373618498444557,
      0.00030719488859176636,
      0.0003076000139117241,
      0.000263298861682415,
      0.00030343886464834213,
      0.000299614854156971,
      0.00029251305386424065,
      0.00027898000553250313,
      0.0002942141145467758,
      0.00035723205655813217,
      0.0003014160320162773,
      0.00030910689383745193,
      0.00029129814356565475,
      0.00027541397139430046,
      0.0003156387247145176,
      0.0003307289443910122,
      0.00031842710450291634,
      0.00033851200714707375,
      0.00034396490082144737,
      0.00032692402601242065,
      0.0003586169332265854,
      0.00037742406129837036,
      0.00032657990232110023,
      0.00035127298906445503,
      0.0003256327472627163,
      0.00031609972938895226,
      0.0003865249454975128,
      0.0003261864185333252,
      0.0003540199249982834,
      0.00035510584712028503,
      0.0003499300219118595,
      0.00035410234704613686,
      0.00031927041709423065,
      0.00033186888322234154,
      0.00033954810351133347,
      0.00033235736191272736,
      0.0003376421518623829,
      0.00031747017055749893,
      0.0003501772880554199,
      0.0003362339921295643,
      0.00030624493956565857,
      0.00034034205600619316,
      0.0003104768693447113,
      0.00031227199360728264,
      0.0003131050616502762,
      0.00031007081270217896,
      0.0003253077156841755,
      0.00031132204458117485,
      0.00032277312129735947,
      0.000340024009346962,
      0.0003165104426443577,
      0.0003195679746568203,
      0.000342060811817646,
      0.0003397851251065731,
      0.00032957177609205246,
      0.0003147907555103302,
      0.00033883610740303993,
      0.0003162096254527569,
      0.00032404856756329536,
      0.00032796477898955345,
      0.00034157419577240944,
      0.0003091301769018173,
      0.00032859575003385544,
      0.00033114897087216377,
      0.00032916106283664703,
      0.00034976517781615257,
      0.00030903425067663193,
      0.0003505800850689411,
      0.00033426936715841293,
      0.0003336840309202671,
      0.000339386984705925,
      0.00033140694722533226,
      0.00032972218468785286,
      0.0003324877470731735,
      0.00033888500183820724,
      0.0003313538618385792,
      0.00033326679840683937,
      0.000339290127158165,
      0.00033322209492325783,
      0.00032712332904338837,
      0.0003094710409641266,
      0.00033505214378237724,
      0.0003436184488236904,
      0.0003357729874551296,
      0.00033241603523492813,
      0.0003359396941959858,
      0.0003273650072515011,
      0.00032348232343792915,
      0.00031840987503528595,
      0.0003142929635941982,
      0.00031053973361849785,
      0.00034119095653295517,
      0.00033780187368392944,
      0.00034334463998675346
    ],
    [
      0.0003134789876639843,
      0.0003176908940076828,
      0.00027634110301733017,
      0.000308226328343153,
      0.00034310994669795036,
      0.0003006318584084511,
      0.00031759217381477356,
      0.0003155306912958622,
      0.00040729623287916183,
      0.0003668670542538166,
      0.0003792908973991871,
      0.0004132618196308613,
      0.00038257986307144165,
      0.00037789903581142426,
      0.00037315767258405685,
      0.00043992698192596436,
      0.00043128570541739464,
      0.0004165363498032093,
      0.00041150208562612534,
      0.00040459679439663887,
      0.00041266391053795815,
      0.00041730888187885284,
      0.0003075390122830868,
      0.0003590402193367481,
      0.0003377101384103298,
      0.0003177928738296032,
      0.00035904813557863235,
      0.00036950502544641495,
      0.0003561009652912617,
      0.00032409699633717537,
      0.00034368177875876427,
      0.0003232266753911972,
      0.000338677316904068,
      0.0003137197345495224,
      0.00036425888538360596,
      0.00035712774842977524,
      0.00035572005435824394,
      0.0003192899748682976,
      0.0003659650683403015,
      0.00031287921592593193,
      0.0003352537751197815,
      0.0003351937048137188,
      0.00033979909494519234,
      0.0003323676064610481,
      0.0003501772880554199,
      0.0003329850733280182,
      0.00032958900555968285,
      0.00032799970358610153,
      0.0003121551126241684,
      0.0003081914037466049,
      0.0003120638430118561,
      0.00033103907480835915,
      0.00031157489866018295,
      0.0003272620961070061,
      0.0003149230033159256,
      0.0003322111442685127,
      0.0003064949996769428,
      0.0003207526169717312,
      0.00032678665593266487,
      0.0003430950455367565,
      0.0003279498778283596,
      0.00031995587050914764,
      0.00032441504299640656,
      0.00032983487471938133,
      0.0003264402039349079,
      0.0003175572492182255,
      0.000348052941262722,
      0.0003095078282058239,
      0.0003076051361858845,
      0.0003167386166751385,
      0.00032597780227661133,
      0.00031106825917959213,
      0.000321113970130682,
      0.00035571400076150894,
      0.0003287745639681816,
      0.00032848818227648735,
      0.00035609304904937744,
      0.00033916812390089035,
      0.0003243330866098404,
      0.000329822301864624,
      0.00033952295780181885,
      0.0003132200799882412,
      0.00031334394589066505,
      0.0003445022739470005,
      0.0003190040588378906,
      0.0003141402266919613,
      0.00032555311918258667,
      0.00031848205253481865,
      0.0003218362107872963,
      0.0003367168828845024,
      0.0003080503083765507,
      0.0003344346769154072,
      0.00032869400456547737,
      0.0003154212608933449,
      0.000310645904392004,
      0.0003100442700088024,
      0.00032887421548366547,
      0.0003324449062347412,
      0.0003300029784440994,
      0.0003271661698818207
    ],
    [
      0.00031143566593527794,
      0.00029200315475463867,
      0.000303816981613636,
      0.00030551711097359657,
      0.0002840077504515648,
      0.00032449234277009964,
      0.0003211149014532566,
      0.0003058197908103466,
      0.0004363376647233963,
      0.0004298859275877476,
      0.0003935089334845543,
      0.00042272405698895454,
      0.0004215049557387829,
      0.0004168790765106678,
      0.000425602775067091,
      0.00037380214780569077,
      0.00031100399792194366,
      0.0003106221556663513,
      0.0003079068847000599,
      0.00030753109604120255,
      0.0003224490210413933,
      0.00032801181077957153,
      0.0002966560423374176,
      0.0003268248401582241,
      0.00032188137993216515,
      0.0003349459730088711,
      0.0003649848513305187,
      0.0003180629573762417,
      0.0003699548542499542,
      0.0003472277894616127,
      0.0003022751770913601,
      0.0003151088021695614,
      0.00033504096791148186,
      0.00031329505145549774,
      0.0003461381420493126,
      0.0003795740194618702,
      0.0003178347833454609,
      0.0003444831818342209,
      0.0003229202702641487,
      0.0003328179009258747,
      0.00031545013189315796,
      0.00030536018311977386,
      0.0003614453598856926,
      0.00030028121545910835,
      0.0003302968107163906,
      0.0003367271274328232,
      0.0003048679791390896,
      0.0003142310306429863,
      0.0003085639327764511,
      0.00033235782757401466,
      0.0002995328977704048,
      0.0003055362030863762,
      0.00033439090475440025,
      0.000301385298371315,
      0.0003471239469945431,
      0.00031524011865258217,
      0.00032345065847039223,
