{
  "implementation": "deepspeed_gloo",
  "backend": "gloo",
  "operation": "allgather",
  "num_ranks": 4,
  "tensor_shape": {
    "batch": 16,
    "seq_len": 1,
    "hidden_dim": 2048
  },
  "num_elements": 32768,
  "tensor_size_bytes": 65536,
  "tensor_size_mb": 0.0625,
  "dtype": "bfloat16",
  "warmup_iterations": 10,
  "measurement_iterations": 100,
  "timing_method": "time.perf_counter()",
  "timings": [
    [
      0.00025017326697707176,
      0.00020993873476982117,
      0.00021866429597139359,
      0.00021639280021190643,
      0.00020728912204504013,
      0.00021043187007308006,
      0.00021889200434088707,
      0.00022775400429964066,
      0.00023292191326618195,
      0.0002395077608525753,
      0.0001993938349187374,
      0.0002297176979482174,
      0.00022256700322031975,
      0.00021700281649827957,
      0.0002164929173886776,
      0.00025729695335030556,
      0.0002546282485127449,
      0.00022547459229826927,
      0.0002176542766392231,
      0.0002075941301882267,
      0.00020368117839097977,
      0.000202918890863657,
      0.0001996271312236786,
      0.00021750293672084808,
      0.00023911381140351295,
      0.00021482259035110474,
      0.00021941587328910828,
      0.00026141712442040443,
      0.00024529173970222473,
      0.0002569500356912613,
      0.0002256440930068493,
      0.0002354048192501068,
      0.000234886072576046,
      0.0002668527886271477,
      0.00025280797854065895,
      0.0002542249858379364,
      0.00023250887170433998,
      0.00026446301490068436,
      0.0002329372800886631,
      0.00022922782227396965,
      0.0002504037693142891,
      0.00022131577134132385,
      0.00023955199867486954,
      0.00023686932399868965,
      0.00022529717534780502,
      0.00022896472364664078,
      0.0002472377382218838,
      0.00023309094831347466,
      0.00023669004440307617,
      0.00022818520665168762,
      0.0002197115682065487,
      0.0002272147685289383,
      0.0002279798500239849,
      0.00022826576605439186,
      0.00022956402972340584,
      0.00025590788573026657,
      0.00021018972620368004,
      0.00023816805332899094,
      0.0002662339247763157,
      0.00023010838776826859,
      0.00024311523884534836,
      0.00022893911227583885,
      0.0002208612859249115,
      0.00025980686768889427,
      0.00023211631923913956,
      0.00023353798314929008,
      0.00023261597380042076,
      0.00023328419774770737,
      0.00023602088913321495,
      0.0002177152782678604,
      0.00022088317200541496,
      0.0002480270341038704,
      0.00022570928558707237,
      0.00021413061767816544,
      0.0002348092384636402,
      0.0002560550346970558,
      0.00021674996241927147,
      0.00023044226691126823,
      0.0002475958317518234,
      0.00021992390975356102,
      0.00022694934159517288,
      0.00022689998149871826,
      0.00022870395332574844,
      0.00021834764629602432,
      0.00023422623053193092,
      0.0002283588983118534,
      0.00023129023611545563,
      0.0002361689694225788,
      0.0002289367839694023,
      0.0002282918430864811,
      0.00022333115339279175,
      0.00022286828607320786,
      0.0002253376878798008,
      0.00024074502289295197,
      0.00022630300372838974,
      0.00022929906845092773,
      0.00022247713059186935,
      0.00022649997845292091,
      0.00022394629195332527,
      0.00022165197879076004
    ],
    [
      0.00024798186495900154,
      0.00023124227300286293,
      0.00022489484399557114,
      0.00024277996271848679,
      0.00022294512018561363,
      0.00021980376914143562,
      0.00019987113773822784,
      0.00020968075841665268,
      0.00020122481510043144,
      0.00020064227283000946,
      0.00019861198961734772,
      0.00021295901387929916,
      0.0002292911522090435,
      0.00021012220531702042,
      0.00022942014038562775,
      0.00024374108761548996,
      0.00024115107953548431,
      0.0002310778945684433,
      0.00023736804723739624,
      0.00021974928677082062,
      0.00021867314353585243,
      0.000205277930945158,
      0.0002062697894871235,
      0.00020919973030686378,
      0.00021618977189064026,
      0.00029677804559469223,
      0.00028183916583657265,
      0.000319106038659811,
      0.00025513116270303726,
      0.0002390262670814991,
      0.00021645007655024529,
      0.00025742407888174057,
      0.00026055192574858665,
      0.0002345009706914425,
      0.00023980438709259033,
      0.00023272214457392693,
      0.0002333889715373516,
      0.00024648895487189293,
      0.00023798178881406784,
      0.0002397601492702961,
      0.0002281111665070057,
      0.0002253921702504158,
      0.00023883488029241562,
      0.00022902712225914001,
      0.00022441893815994263,
      0.00023902719840407372,
      0.00024404330179095268,
      0.00022944994270801544,
      0.00024090008810162544,
      0.00022615306079387665,
      0.00023504765704274178,
      0.00021961797028779984,
      0.0002405722625553608,
      0.00023274682462215424,
      0.00022172508761286736,
      0.0002457830123603344,
      0.000224321149289608,
      0.00022200075909495354,
      0.0002578170970082283,
      0.000231252983212471,
      0.00022745085880160332,
      0.00023562368005514145,
      0.00022453488782048225,
      0.00024315016344189644,
      0.0002454048953950405,
      0.0002295142039656639,
      0.00024332385510206223,
      0.0002284478396177292,
      0.00023895781487226486,
      0.00023360224440693855,
      0.0002221912145614624,
      0.00024354690685868263,
      0.0002319319173693657,
      0.00023020897060632706,
      0.00022311927750706673,
      0.00023858435451984406,
      0.00023335497826337814,
      0.00023189373314380646,
      0.00022998498752713203,
      0.00022593000903725624,
      0.00023166602477431297,
      0.00023219315335154533,
      0.00023580295965075493,
      0.00023793382570147514,
      0.00022779172286391258,
      0.0002293991856276989,
      0.00024541886523365974,
      0.0002380460500717163,
      0.00022502196952700615,
      0.00022589880973100662,
      0.00023799389600753784,
      0.00022051017731428146,
      0.00022703176364302635,
      0.00023632310330867767,
      0.00023265881463885307,
      0.00024261930957436562,
      0.00022330321371555328,
      0.00023193098604679108,
      0.00022495212033391,
      0.00022679101675748825
    ],
    [
      0.00023597711697220802,
      0.0002030809409916401,
      0.0002023838460445404,
      0.00022543175145983696,
      0.00021928315982222557,
      0.00021618790924549103,
      0.00019386829808354378,
      0.0002192850224673748,
      0.0002308976836502552,
      0.00021746009588241577,
      0.00020892079919576645,
      0.00023391284048557281,
      0.0002008918672800064,
      0.00022764038294553757,
      0.0002534058876335621,
      0.00024122698232531548,
      0.00023761391639709473,
      0.0002181543968617916,
      0.00022740429267287254,
      0.00020090118050575256,
      0.000205096323043108,
      0.00020667631179094315,
      0.00020450493320822716,
      0.00021226098760962486,
      0.00021511409431695938,
      0.0003012632951140404,
      0.000308407936245203,
      0.00034757470712065697,
      0.00028490275144577026,
      0.00023151468485593796,
      0.00022070994600653648,
      0.00024089915677905083,
      0.0002504470758140087,
      0.00024032965302467346,
      0.00025148363783955574,
      0.00024428777396678925,
      0.0002259756438434124,
      0.0002504512667655945,
      0.0002330569550395012,
      0.00022115511819720268,
      0.0002416381612420082,
      0.00021822797134518623,
      0.0002278229221701622,
      0.0002480768598616123,
      0.0002188277430832386,
      0.00024698395282030106,
      0.00022010598331689835,
      0.0002468661405146122,
      0.00023631006479263306,
      0.0002187429927289486,
      0.00022603198885917664,
      0.0002245432697236538,
      0.0002405117265880108,
      0.0002194419503211975,
