{
  "implementation": "deepspeed_gloo",
  "backend": "gloo",
  "operation": "allreduce",
  "num_ranks": 4,
  "tensor_shape": {
    "batch": 8,
    "seq_len": 2048,
    "hidden_dim": 4096
  },
  "num_elements": 67108864,
  "tensor_size_bytes": 134217728,
  "tensor_size_mb": 128.0,
  "dtype": "bfloat16",
  "warmup_iterations": 10,
  "measurement_iterations": 100,
  "timing_method": "time.perf_counter()",
  "timings": [
    [
      0.1592895188368857,
      0.1519743399694562,
      0.18551752110943198,
      0.14002122590318322,
      0.15432255808264017,
      0.14023453928530216,
      0.1455458807758987,
      0.1657100268639624,
      0.16874292772263288,
      0.15641429368406534,
      0.15262619638815522,
      0.16899113822728395,
      0.1373955081216991,
      0.15349438227713108,
      0.1411645687185228,
      0.17665367014706135,
      0.1530698207207024,
      0.17165513196960092,
      0.16263557178899646,
      0.17454208992421627,
      0.16981182293966413,
      0.17615925194695592,
      0.1535783070139587,
      0.1640739068388939,
      0.16690037492662668,
      0.16105107264593244,
      0.14597382862120867,
      0.17884426889941096,
      0.1520866951905191,
      0.16308233607560396,
      0.17305816104635596,
      0.16553633380681276,
      0.17419700091704726,
      0.17324806423857808,
      0.1850775028578937,
      0.17929508304223418,
      0.15153195383027196,
      0.16499316086992621,
      0.16729459539055824,
      0.16817971132695675,
      0.1516514653339982,
      0.18118221126496792,
      0.188178438693285,
      0.16625659493729472,
      0.13899266812950373,
      0.14082765392959118,
      0.18735272577032447,
      0.15479330904781818,
      0.1759360870346427,
      0.15170923015102744,
      0.15913285221904516,
      0.16540182614699006,
      0.16401202511042356,
      0.1791571700014174,
      0.1405621711164713,
      0.13410872034728527,
      0.15338837588205934,
      0.17741946317255497,
      0.1466687023639679,
      0.13991154404357076,
      0.14030956709757447,
      0.1655945680104196,
      0.17472430877387524,
      0.1742582400329411,
      0.14429244305938482,
      0.17684379406273365,
      0.16373174916952848,
      0.17261294601485133,
      0.16041741892695427,
      0.16669683391228318,
      0.17562494333833456,
      0.17075525503605604,
      0.1377205429598689,
      0.16647536912932992,
      0.17638389486819506,
      0.18219949072226882,
      0.1875926130451262,
      0.1534211072139442,
      0.16469438560307026,
      0.164335822686553,
      0.19094685791060328,
      0.16141665494069457,
      0.1743995314463973,
      0.1535554169677198,
      0.16205143183469772,
      0.15496464492753148,
      0.14031624281778932,
      0.15379955573007464,
      0.16817985195666552,
      0.16944119799882174,
      0.145415510982275,
      0.17853381717577577,
      0.1549962880089879,
      0.16536498395726085,
      0.158899103756994,
      0.15727762877941132,
      0.17317703366279602,
      0.18075570836663246,
      0.14091438613831997,
      0.16902007814496756
    ],
    [
      0.15958209615200758,
      0.1599773708730936,
      0.1855097832158208,
      0.14000354893505573,
      0.15427027456462383,
      0.1482586581259966,
      0.15356143191456795,
      0.16587122296914458,
      0.16856365837156773,
      0.16314400173723698,
      0.15278135100379586,
      0.17698216484859586,
      0.1374305309727788,
      0.1615087753161788,
      0.13883517403155565,
      0.168809253256768,
      0.14518787385895848,
      0.1713957730680704,
      0.17067752312868834,
      0.174556041136384,
      0.16971241310238838,
      0.16831980179995298,
      0.1456849006935954,
      0.16403250396251678,
      0.16682598181068897,
      0.16100817918777466,
      0.15395082905888557,
      0.17888316698372364,
      0.15208406513556838,
      0.16308430582284927,
      0.16519425297155976,
      0.1656222939491272,
      0.16636159410700202,
      0.1732227597385645,
      0.18506315117701888,
      0.17922576470300555,
      0.15133304009214044,
      0.16494412999600172,
      0.16391189023852348,
      0.1681365123949945,
      0.15960685396566987,
      0.1813290137797594,
      0.18032019911333919,
      0.1742295720614493,
      0.13902188185602427,
      0.14076905511319637,
      0.1873443298973143,
      0.1547821587882936,
      0.1759302788414061,
      0.15150369005277753,
      0.1591138644143939,
      0.16536293691024184,
      0.16401734575629234,
      0.1792716346681118,
      0.14056488405913115,
      0.14213088527321815,
      0.15339474705979228,
      0.16942963283509016,
      0.14766272203996778,
      0.13206847617402673,
      0.14827323518693447,
      0.1654184702783823,
      0.16686074202880263,
      0.17410645494237542,
      0.15216943202540278,
      0.17686524987220764,
      0.16364033706486225,
      0.17258327919989824,
      0.1604063049890101,
      0.16670273896306753,
      0.16794677078723907,
      0.1786665190011263,
      0.14146117167547345,
      0.1663079741410911,
      0.1685293042100966,
      0.18216323293745518,
      0.17975353822112083,
      0.15321032889187336,
      0.1648335950449109,
      0.1641536708921194,
      0.1831000130623579,
      0.1634929459542036,
      0.1743387128226459,
      0.14569934085011482,
      0.16195350280031562,
      0.15497785108163953,
      0.14017790462821722,
      0.1617994443513453,
      0.17619979614391923,
      0.16149508068338037,
      0.15337111335247755,
      0.17850910685956478,
      0.1548972660675645,
      0.16551601188257337,
      0.16691011330112815,
      0.16528372606262565,
      0.17303516203537583,
      0.17285435739904642,
      0.14072915306314826,
      0.1691214181482792
    ],
    [
      0.15940575394779444,
      0.1598147968761623,
      0.18546014372259378,
      0.13994754804298282,
      0.15428447909653187,
      0.148074833676219,
      0.15334729896858335,
      0.16586473304778337,
      0.16859756503254175,
      0.16423383634537458,
      0.15277353208512068,
      0.17678256705403328,
      0.13741980586200953,
      0.1613281797617674,
      0.14097638707607985,
      0.17680260725319386,
      0.15322335297241807,
      0.1714048353023827,
      0.17044948460534215,
      0.17457813303917646,
      0.16971417097374797,
      0.17629959480836987,
      0.1514117461629212,
      0.1639090422540903,
      0.1670582597143948,
      0.15317576611414552,
      0.15375089924782515,
      0.1710308543406427,
      0.1521139065735042,
      0.16292872605845332,
      0.1731937201693654,
      0.16565249534323812,
      0.17434932384639978,
      0.173230045940727,
      0.18490403098985553,
      0.17909026518464088,
      0.15136974025517702,
      0.1649459502659738,
      0.16709015192463994,
      0.16797508718445897,
      0.15942039107903838,
      0.18134083086624742,
      0.18830913584679365,
      0.17409506812691689,
      0.1311934762634337,
      0.1407706248573959,
      0.18712658900767565,
      0.1549715120345354,
      0.1758745200932026,
      0.15154287638142705,
      0.15892957104369998,
      0.16551846964284778,
      0.16403158195316792,
      0.17929119104519486,
      0.14056116715073586,
      0.14192874589934945,
      0.1533509842120111,
      0.1772747440263629,
      0.14749900298193097,
      0.14007757510989904,
      0.14805895322933793,
      0.1653898931108415,
      0.1748775690793991,
      0.174059490673244,
      0.15200123377144337,
      0.17686294531449676,
      0.16364493500441313,
      0.17255827505141497,
      0.16025476437062025,
      0.16668373113498092,
      0.17573193181306124,
      0.17850021086633205,
      0.14146484714001417,
      0.16625786200165749,
      0.17652047984302044,
      0.18199850199744105,
      0.1877488032914698,
      0.15318906540051103,
      0.16465456690639257,
      0.16420928994193673,
      0.19109493307769299,
      0.16335221100598574,
