{
  "implementation": "deepspeed_gloo",
  "backend": "gloo",
  "operation": "gather",
  "num_ranks": 4,
  "tensor_shape": {
    "batch": 8,
    "seq_len": 4096,
    "hidden_dim": 2048
  },
  "num_elements": 67108864,
  "tensor_size_bytes": 134217728,
  "tensor_size_mb": 128.0,
  "dtype": "bfloat16",
  "warmup_iterations": 10,
  "measurement_iterations": 100,
  "timing_method": "time.perf_counter()",
  "timings": [
    [
      0.3170946757309139,
      0.3490548017434776,
      0.3322153305634856,
      0.333023888990283,
      0.35546034993603826,
      0.34507594583556056,
      0.31732441671192646,
      0.3410327550955117,
      0.3499714913778007,
      0.33384610805660486,
      0.3354026288725436,
      0.35962077509611845,
      0.34904520213603973,
      0.332080468069762,
      0.32940565003082156,
      0.3506927299313247,
      0.3504085289314389,
      0.32622366724535823,
      0.3594537749886513,
      0.354221252258867,
      0.32686428679153323,
      0.35857838997617364,
      0.35596037190407515,
      0.3331137248314917,
      0.33237706311047077,
      0.3812114200554788,
      0.3702552425675094,
      0.3202699008397758,
      0.3144700932316482,
      0.3407562877982855,
      0.3497819737531245,
      0.3187497849576175,
      0.31779141118749976,
      0.3489850680343807,
      0.34799005556851625,
      0.3213584339246154,
      0.3353231311775744,
      0.3404323779977858,
      0.3268217579461634,
      0.3272927780635655,
      0.3453841698355973,
      0.35391960805281997,
      0.32307619601488113,
      0.3283522487618029,
      0.3791011292487383,
      0.32562880171462893,
      0.3295796229504049,
      0.3432088438421488,
      0.3559479219838977,
      0.33094760589301586,
      0.31833081413060427,
      0.3529493762180209,
      0.3387740789912641,
      0.3241583970375359,
      0.3334922259673476,
      0.3536799061112106,
      0.33910678094252944,
      0.32241295510903,
      0.34088787995278835,
      0.3433157610706985,
      0.3172845337539911,
      0.33246704610064626,
      0.37762225419282913,
      0.32864990597590804,
      0.3190176938660443,
      0.34630477894097567,
      0.35215294174849987,
      0.3339078729040921,
      0.32107004383578897,
      0.3715419829823077,
      0.338622123003006,
      0.31124932784587145,
      0.3163835108280182,
      0.32580467173829675,
      0.31523588206619024,
      0.3188246628269553,
      0.3275706758722663,
      0.3228633049875498,
      0.3003926342353225,
      0.3223794880323112,
      0.3296218039467931,
      0.30968579230830073,
      0.3047798490151763,
      0.3292161743156612,
      0.3302301340736449,
      0.3032154459506273,
      0.3159301779232919,
      0.3475200207903981,
      0.3299526027403772,
      0.3213060055859387,
      0.31853617914021015,
      0.3335900497622788,
      0.32447373401373625,
      0.3195156338624656,
      0.33821956533938646,
      0.33707919996231794,
      0.3133678990416229,
      0.30806960724294186,
      0.339419674128294,
      0.34499703999608755
    ],
    [
      0.10155351273715496,
      0.2571651367470622,
      0.10315337078645825,
      0.18991282070055604,
      0.10463424818590283,
      0.13164711510762572,
      0.21404690016061068,
      0.15222561080008745,
      0.1263861022889614,
      0.11256304988637567,
      0.10247889999300241,
      0.11995389917865396,
      0.15697342483326793,
      0.10803594812750816,
      0.10606219386681914,
      0.13483435567468405,
      0.19505611481145024,
      0.09526395006105304,
      0.23983642412349582,
      0.23624636977910995,
      0.09450850775465369,
      0.2378774704411626,
      0.13744642725214362,
      0.11778813693672419,
      0.15207449300214648,
      0.10530644282698631,
      0.2186648822389543,
      0.12150409677997231,
      0.10094750812277198,
      0.10187207302078605,
      0.11210403311997652,
      0.09145864378660917,
      0.20444156788289547,
      0.10398028697818518,
      0.18322611832991242,
      0.09682982787489891,
      0.22105694189667702,
      0.10879640094935894,
      0.10545416874811053,
      0.22443451406434178,
      0.11545729078352451,
      0.22224574489519,
      0.10356241930276155,
      0.2222829177044332,
      0.13103166781365871,
      0.1056034890934825,
      0.17441015969961882,
      0.2256450173445046,
      0.257231074385345,
      0.22038447111845016,
      0.09239538619294763,
      0.2346609770320356,
      0.24142923625186086,
      0.10806283913552761,
      0.1743427631445229,
      0.2219944316893816,
      0.10872890893369913,
      0.11865182593464851,
      0.10573358181864023,
      0.24306686222553253,
      0.10145382070913911,
      0.18250856781378388,
      0.11546989576891065,
      0.106142055708915,
      0.09192072879523039,
      0.17598807578906417,
      0.12328617786988616,
      0.23221803409978747,
      0.10379859758540988,
      0.11487699998542666,
      0.09187129884958267,
      0.10014290316030383,
      0.16454760497435927,
      0.1097799502313137,
      0.10876802308484912,
      0.21642042277380824,
      0.22715736599639058,
      0.18634457513689995,
      0.09270690195262432,
      0.10012159496545792,
      0.11245926516130567,
      0.1149193299934268,
      0.09925285493955016,
      0.10378116182982922,
      0.1355361961759627,
      0.09270802093669772,
      0.216336143668741,
      0.11156000383198261,
      0.23155494686216116,
      0.10124832531437278,
      0.09461616398766637,
      0.11827394319698215,
      0.09694197587668896,
      0.15886948676779866,
      0.09348954306915402,
      0.23420167993754148,
      0.10020765941590071,
      0.19162605796009302,
      0.11572299571707845,
      0.13615519599989057
    ],
    [
      0.2272087810561061,
      0.25209766207262874,
      0.23136584600433707,
      0.23245713533833623,
      0.23703975602984428,
      0.24739550799131393,
      0.21827742224559188,
      0.2326257899403572,
      0.25243882182985544,
      0.2343031531199813,
      0.19108161702752113,
      0.24478514632210135,
      0.2455086768604815,
      0.2315369606949389,
      0.22936242166906595,
      0.24028816586360335,
      0.2514863880351186,
      0.226672715973109,
      0.2416088217869401,
      0.25214632088318467,
      0.228351391851902,
      0.24181788275018334,
      0.2575279278680682,
      0.23253050679340959,
      0.2259226432070136,
      0.27664171531796455,
      0.25799221778288484,
      0.22128511080518365,
      0.2185849603265524,
      0.22908272128552198,
      0.24876130186021328,
      0.2214178559370339,
      0.2219687607139349,
      0.23459081491455436,
      0.24297966063022614,
      0.2231164202094078,
      0.22371730115264654,
      0.23720957897603512,
      0.22884976584464312,
      0.22631745506078005,
      0.2380342842079699,
      0.25036147702485323,
      0.22200916707515717,
      0.22351828590035439,
      0.1956661813892424,
      0.2311454531736672,
      0.22841864684596658,
      0.23571300832554698,
      0.12973298178985715,
      0.13967697322368622,
      0.22002418199554086,
      0.23565517691895366,
      0.24323698040097952,
      0.22536609787493944,
      0.22807650500908494,
      0.25470983888953924,
      0.2373778149485588,
      0.21901089185848832,
      0.23226632922887802,
      0.24016040284186602,
      0.2174033452756703,
      0.2306136372499168,
      0.250858339946717,
      0.23110183607786894,
      0.22107598185539246,
      0.2333802878856659,
      0.2540822369046509,
      0.23368788417428732,
      0.22119599115103483,
      0.24211014015600085,
      0.24482031259685755,
      0.21356041124090552,
      0.21563414484262466,
      0.23005200317129493,
      0.22242415370419621,
      0.19374168384820223,
      0.2327812728472054,
      0.23134354827925563,
      0.20849493891000748,
      0.21781788999214768,
      0.23800741089507937,
      0.1739699561148882,
      0.21097364695742726,
      0.2248116177506745,
