{
  "implementation": "deepspeed_gloo",
  "backend": "gloo",
  "operation": "broadcast",
  "num_ranks": 4,
  "tensor_shape": {
    "batch": 32,
    "seq_len": 8192,
    "hidden_dim": 4096
  },
  "num_elements": 1073741824,
  "tensor_size_bytes": 2147483648,
  "tensor_size_mb": 2048.0,
  "dtype": "bfloat16",
  "warmup_iterations": 10,
  "measurement_iterations": 100,
  "timing_method": "time.perf_counter()",
  "timings": [
    [
      0.7471459773369133,
      0.7999491863884032,
      0.8308768812566996,
      0.8395484760403633,
      0.8379539889283478,
      0.8604251630604267,
      0.8351830220781267,
      0.8533239467069507,
      0.8596395431086421,
      0.8429466630332172,
      0.7997550913132727,
      0.8290180079638958,
      0.8076100358739495,
      0.8455158639699221,
      0.8272753916680813,
      0.8491196180693805,
      0.8520961059257388,
      0.7928567077033222,
      0.8589419163763523,
      0.8820722531527281,
      0.8875603480264544,
      0.8969849040731788,
      0.8852420849725604,
      0.8913909271359444,
      0.8913393868133426,
      0.8477706089615822,
      0.8529901341535151,
      0.8600326250307262,
      0.7591554350219667,
      0.8565285438671708,
      0.8440026650205255,
      0.8448516977950931,
      0.8495842101983726,
      0.856855439953506,
      0.8608727250248194,
      0.864255593623966,
      0.8573938710615039,
      0.8605666062794626,
      0.8493796410039067,
      0.7773358630947769,
      0.8663294711150229,
      0.8599908212199807,
      0.8938466971740127,
      0.8945971890352666,
      0.8917290237732232,
      0.9064764180220664,
      0.9110884638503194,
      0.9018142079003155,
      0.8848766712471843,
      0.8404424889013171,
      0.8553336020559072,
      0.8338777092285454,
      0.8298049480654299,
      0.8553195190615952,
      0.8301937971264124,
      0.8449964229948819,
      0.8358539091423154,
      0.8919426994398236,
      0.8630325850099325,
      0.8735875878483057,
      0.7684293896891177,
      0.9308888269588351,
      0.880189566873014,
      0.885780286975205,
      0.8516123900189996,
      0.8890666151419282,
      0.9187699486501515,
      0.9087074790149927,
      0.9332906501367688,
      0.8666813792660832,
      0.8525503780692816,
      0.8517085700295866,
      0.856046651955694,
      0.8654736080206931,
      0.8411076450720429,
      0.8689612448215485,
      0.8282778020948172,
      0.8599265897646546,
      0.8409945797175169,
      0.8335681706666946,
      0.8408872834406793,
      0.7569582290016115,
      0.846011727117002,
      0.9149718177504838,
      0.807976168114692,
      0.8152367537841201,
      0.8739052987657487,
      0.8777395081706345,
      0.8813631772063673,
      0.8891171528957784,
      0.900057652965188,
      0.8850970999337733,
      0.8859986350871623,
      0.9142030007205904,
      0.8573519699275494,
      0.8215215508826077,
      0.8257332532666624,
      0.8455242356285453,
      0.8249999433755875,
      0.9109875401481986
    ],
    [
      0.7454188573174179,
      1.2331003053113818,
      1.2498999582603574,
      0.8646141928620636,
      1.2535068467259407,
      0.8765025320462883,
      0.8492230051197112,
      0.8704964849166572,
      0.8781505152583122,
      1.2498238701373339,
      0.8184578260406852,
      0.8520973147824407,
      0.8294628290459514,
      0.8520516171120107,
      0.8390818159095943,
      0.8633014061488211,
      0.8701172238215804,
      0.8077941229566932,
      0.8658206202089787,
      0.9025692590512335,
      0.9066418283618987,
      0.9338484429754317,
      0.9078892399556935,
      0.9053531959652901,
      0.9023454319685698,
      0.8558627218008041,
      0.8533558617345989,
      0.8766089957207441,
      0.7758571868762374,
      0.8781746211461723,
      1.2877459079027176,
      0.8692534770816565,
      0.873261037748307,
      0.8844410390593112,
      0.8815295710228384,
      0.8847519061528146,
      0.872620870359242,
      0.8848351240158081,
      0.8664771313779056,
      0.7950142142362893,
      0.8908571330830455,
      0.870776120107621,
      0.9132237108424306,
      0.9317412823438644,
      0.9129023519344628,
      0.9214312843978405,
      0.9305777787230909,
      0.9224542281590402,
      0.9250725787132978,
      0.8737569809891284,
      0.8840149571187794,
      0.8521271282806993,
      0.8523483672179282,
      0.8746204427443445,
      0.8571371850557625,
      0.8730238880962133,
      0.8597052260302007,
      0.9171333257108927,
      0.8854961320757866,
      0.8988923258148134,
      1.1508654956705868,
      0.9511532331816852,
      0.8824348361231387,
      0.9097013371065259,
      0.8588291276246309,
      0.92553985491395,
      0.9421415710821748,
      0.9228988182730973,
      0.9498641290701926,
      0.9058492272160947,
      0.903496767859906,
      0.8781119110062718,
      0.8938828869722784,
      1.3079045950435102,
      0.85880331043154,
      0.8984198276884854,
      0.852978971786797,
      0.8898043050430715,
      0.86113416031003,
      0.8424465288408101,
      0.8649851796217263,
      0.7763306526467204,
      0.8716557589359581,
      1.345569761004299,
      0.83183383801952,
      0.8432011562399566,
      0.8995428569614887,
      0.8893467928282917,
      0.8911199755966663,
      0.8971698228269815,
      0.937719538807869,
      0.9109720550477505,
      0.9127199430949986,
      0.9311298639513552,
      0.8945648688822985,
      0.8431484121829271,
      0.8505324739962816,
      1.2632878511212766,
      0.8480311520397663,
      1.4252087259665132
    ],
    [
      0.7551633641123772,
      0.413429067004472,
      0.40651458501815796,
      0.8475879891775548,
      0.42217404674738646,
      0.8684394080191851,
      0.8431794689968228,
      0.8613322088494897,
      0.8676026538014412,
      0.41675160732120275,
      0.8077650186605752,
      0.8370269029401243,
      0.8156268773600459,
      0.8535214350558817,
      0.8352988180704415,
      0.8571194391697645,
      0.8601064621470869,
      0.8008612850680947,
      0.8669449724256992,
      0.8900875747203827,
      0.89556246669963,
      0.9049745951779187,
      0.8932879916392267,
      0.8993921489454806,
      0.8993563423864543,
      0.8557796608656645,
      0.8529396071098745,
      0.8599841529503465,
      0.7671513948589563,
      0.8645278452895582,
      0.43425537273287773,
      0.8528553629294038,
      0.8575965818017721,
      0.8648796160705388,
      0.8688726490363479,
      0.8722677668556571,
      0.8654127507470548,
      0.8685832060873508,
      0.8574041789397597,
      0.7853263299912214,
      0.8743466855958104,
      0.8679784280247986,
      0.9018491520546377,
      0.9026096612215042,
      0.899745075032115,
      0.9144786549732089,
      0.9191272519528866,
      0.9098231228999794,
      0.8928954950533807,
      0.8484544386155903,
      0.8633455820381641,
      0.8418975402601063,
      0.8378176959231496,
      0.8633208847604692,
      0.8382074721157551,
      0.8530086427927017,
      0.8438546201214194,
      0.8999570719897747,
      0.8710469440557063,
      0.8815939710475504,
      0.4110381109640002,
      0.9308821079321206,
      0.8882099082693458,
      0.8937682309187949,
      0.8596089091151953,
      0.8970699370838702,
      0.9267821861431003,
      0.9167507020756602,
      0.9412919068709016,
      0.8746757660992444,
      0.8605558420531452,
      0.8597165178507566,
      0.864114398136735,
      0.4477413152344525,
      0.8411002829670906,
      0.876985820941627,
      0.8362864251248538,
      0.867936572059989,
      0.8489952879026532,
      0.841587427072227,
      0.8488875101320446,
      0.7649710290133953,
      0.8540150029584765,
      0.5083864722400904,
      0.8159949849359691,
      0.8232556949369609,
      0.8819171767681837,
      0.8857588642276824,
      0.8893777490593493,
      0.8971408531069756,
      0.9080847278237343,
