{
  "implementation": "deepspeed_gloo",
  "backend": "gloo",
  "operation": "allgather",
  "num_ranks": 4,
  "tensor_shape": {
    "batch": 1,
    "seq_len": 4096,
    "hidden_dim": 4096
  },
  "num_elements": 16777216,
  "tensor_size_bytes": 33554432,
  "tensor_size_mb": 32.0,
  "dtype": "bfloat16",
  "warmup_iterations": 10,
  "measurement_iterations": 100,
  "timing_method": "time.perf_counter()",
  "timings": [
    [
      0.10482608899474144,
      0.1072142580524087,
      0.10714344261214137,
      0.10477972216904163,
      0.11003067390993237,
      0.10076159704476595,
      0.11475969990715384,
      0.10420655272901058,
      0.10809046169742942,
      0.10761935310438275,
      0.10784206306561828,
      0.10459860600531101,
      0.10133045772090554,
      0.10650547640398145,
      0.10494259232655168,
      0.10122395493090153,
      0.10793736996129155,
      0.10459945118054748,
      0.10953856911510229,
      0.10837164800614119,
      0.10770725505426526,
      0.11012942204251885,
      0.10877772700041533,
      0.10666885180398822,
      0.10768258618190885,
      0.10445943102240562,
      0.10350509034469724,
      0.1033356236293912,
      0.10677909990772605,
      0.10943715879693627,
      0.1049471921287477,
      0.10187873477116227,
      0.10829107090830803,
      0.10521302511915565,
      0.10503854788839817,
      0.10691320290789008,
      0.10702164936810732,
      0.10367447789758444,
      0.10393014783039689,
      0.10786879016086459,
      0.10134003823623061,
      0.10361652076244354,
      0.10221846913918853,
      0.1091929697431624,
      0.10275370301678777,
      0.10595040442422032,
      0.10841220803558826,
      0.10498246317729354,
      0.10941407829523087,
      0.10305937007069588,
      0.1061918931081891,
      0.10926463734358549,
      0.10750896111130714,
      0.103633145801723,
      0.1090926080942154,
      0.10414825100451708,
      0.10591375082731247,
      0.10887195728719234,
      0.10511406930163503,
      0.1057717869989574,
      0.1092042070813477,
      0.10391308180987835,
      0.10345376608893275,
      0.10475448286160827,
      0.10889483382925391,
      0.10432122508063912,
      0.10476471204310656,
      0.10905918013304472,
      0.10492967814207077,
      0.1051208907738328,
      0.10086730727925897,
      0.10454235877841711,
      0.10389282181859016,
      0.10191962728276849,
      0.10594445606693625,
      0.10822863085195422,
      0.10176427196711302,
      0.10823067929595709,
      0.10087392898276448,
      0.1028734901919961,
      0.11015344224870205,
      0.10229677008464932,
      0.10240616695955396,
      0.10501014487817883,
      0.11159989982843399,
      0.10667045973241329,
      0.10648546228185296,
      0.10441064415499568,
      0.10602305317297578,
      0.10535011999309063,
      0.11698382487520576,
      0.10527771804481745,
      0.10769859608262777,
      0.1022007092833519,
      0.10102014010772109,
      0.10663476400077343,
      0.10497050080448389,
      0.10560613078996539,
      0.10473214369267225,
      0.10667249606922269
    ],
    [
      0.10503501677885652,
      0.1066599078476429,
      0.10719837201759219,
      0.10533758625388145,
      0.10812454298138618,
      0.10110815009102225,
      0.10630303993821144,
      0.10590988583862782,
      0.10836591199040413,
      0.10805590311065316,
      0.10589336976408958,
      0.10426505701616406,
      0.10236842185258865,
      0.10575181106105447,
      0.10488731833174825,
      0.10180039098486304,
      0.10799166513606906,
      0.10571261495351791,
      0.11039022915065289,
      0.10496702091768384,
      0.1040702280588448,
      0.11072748713195324,
      0.10877901501953602,
      0.10639975406229496,
      0.1084022712893784,
      0.104839735198766,
      0.10756436921656132,
      0.1039341390132904,
      0.10718177491798997,
      0.1093597779981792,
      0.10523158311843872,
      0.10285886097699404,
      0.10766362305730581,
      0.10546588571742177,
      0.10533469403162599,
      0.10494291130453348,
      0.10681995004415512,
      0.10375306382775307,
      0.10413697035983205,
      0.10785281425341964,
      0.10471082525327802,
      0.10516699496656656,
      0.1009525409899652,
      0.1094360793940723,
      0.10338943405076861,
      0.10621259082108736,
      0.10902637243270874,
      0.10360611602663994,
      0.10996888624504209,
      0.10413408000022173,
      0.10404434939846396,
      0.10963110299780965,
      0.10766040394082665,
      0.10459386091679335,
      0.10612801788374782,
      0.10571186011657119,
      0.10378405777737498,
      0.1036674459464848,
      0.10527411988005042,
      0.10517974803224206,
      0.10762929916381836,
      0.10452473675832152,
      0.10284707089886069,
      0.10484881838783622,
      0.10247905598953366,
      0.10476686526089907,
      0.10095185600221157,
      0.10849008802324533,
      0.10491528129205108,
      0.10354278888553381,
      0.10049538826569915,
      0.10374525701627135,
      0.10433563590049744,
      0.10312773194164038,
      0.10651299124583602,
      0.10993009712547064,
      0.10139633202925324,
      0.10452482989057899,
      0.10130071826279163,
      0.10574372904375196,
      0.1088941409252584,
      0.10018682200461626,
      0.10334797203540802,
      0.10610953066498041,
      0.10945103596895933,
      0.10415853699669242,
      0.10693299770355225,
      0.10504591977223754,
      0.10569459619000554,
      0.10467256885021925,
      0.10661018965765834,
      0.10349788190796971,
      0.10830089310184121,
      0.10586831718683243,
      0.1020851437933743,
      0.10683267889544368,
      0.10394362220540643,
      0.10539285279810429,
      0.10610372293740511,
      0.11578449094668031
    ],
    [
      0.10505588306114078,
      0.10571685107424855,
      0.10578696569427848,
      0.10246890923008323,
      0.10879294900223613,
      0.10062151774764061,
      0.10286361305043101,
      0.10461495909839869,
      0.10757604287937284,
      0.10497397184371948,
      0.10557556618005037,
      0.10452808300033212,
      0.10290037700906396,
      0.10700309323146939,
      0.10479699727147818,
      0.10279080737382174,
      0.10744607402011752,
      0.10571428574621677,
      0.11095418920740485,
      0.10592632601037621,
      0.10502930171787739,
      0.10921337502077222,
      0.10882200812920928,
      0.10481971595436335,
      0.10749326599761844,
      0.10355012537911534,
      0.10790205094963312,
      0.10573503281921148,
      0.10713943978771567,
      0.10781706823036075,
      0.10520511493086815,
      0.10283719096332788,
      0.1064680409617722,
      0.0987763199955225,
      0.10621314402669668,
      0.1042581107467413,
      0.10053265886381269,
      0.1008993168361485,
      0.10119914915412664,
      0.10364858293905854,
      0.1046514161862433,
      0.10510270018130541,
      0.10161313228309155,
      0.1095364079810679,
      0.10168017214164138,
      0.107536846306175,
      0.10599740501493216,
      0.10400807578116655,
      0.10875995783135295,
      0.10515896091237664,
      0.10566168697550893,
      0.10815499210730195,
      0.10655715083703399,
      0.10507161123678088,
      0.1066988636739552,
      0.10628918698057532,
      0.10351599520072341,
      0.10290012881159782,
      0.10253196908161044,
      0.10336527787148952,
      0.10605795122683048,
      0.10317035112529993,
      0.10330028273165226,
      0.11101624788716435,
      0.10658326931297779,
      0.09963805973529816,
      0.10258316993713379,
      0.10731188487261534,
      0.10238575981929898,
      0.10896808607503772,
      0.09927765280008316,
      0.10267522092908621,
      0.10168278310447931,
      0.10372696723788977,
      0.10535782296210527,
      0.11052956199273467,
      0.0998430261388421,
      0.10395862301811576,
      0.09884683787822723,
      0.1076242420822382,
      0.10900765378028154,
