{
  "implementation": "deepspeed_gloo",
  "backend": "gloo",
  "operation": "allgather",
  "num_ranks": 4,
  "tensor_shape": {
    "batch": 8,
    "seq_len": 1,
    "hidden_dim": 4096
  },
  "num_elements": 32768,
  "tensor_size_bytes": 65536,
  "tensor_size_mb": 0.0625,
  "dtype": "bfloat16",
  "warmup_iterations": 10,
  "measurement_iterations": 100,
  "timing_method": "time.perf_counter()",
  "timings": [
    [
      0.0002583879977464676,
      0.0002726842649281025,
      0.0002497010864317417,
      0.0002525416202843189,
      0.00023697083815932274,
      0.0002318369224667549,
      0.00023556919768452644,
      0.00023313704878091812,
      0.00023095915094017982,
      0.00023638084530830383,
      0.00021565984934568405,
      0.0002360893413424492,
      0.00022255489602684975,
      0.00021975114941596985,
      0.000224200077354908,
      0.0002425280399620533,
      0.0002238750457763672,
      0.00022944295778870583,
      0.00023514172062277794,
      0.00023687584325671196,
      0.00022249901667237282,
      0.00022015022113919258,
      0.0002216012217104435,
      0.00023673614487051964,
      0.00023375311866402626,
      0.0002455250360071659,
      0.00022278819233179092,
      0.00023368699476122856,
      0.00024248706176877022,
      0.00022664200514554977,
      0.00023157568648457527,
      0.00024197902530431747,
      0.00022276397794485092,
      0.00023046927526593208,
      0.0002231420949101448,
      0.00023059872910380363,
      0.00022597704082727432,
      0.00021497812122106552,
      0.00022065499797463417,
      0.00021650688722729683,
      0.00023616384714841843,
      0.00023364974185824394,
      0.00021685287356376648,
      0.00021856185048818588,
      0.00022742897272109985,
      0.0002376423217356205,
      0.00021663308143615723,
      0.0002199229784309864,
      0.00022394489496946335,
      0.00022647297009825706,
      0.00023142481222748756,
      0.0002246391959488392,
      0.00022812001407146454,
      0.00022033369168639183,
      0.00022205617278814316,
      0.0002366621047258377,
      0.000218292698264122,
      0.000224946066737175,
      0.000240338034927845,
      0.0002344711683690548,
      0.00022100377827882767,
      0.0002295970916748047,
      0.00023756502196192741,
      0.00022868672385811806,
      0.00022167013958096504,
      0.00024421606212854385,
      0.00021602818742394447,
      0.0002244538627564907,
      0.00023847492411732674,
      0.0002208673395216465,
      0.00022244220599532127,
      0.0002240738831460476,
      0.00022004591301083565,
      0.00024631014093756676,
      0.00021657999604940414,
      0.00023007672280073166,
      0.0002210899256169796,
      0.00022873003035783768,
      0.00019941432401537895,
      0.0002495008520781994,
      0.00022330693900585175,
      0.0002480708062648773,
      0.00023438036441802979,
      0.00022304290905594826,
      0.00022549601271748543,
      0.0002507399767637253,
      0.0002248683013021946,
      0.0002222210168838501,
      0.00022875284776091576,
      0.00024195900186896324,
      0.00022916588932275772,
      0.00021881377324461937,
      0.00023727305233478546,
      0.00021947268396615982,
      0.00021430198103189468,
      0.0002405489794909954,
      0.00021654227748513222,
      0.00023690704256296158,
      0.00022076815366744995,
      0.00022277608513832092
    ],
    [
      0.00027993088588118553,
      0.0002389969304203987,
      0.00025088898837566376,
      0.00022978289052844048,
      0.0002506976015865803,
      0.00025100307539105415,
      0.00021941401064395905,
      0.00023694289848208427,
      0.00022917473688721657,
      0.00023088790476322174,
      0.00024477019906044006,
      0.00023518968373537064,
      0.0002320702187716961,
      0.00022225966677069664,
      0.00022431090474128723,
      0.0002308487892150879,
      0.0002256082370877266,
      0.0002177441492676735,
      0.00022399099543690681,
      0.00022647995501756668,
      0.00022037606686353683,
      0.00023279432207345963,
      0.0002170940861105919,
      0.00023173028603196144,
      0.00023269280791282654,
      0.0002369931899011135,
      0.00022843480110168457,
      0.00022912397980690002,
      0.00022948067635297775,
      0.00022186106070876122,
      0.0002290136180818081,
      0.00022481288760900497,
      0.00022826297208666801,
      0.00023856014013290405,
      0.0002245730720460415,
      0.00021941307932138443,
      0.00022875797003507614,
      0.00022643432021141052,
      0.000233503058552742,
      0.00021899910643696785,
      0.00023106811568140984,
      0.00022098002955317497,
      0.00022033089771866798,
      0.00022252090275287628,
      0.00021840818226337433,
      0.00021800771355628967,
      0.0002269148826599121,
      0.00022891024127602577,
      0.00022267410531640053,
      0.00023012980818748474,
      0.00023084599524736404,
      0.00023215077817440033,
      0.00022170599550008774,
      0.00023237289860844612,
      0.00022819265723228455,
      0.00023024389520287514,
      0.00022901594638824463,
      0.00021910108625888824,
      0.00021371478214859962,
      0.00023614801466464996,
      0.0002261502668261528,
      0.00022454792633652687,
      0.0002397242933511734,
      0.00022928789258003235,
      0.00021913927048444748,
      0.0002280627377331257,
      0.0002190740779042244,
      0.00023357197642326355,
      0.0002259328030049801,
      0.00022876914590597153,
      0.00021644821390509605,
      0.00023439200595021248,
      0.00021949131041765213,
      0.0002260170876979828,
      0.00022373488172888756,
      0.0002295970916748047,
      0.00022419309243559837,
      0.0002305298112332821,
      0.00024020113050937653,
      0.0002233339473605156,
      0.00022055208683013916,
      0.00023779598996043205,
      0.00023970333859324455,
      0.00022448692470788956,
      0.00023376569151878357,
      0.0002285749651491642,
      0.00022224010899662971,
      0.00024301791563630104,
      0.00023357616737484932,
      0.00021807709708809853,
      0.0002288278192281723,
      0.00022521009668707848,
      0.0002439958043396473,
      0.00021552015095949173,
      0.00022412603721022606,
      0.00023363018408417702,
      0.00021654926240444183,
      0.00022330135107040405,
      0.0002426840364933014,
      0.00022607296705245972
    ],
    [
      0.0002926359884440899,
      0.00023601623252034187,
      0.00025441311299800873,
      0.00023485161364078522,
      0.00024598417803645134,
      0.00023828307166695595,
      0.0002255546860396862,
      0.0002245320938527584,
      0.00022123614326119423,
      0.00024162093177437782,
      0.00022138282656669617,
      0.0002246098592877388,
      0.00023230770602822304,
      0.00020900601521134377,
      0.00022847764194011688,
      0.00024019880220294,
      0.0002203918993473053,
      0.00023340806365013123,
      0.00024481816217303276,
      0.00023176800459623337,
      0.00023099081590771675,
      0.00022150902077555656,
      0.00021928921341896057,
      0.00024086935445666313,
      0.00021658185869455338,
      0.00024394085630774498,
      0.0002130279317498207,
      0.0002282746136188507,
      0.00023365113884210587,
      0.0002380632795393467,
      0.00022833701223134995,
      0.00022640684619545937,
      0.0002313130535185337,
      0.0002183588221669197,
      0.00021839188411831856,
      0.00023278966546058655,
      0.00022377679124474525,
      0.00021890085190534592,
      0.00021765194833278656,
      0.00021288124844431877,
      0.00022659683600068092,
      0.00023059220984578133,
      0.00021490221843123436,
      0.00021638814359903336,
      0.00023509282618761063,
      0.00022841058671474457,
      0.00021493388339877129,
      0.0002262229099869728,
      0.00020849797874689102,
      0.00023406697437167168,
      0.00022169295698404312,
      0.0002211201936006546,
      0.00022191088646650314,
      0.0002340329810976982,
