{
  "implementation": "deepspeed_gloo",
  "backend": "gloo",
  "operation": "allreduce",
  "num_ranks": 4,
  "tensor_shape": {
    "batch": 8,
    "seq_len": 4096,
    "hidden_dim": 2048
  },
  "num_elements": 67108864,
  "tensor_size_bytes": 134217728,
  "tensor_size_mb": 128.0,
  "dtype": "bfloat16",
  "warmup_iterations": 10,
  "measurement_iterations": 100,
  "timing_method": "time.perf_counter()",
  "timings": [
    [
      0.1502236407250166,
      0.164066466037184,
      0.16375424014404416,
      0.1790993888862431,
      0.1794854891486466,
      0.14099882123991847,
      0.16443824907764792,
      0.1475396491587162,
      0.14853648003190756,
      0.17885063495486975,
      0.15550072211772203,
      0.15885993093252182,
      0.1732579180970788,
      0.16387143963947892,
      0.1585828261449933,
      0.1727382941171527,
      0.18728811480104923,
      0.16574301524087787,
      0.1884169108234346,
      0.1751364739611745,
      0.16454504476860166,
      0.15974073857069016,
      0.14115532208234072,
      0.1649732468649745,
      0.15288002975285053,
      0.18199413502588868,
      0.1579875973984599,
      0.17316246312111616,
      0.15704061090946198,
      0.17645028606057167,
      0.1533293928951025,
      0.16712100384756923,
      0.16566749708727002,
      0.1657139891758561,
      0.15815178072080016,
      0.15211780183017254,
      0.1524615720845759,
      0.1651553139090538,
      0.17645768728107214,
      0.1727903219871223,
      0.16585174296051264,
      0.1467303722165525,
      0.13255030987784266,
      0.16037219017744064,
      0.14771858230233192,
      0.1485654409043491,
      0.16258409013971686,
      0.16356104100123048,
      0.1646448508836329,
      0.15355991572141647,
      0.16058833384886384,
      0.17574240267276764,
      0.15464034862816334,
      0.17125526908785105,
      0.15206501819193363,
      0.16234024427831173,
      0.15310507779940963,
      0.16482163732871413,
      0.16941923322156072,
      0.16083531267940998,
      0.14568623807281256,
      0.15466669667512178,
      0.1375863067805767,
      0.15257937228307128,
      0.16776781529188156,
      0.1718994309194386,
      0.16277558589354157,
      0.16500992979854345,
      0.16628882521763444,
      0.18985561607405543,
      0.18272218108177185,
      0.1731439409777522,
      0.1864914931356907,
      0.165174990426749,
      0.16570142516866326,
      0.15549157792702317,
      0.17648238129913807,
      0.17252399399876595,
      0.1889855582267046,
      0.15381845319643617,
      0.16766211530193686,
      0.15646282117813826,
      0.17858310183510184,
      0.16746470518410206,
      0.17642369586974382,
      0.15203833626583219,
      0.1718780379742384,
      0.1605372168123722,
      0.14940781891345978,
      0.16675032023340464,
      0.16709812358021736,
      0.17724005319178104,
      0.16281452495604753,
      0.17669638898223639,
      0.1676807631738484,
      0.1741512049920857,
      0.14179776795208454,
      0.1746901459991932,
      0.1437485357746482,
      0.16650434490293264
    ],
    [
      0.14996648719534278,
      0.1561908032745123,
      0.16374153085052967,
      0.1791080329567194,
      0.17949021188542247,
      0.14099651435390115,
      0.16443499876186252,
      0.14736009994521737,
      0.14866002602502704,
      0.17860263027250767,
      0.14763601636514068,
      0.16611499339342117,
      0.17329680966213346,
      0.16386580606922507,
      0.15853279177099466,
      0.1727344850078225,
      0.18741909367963672,
      0.1656984663568437,
      0.1805742010474205,
      0.1749162939377129,
      0.1643762867897749,
      0.15973165724426508,
      0.141170434653759,
      0.15701870620250702,
      0.15266124112531543,
      0.18197433184832335,
      0.16598306177183986,
      0.16527220467105508,
      0.1570254131220281,
      0.17640126729384065,
      0.15326593723148108,
      0.15913235116750002,
      0.1578070898540318,
      0.16550026182085276,
      0.1604303391650319,
      0.15210433397442102,
      0.1524587208405137,
      0.15730666322633624,
      0.17621387587860227,
      0.17275193892419338,
      0.17385905096307397,
      0.15245871106162667,
      0.1405862458050251,
      0.16034271102398634,
      0.14752095472067595,
      0.14066333370283246,
      0.16556895384564996,
      0.16339967586100101,
      0.15680830786004663,
      0.1533718090504408,
      0.16072370624169707,
      0.1678361650556326,
      0.1467226156964898,
      0.17924828175455332,
      0.16005562990903854,
      0.16218490293249488,
      0.1530948979780078,
      0.15699881501495838,
      0.1750256670638919,
      0.1608433430083096,
      0.1536931530572474,
      0.15446633100509644,
      0.13937367219477892,
      0.15255615767091513,
      0.17577573331072927,
      0.17185092298313975,
      0.1627329862676561,
      0.16477906703948975,
      0.17423600889742374,
      0.18203010596334934,
      0.18242573319002986,
      0.17314414400607347,
      0.1864595883525908,
      0.17318292381241918,
      0.1654947642236948,
      0.14764829305931926,
      0.17627293895930052,
      0.16485450882464647,
      0.189107081387192,
      0.15380943519994617,
      0.16660516383126378,
      0.15620686206966639,
      0.1707331370562315,
      0.16726920707151294,
      0.17621495109051466,
      0.15178490383550525,
      0.16399692790582776,
      0.1612858516164124,
      0.14942839508876204,
      0.16689443215727806,
      0.16716135013848543,
      0.16935788420960307,
      0.1629433799535036,
      0.17661627428606153,
      0.15983581682667136,
      0.17391175124794245,
      0.14157161070033908,
      0.17473211092874408,
      0.15173281589522958,
      0.16656314674764872
    ],
    [
      0.15011843293905258,
      0.16422578925266862,
      0.1635920498520136,
      0.17909169616177678,
      0.17948829988017678,
      0.14099568780511618,
      0.1644584108144045,
      0.14738351432606578,
      0.14867050806060433,
      0.1786620020866394,
      0.1549998470582068,
      0.16597014712169766,
      0.1732257828116417,
      0.1636685337871313,
      0.15071409801021218,
      0.17275830125436187,
      0.18743681069463491,
      0.1656807390972972,
      0.18856450263410807,
      0.1749676801264286,
      0.1643556971102953,
      0.15966881485655904,
      0.1333221741952002,
      0.16491735400632024,
      0.15273723006248474,
      0.18183537386357784,
      0.16578445816412568,
      0.1707967957481742,
      0.15706333704292774,
      0.1763682127930224,
      0.15325987804681063,
      0.16463137790560722,
      0.16582525707781315,
      0.16557343397289515,
      0.1604130850173533,
      0.1520828679203987,
      0.1446312079206109,
      0.1653047250583768,
      0.17628305265679955,
      0.17291369196027517,
      0.17368963919579983,
      0.15251301415264606,
      0.14037990383803844,
      0.16034496063366532,
      0.14748616190627217,
      0.14868527604267,
      0.1656084950082004,
      0.16337108612060547,
      0.16481003677472472,
      0.15337006887421012,
      0.16072041122242808,
      0.17586182989180088,
      0.154751593247056,
      0.17907362477853894,
      0.15990284737199545,
      0.16217034310102463,
      0.1529134139418602,
      0.1649968740530312,
      0.1771985711529851,
      0.16067712334915996,
      0.15350202610716224,
      0.1545014870353043,
      0.139431516174227,
      0.15240281075239182,
      0.17560403514653444,
      0.17185374535620213,
      0.15490019088611007,
      0.16474354499951005,
      0.17401255201548338,
      0.1900075040757656,
      0.18252218374982476,
      0.17314092069864273,
      0.1862975973635912,
      0.17300789197906852,
      0.15781165985390544,
      0.15563330985605717,
      0.17630081716924906,
      0.1726628732867539,
      0.18911593221127987,
      0.14599689235910773,
      0.16759450174868107,
      0.15622640494257212,
      0.17873465595766902,
