{
  "implementation": "deepspeed_gloo",
  "backend": "gloo",
  "operation": "gather",
  "num_ranks": 4,
  "tensor_shape": {
    "batch": 1,
    "seq_len": 4096,
    "hidden_dim": 4096
  },
  "num_elements": 16777216,
  "tensor_size_bytes": 33554432,
  "tensor_size_mb": 32.0,
  "dtype": "bfloat16",
  "warmup_iterations": 10,
  "measurement_iterations": 100,
  "timing_method": "time.perf_counter()",
  "timings": [
    [
      0.08315960597246885,
      0.08554344158619642,
      0.0825446741655469,
      0.08089004689827561,
      0.08060099836438894,
      0.08635067427530885,
      0.0960859339684248,
      0.09276256710290909,
      0.08674035081639886,
      0.0830195639282465,
      0.07830671593546867,
      0.08104179613292217,
      0.09444900089874864,
      0.10084193106740713,
      0.10176953207701445,
      0.08886902499943972,
      0.08602393418550491,
      0.08150484878569841,
      0.08283586986362934,
      0.08298862492665648,
      0.08450690936297178,
      0.09238316770642996,
      0.0926532163284719,
      0.08815210266038775,
      0.08172642812132835,
      0.08102887775748968,
      0.08119166223332286,
      0.08351461589336395,
      0.08800392458215356,
      0.08743865275755525,
      0.09595199534669518,
      0.08429873501881957,
      0.07988390978425741,
      0.08209537202492356,
      0.09415586199611425,
      0.09386901929974556,
      0.0925382343120873,
      0.09619003627449274,
      0.08270413521677256,
      0.08104987489059567,
      0.08087735995650291,
      0.08017701283097267,
      0.08505636313930154,
      0.09063683031126857,
      0.09260128205642104,
      0.09131220309063792,
      0.08811683719977736,
      0.08066045679152012,
      0.08164980169385672,
      0.08327240822836757,
      0.08507178304716945,
      0.0912097143009305,
      0.09587239613756537,
      0.08641416113823652,
      0.0835574846714735,
      0.0813713357783854,
      0.08991447975859046,
      0.08804092323407531,
      0.08845429308712482,
      0.09487355127930641,
      0.09134929720312357,
      0.0820173192769289,
      0.08075970411300659,
      0.08140754792839289,
      0.08042626222595572,
      0.08557337382808328,
      0.08710151445120573,
      0.0897700390778482,
      0.08202437125146389,
      0.08483000984415412,
      0.08194935834035277,
      0.08216527290642262,
      0.08596779219806194,
      0.08862638100981712,
      0.08950795186683536,
      0.09111889079213142,
      0.08307748707011342,
      0.07856950024142861,
      0.07964447978883982,
      0.0947011262178421,
      0.0902268560603261,
      0.09565930208191276,
      0.10152229387313128,
      0.08810689486563206,
      0.08539171470329165,
      0.0825429460965097,
      0.0835533388890326,
      0.08164268173277378,
      0.08802272379398346,
      0.09042716026306152,
      0.09037296194583178,
      0.08328287489712238,
      0.08485189406201243,
      0.08288296824321151,
      0.08273344626650214,
      0.08278421079739928,
      0.08378924196586013,
      0.08694949792698026,
      0.09304086165502667,
      0.08388363383710384
    ],
    [
      0.056052634958177805,
      0.0183241730555892,
      0.01707764808088541,
      0.052220758982002735,
      0.01627861801534891,
      0.017150866333395243,
      0.019727852661162615,
      0.01995971379801631,
      0.060211568139493465,
      0.05614798003807664,
      0.016621246002614498,
      0.054345172829926014,
      0.01849077269434929,
      0.030634449794888496,
      0.06138063594698906,
      0.04726601717993617,
      0.05970574589446187,
      0.053974514827132225,
      0.018134457990527153,
      0.04876038106158376,
      0.016901164315640926,
      0.031208612024784088,
      0.02005225094035268,
      0.0576495248824358,
      0.01658704737201333,
      0.016359103377908468,
      0.01619419688358903,
      0.01712183514609933,
      0.01803921489045024,
      0.018266855273395777,
      0.06885986169800162,
      0.056002781726419926,
      0.049117032904177904,
      0.05468130297958851,
      0.020778578240424395,
      0.021977410186082125,
      0.018808960914611816,
      0.03354516578838229,
      0.05653295526280999,
      0.01576813403517008,
      0.016837554052472115,
      0.016832974273711443,
      0.05366904614493251,
      0.06085178907960653,
      0.05723115708678961,
      0.06327776657417417,
      0.0227812509983778,
      0.053216293919831514,
      0.05284192506223917,
      0.01639483915641904,
      0.017519443295896053,
      0.05617212783545256,
      0.05462807696312666,
      0.019733277149498463,
      0.05435153702273965,
      0.04784177988767624,
      0.01978917606174946,
      0.019886420108377934,
      0.02911469293758273,
      0.01838616607710719,
      0.06381080998107791,
      0.05498177511617541,
      0.05437699984759092,
      0.05353649519383907,
      0.017080352175980806,
      0.056915946304798126,
      0.057317030150443316,
      0.044123290572315454,
      0.05631546722725034,
      0.020771495066583157,
      0.0546226822771132,
      0.0533881657756865,
      0.05404401896521449,
      0.019211770966649055,
      0.057856906205415726,
      0.06597572891041636,
      0.054976406041532755,
      0.016093377955257893,
      0.015527021139860153,
      0.021527424920350313,
      0.021902592852711678,
      0.06371310772374272,
      0.06462163012474775,
      0.020516084972769022,
      0.05801049107685685,
      0.016969336196780205,
      0.017741366289556026,
      0.05537074524909258,
      0.01668663416057825,
      0.05813145497813821,
      0.058473425917327404,
      0.017801780253648758,
      0.05813028058037162,
      0.016781526152044535,
      0.017022390849888325,
      0.05053715407848358,
      0.01934743719175458,
      0.05841570487245917,
      0.06343135610222816,
      0.0164591153152287
    ],
    [
      0.041146059054881334,
      0.0595500529743731,
      0.055122761987149715,
      0.05368854617699981,
      0.054231235291808844,
      0.05790046276524663,
      0.06597741926088929,
      0.060511921998113394,
      0.0181920169852674,
      0.019179800990968943,
      0.049978936556726694,
      0.05282412702217698,
      0.06558899907395244,
      0.07049162918701768,
      0.0628507249057293,
      0.06318132299929857,
      0.020328855141997337,
      0.055320292711257935,
      0.05667369905859232,
      0.0559343621134758,
      0.05521796504035592,
      0.062277235090732574,
      0.06041610799729824,
      0.062073776964098215,
      0.054980537854135036,
      0.05340193212032318,
      0.05513194715604186,
      0.05706857331097126,
      0.05921664601191878,
      0.05812347121536732,
      0.06686805887147784,
      0.058004746213555336,
      0.05375396180897951,
      0.04175253910943866,
      0.06675168080255389,
      0.0621576146222651,
      0.061601290944963694,
      0.06654911208897829,
      0.017833280842751265,
      0.05338391475379467,
      0.055217774119228125,
      0.05445860605686903,
      0.05525120813399553,
      0.06250279862433672,
      0.05902863014489412,
      0.06442379299551249,
      0.06049419892951846,
      0.03971240995451808,
      0.05430746590718627,
      0.055624925065785646,
      0.05671149492263794,
      0.046847276855260134,
      0.05876504210755229,
      0.06065983325242996,
      0.05607767170295119,
      0.04422061191871762,
      0.0647058580070734,
      0.06022686278447509,
      0.059252263978123665,
      0.06506257317960262,
      0.047363628167659044,
      0.017979829106479883,
      0.01669184071943164,
      0.054329905193299055,
      0.05055444408208132,
      0.05551583273336291,
      0.05882008094340563,
      0.06221532495692372,
      0.054879310075193644,
      0.05716850282624364,
      0.0539867477491498,
      0.04111710283905268,
      0.058211359195411205,
      0.05872648302465677,
      0.05704336799681187,
      0.06362146325409412,
      0.016965923830866814,
      0.04927710862830281,
