{
  "implementation": "deepspeed_gloo",
  "backend": "gloo",
  "operation": "allreduce",
  "num_ranks": 4,
  "tensor_shape": {
    "batch": 8,
    "seq_len": 2048,
    "hidden_dim": 2048
  },
  "num_elements": 33554432,
  "tensor_size_bytes": 67108864,
  "tensor_size_mb": 64.0,
  "dtype": "bfloat16",
  "warmup_iterations": 10,
  "measurement_iterations": 100,
  "timing_method": "time.perf_counter()",
  "timings": [
    [
      0.08923403080552816,
      0.09263067087158561,
      0.0932312710210681,
      0.08502711309120059,
      0.10592874698340893,
      0.0926187988370657,
      0.09520691819489002,
      0.10483003314584494,
      0.09385680314153433,
      0.10528301075100899,
      0.09202568838372827,
      0.09408384328708053,
      0.08026881795376539,
      0.1036433014087379,
      0.09222261188551784,
      0.10113199194893241,
      0.09132689097896218,
      0.0855676312930882,
      0.09396931389346719,
      0.10393318207934499,
      0.07795609626919031,
      0.10507907904684544,
      0.10738497786223888,
      0.10629720892757177,
      0.09321525832638144,
      0.09129663789644837,
      0.08953846991062164,
      0.10719358874484897,
      0.0725410501472652,
      0.09264802327379584,
      0.10514376126229763,
      0.10488249082118273,
      0.0801367862150073,
      0.10476853000000119,
      0.08020140696316957,
      0.09295261790975928,
      0.09269242407754064,
      0.09234218299388885,
      0.10587420128285885,
      0.0924036088399589,
      0.08399766311049461,
      0.10367056727409363,
      0.09923690604045987,
      0.10244280798360705,
      0.09915624791756272,
      0.10603047674521804,
      0.07996345311403275,
      0.10339626669883728,
      0.0926207760348916,
      0.08520792191848159,
      0.08495178585872054,
      0.09275084035471082,
      0.07654036302119493,
      0.08122327690944076,
      0.10580031992867589,
      0.10903661185875535,
      0.07914698496460915,
      0.09265493275597692,
      0.10694445529952645,
      0.09243986429646611,
      0.09267324721440673,
      0.0880216509103775,
      0.09191036270931363,
      0.09769220929592848,
      0.08783982507884502,
      0.09230544697493315,
      0.10522557096555829,
      0.0942239467985928,
      0.09053940698504448,
      0.08059939788654447,
      0.08824347099289298,
      0.08020603703334928,
      0.08380525419488549,
      0.09284643363207579,
      0.09406926389783621,
      0.09633575985208154,
      0.080106598790735,
      0.10539836995303631,
      0.08447503997012973,
      0.09302218118682504,
      0.09405298577621579,
      0.09375163726508617,
      0.0789214069955051,
      0.10642139287665486,
      0.10775579093024135,
      0.08638639189302921,
      0.10493248980492353,
      0.08918053563684225,
      0.10738427983596921,
      0.09125378914177418,
      0.09149704081937671,
      0.10933364601805806,
      0.08173287101089954,
      0.10329905478283763,
      0.07961212005466223,
      0.10674411477521062,
      0.08168559381738305,
      0.10465662833303213,
      0.08679517265409231,
      0.0931610120460391
    ],
    [
      0.08960114372894168,
      0.10061635915189981,
      0.09320783615112305,
      0.09303593868389726,
      0.10603979602456093,
      0.08473058510571718,
      0.09518735902383924,
      0.10474374424666166,
      0.09432898601517081,
      0.10318368021398783,
      0.09197012009099126,
      0.10105622187256813,
      0.08025167603045702,
      0.10377222718670964,
      0.10021199798211455,
      0.10116602759808302,
      0.08346795290708542,
      0.0935473209246993,
      0.1019773599691689,
      0.10395684000104666,
      0.0792780970223248,
      0.10504027083516121,
      0.10716444719582796,
      0.10625306656584144,
      0.09701729798689485,
      0.09132630191743374,
      0.08931489242240787,
      0.10713182901963592,
      0.08052007481455803,
      0.09262941125780344,
      0.10512076038867235,
      0.10467626713216305,
      0.08816125709563494,
      0.10459177289158106,
      0.08812076365575194,
      0.08524553943425417,
      0.0848119449801743,
      0.09229516237974167,
      0.10599762992933393,
      0.0843535540625453,
      0.0919438493438065,
      0.1036971271969378,
      0.09919027704745531,
      0.10243986314162612,
      0.09928606497123837,
      0.10582696506753564,
      0.07193050114437938,
      0.1033358508720994,
      0.1005266415886581,
      0.09324337681755424,
      0.09298711502924562,
      0.09277755115181208,
      0.07612294796854258,
      0.08117393776774406,
      0.10575884580612183,
      0.10883578937500715,
      0.07887651957571507,
      0.09263500710949302,
      0.10673402668908238,
      0.09242309397086501,
      0.09262321004644036,
      0.0799645776860416,
      0.09179887408390641,
      0.10569883277639747,
      0.07991342945024371,
      0.09239323623478413,
      0.1051884451881051,
      0.09437564387917519,
      0.09029905404895544,
      0.08857526537030935,
      0.08801333699375391,
      0.08819823386147618,
      0.09181695571169257,
      0.10084775323048234,
      0.09406096301972866,
      0.1008633328601718,
      0.08001803793013096,
      0.10512771178036928,
      0.09249251522123814,
      0.0930709857493639,
      0.1020436673425138,
      0.09375174762681127,
      0.08689450193196535,
      0.10655974689871073,
      0.1075566541403532,
      0.08065601112321019,
      0.10488071804866195,
      0.08921167906373739,
      0.10739044612273574,
      0.09122943598777056,
      0.09127815812826157,
      0.10947031620889902,
      0.08970886375755072,
      0.1034533279016614,
      0.07956225099042058,
      0.10672554466873407,
      0.07378756301477551,
      0.10447250725701451,
      0.08916072640568018,
      0.09311015903949738
    ],
    [
      0.08934942400082946,
      0.10040512727573514,
      0.09304442629218102,
      0.09285770077258348,
      0.10606062272563577,
      0.09270999394357204,
      0.09504577703773975,
      0.10474529815837741,
      0.09432645281776786,
      0.105087217874825,
      0.09199432283639908,
      0.1010155351832509,
      0.07243142277002335,
      0.10374624188989401,
      0.10005669202655554,
      0.10098368534818292,
      0.09145126305520535,
      0.0934053398668766,
      0.10177443828433752,
      0.10380601836368442,
      0.08059548726305366,
      0.10485401097685099,
      0.1072618281468749,
      0.10625788010656834,
      0.09346216404810548,
      0.09130281722173095,
      0.08762939972802997,
      0.10714776674285531,
      0.08031511306762695,
      0.09246831573545933,
      0.10518869804218411,
      0.10468207905068994,
      0.08798026014119387,
      0.10457833902910352,
      0.0879405839368701,
      0.09305684175342321,
      0.09281763574108481,
      0.09212893573567271,
      0.10599737614393234,
      0.09237364772707224,
      0.09180521871894598,
      0.10366731183603406,
      0.09136860119178891,
      0.10229007806628942,
      0.09927839413285255,
      0.10589008498936892,
      0.0798020688816905,
      0.10319909499958158,
      0.1004707720130682,
      0.09305623499676585,
      0.09280619863420725,
      0.09262723522260785,
      0.07312656287103891,
      0.08133975323289633,
      0.10561444889754057,
      0.10883556306362152,
      0.07914345106109977,
      0.08470573090016842,
      0.10671263933181763,
      0.0922242640517652,
      0.09246248193085194,
      0.08797606406733394,
      0.09199861995875835,
      0.10553232068195939,
      0.08794118789955974,
      0.09244331484660506,
      0.10505173169076443,
      0.09438673406839371,
      0.09026896301656961,
      0.08063623774796724,
      0.07995863724499941,
      0.08024038514122367,
      0.09158687759190798,
      0.10066635021939874,
      0.09421553462743759,
      0.10085872607305646,
      0.0720190298743546,
      0.10513019282370806,
      0.09231876023113728,
      0.09303716290742159,
      0.10184250120073557,
