{
  "implementation": "deepspeed_gloo",
  "backend": "gloo",
  "operation": "broadcast",
  "num_ranks": 4,
  "tensor_shape": {
    "batch": 32,
    "seq_len": 4096,
    "hidden_dim": 4096
  },
  "num_elements": 536870912,
  "tensor_size_bytes": 1073741824,
  "tensor_size_mb": 1024.0,
  "dtype": "bfloat16",
  "warmup_iterations": 10,
  "measurement_iterations": 100,
  "timing_method": "time.perf_counter()",
  "timings": [
    [
      0.3690233351662755,
      0.3879241137765348,
      0.37991503393277526,
      0.38321287697181106,
      0.38222562801092863,
      0.3907622918486595,
      0.38993049692362547,
      0.39533414877951145,
      0.36346030281856656,
      0.3902032831683755,
      0.39016619278118014,
      0.37838200898841023,
      0.37968685617670417,
      0.3814138048328459,
      0.3814552230760455,
      0.38258006796240807,
      0.3846740182489157,
      0.38103488413617015,
      0.381956220138818,
      0.39436063216999173,
      0.3934892532415688,
      0.3939655381254852,
      0.3907130239531398,
      0.392641241196543,
      0.39273378485813737,
      0.3909605578519404,
      0.3922140062786639,
      0.39642161317169666,
      0.401702927891165,
      0.39526741532608867,
      0.39070812379941344,
      0.38961880886927247,
      0.382386676967144,
      0.3882421050220728,
      0.38536212500184774,
      0.3826916450634599,
      0.3880940149538219,
      0.38186020497232676,
      0.38352030981332064,
      0.38728288235142827,
      0.39488140027970076,
      0.4028773410245776,
      0.3919207639992237,
      0.3981382283382118,
      0.39533625077456236,
      0.40155796986073256,
      0.3924937439151108,
      0.3896411838941276,
      0.3986297328956425,
      0.3834366546943784,
      0.3839731989428401,
      0.3818746521137655,
      0.38071105955168605,
      0.38402657490223646,
      0.38331849966198206,
      0.3801641738973558,
      0.38546481216326356,
      0.398400675971061,
      0.3949463441967964,
      0.3901228439062834,
      0.39829862397164106,
      0.3951161256991327,
      0.39626852609217167,
      0.3960170722566545,
      0.3988340157084167,
      0.3866023300215602,
      0.3816304919309914,
      0.3891601571813226,
      0.38250528974458575,
      0.38155607879161835,
      0.38944895658642054,
      0.3843335430137813,
      0.39154925709590316,
      0.3946649362333119,
      0.3999508419074118,
      0.39017152413725853,
      0.3897507512010634,
      0.3959264778532088,
      0.3963960539549589,
      0.3978866981342435,
      0.39292895002290606,
      0.3970004669390619,
      0.38643345795571804,
      0.38075819006189704,
      0.38624973502010107,
      0.3812255379743874,
      0.38514406280592084,
      0.38325423700734973,
      0.3830772000364959,
      0.38562152488157153,
      0.38217657385393977,
      0.39576161792501807,
      0.39362543588504195,
      0.39732631342485547,
      0.3957074820064008,
      0.3979877638630569,
      0.4020156320184469,
      0.390604336746037,
      0.3854184472002089,
      0.38107972079887986
    ],
    [
      0.5497560887597501,
      0.3919275291264057,
      0.3973785266280174,
      0.3969731372781098,
      0.39570129476487637,
      0.4082378167659044,
      0.40035712206736207,
      0.407056231983006,
      0.5671341121196747,
      0.4031065762974322,
      0.4093520790338516,
      0.38623984018340707,
      0.38504713913425803,
      0.3872621711343527,
      0.3898924388922751,
      0.3972481251694262,
      0.39299514004960656,
      0.3882613517343998,
      0.3943346501328051,
      0.40838927403092384,
      0.4081807299517095,
      0.4094550129957497,
      0.40511066606268287,
      0.40768210822716355,
      0.4099115007556975,
      0.5785538800992072,
      0.4048105017282069,
      0.41417032200843096,
      0.42087190691381693,
      0.40963876666501164,
      0.3984786123037338,
      0.39980752998963,
      0.38933796575292945,
      0.3945618118159473,
      0.39976209960877895,
      0.391105801332742,
      0.3957408107817173,
      0.39495315682142973,
      0.3980358620174229,
      0.4009817619808018,
      0.4107269337400794,
      0.40888423239812255,
      0.40577450720593333,
      0.41097820503637195,
      0.40734368888661265,
      0.41496204072609544,
      0.40085106901824474,
      0.39866540022194386,
      0.40704771131277084,
      0.39076348720118403,
      0.39065900910645723,
      0.3915297528728843,
      0.3945828606374562,
      0.3996762176975608,
      0.3924273899756372,
      0.39690227108076215,
      0.40029165195301175,
      0.4111186037771404,
      0.40929371397942305,
      0.399523105006665,
      0.4074873570352793,
      0.40852144500240684,
      0.40483842929825187,
      0.40369372302666306,
      0.4054459766484797,
      0.39935631211847067,
      0.3904008152894676,
      0.3972160629928112,
      0.39153302321210504,
      0.3970456812530756,
      0.4022823446430266,
      0.3992858421988785,
      0.4067708496004343,
      0.40382886677980423,
      0.4100800617597997,
      0.4049457754008472,
      0.40656505478546023,
      0.41213243920356035,
      0.41814764589071274,
      0.4117406830191612,
      0.4078631433658302,
      0.411482575815171,
      0.4104063846170902,
      0.38883083080872893,
      0.39510612189769745,
      0.3897033487446606,
      0.39471982093527913,
      0.3949675830081105,
      0.3908253191038966,
      0.4010307462885976,
      0.3936350420117378,
      0.40547033166512847,
      0.40199241414666176,
      0.40682868007570505,
      0.4078941447660327,
      0.4143033321015537,
      0.411618335172534,
      0.40538567304611206,
      0.40079730562865734,
      0.389482150785625
    ],
    [
      0.19141154270619154,
      0.38791306782513857,
      0.3879070971161127,
      0.3912069071084261,
      0.39021500293165445,
      0.39876593463122845,
      0.3979371599853039,
      0.4032923593185842,
      0.3715169606730342,
      0.39820879278704524,
      0.3981669400818646,
      0.3863905225880444,
      0.3876918647438288,
      0.38940505497157574,
      0.3894400238059461,
      0.3906202092766762,
      0.39267956418916583,
      0.3890294721350074,
      0.3899468220770359,
      0.4023675820790231,
      0.40148814488202333,
      0.40196489496156573,
      0.39870672300457954,
      0.4006470087915659,
      0.4007354099303484,
      0.20488355308771133,
      0.40020386315882206,
      0.40442941384389997,
      0.4096985566429794,
      0.40326778683811426,
      0.39870994724333286,
      0.3976274789310992,
      0.390392255038023,
      0.3962356108240783,
      0.393362439237535,
      0.39067744789645076,
      0.3961329450830817,
      0.38990547275170684,
      0.391517031006515,
      0.3952786191366613,
      0.40287033980712295,
      0.4028651430271566,
      0.399926601909101,
      0.40613516978919506,
      0.4033241677097976,
      0.4095600889995694,
      0.4005441190674901,
      0.39764109067618847,
      0.4066335028037429,
      0.3914327472448349,
      0.3919788207858801,
      0.3898841110058129,
      0.38871056120842695,
      0.3920234120450914,
      0.39132044836878777,
      0.3881692560389638,
      0.39346160599961877,
      0.40640699304640293,
      0.4029516139999032,
      0.3981189760379493,
      0.4062950578518212,
      0.40311764599755406,
      0.40426636580377817,
      0.4040235416032374,
      0.3988057286478579,
      0.3946109623648226,
      0.3896302841603756,
      0.3971673962660134,
      0.39049921557307243,
      0.3895428879186511,
      0.3974461876787245,
      0.39233868196606636,
      0.39954667165875435,
      0.40267022605985403,
      0.4079647110775113,
      0.39817616622895,
      0.39775278326123953,
      0.403923112899065,
      0.4044019249267876,
      0.4058857881464064,
      0.40093110501766205,
      0.4050093083642423,
      0.39443020382896066,
      0.38876788783818483,
      0.39430053206160665,
      0.3892289139330387,
