{
  "implementation": "deepspeed_gloo",
  "backend": "gloo",
  "operation": "broadcast",
  "num_ranks": 4,
  "tensor_shape": {
    "batch": 8,
    "seq_len": 1,
    "hidden_dim": 2048
  },
  "num_elements": 16384,
  "tensor_size_bytes": 32768,
  "tensor_size_mb": 0.03125,
  "dtype": "bfloat16",
  "warmup_iterations": 10,
  "measurement_iterations": 100,
  "timing_method": "time.perf_counter()",
  "timings": [
    [
      4.627928137779236e-05,
      4.4069718569517136e-05,
      4.3283216655254364e-05,
      4.060380160808563e-05,
      4.5770313590765e-05,
      4.231976345181465e-05,
      3.914814442396164e-05,
      3.3354852348566055e-05,
      4.293816164135933e-05,
      3.3241696655750275e-05,
      4.856893792748451e-05,
      3.9398204535245895e-05,
      4.336703568696976e-05,
      3.303075209259987e-05,
      4.1212886571884155e-05,
      3.874907270073891e-05,
      3.7968624383211136e-05,
      3.811204805970192e-05,
      4.4969841837882996e-05,
      3.832019865512848e-05,
      4.2963773012161255e-05,
      4.4558197259902954e-05,
      3.239000216126442e-05,
      4.082731902599335e-05,
      3.586104139685631e-05,
      3.525707870721817e-05,
      4.322780296206474e-05,
      3.378791734576225e-05,
      4.4166576117277145e-05,
      3.9507169276475906e-05,
      3.9511825889348984e-05,
      3.487197682261467e-05,
      3.756582736968994e-05,
      3.7929974496364594e-05,
      3.926688805222511e-05,
      4.394492134451866e-05,
      3.392202779650688e-05,
      4.299404099583626e-05,
      3.946712240576744e-05,
      4.350999370217323e-05,
      4.023127257823944e-05,
      3.382936120033264e-05,
      3.8520898669958115e-05,
      3.27620655298233e-05,
      3.636302426457405e-05,
      4.230579361319542e-05,
      3.1867995858192444e-05,
      4.753889515995979e-05,
      3.802776336669922e-05,
      3.6703888326883316e-05,
      4.427693784236908e-05,
      3.823358565568924e-05,
      4.0310900658369064e-05,
      4.110485315322876e-05,
      3.961194306612015e-05,
      3.934977576136589e-05,
      3.599002957344055e-05,
      3.708666190505028e-05,
      4.300428554415703e-05,
      3.64743173122406e-05,
      3.998028114438057e-05,
      3.329198807477951e-05,
      3.49939800798893e-05,
      4.49279323220253e-05,
      3.8105063140392303e-05,
      3.512995317578316e-05,
      3.366684541106224e-05,
      3.751227632164955e-05,
      4.168413579463959e-05,
      3.44347208738327e-05,
      4.354817792773247e-05,
      3.360165283083916e-05,
      3.725290298461914e-05,
      4.25213947892189e-05,
      4.123104736208916e-05,
      3.642495721578598e-05,
      3.829505294561386e-05,
      3.655906766653061e-05,
      3.537628799676895e-05,
      3.496604040265083e-05,
      4.724087193608284e-05,
      3.759097307920456e-05,
      3.465171903371811e-05,
      4.3034087866544724e-05,
      3.593834117054939e-05,
      4.2764004319906235e-05,
      3.3659860491752625e-05,
      4.278821870684624e-05,
      3.764824941754341e-05,
      3.6868732422590256e-05,
      3.482308238744736e-05,
      4.485528916120529e-05,
      3.557279706001282e-05,
      3.5422854125499725e-05,
      3.4564174711704254e-05,
      3.444589674472809e-05,
      4.17809933423996e-05,
      3.60351987183094e-05,
      4.13842499256134e-05,
      3.672204911708832e-05
    ],
    [
      8.833175525069237e-05,
      8.385023102164268e-05,
      8.095800876617432e-05,
      8.247885853052139e-05,
      8.281692862510681e-05,
      8.078198879957199e-05,
      8.067628368735313e-05,
      6.400980055332184e-05,
      7.29002058506012e-05,
      6.706314161419868e-05,
      7.431209087371826e-05,
      8.559506386518478e-05,
      6.19199126958847e-05,
      7.09271989762783e-05,
      6.483541801571846e-05,
      7.167225703597069e-05,
      7.195491343736649e-05,
      6.456533446907997e-05,
      7.686065509915352e-05,
      7.277214899659157e-05,
      7.81109556555748e-05,
      8.418317884206772e-05,
      6.277719512581825e-05,
      7.072696462273598e-05,
      6.781378760933876e-05,
      6.477488204836845e-05,
      6.643123924732208e-05,
      6.88210129737854e-05,
      7.866276428103447e-05,
      8.557690307497978e-05,
      5.776481702923775e-05,
      6.704311817884445e-05,
      6.849318742752075e-05,
      8.22567380964756e-05,
      8.080992847681046e-05,
      7.701292634010315e-05,
      9.761005640029907e-05,
      7.464597001671791e-05,
      8.826470002532005e-05,
      7.617566734552383e-05,
      8.26600007712841e-05,
      7.59572722017765e-05,
      8.267909288406372e-05,
      6.342027336359024e-05,
      6.995722651481628e-05,
      7.389998063445091e-05,
      7.400615140795708e-05,
      8.761417120695114e-05,
      8.556526154279709e-05,
      7.97901302576065e-05,
      7.794611155986786e-05,
      9.403005242347717e-05,
      7.814262062311172e-05,
      8.235964924097061e-05,
      8.403509855270386e-05,
      7.149204611778259e-05,
      8.232193067669868e-05,
      6.179464980959892e-05,
      8.27619805932045e-05,
      7.363129407167435e-05,
      7.331371307373047e-05,
      7.777893915772438e-05,
      6.705010309815407e-05,
      8.319737389683723e-05,
      8.256873115897179e-05,
      6.142118945717812e-05,
      7.27442093193531e-05,
      6.661191582679749e-05,
      8.43503512442112e-05,
      6.401725113391876e-05,
      6.943615153431892e-05,
      7.338309660553932e-05,
      6.310595199465752e-05,
      6.878003478050232e-05,
      7.696915417909622e-05,
      7.447227835655212e-05,
      6.962800398468971e-05,
      7.773609831929207e-05,
      6.274087354540825e-05,
      6.340537220239639e-05,
      7.223011925816536e-05,
      7.928209379315376e-05,
      8.033402264118195e-05,
      8.66432674229145e-05,
      7.662922143936157e-05,
      8.342880755662918e-05,
      8.310377597808838e-05,
      8.433684706687927e-05,
      9.02111642062664e-05,
      7.12219625711441e-05,
      7.43749551475048e-05,
      6.799725815653801e-05,
      7.826602086424828e-05,
      6.101094186306e-05,
      6.381794810295105e-05,
      6.747711449861526e-05,
      6.326194852590561e-05,
      7.633399218320847e-05,
      5.937227979302406e-05,
      7.184594869613647e-05
    ],
    [
      6.48018904030323e-05,
      7.095327600836754e-05,
      6.714696064591408e-05,
      6.182817742228508e-05,
      7.089367136359215e-05,
      6.470084190368652e-05,
      5.858996883034706e-05,
      6.854627281427383e-05,
      4.9930065870285034e-05,
      7.092533633112907e-05,
      5.708308890461922e-05,
      8.161691948771477e-05,
      5.403812974691391e-05,
      7.311999797821045e-05,
      6.969878450036049e-05,
      6.649689748883247e-05,
      5.8001838624477386e-05,
      8.072191849350929e-05,
      6.539234891533852e-05,
      8.745025843381882e-05,
      5.8623962104320526e-05,
      6.585381925106049e-05,
      6.980402395129204e-05,
      5.1649753004312515e-05,
      7.784785702824593e-05,
      7.213419303297997e-05,
      5.661323666572571e-05,
      7.824506610631943e-05,
      6.0546211898326874e-05,
      9.260280057787895e-05,
      5.347421392798424e-05,
      8.125742897391319e-05,
      7.16010108590126e-05,
      8.091656491160393e-05,
      7.698498666286469e-05,
      5.8440957218408585e-05,
      8.535338565707207e-05,
      5.88269904255867e-05,
      9.3081034719944e-05,
      6.748316809535027e-05,
      6.471015512943268e-05,
      7.910560816526413e-05,
      6.296206265687943e-05,
      6.79241493344307e-05,
      7.393304258584976e-05,
      5.70099800825119e-05,
      7.642572745680809e-05,
      7.065571844577789e-05,
      8.498597890138626e-05,
      6.961263716220856e-05,
      7.162103429436684e-05,
      9.378325194120407e-05,
      6.19618222117424e-05,
      6.321724504232407e-05,
      6.0173217207193375e-05,
      5.941791459918022e-05,
      7.872283458709717e-05,
      5.809403955936432e-05,
      7.206574082374573e-05,
      5.738670006394386e-05,
