{
  "implementation": "deepspeed_gloo",
  "backend": "gloo",
  "operation": "broadcast",
  "num_ranks": 4,
  "tensor_shape": {
    "batch": 16,
    "seq_len": 4096,
    "hidden_dim": 4096
  },
  "num_elements": 268435456,
  "tensor_size_bytes": 536870912,
  "tensor_size_mb": 512.0,
  "dtype": "bfloat16",
  "warmup_iterations": 10,
  "measurement_iterations": 100,
  "timing_method": "time.perf_counter()",
  "timings": [
    [
      0.1838452760130167,
      0.1985314260236919,
      0.20237745670601726,
      0.2028738739900291,
      0.1961914780549705,
      0.1998576787300408,
      0.2022546180523932,
      0.20250633219256997,
      0.2003506449982524,
      0.20357485301792622,
      0.19690161477774382,
      0.19937843503430486,
      0.20027257082983851,
      0.20151506178081036,
      0.20312568405643106,
      0.19845491787418723,
      0.1989330337382853,
      0.20412613591179252,
      0.1965831913985312,
      0.19869990786537528,
      0.20237408112734556,
      0.19558935333043337,
      0.1982453279197216,
      0.19965194491669536,
      0.20138872787356377,
      0.19798169238492846,
      0.1998492320999503,
      0.20309483539313078,
      0.20217780815437436,
      0.19793933210894465,
      0.20106023037806153,
      0.20422804774716496,
      0.20331281377002597,
      0.18821666575968266,
      0.199522091075778,
      0.2004831680096686,
      0.20112068811431527,
      0.20561089320108294,
      0.19789658300578594,
      0.19987492822110653,
      0.19972019223496318,
      0.1971702459268272,
      0.20019666198641062,
      0.2026502131484449,
      0.2040216028690338,
      0.1976617299951613,
      0.19880937412381172,
      0.201416889205575,
      0.2037501516751945,
      0.1977230259217322,
      0.20003119204193354,
      0.20227993093430996,
      0.1960158348083496,
      0.19824586296454072,
      0.19997281907126307,
      0.20137104205787182,
      0.19764219783246517,
      0.1988295018672943,
      0.20059133600443602,
      0.19604501221328974,
      0.20027455780655146,
      0.201778382062912,
      0.20013180002570152,
      0.19783820491284132,
      0.20197978522628546,
      0.2026463570073247,
      0.19727787794545293,
      0.2001209668815136,
      0.20355205470696092,
      0.20238600904121995,
      0.19735451508313417,
      0.2012015776708722,
      0.20070132473483682,
      0.20432558422908187,
      0.19903073785826564,
      0.20275066094473004,
      0.19912318093702197,
      0.1986699840053916,
      0.199913808144629,
      0.20131693687289953,
      0.20260448893532157,
      0.1966833770275116,
      0.19909715093672276,
      0.2257513226941228,
      0.19718568911775947,
      0.19493462890386581,
      0.19494734425097704,
      0.19754018494859338,
      0.194960021879524,
      0.1965117664076388,
      0.18960812594741583,
      0.19346541725099087,
      0.19529017386958003,
      0.19093329226598144,
      0.19292344525456429,
      0.19577231630682945,
      0.2132182247005403,
      0.20055432664230466,
      0.20595409767702222,
      0.2021308750845492
    ],
    [
      0.1863854117691517,
      0.2062471630051732,
      0.2095457543618977,
      0.20827636076137424,
      0.20468819420784712,
      0.20739765604957938,
      0.20651710219681263,
      0.20747445710003376,
      0.21096665505319834,
      0.21509422594681382,
      0.20498792827129364,
      0.21062528109177947,
      0.2120408141054213,
      0.21215136209502816,
      0.21234759921208024,
      0.209932510741055,
      0.20972847798839211,
      0.21320933615788817,
      0.20817689737305045,
      0.21135117625817657,
      0.2127564437687397,
      0.2072219718247652,
      0.2109507150016725,
      0.2111825793981552,
      0.2101394380442798,
      0.21011641388759017,
      0.2117719748057425,
      0.21413227915763855,
      0.2117880149744451,
      0.20593339297920465,
      0.20801011566072702,
      0.21032978873699903,
      0.2080212403088808,
      0.2947286912240088,
      0.2103657047264278,
      0.21178357489407063,
      0.21233133412897587,
      0.2148862280882895,
      0.20559900207445025,
      0.211744487285614,
      0.21052626287564635,
      0.20885764388367534,
      0.2117431377992034,
      0.21448358986526728,
      0.21356881316751242,
      0.20831340085715055,
      0.21015512943267822,
      0.21144452691078186,
      0.207399798091501,
      0.2086458788253367,
      0.2111035007983446,
      0.21263844799250364,
      0.2071605329401791,
      0.21160593209788203,
      0.21035613398998976,
      0.2108799573034048,
      0.20939781609922647,
      0.20693243108689785,
      0.21004323102533817,
      0.2080413866788149,
      0.21340331714600325,
      0.212526832241565,
      0.21225681388750672,
      0.20906564919278026,
      0.21387521689757705,
      0.2125709573738277,
      0.20762222912162542,
      0.20732467202469707,
      0.2139858021400869,
      0.21210342925041914,
      0.20951072312891483,
      0.21138269221410155,
      0.21142272697761655,
      0.21291687106713653,
      0.2102357456460595,
      0.21563435485586524,
      0.20713349198922515,
      0.20939479721710086,
      0.21252675680443645,
      0.21173498965799809,
      0.21102924598380923,
      0.20828207209706306,
      0.21076169004663825,
      0.2367130657657981,
      0.20610500825569034,
      0.20537491794675589,
      0.2015071720816195,
      0.20173503505066037,
      0.20332641387358308,
      0.20274952612817287,
      0.19921963335946202,
      0.2041582870297134,
      0.2039447296410799,
      0.20151907904073596,
      0.20349662331864238,
      0.2040045578032732,
      0.22301161522045732,
      0.21243943879380822,
      0.21337401727214456,
      0.20700061414390802
    ],
    [
      0.19185635400936007,
      0.20658607641234994,
      0.21038062311708927,
      0.21087635727599263,
      0.20419295318424702,
      0.20786562841385603,
      0.2102635819464922,
      0.21057402715086937,
      0.20835704822093248,
      0.21159916883334517,
      0.2049199640750885,
      0.20739731239154935,
      0.20828928612172604,
      0.2095312331803143,
      0.21113698976114392,
      0.2064648219384253,
      0.2069458900950849,
      0.2121422328054905,
      0.20458964491263032,
      0.2067121840082109,
      0.2103862278163433,
      0.20360194286331534,
      0.20625922176986933,
      0.2076624040491879,
      0.20940627390518785,
      0.20599483791738749,
      0.2078595426864922,
      0.21110920701175928,
      0.21018102671951056,
      0.20594751182943583,
      0.2090638163499534,
      0.21223300974816084,
      0.21131714060902596,
      0.19628956401720643,
      0.20752751408144832,
      0.2084988229908049,
      0.20912436908110976,
      0.2136151879094541,
      0.20589954406023026,
      0.20788761088624597,
      0.2077386248856783,
      0.2051809448748827,
      0.20820460096001625,
      0.21066496660932899,
      0.2120304312556982,
      0.20568458875641227,
      0.20682279719039798,
      0.20943238213658333,
      0.21176814287900925,
      0.20579222403466702,
      0.2080471240915358,
      0.21029531909152865,
      0.2040341109968722,
      0.20625898521393538,
      0.20799351809546351,
      0.20938550401479006,
      0.2056428580544889,
      0.20684365602210164,
      0.20859763910993934,
      0.2040502899326384,
      0.2082791719585657,
      0.20978808216750622,
      0.2081369529478252,
      0.20584921911358833,
      0.2099879472516477,
      0.21064906101673841,
      0.20528458431363106,
      0.20813384000211954,
      0.21156064001843333,
      0.21040171571075916,
      0.20536262495443225,
      0.20922410394996405,
      0.20871729403734207,
      0.2123399442061782,
      0.20704179257154465,
      0.21076921094208956,
      0.20713800843805075,
      0.20669313007965684,
      0.20792789664119482,
      0.20932963816449046,
      0.21061812061816454,
      0.20469593815505505,
      0.20711447531357408,
