{
  "implementation": "deepspeed_gloo",
  "backend": "gloo",
  "operation": "allgather",
  "num_ranks": 4,
  "tensor_shape": {
    "batch": 32,
    "seq_len": 8192,
    "hidden_dim": 4096
  },
  "num_elements": 1073741824,
  "tensor_size_bytes": 2147483648,
  "tensor_size_mb": 2048.0,
  "dtype": "bfloat16",
  "warmup_iterations": 10,
  "measurement_iterations": 100,
  "timing_method": "time.perf_counter()",
  "timings": [
    [
      6.490445061586797,
      6.321083053946495,
      6.69039048999548,
      6.261596309021115,
      6.291510547976941,
      6.086406932212412,
      6.464210405945778,
      6.506277934182435,
      6.459563637152314,
      6.498370806220919,
      6.347393855918199,
      6.670016226358712,
      6.709482339210808,
      6.5225457339547575,
      6.303849165327847,
      6.693528708070517,
      6.550064262934029,
      6.492646785918623,
      6.480424834880978,
      6.312513596843928,
      6.302468182053417,
      6.478557849768549,
      6.312543751206249,
      6.501186060253531,
      6.292399223893881,
      6.468301683664322,
      6.494239158928394,
      6.282167947851121,
      6.4801710727624595,
      6.440908403135836,
      6.437793546356261,
      6.70790896192193,
      6.489720686804503,
      6.303125649224967,
      6.473757242783904,
      6.291883337777108,
      6.499547172803432,
      6.490804412867874,
      6.304200888145715,
      6.465519337914884,
      6.720404957421124,
      6.483790738973767,
      6.449167671147734,
      6.315089394338429,
      6.275503356009722,
      6.717493151780218,
      6.328533123712987,
      6.468677545897663,
      6.695884468965232,
      6.304629889316857,
      6.660652131773531,
      6.877694426570088,
      6.315238418057561,
      6.287896026857197,
      6.091682461090386,
      6.293369073886424,
      6.3080437569878995,
      6.393758045043796,
      6.28590044612065,
      6.709583528805524,
      6.2876364681869745,
      6.110358443111181,
      6.659391192253679,
      6.495311630889773,
      6.283481759019196,
      6.654168916866183,
      6.301449352875352,
      6.307917905040085,
      6.167698704171926,
      6.338260995224118,
      6.8998111840337515,
      6.315907706040889,
      6.69261197000742,
      6.372565038967878,
      6.462094276212156,
      6.47862588101998,
      6.492493148893118,
      6.089854205958545,
      6.292676153127104,
      6.508827289566398,
      6.288734208792448,
      6.490737698040903,
      6.292399886995554,
      6.7129401210695505,
      6.323750887066126,
      6.681320709642023,
      6.318307473324239,
      6.497363491915166,
      6.694344041869044,
      6.877821296919137,
      6.780322270002216,
      6.335802057757974,
      6.729806604329497,
      6.531293001025915,
      6.127474038861692,
      6.313868978060782,
      6.289208943024278,
      6.769336105789989,
      6.877290946897119,
      6.946340860798955
    ],
    [
      6.504977722186595,
      6.313416410703212,
      6.662585424724966,
      6.249891508836299,
      6.272146511822939,
      6.076124235987663,
      6.450816377997398,
      6.499521750025451,
      6.446014143060893,
      6.493009333964437,
      6.336818265262991,
      6.663991743698716,
      6.703363155014813,
      6.512042208109051,
      6.296269703656435,
      6.686336066108197,
      6.541804736945778,
      6.484834949020296,
      6.476393844932318,
      6.307067851070315,
      6.295911461114883,
      6.470475373324007,
      6.304940280970186,
      6.492996676824987,
      6.283785039093345,
      6.459655544254929,
      6.484000580850989,
      6.272749793715775,
      6.491877325810492,
      6.405822629109025,
      6.431074649561197,
      6.698653975967318,
      6.479931877925992,
      6.294057459104806,
      6.4660429381765425,
      6.285643958020955,
      6.4896954307332635,
      6.48404615232721,
      6.298125880304724,
      6.429211794864386,
      6.712688870262355,
      6.496202363166958,
      6.4332500589080155,
      6.311697801575065,
      6.264392955228686,
      6.708899335004389,
      6.320833477191627,
      6.458467237185687,
      6.689154856838286,
      6.295393781736493,
      6.654121089261025,
      6.868148824200034,
      6.306052119936794,
      6.2818996431306005,
      6.083785297814757,
      6.28697676025331,
      6.280178316868842,
      6.386113271582872,
      6.298903011716902,
      6.701356727164239,
      6.2796930372715,
      6.101372239179909,
      6.648341033607721,
      6.485359873156995,
      6.297404570970684,
      6.647728864103556,
      6.294841667637229,
      6.2960553308948874,
      6.14824715256691,
      6.325653476640582,
      6.8688266491517425,
      6.286504351068288,
      6.676074279006571,
      6.364207949023694,
      6.433935450389981,
      6.444273647386581,
      6.4633869719691575,
      6.055057663004845,
      6.2821151041425765,
      6.479093566071242,
      6.255707959644496,
      6.464070301968604,
      6.270987641997635,
      6.684891578741372,
      6.3015681826509535,
      6.654710998758674,
      6.2908413810655475,
      6.493973268661648,
      6.661486243829131,
      6.8519898797385395,
      6.770659148227423,
      6.3266297383233905,
      6.700948013924062,
      6.519858916755766,
      6.103035606909543,
      6.289347640704364,
      6.257927488069981,
      6.758523982949555,
      6.862701093778014,
      6.886282337829471
    ],
    [
      6.446302629075944,
      6.2157487869262695,
      6.607406727038324,
      6.170280185993761,
      6.244812945369631,
      5.967112717218697,
      6.3725124397315085,
      6.473915296141058,
      6.344329101964831,
      6.431548645719886,
      6.2421501763165,
      6.616644810885191,
      6.655805611982942,
      6.378621622920036,
      6.215338163077831,
      6.630234411917627,
      6.462541182991117,
      6.43105092830956,
      6.4577587633393705,
      6.236200679093599,
      6.22754833009094,
      6.344910147599876,
      6.280187788885087,
      6.47342588705942,
      6.2017660373821855,
      6.422869126312435,
      6.389962733257562,
      6.178592916112393,
      6.431223815307021,
      6.392000237945467,
      6.384987724013627,
      6.619740012101829,
      6.4116296991705894,
      6.202075661160052,
      6.393000207841396,
      6.204919097945094,
      6.422433377243578,
      6.415765434037894,
      6.215059482026845,
      6.411794494371861,
      6.649259129073471,
      6.456139421090484,
      6.367135074920952,
      6.2143785217776895,
      6.169258030131459,
      6.660522930789739,
      6.233173462096602,
      6.381733127869666,
      6.629866390954703,
      6.185117451008409,
      6.602383425924927,
      6.822106509003788,
      6.200629709288478,
      6.20853437576443,
      5.9670787188224494,
      6.211154772900045,
      6.215025648940355,
      6.305333436932415,
      6.210472703911364,
      6.664269721135497,
      6.209319701883942,
      6.016916214022785,
      6.58765992289409,
      6.425060519017279,
      6.223245209082961,
      6.578816303052008,
      6.209105298854411,
      6.170098685659468,
      6.0988675081171095,
      6.278789860662073,
      6.847572628874332,
      6.241401054896414,
      6.653622141107917,
      6.255339519120753,
      6.417184039019048,
      6.389379451982677,
      6.416447857860476,
      5.993370755109936,
      6.22400674270466,
      6.461941252928227,
      6.208828881382942,
      6.3810148551128805,
      6.197018085978925,
      6.647250392008573,
      6.255071884952486,
      6.657944375649095,
      6.232688722666353,
      6.444791157729924,
      6.631431290879846,
      6.8214015369303524,
      6.755382069852203,
      6.248990828171372,
      6.680526599287987,
      6.464938517194241,
      6.029376638121903,
      6.283896480221301,
      6.228210603352636,
      6.701135067734867,
      6.761144777294248,
      6.810942753218114
    ],
    [
