{
  "implementation": "deepspeed_gloo",
  "backend": "gloo",
  "operation": "reduce",
  "num_ranks": 4,
  "tensor_shape": {
    "batch": 8,
    "seq_len": 2048,
    "hidden_dim": 2048
  },
  "num_elements": 33554432,
  "tensor_size_bytes": 67108864,
  "tensor_size_mb": 64.0,
  "dtype": "bfloat16",
  "warmup_iterations": 10,
  "measurement_iterations": 100,
  "timing_method": "time.perf_counter()",
  "timings": [
    [
      0.09722518967464566,
      0.1303532887250185,
      0.10971547570079565,
      0.09793096920475364,
      0.12564580840989947,
      0.11200115736573935,
      0.1297542997635901,
      0.12775381933897734,
      0.12353381514549255,
      0.10247119795531034,
      0.1410535960458219,
      0.12408569874241948,
      0.12433533696457744,
      0.114957126788795,
      0.11586821777746081,
      0.11445052782073617,
      0.06002161279320717,
      0.0940603706985712,
      0.11731190094724298,
      0.09648752305656672,
      0.11383986193686724,
      0.10919946758076549,
      0.11436408292502165,
      0.14257793128490448,
      0.11895276419818401,
      0.1526658651418984,
      0.14189440570771694,
      0.11592347407713532,
      0.13258545799180865,
      0.1178648010827601,
      0.10127818305045366,
      0.12333005899563432,
      0.1237824666313827,
      0.11522275162860751,
      0.10757438186556101,
      0.09887923300266266,
      0.11359645985066891,
      0.11779358005151153,
      0.11868334095925093,
      0.12860327074304223,
      0.10087336599826813,
      0.1323387180455029,
      0.13439995422959328,
      0.11331193894147873,
      0.10886890580877662,
      0.11961556226015091,
      0.10757089406251907,
      0.13278107112273574,
      0.09900639811530709,
      0.11745404312387109,
      0.08548630308359861,
      0.09062685817480087,
      0.12216370413079858,
      0.13065283186733723,
      0.1154350396245718,
      0.12624504510313272,
      0.12063537118956447,
      0.14205230958759785,
      0.1162691880017519,
      0.1315809111110866,
      0.07738692685961723,
      0.08904641680419445,
      0.11664810171350837,
      0.09748407127335668,
      0.11066685197874904,
      0.10457107611000538,
      0.110491125844419,
      0.10897665936499834,
      0.11008657142519951,
      0.11510666506364942,
      0.1478468389250338,
      0.11140974704176188,
      0.15416838508099318,
      0.1351500260643661,
      0.09666843991726637,
      0.12386941816657782,
      0.12215328495949507,
      0.11796893971040845,
      0.12206197483465075,
      0.11356387659907341,
      0.10858224518597126,
      0.11179915396496654,
      0.11173161491751671,
      0.11375864781439304,
      0.114470056258142,
      0.09734714217483997,
      0.1325785988010466,
      0.10736199328675866,
      0.13817016500979662,
      0.1339230900630355,
      0.10587002197280526,
      0.1092095822095871,
      0.13577149901539087,
      0.12436975026503205,
      0.1383925941772759,
      0.09912949986755848,
      0.11459685396403074,
      0.10387144377455115,
      0.10956149781122804,
      0.10977830877527595
    ],
    [
      0.09032773971557617,
      0.12988850008696318,
      0.10131648369133472,
      0.09178823884576559,
      0.11854636343196034,
      0.11195416608825326,
      0.1157674384303391,
      0.1274333237670362,
      0.1156421392224729,
      0.10937494225800037,
      0.14000725373625755,
      0.12199830915778875,
      0.11503014294430614,
      0.10762608097866178,
      0.10882452689111233,
      0.11364395683631301,
      0.060042074881494045,
      0.09043391514569521,
      0.11419649608433247,
      0.09651793399825692,
      0.11089190188795328,
      0.10189535515382886,
      0.10755926789715886,
      0.14702538307756186,
      0.10954994894564152,
      0.15198149299249053,
      0.13137947395443916,
      0.11151710990816355,
      0.12144506210461259,
      0.11379786394536495,
      0.10122686205431819,
      0.11953074717894197,
      0.1192112872377038,
      0.10535285295918584,
      0.11119948886334896,
      0.09202483994886279,
      0.10679835500195622,
      0.11565970489755273,
      0.10986842773854733,
      0.12058055074885488,
      0.1008217977359891,
      0.1259088688530028,
      0.12588193034753203,
      0.10835243295878172,
      0.11254003178328276,
      0.12112627318128943,
      0.10182553064078093,
      0.12589778611436486,
      0.09959495114162564,
      0.1105229533277452,
      0.08530669286847115,
      0.08494682796299458,
      0.11503181792795658,
      0.1267367978580296,
      0.11484072171151638,
      0.12662107264623046,
      0.12081571202725172,
      0.14108967361971736,
      0.11652219202369452,
      0.12490021716803312,
      0.08031827257946134,
      0.09137846576049924,
      0.11059918394312263,
      0.0882825474254787,
      0.1041640848852694,
      0.10270877601578832,
      0.1027117189951241,
      0.10403315490111709,
      0.10232034139335155,
      0.10929543292149901,
      0.1385860159061849,
      0.11475526308640838,
      0.14651770191267133,
      0.12799351522698998,
      0.09961133170872927,
      0.12149539310485125,
      0.11766363820061088,
      0.11264612106606364,
      0.11534175928682089,
      0.11106389109045267,
      0.10732736205682158,
      0.10825276421383023,
      0.10997545113787055,
      0.10172253474593163,
      0.10615833662450314,
      0.09620219189673662,
      0.12961330311372876,
      0.10718344524502754,
      0.137936367187649,
      0.13720671692863107,
      0.10288483090698719,
      0.11216339282691479,
      0.12495042197406292,
      0.11780613986775279,
      0.12972385669127107,
      0.09712991397827864,
      0.10737596498802304,
      0.0953423148021102,
      0.10486980294808745,
      0.10457926895469427
    ],
    [
      0.09664675081148744,
      0.12542486423626542,
      0.10104834288358688,
      0.09150047088041902,
      0.11842185212299228,
      0.10792039521038532,
      0.11982794292271137,
      0.12694685626775026,
      0.11341264005750418,
      0.10982387699186802,
      0.1336367349140346,
      0.12263737199828029,
      0.1203732411377132,
      0.10765067907050252,
      0.10701648984104395,
      0.1119207488372922,
      0.05770950298756361,
      0.09480464411899447,
      0.10875293333083391,
      0.09459419967606664,
      0.10462804138660431,
      0.10103933978825808,
      0.1081368369050324,
      0.14131158497184515,
      0.1123891226015985,
      0.15215574018657207,
      0.13318299688398838,
      0.10899448813870549,
      0.12412797706201673,
      0.11802467098459601,
      0.10152903199195862,
      0.12490535387769341,
      0.12696691416203976,
      0.10405882773920894,
      0.10843149200081825,
      0.09424650808796287,
      0.10752467904239893,
      0.11423296481370926,
      0.10702420491725206,
      0.11812638817355037,
      0.09243729989975691,
      0.1239817263558507,
      0.12993079097941518,
      0.11117767170071602,
      0.10740613518282771,
      0.11767844296991825,
      0.10269545763731003,
      0.12611409882083535,
      0.10001740325242281,
      0.10947571694850922,
      0.0852069677785039,
      0.08861717721447349,
      0.11324673611670732,
      0.12365399487316608,
      0.10977302398532629,
      0.12840653583407402,
      0.12020374974235892,
      0.1361345099285245,
      0.1109858131967485,
      0.12535360688343644,
      0.0748091358691454,
      0.08244685968384147,
      0.11205091699957848,
      0.08665563212707639,
      0.10822856100276113,
      0.10170944780111313,
      0.1051913220435381,
      0.10220484714955091,
      0.10725430818274617,
      0.11071109585464001,
      0.14086491568014026,
      0.10878961021080613,
      0.14614490512758493,
      0.13417495600879192,
      0.09379334794357419,
      0.12007623724639416,
      0.110806779935956,
      0.11259722989052534,
      0.1148419608362019,
      0.11464002914726734,
      0.10993447573855519,
