{
  "implementation": "deepspeed_gloo",
  "backend": "gloo",
  "operation": "broadcast",
  "num_ranks": 4,
  "tensor_shape": {
    "batch": 16,
    "seq_len": 1,
    "hidden_dim": 2048
  },
  "num_elements": 32768,
  "tensor_size_bytes": 65536,
  "tensor_size_mb": 0.0625,
  "dtype": "bfloat16",
  "warmup_iterations": 10,
  "measurement_iterations": 100,
  "timing_method": "time.perf_counter()",
  "timings": [
    [
      5.6128017604351044e-05,
      5.774712190032005e-05,
      5.619507282972336e-05,
      5.632871761918068e-05,
      5.1658134907484055e-05,
      5.5561307817697525e-05,
      6.0937367379665375e-05,
      5.157012492418289e-05,
      5.7091936469078064e-05,
      5.1641836762428284e-05,
      5.690986290574074e-05,
      5.588773638010025e-05,
      5.531078204512596e-05,
      5.625467747449875e-05,
      5.639391019940376e-05,
      5.486886948347092e-05,
      5.2724964916706085e-05,
      5.14984130859375e-05,
      5.610007792711258e-05,
      5.3238123655319214e-05,
      5.0415750592947006e-05,
      5.598319694399834e-05,
      5.9104058891534805e-05,
      5.55478036403656e-05,
      5.1768962293863297e-05,
      5.370611324906349e-05,
      5.686376243829727e-05,
      5.009723827242851e-05,
      5.968008190393448e-05,
      5.229096859693527e-05,
      6.094109266996384e-05,
      4.97717410326004e-05,
      5.104485899209976e-05,
      5.568983033299446e-05,
      5.4877251386642456e-05,
      5.2786897867918015e-05,
      5.2378978580236435e-05,
      5.982397124171257e-05,
      5.408981814980507e-05,
      5.284510552883148e-05,
      5.341228097677231e-05,
      5.071097984910011e-05,
      5.064113065600395e-05,
      5.363393574953079e-05,
      5.552591755986214e-05,
      5.349796265363693e-05,
      5.35082072019577e-05,
      5.481205880641937e-05,
      5.0762202590703964e-05,
      9.209802374243736e-05,
      5.4984819144010544e-05,
      5.23827038705349e-05,
      5.167815834283829e-05,
      5.989009514451027e-05,
      5.35622239112854e-05,
      5.805399268865585e-05,
      5.6327786296606064e-05,
      5.81471249461174e-05,
      5.026115104556084e-05,
      5.8197882026433945e-05,
      5.972711369395256e-05,
      5.334988236427307e-05,
      6.232224404811859e-05,
      5.687680095434189e-05,
      5.899602547287941e-05,
      5.7744793593883514e-05,
      5.068071186542511e-05,
      5.174195393919945e-05,
      5.521625280380249e-05,
      5.36283478140831e-05,
      6.005680188536644e-05,
      5.25452196598053e-05,
      4.813214763998985e-05,
      5.677714943885803e-05,
      5.7155732065439224e-05,
      5.436409264802933e-05,
      5.6043267250061035e-05,
      6.289221346378326e-05,
      5.818018689751625e-05,
      5.55659644305706e-05,
      5.358317866921425e-05,
      4.819920286536217e-05,
      5.8613717555999756e-05,
      5.1659997552633286e-05,
      5.19738532602787e-05,
      5.227280780673027e-05,
      4.895823076367378e-05,
      6.443215534090996e-05,
      5.203438922762871e-05,
      6.306171417236328e-05,
      5.064578726887703e-05,
      5.712732672691345e-05,
      5.0869304686784744e-05,
      5.8809760957956314e-05,
      5.6824181228876114e-05,
      5.775410681962967e-05,
      6.215833127498627e-05,
      5.612615495920181e-05,
      4.881061613559723e-05,
      5.466211587190628e-05
    ],
    [
      9.040813893079758e-05,
      8.743582293391228e-05,
      6.308592855930328e-05,
      6.89290463924408e-05,
      8.310796692967415e-05,
      8.817575871944427e-05,
      7.528718560934067e-05,
      7.872190326452255e-05,
      8.393684402108192e-05,
      7.699569687247276e-05,
      7.855379953980446e-05,
      9.555835276842117e-05,
      9.169615805149078e-05,
      9.374413639307022e-05,
      7.423479110002518e-05,
      6.5626110881567e-05,
      7.979711517691612e-05,
      6.699096411466599e-05,
      9.427312761545181e-05,
      8.167373016476631e-05,
      7.79549591243267e-05,
      6.824685260653496e-05,
      7.600616663694382e-05,
      6.494298577308655e-05,
      7.900409400463104e-05,
      6.115809082984924e-05,
      7.337518036365509e-05,
      5.627702921628952e-05,
      8.360994979739189e-05,
      6.597209721803665e-05,
      8.973712101578712e-05,
      7.956288754940033e-05,
      7.925275713205338e-05,
      8.693384006619453e-05,
      6.529083475470543e-05,
      6.363075226545334e-05,
      8.003599941730499e-05,
      9.809667244553566e-05,
      8.620414882898331e-05,
      8.112005889415741e-05,
      8.25938768684864e-05,
      8.011981844902039e-05,
      7.463013753294945e-05,
      7.414305582642555e-05,
      8.82190652191639e-05,
      8.300598710775375e-05,
      8.461298421025276e-05,
      8.03731381893158e-05,
      0.00012674136087298393,
      6.836093962192535e-05,
      8.27619805932045e-05,
      8.37366096675396e-05,
      8.407095447182655e-05,
      7.80927948653698e-05,
      6.530014798045158e-05,
      8.849287405610085e-05,
      6.764987483620644e-05,
      7.817475125193596e-05,
      7.701059803366661e-05,
      8.364534005522728e-05,
      7.703108713030815e-05,
      6.539095193147659e-05,
      7.38510861992836e-05,
      6.925873458385468e-05,
      6.729178130626678e-05,
      8.298968896269798e-05,
      7.914099842309952e-05,
      7.715122774243355e-05,
      7.774820551276207e-05,
      7.999967783689499e-05,
      9.141722694039345e-05,
      8.268328383564949e-05,
      7.244804874062538e-05,
      7.730117067694664e-05,
      9.269500151276588e-05,
      9.222794324159622e-05,
      7.049599662423134e-05,
      8.436618372797966e-05,
      7.300078868865967e-05,
      9.120767936110497e-05,
      6.523029878735542e-05,
      6.250524893403053e-05,
      8.59149731695652e-05,
      8.438201621174812e-05,
      8.162204176187515e-05,
      8.550425991415977e-05,
      7.438892498612404e-05,
      8.590193465352058e-05,
      8.135894313454628e-05,
      8.346838876605034e-05,
      6.505195051431656e-05,
      8.617294952273369e-05,
      7.735099643468857e-05,
      7.428228855133057e-05,
      6.677629426121712e-05,
      7.13421031832695e-05,
      6.867386400699615e-05,
      8.714385330677032e-05,
      8.033867925405502e-05,
      6.659328937530518e-05
    ],
    [
      4.581967368721962e-05,
      7.068086415529251e-05,
      4.055025056004524e-05,
      6.174296140670776e-05,
      4.109926521778107e-05,
      4.5544933527708054e-05,
      7.5547955930233e-05,
      4.491070285439491e-05,
      4.3495092540979385e-05,
      4.559103399515152e-05,
      6.591202691197395e-05,
      4.6418048441410065e-05,
      6.1031896620988846e-05,
      4.711328074336052e-05,
      6.215227767825127e-05,
      5.876319482922554e-05,
      4.656519740819931e-05,
      5.557108670473099e-05,
      4.6607572585344315e-05,
      3.8803089410066605e-05,
      4.2591243982315063e-05,
      4.695402458310127e-05,
      6.478559225797653e-05,
      6.04032538831234e-05,
      4.3433159589767456e-05,
      5.8131758123636246e-05,
      7.07521103322506e-05,
      5.5709853768348694e-05,
      7.459660992026329e-05,
      5.657924339175224e-05,
      5.0869304686784744e-05,
      4.508998245000839e-05,
      4.800921306014061e-05,
      4.808930680155754e-05,
      6.789527833461761e-05,
      5.586771294474602e-05,
      4.158681258559227e-05,
      4.898989573121071e-05,
      4.6424102038145065e-05,
      3.7245918065309525e-05,
      3.855116665363312e-05,
      4.2726751416921616e-05,
      4.450324922800064e-05,
      5.978485569357872e-05,
      4.913611337542534e-05,
      4.4990796595811844e-05,
      4.25633043050766e-05,
      4.2644795030355453e-05,
      4.4475309550762177e-05,
      8.892174810171127e-05,
      4.551000893115997e-05,
      4.3177977204322815e-05,
      4.2477622628211975e-05,
      6.380723789334297e-05,
      5.99520280957222e-05,
      4.7039706259965897e-05,
      6.154505535960197e-05,
      3.903266042470932e-05,
      3.863917663693428e-05,
      7.342314347624779e-05,
