{
  "implementation": "deepspeed_gloo",
  "backend": "gloo",
  "operation": "allgather",
  "num_ranks": 4,
  "tensor_shape": {
    "batch": 32,
    "seq_len": 4096,
    "hidden_dim": 4096
  },
  "num_elements": 536870912,
  "tensor_size_bytes": 1073741824,
  "tensor_size_mb": 1024.0,
  "dtype": "bfloat16",
  "warmup_iterations": 10,
  "measurement_iterations": 100,
  "timing_method": "time.perf_counter()",
  "timings": [
    [
      3.3680970212444663,
      3.374953629914671,
      3.2621605009771883,
      3.1724422038532794,
      3.363873795606196,
      3.27152445493266,
      3.175479016266763,
      3.274560919031501,
      3.1810941249132156,
      3.159028888680041,
      3.181076357141137,
      3.282409151084721,
      3.1819711551070213,
      3.178124005906284,
      3.2763540148735046,
      3.2782287281006575,
      3.27186918258667,
      3.1841180250048637,
      3.3669670377857983,
      3.278810274321586,
      3.251996501814574,
      3.17399565782398,
      3.268710562027991,
      3.266988849733025,
      3.375137924682349,
      3.2627800600603223,
      3.175544197205454,
      3.2864451929926872,
      3.166561481077224,
      3.2782121328637004,
      3.27861962094903,
      3.175717085134238,
      3.277282933704555,
      3.386186006013304,
      3.2622801261022687,
      3.19270096719265,
      3.466956709045917,
      3.2756366282701492,
      3.1737940227612853,
      3.2554649277590215,
      3.374608678277582,
      3.271217033267021,
      3.2015472440980375,
      3.2742718891240656,
      3.2713723541237414,
      3.3686033319681883,
      3.3774600229226053,
      3.0631207460537553,
      3.2757683102972806,
      3.276943048927933,
      3.2798074861057103,
      3.2777418508194387,
      3.184559926390648,
      3.449959335383028,
      3.177471380215138,
      3.1710223127156496,
      3.3789831227622926,
      3.3831117204390466,
      3.154539631679654,
      3.1807859777472913,
      3.2768742041662335,
      3.384881899692118,
      3.1986824278719723,
      3.277143122628331,
      3.4524722062051296,
      3.2707782266661525,
      3.2713636429980397,
      3.4907643608748913,
      3.3715111827477813,
      3.173246731981635,
      3.188297496177256,
      3.184525575954467,
      3.1744685950689018,
      3.355441024992615,
      3.3732777647674084,
      3.3677241671830416,
      3.38692460488528,
      3.3737072171643376,
      3.183914656750858,
      3.366832548286766,
      3.392025667708367,
      3.0801140340045094,
      3.179157408885658,
      3.189829451031983,
      3.175599154084921,
      3.3744255611672997,
      3.2696291408501565,
      3.183464519213885,
      3.282325303182006,
      3.290324382018298,
      3.185630986932665,
      3.2732848450541496,
      3.1837605889886618,
      3.2648881529457867,
      3.267803803086281,
      3.175114375539124,
      3.1720429160632193,
      3.264587336219847,
      3.1784327998757362,
      3.1860430110245943
    ],
    [
      3.366568331141025,
      3.3698409027419984,
      3.2578600021079183,
      3.160191924776882,
      3.337393191177398,
      3.2689627101644874,
      3.17141030728817,
      3.258625192102045,
      3.165644512977451,
      3.1439031823538244,
      3.1759523591026664,
      3.2772276741452515,
      3.1807561637833714,
      3.175556933041662,
      3.267388837877661,
      3.2754132486879826,
      3.267570856027305,
      3.1801768778823316,
      3.3624974940903485,
      3.2817794140428305,
      3.237589311785996,
      3.1682959306053817,
      3.2656435118988156,
      3.2646946660242975,
      3.37173709878698,
      3.256402364000678,
      3.16841938206926,
      3.2824874171055853,
      3.1610891888849437,
      3.2721497737802565,
      3.2747637717984617,
      3.172089039813727,
      3.275027198716998,
      3.376033606007695,
      3.2573376391083,
      3.188133338931948,
      3.457682869397104,
      3.2667440311051905,
      3.1707682996056974,
      3.2606853181496263,
      3.3684402159415185,
      3.27626766404137,
      3.2109524491243064,
      3.269316100049764,
      3.2670127702876925,
      3.3666004659608006,
      3.3759092073887587,
      3.0550339980982244,
      3.258751451037824,
      3.2754759527742863,
      3.2723992969840765,
      3.2593426038511097,
      3.1787918377667665,
      3.439903541933745,
      3.1732151028700173,
      3.168293241877109,
      3.3774072830565274,
      3.36812742985785,
      3.139950738288462,
      3.1754426220431924,
      3.2728808759711683,
      3.3806795007549226,
      3.198514000978321,
      3.2733310381881893,
      3.443135851994157,
      3.2689753212034702,
      3.271319506224245,
      3.4733472233638167,
      3.36935908626765,
      3.1681684986688197,
      3.182869916316122,
      3.184115764219314,
      3.172059742268175,
      3.352147212717682,
      3.370136762969196,
      3.3579236338846385,
      3.3843243927694857,
      3.3720464990474284,
      3.1800984758883715,
      3.3722474491223693,
      3.387556804344058,
      3.071934300940484,
      3.172894604038447,
      3.1672272430732846,
      3.1745498022064567,
      3.3701516101136804,
      3.258645656052977,
      3.180517508648336,
      3.2770575461909175,
      3.28597402991727,
      3.1812823098152876,
      3.264904223382473,
      3.1808360870927572,
      3.262474542018026,
      3.2623283327557147,
      3.1717949341982603,
      3.178775748703629,
      3.2604895988479257,
      3.174187689088285,
      3.183705145958811
    ],
    [
      3.3371221758425236,
      3.3521197102963924,
      3.204625740647316,
      3.1313795391470194,
      3.322674138005823,
      3.240628599189222,
      3.1294774427078664,
      3.233338394202292,
      3.13830627175048,
      3.139438787009567,
      3.144356992095709,
      3.247940791770816,
      3.147292668931186,
      3.141452962998301,
      3.211562721990049,
      3.247322069015354,
      3.2410910157486796,
      3.13981811190024,
      3.3355609900318086,
      3.260585540905595,
      3.2025762321427464,
      3.1503764260560274,
      3.2307045981287956,
      3.2242765058763325,
      3.3467914583161473,
      3.2235141340643167,
      3.142388102132827,
      3.2444725185632706,
      3.131685220170766,
      3.246144994162023,
      3.250739141833037,
      3.1393025680445135,
      3.2377986521460116,
      3.364557852037251,
      3.224861560855061,
      3.1561183761805296,
      3.4205922400578856,
      3.252857454586774,
      3.1384647912345827,
      3.207268356345594,
      3.337561051826924,
      3.2384347491897643,
      3.1550696259364486,
      3.231333951000124,
      3.2247142088599503,
      3.3331133602187037,
      3.3559005581773818,
      3.0030938391573727,
      3.2505348422564566,
      3.241821792908013,
      3.241111403796822,
      3.2512987037189305,
      3.1644314099103212,
      3.4120054990053177,
      3.140136959962547,
      3.135319051798433,
      3.3415835169143975,
      3.333771029021591,
      3.1234677848406136,
      3.144825598690659,
      3.23441920010373,
      3.348126731812954,
      3.1509613231755793,
      3.2484706179238856,
      3.4117743829265237,
      3.2302583600394428,
      3.2323510139249265,
      3.460829329211265,
      3.3356533478945494,
      3.1481921686790884,
      3.1429526400752366,
      3.1494500576518476,
      3.1347593339160085,
      3.324690038803965,
      3.3422950175590813,
      3.3247984759509563,
      3.355997608974576,
      3.335521045140922,
      3.1402811920270324,
      3.342750689946115,
      3.380555975716561,
      3.0353236170485616,
      3.131828202866018,
      3.1692025689408183,
      3.1334480699151754,
      3.3399038170464337,
      3.2252156231552362,
      3.144833863247186,
      3.2505192128010094,
      3.256666668690741,
      3.141253001987934,
      3.22970351530239,
      3.128997629042715,
      3.2339539523236454,
      3.2289628870785236,
      3.1367012220434844,
