{
  "implementation": "deepspeed_gloo",
  "backend": "gloo",
  "operation": "reduce",
  "num_ranks": 4,
  "tensor_shape": {
    "batch": 16,
    "seq_len": 2048,
    "hidden_dim": 4096
  },
  "num_elements": 134217728,
  "tensor_size_bytes": 268435456,
  "tensor_size_mb": 256.0,
  "dtype": "bfloat16",
  "warmup_iterations": 10,
  "measurement_iterations": 100,
  "timing_method": "time.perf_counter()",
  "timings": [
    [
      0.43368271086364985,
      0.5644772439263761,
      0.37925743917003274,
      0.45604213420301676,
      0.4179928288795054,
      0.4271815298125148,
      0.39328694390133023,
      0.44024145184084773,
      0.4191935071721673,
      0.45909411180764437,
      0.3972730473615229,
      0.43266284884884953,
      0.3840014380402863,
      0.4662150810472667,
      0.45854408014565706,
      0.4028531382791698,
      0.3837387920357287,
      0.4930099961347878,
      0.4713300201110542,
      0.5031787259504199,
      0.33093129377812147,
      0.4878372820094228,
      0.4176458902657032,
      0.4673058707267046,
      0.4224618589505553,
      0.5213694861158729,
      0.469649497885257,
      0.4229149669408798,
      0.4048040811903775,
      0.41541025694459677,
      0.36180612072348595,
      0.46381539991125464,
      0.41980176884680986,
      0.5168622341006994,
      0.4805581890977919,
      0.5184775423258543,
      0.46071527479216456,
      0.4302010303363204,
      0.4738653153181076,
      0.4694470348767936,
      0.4841861049644649,
      0.4871817040257156,
      0.4344236389733851,
      0.4531278181821108,
      0.4505582978017628,
      0.49973849579691887,
      0.48279932979494333,
      0.34085321985185146,
      0.496079723816365,
      0.4643992930650711,
      0.313402296975255,
      0.4349733986891806,
      0.5381861720234156,
      0.4450523308478296,
      0.44455629028379917,
      0.43664991995319724,
      0.3943917639553547,
      0.44341365713626146,
      0.4519560500048101,
      0.4399742861278355,
      0.511675801128149,
      0.4049033089540899,
      0.43351603392511606,
      0.4478780501522124,
      0.38855109876021743,
      0.4081338020041585,
      0.427161302883178,
      0.4470017268322408,
      0.5130048231221735,
      0.3679703208617866,
      0.49205525079742074,
      0.318133691791445,
      0.4214950408786535,
      0.4422852639108896,
      0.4580209660343826,
      0.4164176150225103,
      0.5352333467453718,
      0.41757182823494077,
      0.3548715552315116,
      0.4414058499969542,
      0.41716008400544524,
      0.31096863094717264,
      0.4200528091751039,
      0.45465831039473414,
      0.5043590320274234,
      0.38911707093939185,
      0.5070344740524888,
      0.40093644289299846,
      0.45583463087677956,
      0.48849430680274963,
      0.4320478802546859,
      0.4186268490739167,
      0.5274499128572643,
      0.4441340668126941,
      0.43013861402869225,
      0.45907951705157757,
      0.33389124972745776,
      0.44578432803973556,
      0.4637143942527473,
      0.3938558427616954
    ],
    [
      0.4256145842373371,
      0.5604220507666469,
      0.37103363405913115,
      0.4404709190130234,
      0.41792942490428686,
      0.42338857101276517,
      0.38638785388320684,
      0.4249009732156992,
      0.41760429507121444,
      0.44226421415805817,
      0.39642081409692764,
      0.4274257142096758,
      0.3756613163277507,
      0.45091055892407894,
      0.45762024307623506,
      0.3963189460337162,
      0.3837864282540977,
      0.4721685559488833,
      0.47035950096324086,
      0.492927148938179,
      0.3127031922340393,
      0.48256719298660755,
      0.4153422652743757,
      0.45466745598241687,
      0.4143956368789077,
      0.5128325163386762,
      0.4697433835826814,
      0.40186518616974354,
      0.4042383120395243,
      0.4128737626597285,
      0.34896879084408283,
      0.4527170667424798,
      0.4197440417483449,
      0.5019485433585942,
      0.4719913271255791,
      0.5139406858943403,
      0.45122944936156273,
      0.43015951616689563,
      0.47299092123284936,
      0.46922983322292566,
      0.4699842338450253,
      0.4691745829768479,
      0.4333931738510728,
      0.4462793623097241,
      0.4415213670581579,
      0.4989527720026672,
      0.4688659799285233,
      0.33682458475232124,
      0.49350307788699865,
      0.45332604739814997,
      0.3134862380102277,
      0.43463060399517417,
      0.5369118959642947,
      0.444010223262012,
      0.4444945543073118,
      0.42622553277760744,
      0.390497790183872,
      0.43110746471211314,
      0.4499426046386361,
      0.4321326008066535,
      0.5079353558830917,
      0.39975169487297535,
      0.4334697690792382,
      0.4478376149199903,
      0.37336725927889347,
      0.4000738011673093,
      0.4084940259344876,
      0.44303222838789225,
      0.5039179529994726,
      0.3630090248771012,
      0.49132741522043943,
      0.3127358462661505,
      0.4121030638925731,
      0.43831122294068336,
      0.45246221078559756,
      0.41637418093159795,
      0.5213581258431077,
      0.41725980397313833,
      0.3418504688888788,
      0.42542829317972064,
      0.41123301163315773,
      0.30999905429780483,
      0.40724008390679955,
      0.4538415018469095,
      0.484380685724318,
      0.38247903110459447,
      0.5051982020959258,
      0.3934340188279748,
      0.4403992989100516,
      0.47517625195905566,
      0.42422070587053895,
      0.40801548724994063,
      0.5242507052607834,
      0.4435788281261921,
      0.42614592192694545,
      0.4577009193599224,
      0.31742197275161743,
      0.4457350680604577,
      0.4638405367732048,
      0.3892293758690357
    ],
    [
      0.42459085024893284,
      0.5644504390656948,
      0.37933900905773044,
      0.454205677844584,
      0.40584429865702987,
      0.4271450820378959,
      0.3798368261195719,
      0.43104493198916316,
      0.4066520491614938,
      0.45389811135828495,
      0.3891059928573668,
      0.41504862578585744,
      0.3759648990817368,
      0.4661892377771437,
      0.44511322025209665,
      0.4028120329603553,
      0.3737970357760787,
      0.48262757482007146,
      0.47130989003926516,
      0.4951329259201884,
      0.3218037369661033,
      0.4866714170202613,
      0.4095978047698736,
      0.46243596775457263,
      0.4206251669675112,
      0.5213844650425017,
      0.4619709891267121,
      0.41152632189914584,
      0.3916135639883578,
      0.3962768828496337,
      0.36176605010405183,
      0.46380498306825757,
      0.40112995402887464,
      0.5168411028571427,
      0.4802203248254955,
      0.5147132938727736,
      0.45834087766706944,
      0.4131654165685177,
      0.47234719106927514,
      0.4647474051453173,
      0.4841466909274459,
      0.4762317999266088,
      0.4334496627561748,
      0.4512663600035012,
      0.44512794306501746,
      0.4957230561412871,
      0.4786090129055083,
      0.3327319580130279,
      0.48259159177541733,
      0.4643652681261301,
      0.30156597308814526,
      0.4256801628507674,
      0.5236296160146594,
      0.44502088194712996,
      0.4414706830866635,
      0.42860343400388956,
      0.38997706584632397,
      0.44134656293317676,
      0.4329754072241485,
      0.4383677560836077,
      0.5116792009212077,
      0.40446131117641926,
      0.41827742010354996,
      0.4353923639282584,
      0.38274820521473885,
      0.3958845790475607,
      0.417752327863127,
      0.4348933049477637,
      0.5127163561992347,
      0.36801067367196083,
      0.4744387320242822,
      0.3101553791202605,
      0.4214273188263178,
      0.4279676778241992,
      0.45367006305605173,
      0.405326415784657,
      0.5324629177339375,
      0.41754470067098737,
      0.34679162688553333,
      0.4411282567307353,
      0.41501607187092304,
      0.30085292691364884,
      0.4167326311580837,
      0.45428259018808603,
      0.5024768351577222,
      0.3891490180976689,
