{
  "implementation": "deepspeed_gloo",
  "backend": "gloo",
  "operation": "gather",
  "num_ranks": 4,
  "tensor_shape": {
    "batch": 1,
    "seq_len": 2048,
    "hidden_dim": 2048
  },
  "num_elements": 4194304,
  "tensor_size_bytes": 8388608,
  "tensor_size_mb": 8.0,
  "dtype": "bfloat16",
  "warmup_iterations": 10,
  "measurement_iterations": 100,
  "timing_method": "time.perf_counter()",
  "timings": [
    [
      0.021497274748981,
      0.021379651967436075,
      0.02211422100663185,
      0.020404894836246967,
      0.020833682268857956,
      0.0232788841240108,
      0.022900879848748446,
      0.022703510243445635,
      0.022770115174353123,
      0.02294432418420911,
      0.02677727211266756,
      0.025714789051562548,
      0.0216479511000216,
      0.024458457250148058,
      0.02113062096759677,
      0.02194017404690385,
      0.020990675315260887,
      0.02064494602382183,
      0.01996073080226779,
      0.02034133207052946,
      0.020251739770174026,
      0.020160282030701637,
      0.019916022196412086,
      0.02028213581070304,
      0.020052351988852024,
      0.020001434721052647,
      0.020330441650003195,
      0.0218059029430151,
      0.02171570109203458,
      0.021238012239336967,
      0.025126434862613678,
      0.024383290205150843,
      0.025603382382541895,
      0.029466035310178995,
      0.02665854897350073,
      0.02660353109240532,
      0.02552090585231781,
      0.025850001722574234,
      0.020726765040308237,
      0.02076105773448944,
      0.02085598185658455,
      0.020941039081662893,
      0.020866259932518005,
      0.021614489145576954,
      0.021498527843505144,
      0.020546263083815575,
      0.0219870381988585,
      0.0235062581487,
      0.022791515104472637,
      0.02429492911323905,
      0.023235435131937265,
      0.0231725019402802,
      0.02526608482003212,
      0.020151378121227026,
      0.021222802344709635,
      0.021108302287757397,
      0.0202205590903759,
      0.020664715208113194,
      0.02120480313897133,
      0.02075036894530058,
      0.019268790259957314,
      0.019446944817900658,
      0.019442802760750055,
      0.02058415487408638,
      0.01973958034068346,
      0.01990332780405879,
      0.020548757165670395,
      0.021545774769037962,
      0.022013532929122448,
      0.02251883503049612,
      0.02275631297379732,
      0.02256831619888544,
      0.022250277921557426,
      0.024235459975898266,
      0.025127670727670193,
      0.021690321154892445,
      0.020114594139158726,
      0.019852308090776205,
      0.02034156396985054,
      0.020030554849654436,
      0.01997650321573019,
      0.020788569003343582,
      0.02073642611503601,
      0.020346381701529026,
      0.019988244865089655,
      0.020055977627635002,
      0.02026045974344015,
      0.020069437101483345,
      0.019953780341893435,
      0.02141811139881611,
      0.02178315306082368,
      0.021554196253418922,
      0.021822308655828238,
      0.021802461240440607,
      0.02176426723599434,
      0.0255905338563025,
      0.021266909781843424,
      0.0208427207544446,
      0.020951577927917242,
      0.024114179890602827
    ],
    [
      0.015285822097212076,
      0.01925921067595482,
      0.015911913011223078,
      0.015411399770528078,
      0.016032520215958357,
      0.016281694173812866,
      0.01983260503038764,
      0.016035179141908884,
      0.016003550961613655,
      0.015795416198670864,
      0.01761275017634034,
      0.016767006367444992,
      0.014919735956937075,
      0.01566496631130576,
      0.015076341107487679,
      0.015717057045549154,
      0.01866803877055645,
      0.01513494597747922,
      0.015062483958899975,
      0.015146377962082624,
      0.015064465813338757,
      0.015210926998406649,
      0.01505222823470831,
      0.015061283949762583,
      0.015106825157999992,
      0.015078053344041109,
      0.015427177306264639,
      0.01576743694022298,
      0.019319791812449694,
      0.01507636671885848,
      0.020922139286994934,
      0.016932780854403973,
      0.02084989193826914,
      0.01822710782289505,
      0.01791005302220583,
      0.015777579974383116,
      0.02144651673734188,
      0.01657900819554925,
      0.01452769385650754,
      0.015123257879167795,
      0.01876040082424879,
      0.015748058911412954,
      0.015247923787683249,
      0.01579868793487549,
      0.01549636572599411,
      0.014958388172090054,
      0.01572928810492158,
      0.016393691767007113,
      0.01652056211605668,
      0.016177337151020765,
      0.016273791901767254,
      0.016147783026099205,
      0.0168817900121212,
      0.015369210857897997,
      0.015680699609220028,
      0.015118666924536228,
      0.015456088818609715,
      0.015457706991583109,
      0.01523432508111,
      0.015300009865313768,
      0.014815855771303177,
      0.01497109280899167,
      0.014988022856414318,
      0.015079057309776545,
      0.015168266836553812,
      0.014998533297330141,
      0.015365765895694494,
      0.015585794113576412,
      0.016086734365671873,
      0.015923543833196163,
      0.01598759414628148,
      0.016066735610365868,
      0.01963050290942192,
      0.015678189229220152,
      0.016991778276860714,
      0.01555161876603961,
      0.018409740179777145,
      0.014858207199722528,
      0.015345810912549496,
      0.015002402011305094,
      0.015037884004414082,
      0.015121578238904476,
      0.015343578066676855,
      0.01518303295597434,
      0.015311135910451412,
      0.015099580399692059,
      0.01839625695720315,
      0.015167055185884237,
      0.015000957064330578,
      0.01917379768565297,
      0.01571990502998233,
      0.015946099068969488,
      0.015571512281894684,
      0.015636987052857876,
      0.015632401686161757,
      0.021463905926793814,
      0.01659763278439641,
      0.014410891104489565,
      0.015440809074789286,
      0.015294958837330341
    ],
    [
      0.01881226897239685,
      0.016074704937636852,
      0.019454800989478827,
      0.01896184589713812,
      0.019659616984426975,
      0.020413379184901714,
      0.016225062776356936,
      0.020122279413044453,
      0.019979111850261688,
      0.019932720810174942,
      0.02215375006198883,
      0.022579996846616268,
      0.01825882401317358,
      0.020433459896594286,
      0.01837765984237194,
      0.0193596831522882,
      0.015236862003803253,
      0.018644358031451702,
      0.018273126799613237,
      0.01856421586126089,
      0.01856651296839118,
      0.01851178240031004,
      0.01837857998907566,
      0.01841583289206028,
      0.018416990991681814,
      0.018416862934827805,
      0.018757206853479147,
      0.019359271973371506,
      0.015747337136417627,
      0.018728566821664572,
      0.016859769355505705,
      0.021328635048121214,
      0.01655319193378091,
      0.023590929806232452,
      0.023020741064101458,
      0.020933798048645258,
      0.016245217993855476,
      0.021575949154794216,
      0.017770205158740282,
      0.01854466088116169,
      0.015477455221116543,
      0.018975865095853806,
      0.018664406146854162,
      0.019208977930247784,
      0.019105409737676382,
      0.018409563694149256,
      0.01950283581390977,
      0.020217505749315023,
      0.020078811794519424,
      0.02041696384549141,
      0.02004079520702362,
      0.01993412198498845,
      0.02106168307363987,
      0.018590235617011786,
      0.019457143265753984,
      0.018425431102514267,
      0.018682273104786873,
      0.018841993063688278,
      0.01877380907535553,
      0.01875008037313819,
      0.017926437314599752,
      0.01822024304419756,
      0.018123365938663483,
      0.01842502085492015,
      0.018384651746600866,
      0.01826552301645279,
      0.018699840642511845,
      0.019132262095808983,
      0.01984727568924427,
      0.0195650109089911,
      0.019747554790228605,
      0.019860454834997654,
      0.015986123122274876,
      0.019209484104067087,
