{
  "implementation": "deepspeed_gloo",
  "backend": "gloo",
  "operation": "allreduce",
  "num_ranks": 4,
  "tensor_shape": {
    "batch": 1,
    "seq_len": 8192,
    "hidden_dim": 2048
  },
  "num_elements": 16777216,
  "tensor_size_bytes": 33554432,
  "tensor_size_mb": 32.0,
  "dtype": "bfloat16",
  "warmup_iterations": 10,
  "measurement_iterations": 100,
  "timing_method": "time.perf_counter()",
  "timings": [
    [
      0.022493894211947918,
      0.023027455899864435,
      0.02293170103803277,
      0.03266195487231016,
      0.023984683211892843,
      0.023173307068645954,
      0.02307080291211605,
      0.02309135114774108,
      0.023202345240861177,
      0.023152286652475595,
      0.04422291275113821,
      0.035383468959480524,
      0.037852104753255844,
      0.04251958802342415,
      0.05027917493134737,
      0.02247268008068204,
      0.023667830042541027,
      0.022832084447145462,
      0.023315096274018288,
      0.023021831177175045,
      0.035381479654461145,
      0.03446957655251026,
      0.03087109373882413,
      0.02323805633932352,
      0.03708388144150376,
      0.036589437164366245,
      0.04039575718343258,
      0.04113040491938591,
      0.04886301374062896,
      0.03481451189145446,
      0.027388560120016336,
      0.023465312086045742,
      0.03600262012332678,
      0.042951453011482954,
      0.03928567003458738,
      0.04719399567693472,
      0.02239667996764183,
      0.02330686803907156,
      0.023291117046028376,
      0.03169796336442232,
      0.038036740850657225,
      0.05208171298727393,
      0.03440798819065094,
      0.041763655841350555,
      0.02491839276626706,
      0.03552978718653321,
      0.049108607694506645,
      0.034798314329236746,
      0.03942204313352704,
      0.04208680801093578,
      0.0503529473207891,
      0.022504867054522038,
      0.027937252074480057,
      0.02295885281637311,
      0.023258348926901817,
      0.02332325279712677,
      0.03429971868172288,
      0.023081589955836535,
      0.023334393743425608,
      0.023575203027576208,
      0.023020722903311253,
      0.043780427891761065,
      0.03527078917250037,
      0.03705915668979287,
      0.04062743578106165,
      0.051306325010955334,
      0.03443701472133398,
      0.028156126849353313,
      0.03656717808917165,
      0.0462439781986177,
      0.03446074202656746,
      0.03933824459090829,
      0.04256472270935774,
      0.04757601534947753,
      0.037908969912678,
      0.02761386102065444,
      0.039764509070664644,
      0.042034579906612635,
      0.02788845496252179,
      0.03491601021960378,
      0.05058395070955157,
      0.0356108732521534,
      0.028076359070837498,
      0.023885533213615417,
      0.023261454422026873,
      0.02324169734492898,
      0.023269074968993664,
      0.03333226917311549,
      0.0359811270609498,
      0.042343334294855595,
      0.04002022696658969,
      0.04790021991357207,
      0.03549568774178624,
      0.04271311406046152,
      0.029598628170788288,
      0.022871102672070265,
      0.023201437667012215,
      0.02294900408014655,
      0.034582606982439756,
      0.022653611842542887
    ],
    [
      0.022390414960682392,
      0.022966481279581785,
      0.02293122885748744,
      0.031942368019372225,
      0.023285862989723682,
      0.023137243930250406,
      0.023176259826868773,
      0.023121617268770933,
      0.02321805991232395,
      0.02309630112722516,
      0.03628731518983841,
      0.04123167274519801,
      0.041147141717374325,
      0.050745001062750816,
      0.036015603225678205,
      0.02652921387925744,
      0.023086730856448412,
      0.022967281751334667,
      0.023318855091929436,
      0.023015331011265516,
      0.031195139978080988,
      0.035765375941991806,
      0.030847466085106134,
      0.02319902740418911,
      0.03189427778124809,
      0.03751145489513874,
      0.040859426371753216,
      0.049085105303674936,
      0.03449667990207672,
      0.04281819984316826,
      0.033023111056536436,
      0.024039109237492085,
      0.03801495209336281,
      0.04294197401031852,
      0.04728241357952356,
      0.034662785939872265,
      0.028470658231526613,
      0.02507190080359578,
      0.02328568184748292,
      0.031687403097748756,
      0.045915930066257715,
      0.036941617261618376,
      0.04268161114305258,
      0.03985888231545687,
      0.028004121035337448,
      0.0434779548086226,
      0.03505177376791835,
      0.04087765607982874,
      0.04073348501697183,
      0.0500139519572258,
      0.03722498705610633,
      0.0237886318936944,
      0.024766061920672655,
      0.02310119615867734,
      0.023176212795078754,
      0.023312001954764128,
      0.03164572175592184,
      0.02384196501225233,
      0.02333227079361677,
      0.023480910807847977,
      0.023084012791514397,
      0.03574478393420577,
      0.04044711636379361,
      0.04003018792718649,
      0.04876386933028698,
      0.035427654162049294,
      0.04101548157632351,
      0.032223149202764034,
      0.036563022062182426,
      0.039726206101477146,
      0.039794313721358776,
      0.0409322171472013,
      0.05050060525536537,
      0.03565653786063194,
      0.042762931901961565,
      0.027630286291241646,
      0.03971865214407444,
      0.04911863524466753,
      0.022651981096714735,
      0.04228722024708986,
      0.035105295944958925,
      0.04199578706175089,
      0.027228538878262043,
      0.023414812050759792,
      0.024912763852626085,
      0.023233056999742985,
      0.02335078315809369,
      0.03172862529754639,
      0.03570342203602195,
      0.04244597302749753,
      0.04794479813426733,
      0.03442201670259237,
      0.040370946284383535,
      0.044254663400352,
      0.02804354904219508,
      0.02385638700798154,
      0.02319253794848919,
      0.022885750979185104,
      0.03193757589906454,
      0.023510341066867113
    ],
    [
      0.022053714841604233,
      0.02287693088874221,
      0.02300055231899023,
      0.03200003318488598,
      0.023174813017249107,
      0.023122222162783146,
      0.023255041800439358,
      0.023135940078645945,
      0.02321734093129635,
      0.023123191203922033,
      0.03634708980098367,
      0.04115141415968537,
      0.049057525116950274,
      0.03713540220633149,
      0.04109332012012601,
      0.02966855699196458,
      0.02243267698213458,
      0.02297178190201521,
      0.023318275343626738,
      0.02314828708767891,
      0.031263422686606646,
      0.03571425471454859,
      0.030629265122115612,
      0.023207776248455048,
      0.031890843994915485,
      0.037749804090708494,
      0.04862146219238639,
      0.03548650909215212,
      0.0406504818238318,
      0.04421066399663687,
      0.030528169125318527,
      0.023856628220528364,
      0.035945940762758255,
      0.049575658980757,
      0.036468666046857834,
      0.04009557794779539,
      0.030416336841881275,
      0.02260403474792838,
      0.023163804784417152,
      0.03717352729290724,
      0.03676966391503811,
      0.04349441360682249,
      0.043600406032055616,
      0.049392913933843374,
      0.022216578014194965,
      0.03424014896154404,
      0.04129758011549711,
      0.040801702067255974,
      0.04988780291751027,
      0.03752834117040038,
      0.04080289276316762,
      0.028735498897731304,
      0.022486752830445766,
      0.023094022646546364,
      0.02310875616967678,
      0.02333232993260026,
      0.031622204929590225,
      0.02371176704764366,
      0.023186994716525078,
      0.02333625592291355,
      0.02306255279108882,
      0.03584932815283537,
      0.04060929920524359,
      0.047775535844266415,
      0.034607795998454094,
      0.043581042904406786,
      0.0423172521404922,
      0.029841534793376923,
      0.04339421819895506,
      0.03690695809200406,
      0.037324275355786085,
      0.04886459279805422,
      0.03624583501368761,
      0.03979148017242551,
      0.03878619521856308,
