{
  "implementation": "deepspeed_gloo",
  "backend": "gloo",
  "operation": "gather",
  "num_ranks": 4,
  "tensor_shape": {
    "batch": 32,
    "seq_len": 1,
    "hidden_dim": 4096
  },
  "num_elements": 131072,
  "tensor_size_bytes": 262144,
  "tensor_size_mb": 0.25,
  "dtype": "bfloat16",
  "warmup_iterations": 10,
  "measurement_iterations": 100,
  "timing_method": "time.perf_counter()",
  "timings": [
    [
      0.0003770650364458561,
      0.0002881917171180248,
      0.0002914648503065109,
      0.0002865218557417393,
      0.0003314740024507046,
      0.0002689738757908344,
      0.00028712814673781395,
      0.00028077559545636177,
      0.00034124404191970825,
      0.0002507539466023445,
      0.00034311506897211075,
      0.0002554589882493019,
      0.00032004108652472496,
      0.00029816897585988045,
      0.00034230807796120644,
      0.00025151390582323074,
      0.0003450131043791771,
      0.0002633300609886646,
      0.000341540202498436,
      0.0002840147353708744,
      0.00034085195511579514,
      0.00027733296155929565,
      0.0003433721140027046,
      0.00028118817135691643,
      0.00031250109896063805,
      0.0003387848846614361,
      0.00025822920724749565,
      0.0003370838239789009,
      0.00027733994647860527,
      0.00033063720911741257,
      0.00025789299979805946,
      0.00037400098517537117,
      0.0002762889489531517,
      0.00032412540167570114,
      0.0002636909484863281,
      0.00030938582494854927,
      0.00034628016874194145,
      0.0002559567801654339,
      0.00025415560230612755,
      0.00029336707666516304,
      0.00034163380041718483,
      0.00025868508964776993,
      0.000252509955316782,
      0.00025094812735915184,
      0.00025298260152339935,
      0.000319500919431448,
      0.000247390940785408,
      0.00023909099400043488,
      0.00023647490888834,
      0.00024133315309882164,
      0.0002337261103093624,
      0.00024602189660072327,
      0.00023621274158358574,
      0.0002468707971274853,
      0.00023967819288372993,
      0.0002374378964304924,
      0.00025207502767443657,
      0.000310325063765049,
      0.00025171972811222076,
      0.0002384549006819725,
      0.00023098336532711983,
      0.00023601995781064034,
      0.00023143785074353218,
      0.00030516693368554115,
      0.00023145927116274834,
      0.00023629236966371536,
      0.0002408139407634735,
      0.00023639295250177383,
      0.0003063022159039974,
      0.0002446146681904793,
      0.0003055683337152004,
      0.00024067610502243042,
      0.00030966196209192276,
      0.00024446286261081696,
      0.00030848290771245956,
      0.00023344671353697777,
      0.00023482507094740868,
      0.00030746404081583023,
      0.00024594925343990326,
      0.0002296818420290947,
      0.0003054821863770485,
      0.00024688709527254105,
      0.00024961261078715324,
      0.00032320618629455566,
      0.00024656113237142563,
      0.0003816620446741581,
      0.00033318111672997475,
      0.000310020986944437,
      0.0002464102581143379,
      0.0003148983232676983,
      0.00025272415950894356,
      0.00032024597749114037,
      0.0002347961999475956,
      0.00023430213332176208,
      0.0002325642853975296,
      0.00033323420211672783,
      0.00023363018408417702,
      0.00023534800857305527,
      0.000308268703520298,
      0.000234982930123806
    ],
    [
      9.03853215277195e-05,
      0.00010859593749046326,
      9.519793093204498e-05,
      8.188094943761826e-05,
      8.76658596098423e-05,
      9.742099791765213e-05,
      8.843932300806046e-05,
      9.172316640615463e-05,
      8.818088099360466e-05,
      9.392434731125832e-05,
      9.01632010936737e-05,
      9.111501276493073e-05,
      8.832337334752083e-05,
      9.395414963364601e-05,
      9.334972128272057e-05,
      9.215809404850006e-05,
      8.95792618393898e-05,
      9.131990373134613e-05,
      9.018927812576294e-05,
      9.492505341768265e-05,
      9.075785055756569e-05,
      9.495019912719727e-05,
      8.770124986767769e-05,
      9.765615686774254e-05,
      9.189127013087273e-05,
      9.264517575502396e-05,
      9.357370436191559e-05,
      8.737528696656227e-05,
      8.840393275022507e-05,
      9.353784844279289e-05,
      8.753826841711998e-05,
      8.777482435107231e-05,
      7.917312905192375e-05,
      7.89770856499672e-05,
      9.132316336035728e-05,
      9.070569649338722e-05,
      8.693523705005646e-05,
      0.00010142894461750984,
      9.030522778630257e-05,
      9.100837633013725e-05,
      9.049801155924797e-05,
      0.0001331949606537819,
      0.00013268692418932915,
      0.00014131376519799232,
      0.00015058089047670364,
      0.00015979912132024765,
      0.00021251710131764412,
      0.00018590735271573067,
      0.0001751459203660488,
      0.00017758412286639214,
      0.00017651915550231934,
      0.00018437765538692474,
      0.00017683999612927437,
      0.00017748912796378136,
      0.00018249265849590302,
      0.00017618713900446892,
      0.00017959298565983772,
      0.00018676184117794037,
      0.00022357702255249023,
      0.00018639536574482918,
      0.00017317337915301323,
      0.0001685270108282566,
      0.0001774788834154606,
      0.0001741228625178337,
      0.00021756207570433617,
      0.00017836876213550568,
      0.00017453590407967567,
      0.0001795850694179535,
      0.00017108721658587456,
      0.00021642399951815605,
      0.0001709507778286934,
      0.00021850783377885818,
      0.00016470998525619507,
      0.00021866802126169205,
      0.00017984025180339813,
      0.0002167392522096634,
      0.00018217507749795914,
      0.00017231563106179237,
      0.0002194829285144806,
      0.0001761326566338539,
      0.00017263786867260933,
      0.00020410586148500443,
      0.000183159951120615,
      0.00016986671835184097,
      0.00021857069805264473,
      0.00016510067507624626,
      0.00011553335934877396,
      0.00021481188014149666,
      0.000220439862459898,
      0.00016588019207119942,
      0.00022626202553510666,
      0.00017507094889879227,
      0.00022555235773324966,
      0.00017903698608279228,
      0.00018105003982782364,
      0.0001806323416531086,
      0.0002223532646894455,
      0.00017149187624454498,
      0.00017283624038100243,
      0.00021769199520349503
    ],
    [
      0.0001010717824101448,
      0.0001038452610373497,
      9.613903239369392e-05,
      9.491387754678726e-05,
      9.253295138478279e-05,
      9.401189163327217e-05,
      9.555090218782425e-05,
      9.467592462897301e-05,
      9.168079122900963e-05,
      9.788712486624718e-05,
      9.052921086549759e-05,
      9.265635162591934e-05,
      9.003374725580215e-05,
      9.455811232328415e-05,
      9.50121320784092e-05,
      9.333714842796326e-05,
      9.159371256828308e-05,
      9.317416697740555e-05,
      9.165704250335693e-05,
      9.36528667807579e-05,
      9.178090840578079e-05,
      9.124493226408958e-05,
      9.579025208950043e-05,
      0.0001011192798614502,
      9.217020124197006e-05,
      9.204819798469543e-05,
      8.943770080804825e-05,
      9.090593084692955e-05,
      8.964585140347481e-05,
      9.624101221561432e-05,
      9.008822962641716e-05,
      8.729193359613419e-05,
      9.115692228078842e-05,
      8.641509339213371e-05,
      8.703023195266724e-05,
      8.948007598519325e-05,
      8.993363007903099e-05,
      9.761424735188484e-05,
      9.429175406694412e-05,
      9.262515231966972e-05,
      9.255390614271164e-05,
      0.0001273169182240963,
      0.0001352475956082344,
      0.0001409929245710373,
      0.00014773570001125336,
      0.0001596999354660511,
      0.000208249781280756,
      0.00018461188301444054,
      0.0001768721267580986,
      0.00018006376922130585,
      0.00018010800704360008,
      0.00018571596592664719,
      0.00017777131870388985,
      0.00017786305397748947,
      0.00018391665071249008,
      0.0001787487417459488,
      0.00018079299479722977,
