{
  "implementation": "deepspeed_gloo",
  "backend": "gloo",
  "operation": "gather",
  "num_ranks": 4,
  "tensor_shape": {
    "batch": 8,
    "seq_len": 8192,
    "hidden_dim": 2048
  },
  "num_elements": 134217728,
  "tensor_size_bytes": 268435456,
  "tensor_size_mb": 256.0,
  "dtype": "bfloat16",
  "warmup_iterations": 10,
  "measurement_iterations": 100,
  "timing_method": "time.perf_counter()",
  "timings": [
    [
      0.6471393718384206,
      0.6873258668929338,
      0.6952552907168865,
      0.6813545958139002,
      0.684769201092422,
      0.7184861940331757,
      0.6690875543281436,
      0.7327853501774371,
      0.7065522307530046,
      0.6531887268647552,
      0.692596004344523,
      0.6353264260105789,
      0.6853551575914025,
      0.6560550183057785,
      0.7354364609345794,
      0.6583589767105877,
      0.6833641165867448,
      0.6890062461607158,
      0.6763218021951616,
      0.672669721301645,
      0.6810270380228758,
      0.6733166789636016,
      0.6903556832112372,
      0.6713321800343692,
      0.7692094510421157,
      0.7747747539542615,
      0.8144263019785285,
      0.7450918182730675,
      0.7598565048538148,
      0.6822006101720035,
      0.6739500318653882,
      0.6746574421413243,
      0.6785552268847823,
      0.6634456431493163,
      0.6898169312626123,
      0.7657913002185524,
      0.7281121392734349,
      0.6877546990290284,
      0.7597348871640861,
      0.7409924031235278,
      0.7816458088345826,
      0.789636102039367,
      0.7193441418930888,
      0.687164238654077,
      0.6719100689515471,
      0.7406732658855617,
      0.7140705897472799,
      0.6937922961078584,
      0.6995335309766233,
      0.7513867747038603,
      0.7237248360179365,
      0.7632003887556493,
      0.7939464449882507,
      0.7567401388660073,
      0.7782265320420265,
      0.713495256844908,
      0.7135944529436529,
      0.7560799960047007,
      0.7293768720701337,
      0.7151908478699625,
      0.7301038540899754,
      0.7208698559552431,
      0.7270800122059882,
      0.73105304595083,
      0.7186103449203074,
      0.7148192031309009,
      0.6882505249232054,
      0.7233806257136166,
      0.7033762731589377,
      0.6960312440060079,
      0.7114770459011197,
      0.7152576940134168,
      0.6878205570392311,
      0.7177443718537688,
      0.7211389415897429,
      0.6979538118466735,
      0.6892873528413475,
      0.6638350361026824,
      0.6713865883648396,
      0.673444239422679,
      0.7063442240469158,
      0.7006117338314652,
      0.6737171108834445,
      0.6745516867376864,
      0.6739896940998733,
      0.6684147398918867,
      0.680395501665771,
      0.665933424141258,
      0.6675093732774258,
      0.6779648992232978,
      0.6668109707534313,
      0.759492957033217,
      0.7680888869799674,
      0.7641700929962099,
      0.7521929419599473,
      0.755836967844516,
      0.7857138700783253,
      0.874399253167212,
      0.7183967847377062,
      0.6837408407591283
    ],
    [
      0.23339269775897264,
      0.1992706940509379,
      0.3742337222211063,
      0.4392533032223582,
      0.2277236240915954,
      0.24095440609380603,
      0.41281272610649467,
      0.5220505418255925,
      0.3378773210570216,
      0.20369039196521044,
      0.2197548532858491,
      0.33850771002471447,
      0.4914523377083242,
      0.37257568072527647,
      0.5315294810570776,
      0.43941295705735683,
      0.2141628679819405,
      0.43350853817537427,
      0.42772794701159,
      0.3405288830399513,
      0.40870852721855044,
      0.2264419812709093,
      0.24116009706631303,
      0.22596338391304016,
      0.28093452006578445,
      0.49521626019850373,
      0.4819274228066206,
      0.5025219959206879,
      0.5502233617007732,
      0.2989665293134749,
      0.3665124252438545,
      0.4408358680084348,
      0.22600161470472813,
      0.44774167193099856,
      0.3724722983315587,
      0.44445032300427556,
      0.2666959869675338,
      0.47252488788217306,
      0.25080952513962984,
      0.509506385307759,
      0.5277692773379385,
      0.24444390321150422,
      0.509153223130852,
      0.21625421894714236,
      0.43386991787701845,
      0.5021377122029662,
      0.4682469656690955,
      0.25649953028187156,
      0.4040072252973914,
      0.38376857386901975,
      0.24638143600896,
      0.2528592119924724,
      0.5532218120060861,
      0.521902927197516,
      0.5330251539126039,
      0.3208416411653161,
      0.22867849608883262,
      0.4599292320199311,
      0.4973162352107465,
      0.483448538929224,
      0.2544283210299909,
      0.5088379001244903,
      0.23522190004587173,
      0.41171490121632814,
      0.2895440151914954,
      0.26198456389829516,
      0.46613105898723006,
      0.5062900348566473,
      0.49947395408526063,
      0.41423321794718504,
      0.24373386334627867,
      0.384484251961112,
      0.4864235767163336,
      0.5044801197946072,
      0.5239839730784297,
      0.474220029078424,
      0.49682118091732264,
      0.4567190180532634,
      0.4647680511698127,
      0.29957687109708786,
      0.259473938960582,
      0.42508819606155157,
      0.3556767590343952,
      0.4519068677909672,
      0.21140827564522624,
      0.4649830609560013,
      0.410537778865546,
      0.46157136373221874,
      0.45103102596476674,
      0.4282935247756541,
      0.43682983983308077,
      0.5357331619597971,
      0.5494157657958567,
      0.3749630427919328,
      0.5311603439040482,
      0.41711706202477217,
      0.4279086170718074,
      0.4426915682852268,
      0.3762817089445889,
      0.21757876267656684
    ],
    [
      0.4603085280396044,
      0.449529392644763,
      0.5027432581409812,
      0.45654940605163574,
      0.3654977809637785,
      0.5121103907003999,
      0.4490876761265099,
      0.47931086737662554,
      0.4855655818246305,
      0.4531594179570675,
      0.47898813197389245,
      0.44028148520737886,
      0.48978373361751437,
      0.4552157921716571,
      0.5330830281600356,
      0.4601285890676081,
      0.47721897065639496,
      0.4769498840905726,
      0.475584140047431,
      0.46965875988826156,
      0.4793004197999835,
      0.46681817062199116,
      0.48670049710199237,
      0.46637623803690076,
      0.545560996979475,
      0.5362335811369121,
      0.553864121902734,
      0.5041004451923072,
      0.464991029817611,
      0.475784454960376,
      0.4728340650908649,
      0.4712859960272908,
      0.4809261248447001,
      0.4634150671772659,
      0.4838685020804405,
      0.5656447932124138,
      0.5110845202580094,
      0.29294008295983076,
      0.5301398118026555,
      0.31620922358706594,
      0.3498704247176647,
      0.541960122063756,
      0.5123239159584045,
      0.48005154402926564,
      0.47037639608606696,
      0.5174204367212951,
      0.3200127952732146,
      0.4916248838417232,
      0.5035333512350917,
      0.5334668071009219,
      0.505994038656354,
      0.405846880748868,
      0.42814862402155995,
      0.5077985101379454,
      0.4988945866934955,
      0.4880333049222827,
      0.4898070190101862,
      0.5318295243196189,
      0.2682720497250557,
      0.28412743704393506,
      0.5066079590469599,
      0.42381674190983176,
      0.5009309090673923,
      0.51030646963045,
      0.41650135116651654,
      0.49902910785749555,
      0.3452123641036451,
      0.5078741949982941,
      0.5015287031419575,
      0.4894529851153493,
      0.5081403166987002,
      0.4999285568483174,
      0.3176733893342316,
      0.5030167731456459,
      0.43615614296868443,
      0.4889851692132652,
      0.49846163019537926,
      0.4710620320402086,
      0.4779643449001014,
      0.47918677935376763,
      0.48865458369255066,
      0.3067901376634836,
      0.21990959905087948,
      0.22701585479080677,
      0.46156101441010833,
      0.4594754748977721,
      0.4714630199596286,
      0.463302040938288,
      0.4664566828869283,
