{
  "implementation": "deepspeed_gloo",
  "backend": "gloo",
  "operation": "allreduce",
  "num_ranks": 4,
  "tensor_shape": {
    "batch": 1,
    "seq_len": 2048,
    "hidden_dim": 2048
  },
  "num_elements": 4194304,
  "tensor_size_bytes": 8388608,
  "tensor_size_mb": 8.0,
  "dtype": "bfloat16",
  "warmup_iterations": 10,
  "measurement_iterations": 100,
  "timing_method": "time.perf_counter()",
  "timings": [
    [
      0.005000877194106579,
      0.005032973829656839,
      0.0050275083631277084,
      0.005425046663731337,
      0.004780078772455454,
      0.0048445602878928185,
      0.0067970831878483295,
      0.005544275976717472,
      0.023709743283689022,
      0.005126948934048414,
      0.006006584037095308,
      0.005773747805505991,
      0.006924883928149939,
      0.007382038980722427,
      0.00734757399186492,
      0.0067824916914105415,
      0.006081695202738047,
      0.0059887380339205265,
      0.008364197798073292,
      0.00498297018930316,
      0.006854355335235596,
      0.0076568517833948135,
      0.006055929232388735,
      0.005153062287718058,
      0.005343861877918243,
      0.006897171959280968,
      0.005614746827632189,
      0.00692885322496295,
      0.005063580349087715,
      0.0054196747951209545,
      0.007379221264272928,
      0.007337201852351427,
      0.007524900138378143,
      0.007233764976263046,
      0.005112058017402887,
      0.005334317684173584,
      0.008234069216996431,
      0.005265476647764444,
      0.005174311343580484,
      0.006961615290492773,
      0.006378044839948416,
      0.005266343709081411,
      0.007266509346663952,
      0.007215142250061035,
      0.0060576219111680984,
      0.005971652455627918,
      0.0066131060011684895,
      0.006539134308695793,
      0.0076910629868507385,
      0.005090257152915001,
      0.006295126862823963,
      0.008392445743083954,
      0.007156080100685358,
      0.005118696950376034,
      0.006150253117084503,
      0.005242562852799892,
      0.006239240989089012,
      0.007423624861985445,
      0.007249381858855486,
      0.004970653913915157,
      0.006023585330694914,
      0.006123086903244257,
      0.005592117551714182,
      0.006349492352455854,
      0.005348559934645891,
      0.006226218771189451,
      0.008266229182481766,
      0.007212077267467976,
      0.0059764389880001545,
      0.007167695090174675,
      0.007368302904069424,
      0.005836594384163618,
      0.005213023163378239,
      0.005405139178037643,
      0.006187994033098221,
      0.008472308982163668,
      0.005395738873630762,
      0.004912403877824545,
      0.006557486020028591,
      0.005215098150074482,
      0.005613530054688454,
      0.007605335209518671,
      0.005055180750787258,
      0.005438404157757759,
      0.007110239006578922,
      0.0057534403167665005,
      0.005355780012905598,
      0.007023663725703955,
      0.006674633827060461,
      0.0050224727019667625,
      0.005883055739104748,
      0.006302534136921167,
      0.005163836758583784,
      0.006454098038375378,
      0.008732702117413282,
      0.005755083169788122,
      0.006320261862128973,
      0.004732457920908928,
      0.005906645208597183,
      0.00851076515391469
    ],
    [
      0.004981007892638445,
      0.005031315144151449,
      0.004967734683305025,
      0.005376235116273165,
      0.005407453048974276,
      0.0058188349939882755,
      0.00519906310364604,
      0.004939360078424215,
      0.017569963354617357,
      0.010777917690575123,
      0.005342333111912012,
      0.005028559826314449,
      0.005205306690186262,
      0.0050074514001607895,
      0.005031547974795103,
      0.005149400793015957,
      0.005186337977647781,
      0.005311165004968643,
      0.006305678281933069,
      0.005678623914718628,
      0.0057497951202094555,
      0.007526871282607317,
      0.006277022417634726,
      0.008068744093179703,
      0.008029276970773935,
      0.006062033120542765,
      0.0056119090877473354,
      0.006286452058702707,
      0.0076636928133666515,
      0.007026519626379013,
      0.005090992897748947,
      0.005242940969765186,
      0.005533754825592041,
      0.007273745257407427,
      0.008448524866253138,
      0.005293680354952812,
      0.006032839883118868,
      0.00766576686874032,
      0.007372947875410318,
      0.005270324647426605,
      0.005365950986742973,
      0.006736161187291145,
      0.005087073892354965,
      0.005596280097961426,
      0.006165731698274612,
      0.008590414188802242,
      0.004919279832392931,
      0.0049225930124521255,
      0.00613460224121809,
      0.007087197154760361,
      0.006417520809918642,
      0.005154124926775694,
      0.005663448013365269,
      0.008285858202725649,
      0.006655374076217413,
      0.0059562791138887405,
      0.0050376299768686295,
      0.005541094113141298,
      0.005701115820556879,
      0.006378650199621916,
      0.00507357669994235,
      0.005256261210888624,
      0.006448314990848303,
      0.007626165170222521,
      0.0059198359958827496,
      0.005215826909989119,
      0.0053937919437885284,
      0.0053369817323982716,
      0.0075566451996564865,
      0.005218300968408585,
      0.00520666316151619,
      0.005904853343963623,
      0.006701551843434572,
      0.006021249108016491,
      0.005033181048929691,
      0.0064786700531840324,
      0.005070013925433159,
      0.005867713131010532,
      0.005308873951435089,
      0.005541283171623945,
      0.0049966671504080296,
      0.006022559944540262,
      0.0077982512302696705,
      0.005282463971525431,
      0.005487110931426287,
      0.0050461567007005215,
      0.006193649955093861,
      0.005510000046342611,
      0.006259829271584749,
      0.008149756118655205,
      0.005523126106709242,
      0.00661184499040246,
      0.007215200923383236,
      0.005327366292476654,
      0.0061670648865401745,
      0.006895043887197971,
      0.007601933088153601,
      0.005865153856575489,
      0.0050771888345479965,
      0.005665140692144632
    ],
    [
      0.005110868718475103,
      0.005097957793623209,
      0.005167389754205942,
      0.005317017901688814,
      0.005267731845378876,
      0.006706933956593275,
      0.007679919712245464,
      0.00684018200263381,
      0.019531877245754004,
      0.012966465204954147,
      0.007856817916035652,
      0.007341466378420591,
      0.007451104931533337,
      0.007548862136900425,
      0.007677663117647171,
      0.005608063191175461,
      0.006254440173506737,
      0.006213158369064331,
      0.005217881873250008,
      0.005481401924043894,
      0.0077445367351174355,
      0.005221649073064327,
      0.00495507288724184,
      0.0066375997848808765,
      0.005383884999901056,
      0.00745979743078351,
      0.00496630696579814,
      0.005091439001262188,
      0.006018524058163166,
      0.0056593031622469425,
      0.006645627785474062,
      0.0059372857213020325,
      0.005049415398389101,
      0.005406881682574749,
      0.0059457700699567795,
      0.005491676274687052,
      0.005198984406888485,
      0.005513380281627178,
      0.005447731353342533,
      0.005058834794908762,
      0.005391406826674938,
      0.0055586108937859535,
      0.006265012081712484,
      0.005152719095349312,
      0.005109536927193403,
      0.006300360895693302,
      0.006302332039922476,
      0.005213355179876089,
      0.0052869743667542934,
      0.006073528900742531,
      0.006351524032652378,
      0.005167738068848848,
      0.00484484201297164,
      0.006213918793946505,
      0.005523837171494961,
      0.00624458584934473,
      0.006047263275831938,
      0.005241419188678265,
      0.005458715837448835,
      0.0054678963497281075,
      0.005794011056423187,
      0.005149458069354296,
      0.005272008944302797,
      0.0056233881041407585,
      0.006336296908557415,
      0.006222967989742756,
      0.005106525961309671,
      0.005934912711381912,
