{
  "implementation": "deepspeed_gloo",
  "backend": "gloo",
  "operation": "reduce",
  "num_ranks": 4,
  "tensor_shape": {
    "batch": 8,
    "seq_len": 4096,
    "hidden_dim": 4096
  },
  "num_elements": 134217728,
  "tensor_size_bytes": 268435456,
  "tensor_size_mb": 256.0,
  "dtype": "bfloat16",
  "warmup_iterations": 10,
  "measurement_iterations": 100,
  "timing_method": "time.perf_counter()",
  "timings": [
    [
      0.36571829905733466,
      0.41742104198783636,
      0.4732070849277079,
      0.44143628096207976,
      0.42712963093072176,
      0.3624677751213312,
      0.3920493898913264,
      0.4418401117436588,
      0.4505996247753501,
      0.42612517485395074,
      0.4640077296644449,
      0.47228793427348137,
      0.4635844398289919,
      0.481300778221339,
      0.4075958295725286,
      0.2824530517682433,
      0.40099706081673503,
      0.37746192468330264,
      0.40300646470859647,
      0.48165092803537846,
      0.4301191056147218,
      0.3904189090244472,
      0.4623276861384511,
      0.4578361539170146,
      0.4261737000197172,
      0.47887506801635027,
      0.41048834891989827,
      0.4504331322386861,
      0.42032564571127295,
      0.42002884577959776,
      0.3871070481836796,
      0.5507904081605375,
      0.4892510841600597,
      0.428759528324008,
      0.39939791709184647,
      0.4699367410503328,
      0.4157389854080975,
      0.4572866838425398,
      0.4301435607485473,
      0.47206204012036324,
      0.36095212027430534,
      0.49727377016097307,
      0.3697979738935828,
      0.5282375332899392,
      0.453175185713917,
      0.35016578808426857,
      0.33259806176647544,
      0.5020586750470102,
      0.49098530085757375,
      0.4750667163170874,
      0.4721279740333557,
      0.4915530630387366,
      0.404487201012671,
      0.4335704166442156,
      0.4359338548965752,
      0.4734963597729802,
      0.4371311911381781,
      0.38002881221473217,
      0.3698656242340803,
      0.4696262632496655,
      0.46297439094632864,
      0.43704307405278087,
      0.38257242972031236,
      0.39301601937040687,
      0.43091769190505147,
      0.4409157242625952,
      0.43920670775696635,
      0.4302513850852847,
      0.4450872242450714,
      0.47671775333583355,
      0.44782635010778904,
      0.42815647600218654,
      0.4261273699812591,
      0.42698688991367817,
      0.407389537896961,
      0.463636364787817,
      0.4594341781921685,
      0.433911913074553,
      0.4126920741982758,
      0.42430915171280503,
      0.43523660907521844,
      0.47174497693777084,
      0.4117040140554309,
      0.40917370561510324,
      0.41086038993671536,
      0.47361294412985444,
      0.41475412901490927,
      0.48770053684711456,
      0.36840450996533036,
      0.4751142431050539,
      0.44415693916380405,
      0.4354385198093951,
      0.48431037785485387,
      0.4779312130995095,
      0.4735502479597926,
      0.4480734127573669,
      0.4805727577768266,
      0.39958856301382184,
      0.3361252951435745,
      0.400187139865011
    ],
    [
      0.3632805380038917,
      0.41417843708768487,
      0.46892018895596266,
      0.43982823099941015,
      0.4264823207631707,
      0.3616049038246274,
      0.39059798792004585,
      0.4303546021692455,
      0.44251648895442486,
      0.4103768668137491,
      0.4639392429962754,
      0.4597876868210733,
      0.4628939498215914,
      0.4813704928383231,
      0.39592061098665,
      0.26713842432945967,
      0.3940439880825579,
      0.3662065449170768,
      0.39182051504030824,
      0.4658921090885997,
      0.4300949079915881,
      0.37827089708298445,
      0.4592110733501613,
      0.4497808567248285,
      0.4259846890345216,
      0.47437412198632956,
      0.40448367316275835,
      0.4433278958313167,
      0.4099274203181267,
      0.4199682087637484,
      0.3812457169406116,
      0.5429851347580552,
      0.47097272891551256,
      0.4160514078103006,
      0.39177180267870426,
      0.4603609489277005,
      0.4024355700239539,
      0.4560824017971754,
      0.4218880059197545,
      0.472169010899961,
      0.35694092884659767,
      0.49394925590604544,
      0.36956868413835764,
      0.5279538915492594,
      0.45316199818626046,
      0.33995007211342454,
      0.33014076482504606,
      0.4815796250477433,
      0.48844750178977847,
      0.46365125430747867,
      0.4720672108232975,
      0.49113749293610454,
      0.40093953674659133,
      0.41885569086298347,
      0.4359247093088925,
      0.47292511025443673,
      0.43711136002093554,
      0.37686981726437807,
      0.3505517868325114,
      0.46961255790665746,
      0.46228803088888526,
      0.42456837883219123,
      0.36463786708191037,
      0.37354975705966353,
      0.4116585711017251,
      0.43452195869758725,
      0.4275078042410314,
      0.4178164219483733,
      0.4409392480738461,
      0.47679414972662926,
      0.43555527413263917,
      0.4270843667909503,
      0.4087252952158451,
      0.4268031739629805,
      0.3919324977323413,
      0.4625676670111716,
      0.4555948721244931,
      0.43349323188886046,
      0.4083736049942672,
      0.42148855794221163,
      0.41764816315844655,
      0.47170305671170354,
      0.4084459743462503,
      0.40912453504279256,
      0.39368341816589236,
      0.4580331966280937,
      0.39425008185207844,
      0.4666181830689311,
      0.3586972909979522,
      0.47508701030164957,
      0.4431633516214788,
      0.4224845850840211,
      0.46860548621043563,
      0.47784575587138534,
      0.46834232099354267,
      0.4477919419296086,
      0.4787623411975801,
      0.38883073115721345,
      0.3251782380975783,
      0.3992213159799576
    ],
    [
      0.36498151300475,
      0.4041342451237142,
      0.4613870559260249,
      0.4357310989871621,
      0.4192713238298893,
      0.3442573891952634,
      0.37850635312497616,
      0.42319354182109237,
      0.4500162838958204,
      0.41760736610740423,
      0.4556761858984828,
      0.4715045681223273,
      0.46333128958940506,
      0.4705817922949791,
      0.40758672123774886,
      0.2814217242412269,
      0.4003440928645432,
      0.3659159862436354,
      0.4029812072403729,
      0.4800166776403785,
      0.4268643958494067,
      0.37907008780166507,
      0.45073724118992686,
      0.45724320504814386,
      0.41433065477758646,
      0.4662572559900582,
      0.3987551829777658,
      0.4501477340236306,
      0.41817048471421003,
      0.405430702958256,
      0.3793983068317175,
      0.5508230207487941,
      0.4889581687748432,
      0.42405908601358533,
      0.38787053106352687,
      0.4619616148993373,
      0.41308978386223316,
      0.4536291752010584,
      0.4271704670973122,
      0.4645215920172632,
      0.3411795855499804,
      0.4923174330033362,
      0.35161226615309715,
      0.5281148068606853,
      0.44840861903503537,
      0.3493990860879421,
      0.3133145528845489,
      0.5020589656196535,
      0.4858738728798926,
      0.4741194387897849,
      0.4585119257681072,
      0.49111309461295605,
      0.3873022301122546,
      0.4300523311831057,
      0.41933379461988807,
      0.47347091510891914,
      0.41696663107723,
      0.3610451789572835,
      0.36167476791888475,
      0.4616186460480094,
      0.4614363112486899,
      0.43557858699932694,
      0.37451234413310885,
      0.38141748821362853,
      0.42994329426437616,
      0.4410162973217666,
      0.4392189127393067,
      0.41998564917594194,
      0.44407534459605813,
      0.4758323738351464,
      0.44528196891769767,
      0.4158019693568349,
      0.42513113794848323,
      0.4269928392022848,
      0.3993586809374392,
      0.45359456120058894,
      0.4412707509472966,
      0.4335493980906904,
      0.40026166569441557,
      0.4144359449855983,
      0.43518970627337694,
      0.4712259820662439,
      0.3955081310123205,
      0.3900177092291415,
      0.4079957609064877,
      0.4736645231023431,
