{
  "implementation": "deepspeed_gloo",
  "backend": "gloo",
  "operation": "allreduce",
  "num_ranks": 4,
  "tensor_shape": {
    "batch": 32,
    "seq_len": 1,
    "hidden_dim": 4096
  },
  "num_elements": 131072,
  "tensor_size_bytes": 262144,
  "tensor_size_mb": 0.25,
  "dtype": "bfloat16",
  "warmup_iterations": 10,
  "measurement_iterations": 100,
  "timing_method": "time.perf_counter()",
  "timings": [
    [
      0.0004099300131201744,
      0.0004326002672314644,
      0.00047563714906573296,
      0.0004618489183485508,
      0.00043728388845920563,
      0.00043374719098210335,
      0.00037782592698931694,
      0.0004224996082484722,
      0.0004134979099035263,
      0.00036324281245470047,
      0.000448684673756361,
      0.0004819529131054878,
      0.0004770653322339058,
      0.0004498399794101715,
      0.0004108431749045849,
      0.0004213419742882252,
      0.0004109470173716545,
      0.0004739300347864628,
      0.0003849230706691742,
      0.0004937220364809036,
      0.000415164977312088,
      0.00047907233238220215,
      0.00037852395325899124,
      0.00047776661813259125,
      0.00041863275691866875,
      0.0004585408605635166,
      0.00046330178156495094,
      0.0004053818993270397,
      0.00040489109233021736,
      0.0004385150969028473,
      0.00047384994104504585,
      0.0005355970934033394,
      0.0004947138950228691,
      0.0004748199135065079,
      0.00042835576459765434,
      0.0004996610805392265,
      0.0004403209313750267,
      0.00038007693365216255,
      0.0004412159323692322,
      0.00040747690945863724,
      0.0004217959940433502,
      0.0004358910955488682,
      0.0004645329900085926,
      0.0004511098377406597,
      0.00045859813690185547,
      0.0004642140120267868,
      0.00046854279935359955,
      0.00043446291238069534,
      0.000491684302687645,
      0.000487426295876503,
      0.0004210839979350567,
      0.00044402480125427246,
      0.00045946286991238594,
      0.0004680459387600422,
      0.0004723654128611088,
      0.00045171286910772324,
      0.000497233122587204,
      0.0004303758032619953,
      0.00048471707850694656,
      0.0004065590910613537,
      0.000512139406055212,
      0.0004405011422932148,
      0.00047636590898036957,
      0.0004993518814444542,
      0.0004598619416356087,
      0.0004566377028822899,
      0.0004302309826016426,
      0.00046119699254631996,
      0.0004466148093342781,
      0.0005350988358259201,
      0.000491047278046608,
      0.0004895143210887909,
      0.0004706820473074913,
      0.0004111039452254772,
      0.0004606451839208603,
      0.00045682303607463837,
      0.0005035679787397385,
      0.00048122089356184006,
      0.0004559219814836979,
      0.00044848816469311714,
      0.0004961937665939331,
      0.0004218602553009987,
      0.0004885196685791016,
      0.0004769931547343731,
      0.0004993313923478127,
      0.0004915166646242142,
      0.0004948759451508522,
      0.0004336298443377018,
      0.00046145496889948845,
      0.00039071496576070786,
      0.00046707410365343094,
      0.00044719967991113663,
      0.0005222782492637634,
      0.00039334408938884735,
      0.0004997039213776588,
      0.0004551820456981659,
      0.00046571390703320503,
      0.00038361409679055214,
      0.0004023229703307152,
      0.00041721388697624207
    ],
    [
      0.0004184488207101822,
      0.0004600030370056629,
      0.0004792422987520695,
      0.00044893473386764526,
      0.0004160120151937008,
      0.00043916190043091774,
      0.0003730747848749161,
      0.0004183938726782799,
      0.00043840426951646805,
      0.0003620712086558342,
      0.0004348861984908581,
      0.0004030470736324787,
      0.0005194083787500858,
      0.0004487917758524418,
      0.0004070233553647995,
      0.00044422177597880363,
      0.00041141780093312263,
      0.00042725494131445885,
      0.0003937850706279278,
      0.00047751888632774353,
      0.00047650188207626343,
      0.00043392274528741837,
      0.0003872830420732498,
      0.00045371800661087036,
      0.00042912084609270096,
      0.00045851990580558777,
      0.0004389672540128231,
      0.00044112931936979294,
      0.00046801334246993065,
      0.0003856159746646881,
      0.00048292381688952446,
      0.0004921839572489262,
      0.000501774251461029,
      0.000462925061583519,
      0.00048239901661872864,
      0.00045081600546836853,
      0.0004386119544506073,
      0.0003872523084282875,
      0.0004273359663784504,
      0.0003779078833758831,
      0.00045510102063417435,
      0.00043345894664525986,
      0.0004511699080467224,
      0.00045127980411052704,
      0.00043183472007513046,
      0.0004298528656363487,
      0.00048265885561704636,
      0.0004827952943742275,
      0.00046208687126636505,
      0.0004447139799594879,
      0.00042592408135533333,
      0.0004575960338115692,
      0.000388935673981905,
      0.0004960759542882442,
      0.0004887976683676243,
      0.00047130417078733444,
      0.00045274896547198296,
      0.000412914901971817,
      0.0004941630177199841,
      0.0004444071091711521,
      0.00047464482486248016,
      0.00041943788528442383,
      0.00047453027218580246,
      0.00045484909787774086,
      0.00047245481982827187,
      0.00043811602517962456,
      0.00042001716792583466,
      0.0004364410415291786,
      0.0004979800432920456,
      0.0004970827139914036,
      0.0004691057838499546,
      0.00047164689749479294,
      0.00045722397044301033,
      0.0004019145853817463,
      0.0004409938119351864,
      0.00051894411444664,
      0.00043266406282782555,
      0.0005241502076387405,
      0.0005067219026386738,
      0.000425857026129961,
      0.000496049877256155,
      0.00050301942974329,
      0.00046170735731720924,
      0.000455216970294714,
      0.000496304128319025,
      0.0005065370351076126,
      0.0005009742453694344,
      0.00041689304634928703,
      0.0004334510304033756,
      0.0003850371576845646,
      0.0004551289603114128,
      0.000489525031298399,
      0.0004786429926753044,
      0.0004020039923489094,
      0.00047688186168670654,
      0.00044185714796185493,
      0.0004576616920530796,
      0.0003813616931438446,
      0.0004245638847351074,
      0.0004101521335542202
    ],
    [
      0.0004053926095366478,
      0.00040544476360082626,
      0.00046552205458283424,
      0.00044330209493637085,
      0.0004454967565834522,
      0.0003956151194870472,
      0.00041599199175834656,
      0.00039430707693099976,
      0.0004118317738175392,
      0.0003639860078692436,
      0.0004650917835533619,
      0.0004197661764919758,
      0.00046276580542325974,
      0.0004829517565667629,
      0.000383949838578701,
      0.0004032701253890991,
      0.00043945200741291046,
      0.00043320702388882637,
      0.00041197519749403,
      0.0004609879106283188,
      0.0004847487434744835,
      0.00044865580275654793,
      0.00039162812754511833,
      0.0004351399838924408,
      0.00047758594155311584,
      0.00046465639024972916,
      0.00042356597259640694,
      0.00042316317558288574,
      0.00044058961793780327,
      0.00039458461105823517,
      0.0005295802839100361,
      0.0004613851197063923,
      0.0005251201801002026,
      0.0004419698379933834,
      0.0004941690713167191,
      0.0004402538761496544,
      0.000422437209635973,
      0.00039608730003237724,
      0.0003996100276708603,
      0.00044605089351534843,
      0.0004438390024006367,
      0.0004280763678252697,
      0.00044878898188471794,
      0.0004159710370004177,
      0.0004324070177972317,
      0.00042250193655490875,
      0.0004644067957997322,
      0.00046627502888441086,
      0.00040849391371011734,
      0.000526095274835825,
      0.0003707357682287693,
      0.0005176872946321964,
      0.0004383102059364319,
      0.00047950027510523796,
      0.00042670825496315956,
      0.0005168979987502098,
      0.00042403722181916237,
