{
  "implementation": "deepspeed_gloo",
  "backend": "gloo",
  "operation": "reduce",
  "num_ranks": 4,
  "tensor_shape": {
    "batch": 16,
    "seq_len": 1,
    "hidden_dim": 4096
  },
  "num_elements": 65536,
  "tensor_size_bytes": 131072,
  "tensor_size_mb": 0.125,
  "dtype": "bfloat16",
  "warmup_iterations": 10,
  "measurement_iterations": 100,
  "timing_method": "time.perf_counter()",
  "timings": [
    [
      0.00031881406903266907,
      0.00033253710716962814,
      0.00029528792947530746,
      0.00033565983176231384,
      0.0002995273098349571,
      0.0003186971880495548,
      0.00027861911803483963,
      0.0003355778753757477,
      0.0002771001309156418,
      0.00030833715572953224,
      0.0002857428044080734,
      0.0002747708931565285,
      0.0002801050432026386,
      0.0003081769682466984,
      0.00028626807034015656,
      0.000273670069873333,
      0.00026489607989788055,
      0.0003133718855679035,
      0.0002878648228943348,
      0.00030727265402674675,
      0.0002845269627869129,
      0.000293112825602293,
      0.0003024199977517128,
      0.0002867649309337139,
      0.00026033399626612663,
      0.0002801450900733471,
      0.0003435686230659485,
      0.00026581017300486565,
      0.000288515817373991,
      0.00022721104323863983,
      0.00028054695576429367,
      0.0002953489311039448,
      0.0003021508455276489,
      0.0002866559661924839,
      0.0002768919803202152,
      0.00030315713956952095,
      0.0002958928234875202,
      0.0002848859876394272,
      0.0002941880375146866,
      0.0002702660858631134,
      0.0002852599136531353,
      0.0002919700928032398,
      0.0002615237608551979,
      0.0002732733264565468,
      0.00028832489624619484,
      0.00027148518711328506,
      0.00032437266781926155,
      0.0002991058863699436,
      0.00027599558234214783,
      0.00024193665012717247,
      0.00024430640041828156,
      0.00025898590683937073,
      0.0002503260038793087,
      0.00030195293948054314,
      0.0002784128300845623,
      0.0002748384140431881,
      0.00026816828176379204,
      0.00026524532586336136,
      0.00025532208383083344,
      0.00026336172595620155,
      0.0002828957512974739,
      0.0002989242784678936,
      0.00027206819504499435,
      0.00028090085834264755,
      0.0002886340953409672,
      0.00029671983793377876,
      0.00028189411386847496,
      0.0002611912786960602,
      0.0002662879414856434,
      0.000300457701086998,
      0.0002612662501633167,
      0.0002897121012210846,
      0.00024511292576789856,
      0.00024608708918094635,
      0.0002552191726863384,
      0.0002863858826458454,
      0.0002906741574406624,
      0.00029955292120575905,
      0.00028278492391109467,
      0.00027469266206026077,
      0.00026289699599146843,
      0.00024787895381450653,
      0.00028439098969101906,
      0.0002404339611530304,
      0.0002866978757083416,
      0.0002816691994667053,
      0.0002445140853524208,
      0.00028358912095427513,
      0.0002782819792628288,
      0.00027503492310643196,
      0.00029131723567843437,
      0.00026497291401028633,
      0.00026567792519927025,
      0.0002859351225197315,
      0.00027599791064858437,
      0.00023193424567580223,
      0.00028583500534296036,
      0.0002643810585141182,
      0.0002684667706489563,
      0.00023277802392840385
    ],
    [
      0.0003004781901836395,
      0.00031997403129935265,
      0.00030566565692424774,
      0.00026746606454253197,
      0.0003082198090851307,
      0.00030278507620096207,
      0.0002399170771241188,
      0.00029634730890393257,
      0.0002702702768146992,
      0.0002908450551331043,
      0.0002601202577352524,
      0.00022767484188079834,
      0.00030238693580031395,
      0.00026766397058963776,
      0.00025304919108748436,
      0.0002782209776341915,
      0.00027881236746907234,
      0.0002798251807689667,
      0.00028694840148091316,
      0.00030044978484511375,
      0.00028092600405216217,
      0.0002572517842054367,
      0.00028352485969662666,
      0.00025619473308324814,
      0.0002649528905749321,
      0.0002556866966187954,
      0.0002616019919514656,
      0.00026821671053767204,
      0.00025637075304985046,
      0.00020631030201911926,
      0.000244959257543087,
      0.00029926514253020287,
      0.0002964460290968418,
      0.0002604830078780651,
      0.00024326099082827568,
      0.0002781888470053673,
      0.0002703391946852207,
      0.000252770259976387,
      0.0002675098367035389,
      0.00023920368403196335,
      0.0002477513626217842,
      0.0002962839789688587,
      0.00026378920301795006,
      0.00025762617588043213,
      0.00024604611098766327,
      0.00027857907116413116,
      0.0002677380107343197,
      0.000299250241369009,
      0.0002872138284146786,
      0.00021119602024555206,
      0.00021199369803071022,
      0.00022303732112050056,
      0.00022744201123714447,
      0.00026251887902617455,
      0.00029744114726781845,
      0.00024005910381674767,
      0.0002730167470872402,
      0.0002181599847972393,
      0.00027919886633753777,
      0.0002499958500266075,
      0.00023992173373699188,
      0.00029017357155680656,
      0.00026603322476148605,
      0.0002561449073255062,
      0.0002657109871506691,
      0.0002574501559138298,
      0.0002465350553393364,
      0.0002541220746934414,
      0.00030415691435337067,
      0.0002245320938527584,
      0.00028023775666952133,
      0.00026378408074378967,
      0.00021476903930306435,
      0.00023445719853043556,
      0.00023798365145921707,
      0.0002556918188929558,
      0.00025202566757798195,
      0.00028401659801602364,
      0.00024284888058900833,
      0.00026390375569462776,
      0.0002749478444457054,
      0.0002270345576107502,
      0.0002345070242881775,
      0.0002294168807566166,
      0.00032629817724227905,
      0.00023623881861567497,
      0.0002275039441883564,
      0.0002860669046640396,
      0.00023530563339591026,
      0.0002524876035749912,
      0.0002630380913615227,
      0.00023625371977686882,
      0.00024365168064832687,
      0.00024501094594597816,
      0.00026357080787420273,
      0.00021538091823458672,
      0.00028569670394062996,
      0.00024700816720724106,
      0.0002508661709725857,
      0.0002220161259174347
    ],
    [
      0.00033015524968504906,
      0.0002753729932010174,
      0.0003362353891134262,
      0.0002791578881442547,
      0.00030950410291552544,
      0.00033210916444659233,
      0.00025407690554857254,
      0.0003008660860359669,
      0.00030303606763482094,
      0.0002819281071424484,
      0.0003031846135854721,
      0.00024197110906243324,
      0.00030191801488399506,
      0.00026368536055088043,
      0.0002911798655986786,
      0.00024120323359966278,
      0.0003132610581815243,
      0.0002815970219671726,
      0.00023808283731341362,
      0.0002915668301284313,
      0.0003039729781448841,
      0.00026214495301246643,
      0.00029435986652970314,
      0.00029952172189950943,
      0.00023564230650663376,
      0.00027949409559369087,
      0.0002701091580092907,
      0.0002986579202115536,
      0.0002698632888495922,
      0.00022174930199980736,
      0.0002350909635424614,
      0.00029264623299241066,
      0.0002748160623013973,
      0.0002745506353676319,
      0.00028403615579009056,
      0.00023024342954158783,
      0.0002843751572072506,
      0.0002839239314198494,
      0.00025222310796380043,
      0.0002519432455301285,
      0.0003002420999109745,
      0.0002680509351193905,
      0.0002838228829205036,
      0.00026491982862353325,
      0.0002641458995640278,
      0.00027919700369238853,
      0.00029871612787246704,
      0.0003065299242734909,
      0.0002819676883518696,
      0.00023976899683475494,
      0.00022460101172327995,
      0.0002548312768340111,
      0.00022187968716025352,
      0.00027669407427310944,
      0.0003066197969019413,
      0.0002351640723645687,
