{
  "implementation": "deepspeed_gloo",
  "backend": "gloo",
  "operation": "allgather",
  "num_ranks": 4,
  "tensor_shape": {
    "batch": 8,
    "seq_len": 4096,
    "hidden_dim": 4096
  },
  "num_elements": 134217728,
  "tensor_size_bytes": 268435456,
  "tensor_size_mb": 256.0,
  "dtype": "bfloat16",
  "warmup_iterations": 10,
  "measurement_iterations": 100,
  "timing_method": "time.perf_counter()",
  "timings": [
    [
      0.8551467158831656,
      0.8768863575533032,
      0.8402381353080273,
      0.8658571429550648,
      0.7937923450954258,
      0.8423833507113159,
      0.8358538490720093,
      0.8170672906562686,
      0.8033138080500066,
      0.8432660079561174,
      0.8375008618459105,
      0.8601023647934198,
      0.8126292368397117,
      0.8640806172043085,
      0.859234020113945,
      0.820542249828577,
      0.8428399949334562,
      0.8602109560742974,
      0.8365388419479132,
      0.79840178322047,
      0.8287792820483446,
      0.8143608886748552,
      0.8216936900280416,
      0.8353606867603958,
      0.8156039221212268,
      0.884325057733804,
      0.818692565895617,
      0.8631179518997669,
      0.8673473461531103,
      0.8119663260877132,
      0.8165680360980332,
      0.9103733520023525,
      0.8341062152758241,
      0.8373804995790124,
      0.8182500130496919,
      0.7845703293569386,
      0.8544998806901276,
      0.8582207947038114,
      0.8606215310283005,
      0.8402233421802521,
      0.8416238259524107,
      0.8594913869164884,
      0.835674820933491,
      0.8645463078282773,
      0.8110963418148458,
      0.812902444973588,
      0.8465792778879404,
      0.8337842966429889,
      0.8803319889120758,
      0.8636697097681463,
      0.8419309859164059,
      0.8187499479390681,
      0.8320189341902733,
      0.8613428100943565,
      0.8158950349316001,
      0.8470957707613707,
      0.886477779597044,
      0.8389608850702643,
      0.831823653075844,
      0.8356647826731205,
      0.860697457101196,
      0.8654576768167317,
      0.8163443212397397,
      0.8346681841649115,
      0.8151215012185276,
      0.8676534723490477,
      0.8714284650050104,
      0.8464429331943393,
      0.8135862532071769,
      0.8193387882784009,
      0.8375724419020116,
      0.8818361349403858,
      0.8199401586316526,
      0.8148483620025218,
      0.8439414999447763,
      0.8133591031655669,
      0.8703737519681454,
      0.8599829790182412,
      0.8444527420215309,
      0.8453283361159265,
      0.8426698497496545,
      0.8545872089453042,
      0.8164399797096848,
      0.8172397520393133,
      0.811799522023648,
      0.8380980589427054,
      0.8365340558812022,
      0.8348721992224455,
      0.8369618668220937,
      0.8112990879453719,
      0.8584403046406806,
      0.8157349247485399,
      0.8626619740389287,
      0.8398248311132193,
      0.8400383503176272,
      0.8250542073510587,
      0.8510952009819448,
      0.8669879329390824,
      0.8128686212003231,
      0.8462853273376822
    ],
    [
      0.8540356517769396,
      0.8760607889853418,
      0.8402611627243459,
      0.8611240731552243,
      0.7811014037579298,
      0.8377964999526739,
      0.8363075209781528,
      0.8157612909562886,
      0.8018933958373964,
      0.8430126872844994,
      0.837013702839613,
      0.8540379260666668,
      0.8114156862720847,
      0.8627331499010324,
      0.8585294741205871,
      0.8197817830368876,
      0.8415717440657318,
      0.8600643733516335,
      0.8360557672567666,
      0.7929533990100026,
      0.8302130959928036,
      0.8138308036141098,
      0.8189837289974093,
      0.8343284279108047,
      0.808013048954308,
      0.8847550502978265,
      0.8166748778894544,
      0.8621022868901491,
      0.867239739280194,
      0.8016988919116557,
      0.8160100406967103,
      0.9099330371245742,
      0.8296668087132275,
      0.8307947190478444,
      0.8194882711395621,
      0.7845712890848517,
      0.8564623519778252,
      0.8574902070686221,
      0.8624977841973305,
      0.8389520416967571,
      0.8403317402116954,
      0.8578167133964598,
      0.8346907878294587,
      0.8625587159767747,
      0.8113168249838054,
      0.8113094051368535,
      0.8424814599566162,
      0.8319450682029128,
      0.8793331859633327,
      0.8619780419394374,
      0.8357616649009287,
      0.8110617320053279,
      0.8318780418485403,
      0.8537815827876329,
      0.816188455093652,
      0.8412251956760883,
      0.88636319572106,
      0.8377861557528377,
      0.8333451487123966,
      0.8344633607193828,
      0.8601366761140525,
      0.8640666310675442,
      0.8142831488512456,
      0.8304905598051846,
      0.8096064021810889,
      0.8654067730531096,
      0.8710154630243778,
      0.8446876020170748,
      0.807216458953917,
      0.8190249502658844,
      0.8300394341349602,
      0.8798072380013764,
      0.8183737960644066,
      0.8116084509529173,
      0.8338636248372495,
      0.8057281039655209,
      0.8696397207677364,
      0.8540889942087233,
      0.8438032576814294,
      0.8395197712816298,
      0.841070934664458,
      0.8539018929004669,
      0.815990624949336,
      0.8134116888977587,
      0.8127558548003435,
      0.8375414251349866,
      0.8332336358726025,
      0.8293163422495127,
      0.8347889371216297,
      0.8103236281313002,
      0.8568751001730561,
      0.8152679656632245,
      0.862093957606703,
      0.8396579269319773,
      0.8394917151890695,
      0.8237526379525661,
      0.8496988010592759,
      0.8653065143153071,
      0.8111480521038175,
      0.8429648717865348
    ],
    [
      0.8531813807785511,
      0.8756153681315482,
      0.8211134290322661,
      0.8576120678335428,
      0.7827535048127174,
      0.8352877772413194,
      0.8293931409716606,
      0.8072238089516759,
      0.7815059130080044,
      0.8338033678010106,
      0.8339359229430556,
      0.8529600678011775,
      0.8065990027971566,
      0.8541158381849527,
      0.8504976388067007,
      0.8065263661555946,
      0.8290741848759353,
      0.8477005767636001,
      0.8198075178079307,
      0.7894687480293214,
      0.8231010963208973,
      0.800753285177052,
      0.8076656158082187,
      0.8216573861427605,
      0.8063804553821683,
      0.8766508935950696,
      0.8027516780421138,
      0.8614748348481953,
      0.8642768748104572,
      0.8029127437621355,
      0.7979809800162911,
      0.9013378890231252,
      0.8246579016558826,
      0.8300391263328493,
      0.8085535271093249,
      0.7795322579331696,
      0.8542205179110169,
      0.8559342031367123,
      0.8541585123166442,
      0.8313327049836516,
      0.8297598599456251,
      0.8560326267033815,
      0.8266917769797146,
      0.8511462137103081,
      0.7999736242927611,
      0.8001179588027298,
      0.8382429168559611,
      0.8191147339530289,
      0.8692982168868184,
      0.8601128850132227,
      0.8273401870392263,
      0.8056238880380988,
      0.8164433087222278,
      0.84839709661901,
      0.806449853349477,
      0.8332611350342631,
      0.8836883502081037,
      0.8297888110391796,
      0.8274589199572802,
      0.8315618261694908,
      0.8542274399660528,
      0.8565201140008867,
      0.8088564840145409,
      0.8270759908482432,
      0.8097240435890853,
      0.8368191290646791,
      0.8610338256694376,
      0.8178373477421701,
      0.8055497319437563,
      0.8088664901442826,
      0.830752142239362,
      0.8745719180442393,
      0.8035926488228142,
      0.8124711010605097,
      0.8325045397505164,
      0.8044927818700671,
      0.859359435737133,
      0.8534046183340251,
      0.8299766653217375,
      0.8283755839802325,
      0.8332291459664702,
      0.8483525021001697,
      0.8056295346468687,
      0.8088253708556294,
      0.7986560110002756,
      0.8320759469643235,
      0.8316746852360666,
      0.8269660202786326,
      0.8258841242641211,
      0.7952420082874596,
      0.8485313057899475,
