{
  "implementation": "deepspeed_gloo",
  "backend": "gloo",
  "operation": "gather",
  "num_ranks": 4,
  "tensor_shape": {
    "batch": 32,
    "seq_len": 1,
    "hidden_dim": 2048
  },
  "num_elements": 65536,
  "tensor_size_bytes": 131072,
  "tensor_size_mb": 0.125,
  "dtype": "bfloat16",
  "warmup_iterations": 10,
  "measurement_iterations": 100,
  "timing_method": "time.perf_counter()",
  "timings": [
    [
      0.00019375886768102646,
      0.00017013773322105408,
      0.00017791101709008217,
      0.00016030343249440193,
      0.00015757698565721512,
      0.00016144802793860435,
      0.00015723798424005508,
      0.00017398176714777946,
      0.0001627872698009014,
      0.0001635206863284111,
      0.00015945220366120338,
      0.0001729070208966732,
      0.0001830821856856346,
      0.0001693093217909336,
      0.00015480071306228638,
      0.00016423827037215233,
      0.00016848789528012276,
      0.000170012004673481,
      0.0001650420017540455,
      0.00016243010759353638,
      0.0001689470373094082,
      0.0001667570322751999,
      0.00018341420218348503,
      0.00016621220856904984,
      0.0001569618470966816,
      0.0001578233204782009,
      0.00015514111146330833,
      0.0001683523878455162,
      0.0001773168332874775,
      0.00015763798728585243,
      0.0001558489166200161,
      0.00016832491382956505,
      0.00018845731392502785,
      0.00017247861251235008,
      0.00015401607379317284,
      0.00016598310321569443,
      0.00018930388614535332,
      0.00018147891387343407,
      0.00015849992632865906,
      0.0001562819816172123,
      0.00015853438526391983,
      0.00015581026673316956,
      0.0001579071395099163,
      0.00015602167695760727,
      0.0001581716351211071,
      0.00015817629173398018,
      0.00015549687668681145,
      0.00015612319111824036,
      0.00015349825844168663,
      0.00016076909378170967,
      0.0001527499407529831,
      0.00016671186313033104,
      0.0001572021283209324,
      0.00015292223542928696,
      0.00016076304018497467,
      0.0001540137454867363,
      0.00015290826559066772,
      0.00015317602083086967,
      0.00015794578939676285,
      0.0001496388576924801,
      0.00015660561621189117,
      0.00015633320435881615,
      0.00015573715791106224,
      0.00014797504991292953,
      0.0001501929946243763,
      0.00015668291598558426,
      0.00016285106539726257,
      0.00017936108633875847,
      0.0001643742434680462,
      0.000157846137881279,
      0.00015044119209051132,
      0.00015787407755851746,
      0.00015341723337769508,
      0.00016041100025177002,
      0.0001618051901459694,
      0.00017934199422597885,
      0.00016196025535464287,
      0.0001500248908996582,
      0.0001605236902832985,
      0.00015265261754393578,
      0.00016555702313780785,
      0.00014893244951963425,
      0.00014856969937682152,
      0.0001483708620071411,
      0.00015095528215169907,
      0.0001530931331217289,
      0.0001581958495080471,
      0.0001477859914302826,
      0.00015025818720459938,
      0.00015476997941732407,
      0.00015001418069005013,
      0.00014924397692084312,
      0.00015856698155403137,
      0.00016996916383504868,
      0.00016129622235894203,
      0.00016665924340486526,
      0.0001586531288921833,
      0.0001481412909924984,
      0.0001765768975019455,
      0.00013618310913443565
    ],
    [
      0.00010129902511835098,
      8.001318201422691e-05,
      6.903987377882004e-05,
      7.763504981994629e-05,
      6.556417793035507e-05,
      7.736124098300934e-05,
      7.572025060653687e-05,
      7.849466055631638e-05,
      7.45910219848156e-05,
      7.678894326090813e-05,
      7.535703480243683e-05,
      7.169879972934723e-05,
      7.15348869562149e-05,
      8.140085265040398e-05,
      7.293326780200005e-05,
      7.401639595627785e-05,
      7.53193162381649e-05,
      7.7045988291502e-05,
      7.279915735125542e-05,
      7.644202560186386e-05,
      6.445497274398804e-05,
      7.514189928770065e-05,
      7.61137343943119e-05,
      7.409090176224709e-05,
      7.739989086985588e-05,
      6.668921560049057e-05,
      6.052432581782341e-05,
      6.321817636489868e-05,
      6.874697282910347e-05,
      7.56978988647461e-05,
      7.504085078835487e-05,
      7.484108209609985e-05,
      8.082017302513123e-05,
      7.923692464828491e-05,
      7.318705320358276e-05,
      7.429998368024826e-05,
      7.649697363376617e-05,
      8.411193266510963e-05,
      7.600802928209305e-05,
      7.507903501391411e-05,
      7.028086110949516e-05,
      7.258076220750809e-05,
      7.378822192549706e-05,
      6.866594776511192e-05,
      7.247086614370346e-05,
      7.760385051369667e-05,
      6.327824667096138e-05,
      7.701106369495392e-05,
      7.160287350416183e-05,
      6.30267895758152e-05,
      6.129685789346695e-05,
      6.627291440963745e-05,
      7.363315671682358e-05,
      5.8531295508146286e-05,
      7.346877828240395e-05,
      7.286295294761658e-05,
      7.465528324246407e-05,
      5.986914038658142e-05,
      7.807137444615364e-05,
      7.327832281589508e-05,
      5.8076344430446625e-05,
      7.691187784075737e-05,
      7.151113823056221e-05,
      6.963824853301048e-05,
      7.137935608625412e-05,
      7.168063893914223e-05,
      7.681408897042274e-05,
      7.746601477265358e-05,
      7.419288158416748e-05,
      7.325876504182816e-05,
      7.384596392512321e-05,
      6.800983101129532e-05,
      7.215701043605804e-05,
      5.8235134929418564e-05,
      7.27078877389431e-05,
      7.435120642185211e-05,
      8.044485002756119e-05,
      7.014907896518707e-05,
      6.897281855344772e-05,
      7.052300497889519e-05,
      7.22929835319519e-05,
      6.742682307958603e-05,
      7.105804979801178e-05,
      6.967922672629356e-05,
      7.181009277701378e-05,
      7.17570073902607e-05,
      7.21178948879242e-05,
      6.840098649263382e-05,
      7.083732634782791e-05,
      7.446575909852982e-05,
      7.314560934901237e-05,
      7.167411968111992e-05,
      7.376493886113167e-05,
      7.663527503609657e-05,
      7.313396781682968e-05,
      7.611187174916267e-05,
      7.335422560572624e-05,
      6.870087236166e-05,
      7.040798664093018e-05,
      6.929971277713776e-05
    ],
    [
      9.881611913442612e-05,
      9.540282189846039e-05,
      8.391402661800385e-05,
      8.145300671458244e-05,
      8.511403575539589e-05,
      8.35619866847992e-05,
      8.344883099198341e-05,
      8.270516991615295e-05,
      8.392473682761192e-05,
      8.80570150911808e-05,
      8.264370262622833e-05,
      8.375011384487152e-05,
      8.386606350541115e-05,
      8.257897570729256e-05,
      8.273683488368988e-05,
      8.484022691845894e-05,
      8.128397166728973e-05,
      8.319597691297531e-05,
      8.106278255581856e-05,
      8.193589746952057e-05,
      8.323695510625839e-05,
      8.042389526963234e-05,
      8.252682164311409e-05,
      8.011609315872192e-05,
      7.983995601534843e-05,
      8.311029523611069e-05,
      8.165696635842323e-05,
      8.19982960820198e-05,
      8.702371269464493e-05,
      8.380832150578499e-05,
      8.238805457949638e-05,
      8.260458707809448e-05,
      8.429726585745811e-05,
      7.954472675919533e-05,
      7.975287735462189e-05,
      8.023995906114578e-05,
      8.26781615614891e-05,
      8.471403270959854e-05,
      8.330401033163071e-05,
      8.23051668703556e-05,
      7.574725896120071e-05,
      7.764901965856552e-05,
      8.083321154117584e-05,
      7.56438821554184e-05,
      7.999921217560768e-05,
      8.29421915113926e-05,
      7.908791303634644e-05,
      8.058501407504082e-05,
      7.616402581334114e-05,
      7.938221096992493e-05,
      7.80029222369194e-05,
      8.087186142802238e-05,
      8.023902773857117e-05,
      7.627997547388077e-05,
      7.847091183066368e-05,
      8.131889626383781e-05,
      7.756892591714859e-05,
      7.802480831742287e-05,
      7.991725578904152e-05,
