{
  "implementation": "deepspeed_gloo",
  "backend": "gloo",
  "operation": "reduce",
  "num_ranks": 4,
  "tensor_shape": {
    "batch": 1,
    "seq_len": 4096,
    "hidden_dim": 4096
  },
  "num_elements": 16777216,
  "tensor_size_bytes": 33554432,
  "tensor_size_mb": 32.0,
  "dtype": "bfloat16",
  "warmup_iterations": 10,
  "measurement_iterations": 100,
  "timing_method": "time.perf_counter()",
  "timings": [
    [
      0.05175681971013546,
      0.031065394170582294,
      0.06935664499178529,
      0.036894405260682106,
      0.045246068853884935,
      0.062261242885142565,
      0.047369679901748896,
      0.03988896403461695,
      0.03844260796904564,
      0.049772314727306366,
      0.03179100016131997,
      0.07193498266860843,
      0.05465953936800361,
      0.046890384051948786,
      0.056596539914608,
      0.058931102976202965,
      0.07509705889970064,
      0.07069087587296963,
      0.02460024692118168,
      0.03548258822411299,
      0.07428025081753731,
      0.06593051180243492,
      0.06548978295177221,
      0.048217316158115864,
      0.041188182309269905,
      0.08255733316764235,
      0.04788807826116681,
      0.07357102306559682,
      0.042264177929610014,
      0.07517836429178715,
      0.05878249369561672,
      0.03978716116398573,
      0.056073145009577274,
      0.05411926656961441,
      0.05496367299929261,
      0.05406045215204358,
      0.06977960327640176,
      0.058458894956856966,
      0.052877482026815414,
      0.04812096478417516,
      0.05471098702400923,
      0.057300197891891,
      0.052558641880750656,
      0.05486147804185748,
      0.03150448901578784,
      0.07133601140230894,
      0.06603493308648467,
      0.06047700485214591,
      0.04010932892560959,
      0.05619340110570192,
      0.05737042473629117,
      0.055264615919440985,
      0.07272003684192896,
      0.04443834209814668,
      0.054598922841250896,
      0.02993852412328124,
      0.03579509211704135,
      0.06532803736627102,
      0.02818812197074294,
      0.06315658614039421,
      0.047037127893418074,
      0.03850086033344269,
      0.059513234067708254,
      0.050665727350860834,
      0.04128415882587433,
      0.031691147945821285,
      0.07663153298199177,
      0.042126497719436884,
      0.06934254197403789,
      0.06317166984081268,
      0.05357319209724665,
      0.04206353286281228,
      0.054568429943174124,
      0.03048788197338581,
      0.06681772181764245,
      0.06061168387532234,
      0.059500707779079676,
      0.06427074084058404,
      0.06507892115041614,
      0.057896177750080824,
      0.03293930971994996,
      0.0762594542466104,
      0.07210767921060324,
      0.0542675768956542,
      0.07792545296251774,
      0.046346541959792376,
      0.0265767527744174,
      0.062400112859904766,
      0.04372545704245567,
      0.07665606494992971,
      0.05179636413231492,
      0.051960671320557594,
      0.04264566069468856,
      0.028715664986521006,
      0.07144624274224043,
      0.0415458008646965,
      0.053884625900536776,
      0.04526927601546049,
      0.052123661153018475,
      0.03461088612675667
    ],
    [
      0.05143384030088782,
      0.025325750932097435,
      0.06402689730748534,
      0.02761114714667201,
      0.03663629712536931,
      0.056293600238859653,
      0.040764282923191786,
      0.03750144178047776,
      0.041935676243156195,
      0.05941248591989279,
      0.029723874758929014,
      0.06226391391828656,
      0.062170612160116434,
      0.03908088803291321,
      0.06219526519998908,
      0.05113554606214166,
      0.0719589670188725,
      0.06918068882077932,
      0.024592960253357887,
      0.02826397307217121,
      0.07395765371620655,
      0.06099409470334649,
      0.060918185859918594,
      0.046324252150952816,
      0.03815349377691746,
      0.0718833371065557,
      0.04783839173614979,
      0.06657839613035321,
      0.04254375630989671,
      0.07053945399820805,
      0.060487658716738224,
      0.042627494782209396,
      0.05915203783661127,
      0.05066154291853309,
      0.05580365192145109,
      0.042431964073330164,
      0.08006774540990591,
      0.049082398880273104,
      0.05928356386721134,
      0.03851899318397045,
      0.060857255943119526,
      0.04667333513498306,
      0.058849492110311985,
      0.04703522380441427,
      0.032606920693069696,
      0.06821294827386737,
      0.07173048099502921,
      0.05087673990055919,
      0.040939864702522755,
      0.06474684691056609,
      0.06319076009094715,
      0.04771098308265209,
      0.07320168288424611,
      0.04268987197428942,
      0.051278579980134964,
      0.026027515064924955,
      0.03768808487802744,
      0.05613710591569543,
      0.03083215793594718,
      0.06765037309378386,
      0.03975890902802348,
      0.03718962287530303,
      0.0577390780672431,
      0.0440687988884747,
      0.041723715141415596,
      0.027981425635516644,
      0.07082053367048502,
      0.04160291701555252,
      0.0661039650440216,
      0.053826544899493456,
      0.054831936955451965,
      0.03957046940922737,
      0.062195282895118,
      0.026131605729460716,
      0.06969680357724428,
      0.051088809967041016,
      0.06690796557813883,
      0.051325140055269,
      0.059677920769900084,
      0.0567535599693656,
      0.02823833515867591,
      0.06702727032825351,
      0.08226980920881033,
      0.05387899465858936,
      0.07339344406500459,
      0.03843430010601878,
      0.026516377925872803,
      0.063666305039078,
      0.04454825632274151,
      0.06935002095997334,
      0.05152817303314805,
      0.056212260853499174,
      0.043985683005303144,
      0.024373335763812065,
      0.07386902440339327,
      0.03868048312142491,
      0.05996707966551185,
      0.03619742998853326,
      0.05800174083560705,
      0.031301960814744234
    ],
    [
      0.056997664738446474,
      0.027923782356083393,
      0.06843018997460604,
      0.024956942070275545,
      0.038587503135204315,
      0.06057163793593645,
      0.03856022981926799,
      0.04066782630980015,
      0.039939727168530226,
      0.05147434584796429,
      0.028442801907658577,
      0.06930551817640662,
      0.05467235529795289,
      0.047198675107210875,
      0.06233712984248996,
      0.05959346005693078,
      0.07198437582701445,
      0.06306433118879795,
      0.02877276111394167,
      0.034539991058409214,
      0.07944810576736927,
      0.053013899363577366,
      0.0741873886436224,
      0.045920274686068296,
      0.04724001092836261,
      0.07467811508104205,
      0.06134656211361289,
      0.06399781303480268,
      0.054332076106220484,
      0.0647703311406076,
      0.07244036812335253,
      0.04640816571190953,
      0.06519924430176616,
      0.06311827292665839,
      0.06309480499476194,
      0.04753652634099126,
      0.07875533169135451,
      0.051483577117323875,
      0.06391400517895818,
      0.0470438520424068,
      0.06585145276039839,
      0.055251908022910357,
      0.0629279762506485,
      0.05362093774601817,
      0.037303613033145666,
      0.07352339336648583,
      0.07489768182858825,
      0.061200163792818785,
      0.053301895037293434,
      0.052030361257493496,
      0.07097848365083337,
      0.06346243200823665,
      0.08491395320743322,
      0.03681236179545522,
      0.05513065215200186,
      0.03169964998960495,
      0.04467836394906044,
      0.06929330201819539,
      0.035956833977252245,
      0.0720153646543622,
      0.0485223401337862,
      0.04736772086471319,
      0.060918064787983894,
      0.04793046601116657,
      0.050416153855621815,
      0.03508715284988284,
      0.0747426487505436,
      0.04478043271228671,
      0.07561990898102522,
      0.05236609699204564,
      0.06530564511194825,
      0.04914496885612607,
      0.058927150908857584,
      0.035394968930631876,
      0.06819994421675801,
      0.05653713410720229,
      0.06009766133502126,
