{
  "implementation": "deepspeed_gloo",
  "backend": "gloo",
  "operation": "broadcast",
  "num_ranks": 4,
  "tensor_shape": {
    "batch": 8,
    "seq_len": 8192,
    "hidden_dim": 4096
  },
  "num_elements": 268435456,
  "tensor_size_bytes": 536870912,
  "tensor_size_mb": 512.0,
  "dtype": "bfloat16",
  "warmup_iterations": 10,
  "measurement_iterations": 100,
  "timing_method": "time.perf_counter()",
  "timings": [
    [
      0.19065740890800953,
      0.20291818911209702,
      0.1995628159493208,
      0.2015454452484846,
      0.1960283308289945,
      0.20033256197348237,
      0.2014620970003307,
      0.20359922805801034,
      0.19820466777309775,
      0.20045884093269706,
      0.19842193042859435,
      0.1976472637616098,
      0.20187956281006336,
      0.2003137357532978,
      0.20155974244698882,
      0.19822908286005259,
      0.1997536146081984,
      0.1997956596314907,
      0.20453531481325626,
      0.19863547617569566,
      0.20003918604925275,
      0.2014857609756291,
      0.2029335261322558,
      0.19889393681660295,
      0.2004418009892106,
      0.20213201781734824,
      0.1942460760474205,
      0.20039186626672745,
      0.20138125494122505,
      0.2024804949760437,
      0.19758594874292612,
      0.20114258117973804,
      0.20314143504947424,
      0.19641697918996215,
      0.19870665622875094,
      0.2000501910224557,
      0.19780313596129417,
      0.19899287493899465,
      0.20104782283306122,
      0.20396160706877708,
      0.19721194682642817,
      0.1987004349939525,
      0.20114770391955972,
      0.20065440889447927,
      0.2010750351473689,
      0.1967333359643817,
      0.20033638691529632,
      0.2020869799889624,
      0.2000363408587873,
      0.20114644896239042,
      0.19920190423727036,
      0.1968798111192882,
      0.19974740408360958,
      0.20017781294882298,
      0.20219297800213099,
      0.19732172973453999,
      0.19885181495919824,
      0.2013605758547783,
      0.19543682597577572,
      0.19930757395923138,
      0.20117817679420114,
      0.20284082368016243,
      0.1977256229147315,
      0.20021504163742065,
      0.20026691118255258,
      0.19507247721776366,
      0.1979649499990046,
      0.1999078239314258,
      0.20161043526604772,
      0.19827217981219292,
      0.20016449317336082,
      0.2027459372766316,
      0.19742856500670314,
      0.19918078184127808,
      0.1963906129822135,
      0.20282197976484895,
      0.19783321814611554,
      0.1990867769345641,
      0.19659350207075477,
      0.2009436283260584,
      0.1970666330307722,
      0.19766269205138087,
      0.2041291012428701,
      0.20430904300883412,
      0.20172152807936072,
      0.20366609515622258,
      0.20371987018734217,
      0.1987804528325796,
      0.20133884716778994,
      0.20448133908212185,
      0.2047051079571247,
      0.19881421886384487,
      0.20381555892527103,
      0.2027798560447991,
      0.20400397991761565,
      0.20130670303478837,
      0.20164814218878746,
      0.20380295533686876,
      0.2046560449525714,
      0.2008027220144868
    ],
    [
      0.2766791000030935,
      0.30197109235450625,
      0.21187230199575424,
      0.21191656962037086,
      0.20888407388702035,
      0.21263862727209926,
      0.21195267280563712,
      0.2085424060933292,
      0.206063661724329,
      0.20871797995641828,
      0.2099412502720952,
      0.2099279472604394,
      0.21378426160663366,
      0.21290167095139623,
      0.21228536684066057,
      0.21031497605144978,
      0.206760685890913,
      0.20765891578048468,
      0.2094870051369071,
      0.21032416634261608,
      0.21224627690389752,
      0.21305077988654375,
      0.21147532435134053,
      0.21054649911820889,
      0.21275026071816683,
      0.21247284300625324,
      0.20533428573980927,
      0.21195545000955462,
      0.2111904681660235,
      0.21229299576953053,
      0.20878665195778012,
      0.21362310275435448,
      0.21327611291781068,
      0.20901417825371027,
      0.2094930070452392,
      0.21246279077604413,
      0.20904036471620202,
      0.21117092901840806,
      0.21190976491197944,
      0.21396885626018047,
      0.20876065408810973,
      0.21098628919571638,
      0.21284023486077785,
      0.21259599784389138,
      0.20625772792845964,
      0.20479528978466988,
      0.21157961478456855,
      0.21178576303645968,
      0.2116163419559598,
      0.2134660896845162,
      0.21109755709767342,
      0.2091708560474217,
      0.21127659920603037,
      0.21145291812717915,
      0.20783593924716115,
      0.20637100329622626,
      0.20667114900425076,
      0.21169230388477445,
      0.2034093141555786,
      0.21153875812888145,
      0.21211164025589824,
      0.212709479033947,
      0.20956605719402432,
      0.21025961730629206,
      0.21054199105128646,
      0.2068409649655223,
      0.2108108322136104,
      0.21101416600868106,
      0.21085179690271616,
      0.20989977568387985,
      0.21150443004444242,
      0.21269941003993154,
      0.20894640777260065,
      0.21248123236000538,
      0.20845884922891855,
      0.2133682449348271,
      0.20560216438025236,
      0.207795734051615,
      0.20356830582022667,
      0.20742219500243664,
      0.2045800588093698,
      0.20632803114131093,
      0.21339552104473114,
      0.21460455190390348,
      0.21493420330807567,
      0.21531669795513153,
      0.2127953222952783,
      0.21176862996071577,
      0.21348793199285865,
      0.21559321088716388,
      0.21431778790429235,
      0.2090519410558045,
      0.21350202010944486,
      0.21186952805146575,
      0.21016203984618187,
      0.2104949918575585,
      0.21054501086473465,
      0.21497990423813462,
      0.21484925504773855,
      0.21410238975659013
    ],
    [
      0.10067828185856342,
      0.11406662175431848,
      0.2075594998896122,
      0.2095562587492168,
      0.2040430041961372,
      0.20834015402942896,
      0.20946172811090946,
      0.2116119316779077,
      0.20624406076967716,
      0.20845967810600996,
      0.20642790896818042,
      0.20566354831680655,
      0.20988965407013893,
      0.20831619575619698,
      0.20957201020792127,
      0.2062488468363881,
      0.20776261808350682,
      0.20779768470674753,
      0.2125334502197802,
      0.20669294334948063,
      0.20804857974871993,
      0.20949125615879893,
      0.21095364214852452,
      0.20691527100279927,
      0.20844919001683593,
      0.21014912007376552,
      0.2022638632915914,
      0.20841963402926922,
      0.20939681213349104,
      0.21055364003404975,
      0.20559035940095782,
      0.2091468102298677,
      0.21115753101184964,
      0.20442736288532615,
      0.20671746507287025,
      0.20804733829572797,
      0.20581139903515577,
      0.20702322106808424,
      0.20906138001009822,
      0.2119731460697949,
      0.2052773362956941,
      0.20670719211921096,
      0.20915803220123053,
      0.2086579818278551,
      0.20908104674890637,
      0.2047238419763744,
      0.2083359258249402,
      0.21009720489382744,
      0.20804618438705802,
      0.20916165690869093,
      0.2072024098597467,
      0.2049027127213776,
      0.20775629207491875,
      0.20819268096238375,
      0.21021038433536887,
      0.2053899997845292,
      0.20686000073328614,
      0.20942105678841472,
      0.2034449432976544,
      0.20731671899557114,
      0.20919469418004155,
      0.21085554594174027,
      0.20574078103527427,
      0.20822343602776527,
      0.20827441196888685,
      0.20308834640309215,
      0.20597303984686732,
      0.20792079204693437,
      0.2096151360310614,
      0.2062814380042255,
      0.20817361492663622,
      0.21075415518134832,
      0.2054358241148293,
      0.20723962597548962,
      0.20439547626301646,
      0.21083397790789604,
      0.20589062431827188,
      0.2070941273123026,
      0.20460281800478697,
      0.20895960880443454,
      0.20508042024448514,
      0.2056677327491343,
