{
  "implementation": "deepspeed_gloo",
  "backend": "gloo",
  "operation": "broadcast",
  "num_ranks": 4,
  "tensor_shape": {
    "batch": 16,
    "seq_len": 2048,
    "hidden_dim": 2048
  },
  "num_elements": 67108864,
  "tensor_size_bytes": 134217728,
  "tensor_size_mb": 128.0,
  "dtype": "bfloat16",
  "warmup_iterations": 10,
  "measurement_iterations": 100,
  "timing_method": "time.perf_counter()",
  "timings": [
    [
      0.054358066990971565,
      0.05141479428857565,
      0.051721659023314714,
      0.05126459803432226,
      0.051901998929679394,
      0.05061559611931443,
      0.05195180419832468,
      0.05053058033809066,
      0.05119911767542362,
      0.0513309258967638,
      0.05160200223326683,
      0.05173802003264427,
      0.05132867069914937,
      0.05137650668621063,
      0.050600079353898764,
      0.05037120170891285,
      0.04985609417781234,
      0.049241406843066216,
      0.04818214010447264,
      0.049607908353209496,
      0.049102496821433306,
      0.04942839127033949,
      0.04729996295645833,
      0.04915648698806763,
      0.05036375531926751,
      0.0475672478787601,
      0.04897666070610285,
      0.048524515237659216,
      0.049102969001978636,
      0.049407747108489275,
      0.04913307027891278,
      0.04902202729135752,
      0.048694797325879335,
      0.048898760229349136,
      0.05217792000621557,
      0.04933248460292816,
      0.048194863833487034,
      0.04889588663354516,
      0.05122613999992609,
      0.05343537870794535,
      0.05144689558073878,
      0.052102369256317616,
      0.05403277976438403,
      0.04925123043358326,
      0.05130681907758117,
      0.04970052000135183,
      0.051013174932450056,
      0.050612470135092735,
      0.050905803218483925,
      0.050741066224873066,
      0.050734783988446,
      0.05089953728020191,
      0.05101467715576291,
      0.05156220309436321,
      0.04960258910432458,
      0.05087226489558816,
      0.04972245078533888,
      0.051043794956058264,
      0.058781055733561516,
      0.05106045212596655,
      0.05118343699723482,
      0.05278444988653064,
      0.051544069312512875,
      0.05078235035762191,
      0.05124702071771026,
      0.050605606753379107,
      0.05160713708028197,
      0.051146277226507664,
      0.05196337681263685,
      0.049592345021665096,
      0.051463530864566565,
      0.05002704914659262,
      0.05114054121077061,
      0.050280531868338585,
      0.051159282214939594,
      0.05093348631635308,
      0.05084923189133406,
      0.0506664183922112,
      0.05418503098189831,
      0.05103946104645729,
      0.05132118100300431,
      0.05064377607777715,
      0.049736394081264734,
      0.05076142167672515,
      0.05068351095542312,
      0.05130344023928046,
      0.05135192023590207,
      0.05136669334024191,
      0.051618536934256554,
      0.051587642170488834,
      0.05072600208222866,
      0.051123452838510275,
      0.05124398088082671,
      0.049549749586731195,
      0.05089638801291585,
      0.04968568403273821,
      0.0513643198646605,
      0.05114403506740928,
      0.05187299009412527,
      0.0510383527725935
    ],
    [
      0.06994736893102527,
      0.05452148104086518,
      0.05468687415122986,
      0.054267373867332935,
      0.05481978598982096,
      0.05428094696253538,
      0.055093690287321806,
      0.05408279597759247,
      0.05424865009263158,
      0.054835501592606306,
      0.05461883218958974,
      0.05490905186161399,
      0.054315876215696335,
      0.05439969524741173,
      0.05284670786932111,
      0.05247817374765873,
      0.05184646602720022,
      0.05201398301869631,
      0.05055840499699116,
      0.05122169200330973,
      0.05071141291409731,
      0.05088030081242323,
      0.049619175028055906,
      0.05072060786187649,
      0.05209174519404769,
      0.04986412078142166,
      0.0505778337828815,
      0.050641775131225586,
      0.050644743256270885,
      0.05118651036173105,
      0.05038515478372574,
      0.051180435344576836,
      0.050646398682147264,
      0.05055355420336127,
      0.05458354204893112,
      0.051184423733502626,
      0.05016243690624833,
      0.05066658975556493,
      0.052916902117431164,
      0.05601482605561614,
      0.05355751421302557,
      0.053894746117293835,
      0.05292687891051173,
      0.05137715255841613,
      0.05287836119532585,
      0.05185986589640379,
      0.052626973018050194,
      0.052298630122095346,
      0.05228122370317578,
      0.0526208677329123,
      0.05241840798407793,
      0.052542232908308506,
      0.052637487184256315,
      0.052806572057306767,
      0.05256180604919791,
      0.05341533292084932,
      0.053005062974989414,
      0.053409642074257135,
      0.06472289701923728,
      0.05344509473070502,
      0.05409457627683878,
      0.055882078129798174,
      0.05421397602185607,
      0.053442299365997314,
      0.05407107202336192,
      0.05320850107818842,
      0.05446469318121672,
      0.052739583887159824,
      0.05394408106803894,
      0.05195406498387456,
      0.053391357883811,
      0.05216973600909114,
      0.05313960090279579,
      0.05215154914185405,
      0.05315010994672775,
      0.05246569123119116,
      0.0536882346495986,
      0.05334883416071534,
      0.05716836592182517,
      0.05277684982866049,
      0.053275035228580236,
      0.05234309192746878,
      0.05232642684131861,
      0.05238564312458038,
      0.05323596624657512,
      0.05292876809835434,
      0.053550226148217916,
      0.052778979763388634,
      0.053572631906718016,
      0.0530556533485651,
      0.053340697195380926,
      0.05289184395223856,
      0.053406136110424995,
      0.05201959004625678,
      0.0530895022675395,
      0.052239031065255404,
      0.05327860498800874,
      0.05323656601831317,
      0.054678230080753565,
      0.053800764959305525
    ],
    [
      0.03146809199824929,
      0.05943132285028696,
      0.059802854899317026,
      0.059336971025913954,
      0.05998344998806715,
      0.058689643163233995,
      0.060024232137948275,
      0.05860736267641187,
      0.059270069003105164,
      0.05939851514995098,
      0.059671022929251194,
      0.05979583505541086,
      0.05939658731222153,
      0.059449594002217054,
      0.05865919403731823,
      0.05844029365107417,
      0.05792225990444422,
      0.05731637217104435,
      0.056256625801324844,
      0.05768199032172561,
      0.05716848000884056,
      0.05749880988150835,
      0.05536586092785001,
      0.0572255989536643,
      0.05842896783724427,
      0.05563602223992348,
      0.057042847853153944,
      0.05658867070451379,
      0.05717641022056341,
      0.05742146586999297,
      0.05720833223313093,
      0.05709691811352968,
      0.05676626181229949,
      0.05697389179840684,
      0.060254951007664204,
      0.0573997450992465,
      0.056264664977788925,
      0.056969680823385715,
      0.05929735163226724,
      0.061511363834142685,
      0.05952159082517028,
      0.06016572332009673,
      0.06209448678418994,
      0.057311497163027525,
      0.05937578808516264,
      0.057763929944485426,
      0.059082882944494486,
      0.05868550483137369,
      0.058979657012969255,
      0.058802729938179255,
      0.05880859587341547,
      0.05897122388705611,
      0.059094617143273354,
      0.05962944822385907,
      0.05766337737441063,
      0.05895146494731307,
      0.05779424775391817,
      0.05910674016922712,
      0.06684909900650382,
      0.05912839714437723,
      0.05924369301646948,
      0.060850162990391254,
      0.059610540978610516,
      0.05884453281760216,
      0.059316062834113836,
      0.05866426881402731,
      0.05967661878094077,
      0.05920990789309144,
      0.06005052104592323,
      0.05765915708616376,
      0.0595398279838264,
      0.0580891827121377,
      0.05920911021530628,
      0.05834410013630986,
      0.05923145404085517,
      0.05900735128670931,
      0.05892258416861296,
