{
  "implementation": "deepspeed_gloo",
  "backend": "gloo",
  "operation": "broadcast",
  "num_ranks": 4,
  "tensor_shape": {
    "batch": 32,
    "seq_len": 2048,
    "hidden_dim": 2048
  },
  "num_elements": 134217728,
  "tensor_size_bytes": 268435456,
  "tensor_size_mb": 256.0,
  "dtype": "bfloat16",
  "warmup_iterations": 10,
  "measurement_iterations": 100,
  "timing_method": "time.perf_counter()",
  "timings": [
    [
      0.10127133736386895,
      0.10449329391121864,
      0.10185341630131006,
      0.10201413510367274,
      0.11000649072229862,
      0.10130449384450912,
      0.10428945487365127,
      0.10245683183893561,
      0.1021876628510654,
      0.10583455394953489,
      0.1024249610491097,
      0.10231487406417727,
      0.10369376419112086,
      0.10388874402269721,
      0.10294996295124292,
      0.10162489116191864,
      0.10137911001220345,
      0.1028467919677496,
      0.10354451509192586,
      0.10403324710205197,
      0.10261828266084194,
      0.1012113131582737,
      0.10238816402852535,
      0.1016668058000505,
      0.1009354810230434,
      0.10315645299851894,
      0.10268290899693966,
      0.10306869493797421,
      0.1027057790197432,
      0.10401701787486672,
      0.10375541914254427,
      0.10424769716337323,
      0.1036585601978004,
      0.10167247802019119,
      0.10058170091360807,
      0.10269769700244069,
      0.10304237203672528,
      0.10339086595922709,
      0.10326329478994012,
      0.10365485213696957,
      0.10256997076794505,
      0.10333176236599684,
      0.09984837006777525,
      0.10129743721336126,
      0.10098819201812148,
      0.10241235420107841,
      0.10238649323582649,
      0.10321721620857716,
      0.10304927220568061,
      0.10372195905074477,
      0.10305563919246197,
      0.1015627239830792,
      0.09930848516523838,
      0.10120525304228067,
      0.10158589202910662,
      0.1032359292730689,
      0.10269681178033352,
      0.10295191872864962,
      0.10307478113099933,
      0.10402787383645773,
      0.10427119117230177,
      0.10111460089683533,
      0.09975046711042523,
      0.1019227122887969,
      0.1018973640166223,
      0.10284140706062317,
      0.09907617093995214,
      0.10352321993559599,
      0.10340102761983871,
      0.10178990568965673,
      0.10024260217323899,
      0.10112316394224763,
      0.10168717289343476,
      0.10293726110830903,
      0.10260407207533717,
      0.10251318197697401,
      0.10197665495797992,
      0.10293961269780993,
      0.09988511726260185,
      0.10167563473805785,
      0.10099355410784483,
      0.10273882606998086,
      0.10187097266316414,
      0.10434986976906657,
      0.102100211661309,
      0.1035609021782875,
      0.10366697469726205,
      0.10015800129622221,
      0.0998027459718287,
      0.10073429113253951,
      0.10080220876261592,
      0.10372668690979481,
      0.10316227190196514,
      0.10343285510316491,
      0.10092509677633643,
      0.10420119017362595,
      0.10267385607585311,
      0.10198508203029633,
      0.10005080932751298,
      0.10248626489192247
    ],
    [
      0.14133081585168839,
      0.11099831201136112,
      0.10718079935759306,
      0.10985381808131933,
      0.11934188986197114,
      0.10936196194961667,
      0.11150372680276632,
      0.10890210932120681,
      0.10770838102325797,
      0.1100249900482595,
      0.10789168486371636,
      0.10819599125534296,
      0.10679480899125338,
      0.1081503452733159,
      0.10783133003860712,
      0.1073401439934969,
      0.10627344902604818,
      0.10755339497700334,
      0.10683573503047228,
      0.10780059965327382,
      0.10600074101239443,
      0.10815146425738931,
      0.10763094667345285,
      0.10871146433055401,
      0.10705385310575366,
      0.10995075711980462,
      0.10850152699276805,
      0.10900630010291934,
      0.10673487326130271,
      0.10841499222442508,
      0.1067730518989265,
      0.10819300590083003,
      0.10702394181862473,
      0.10708679491654038,
      0.10562560893595219,
      0.10784475272521377,
      0.10638476116582751,
      0.10735126072540879,
      0.10662879003211856,
      0.1077586761675775,
      0.10767924785614014,
      0.10942301107570529,
      0.10630369884893298,
      0.10822255117818713,
      0.10725279618054628,
      0.10906877601519227,
      0.10751694301143289,
      0.10902704205363989,
      0.10638312622904778,
      0.10816176561638713,
      0.10728961788117886,
      0.10716152843087912,
      0.10426451126113534,
      0.10617845505475998,
      0.10587296914309263,
      0.10670011304318905,
      0.10603084089234471,
      0.10646661510691047,
      0.10626740101724863,
      0.10759173007681966,
      0.10836754133924842,
      0.10651407670229673,
      0.10399027494713664,
      0.106987738981843,
      0.1050737900659442,
      0.10870546475052834,
      0.10366221377626061,
      0.10753721790388227,
      0.10641645919531584,
      0.10925458464771509,
      0.10654557263478637,
      0.10788977518677711,
      0.10741860792040825,
      0.10848729591816664,
      0.10724912630394101,
      0.10820309026166797,
      0.10674911085516214,
      0.10871004918590188,
      0.10594847099855542,
      0.10893345205113292,
      0.10672961873933673,
      0.10907712625339627,
      0.10661825118586421,
      0.11048443987965584,
      0.10780399525538087,
      0.10724933911114931,
      0.14913686411455274,
      0.10709004895761609,
      0.10583509271964431,
      0.10783606814220548,
      0.10726204188540578,
      0.10972969327121973,
      0.10884163388982415,
      0.1093099219724536,
      0.10584204597398639,
      0.10988214937970042,
      0.10746686113998294,
      0.10931192524731159,
      0.10622447589412332,
      0.10942380595952272
    ],
    [
      0.05512013705447316,
      0.11249993601813912,
      0.1099145351909101,
      0.11008671671152115,
      0.1180141638033092,
      0.10932607483118773,
      0.1122973719611764,
      0.11046734871342778,
      0.11019799299538136,
      0.11385125434026122,
      0.11050217365846038,
      0.11038198601454496,
      0.11171905277296901,
      0.11196738667786121,
      0.11096184607595205,
      0.10970245581120253,
      0.10945502389222383,
      0.11092320177704096,
      0.11160582071170211,
      0.11209084000438452,
      0.11067585879936814,
      0.10928196320310235,
      0.1104137278161943,
      0.10973612824454904,
      0.10900296503677964,
      0.11121451109647751,
      0.11069767503067851,
      0.1111261616460979,
      0.1107171829789877,
      0.11208270816132426,
      0.11179341562092304,
      0.11232994589954615,
      0.11171889072284102,
      0.10973465070128441,
      0.10858943779021502,
      0.11077375616878271,
      0.1110613327473402,
      0.11146049480885267,
      0.11132756993174553,
      0.11171613121405244,
      0.11065019387751818,
      0.11141221923753619,
      0.10786474915221334,
      0.10932130226865411,
      0.1090077911503613,
      0.11048900289461017,
      0.11041915230453014,
      0.11128186993300915,
      0.11105970898643136,
      0.11178775085136294,
      0.11112021515145898,
      0.10964931780472398,
      0.10736655071377754,
      0.10927747469395399,
      0.10966063104569912,
      0.11131578078493476,
      0.11076911864802241,
      0.11101901717483997,
      0.11114837834611535,
      0.1120867719873786,
      0.11233763163909316,
      0.10917030088603497,
      0.10777040710672736,
      0.10998166678473353,
      0.10992437601089478,
      0.11090266099199653,
      0.1070863539353013,
      0.11158867692574859,
      0.1114610331133008,
      0.1098552867770195,
      0.10825657704845071,
      0.10919034993276,
      0.10971804801374674,
      0.11099978815764189,
      0.11067808698862791,
      0.11052327184006572,
      0.10998652782291174,
      0.11102443095296621,
      0.1079043229110539,
      0.10973621578887105,
      0.10900216596201062,
