{
  "implementation": "deepspeed_gloo",
  "backend": "gloo",
  "operation": "allreduce",
  "num_ranks": 4,
  "tensor_shape": {
    "batch": 1,
    "seq_len": 4096,
    "hidden_dim": 2048
  },
  "num_elements": 8388608,
  "tensor_size_bytes": 16777216,
  "tensor_size_mb": 16.0,
  "dtype": "bfloat16",
  "warmup_iterations": 10,
  "measurement_iterations": 100,
  "timing_method": "time.perf_counter()",
  "timings": [
    [
      0.012776371091604233,
      0.01098795561119914,
      0.015046281274408102,
      0.031108669936656952,
      0.010457044932991266,
      0.011596427764743567,
      0.011067093815654516,
      0.011083638295531273,
      0.01575266709551215,
      0.01446498790755868,
      0.01750338915735483,
      0.0122607690282166,
      0.01598941395059228,
      0.011527059134095907,
      0.0157793709076941,
      0.012645189184695482,
      0.013842422980815172,
      0.01550260465592146,
      0.014831550884991884,
      0.010925527196377516,
      0.010447547305375338,
      0.02877062326297164,
      0.0230019548907876,
      0.014384511858224869,
      0.011069122701883316,
      0.01143380906432867,
      0.014305707067251205,
      0.01386296097189188,
      0.022489838767796755,
      0.015894810669124126,
      0.014304996002465487,
      0.010667486116290092,
      0.012922851368784904,
      0.01559964008629322,
      0.015104388352483511,
      0.013311522081494331,
      0.010615703649818897,
      0.011805950663983822,
      0.014239668846130371,
      0.015471999067813158,
      0.010017487220466137,
      0.010824565775692463,
      0.01353175425902009,
      0.01588550116866827,
      0.016075578052550554,
      0.01425501611083746,
      0.0144204618409276,
      0.011777161620557308,
      0.012887991964817047,
      0.03331630630418658,
      0.01054119411855936,
      0.014989218674600124,
      0.013436304405331612,
      0.028740708250552416,
      0.010505120735615492,
      0.01260217884555459,
      0.015557370148599148,
      0.014520122203975916,
      0.012350799981504679,
      0.01080249808728695,
      0.012815936002880335,
      0.011062429286539555,
      0.01370377978309989,
      0.014342168811708689,
      0.011809198185801506,
      0.010750140063464642,
      0.011941648088395596,
      0.01370988693088293,
      0.013287723995745182,
      0.012869033962488174,
      0.018755700904875994,
      0.01709096971899271,
      0.014189122710376978,
      0.010778303258121014,
      0.014894821215420961,
      0.014084425289183855,
      0.0130266472697258,
      0.011607294902205467,
      0.014900150243192911,
      0.01603067573159933,
      0.015741081442683935,
      0.012059400323778391,
      0.010845901910215616,
      0.014902194030582905,
      0.015599714126437902,
      0.013726122677326202,
      0.012801487930119038,
      0.01601680601015687,
      0.012456720229238272,
      0.02893283497542143,
      0.010608429089188576,
      0.012675845064222813,
      0.015656964853405952,
      0.013661275152117014,
      0.01297353208065033,
      0.0114107271656394,
      0.013566995039582253,
      0.011662216857075691,
      0.011555320117622614,
      0.013430504128336906
    ],
    [
      0.010280555579811335,
      0.010552750900387764,
      0.010367629118263721,
      0.02302048821002245,
      0.013644387014210224,
      0.011367610190063715,
      0.011316429823637009,
      0.011851849034428596,
      0.010782206896692514,
      0.010763542726635933,
      0.011716149281710386,
      0.01065046526491642,
      0.010772707872092724,
      0.010524875950068235,
      0.010710774920880795,
      0.01149515900760889,
      0.010841963812708855,
      0.010763220023363829,
      0.012218918185681105,
      0.010475581046193838,
      0.012986590154469013,
      0.024001048877835274,
      0.026822036132216454,
      0.013628365937620401,
      0.011828528251498938,
      0.010667813941836357,
      0.011049500666558743,
      0.011242469772696495,
      0.024329163134098053,
      0.014042919967323542,
      0.011480402667075396,
      0.012948373798280954,
      0.010492530651390553,
      0.011067561339586973,
      0.013156480621546507,
      0.011944467201828957,
      0.011766576208174229,
      0.01068731676787138,
      0.012222199235111475,
      0.010803825221955776,
      0.013429028913378716,
      0.015238099731504917,
      0.0128010930493474,
      0.01247213315218687,
      0.010943441186100245,
      0.01069279806688428,
      0.012858130969107151,
      0.010902566835284233,
      0.013099197298288345,
      0.023665621876716614,
      0.014593025203794241,
      0.0126837189309299,
      0.016954171936959028,
      0.027818710077553988,
      0.013721722178161144,
      0.010604165028780699,
      0.0112729468382895,
      0.011912000365555286,
      0.015116182155907154,
      0.011893314775079489,
      0.011146917007863522,
      0.013929975219070911,
      0.010725448839366436,
      0.01147706899791956,
      0.011532901786267757,
      0.012890919111669064,
      0.010973506607115269,
      0.011635987088084221,
      0.012051083147525787,
      0.010931880678981543,
      0.016355234198272228,
      0.014438028912991285,
      0.010752048809081316,
      0.014018341898918152,
      0.012822045013308525,
      0.01140741677954793,
      0.013892230112105608,
      0.012247721198946238,
      0.012199147138744593,
      0.015111111104488373,
      0.01288089994341135,
      0.013577376957982779,
      0.012669333256781101,
      0.012784649152308702,
      0.011050408240407705,
      0.01176097197458148,
      0.010790999978780746,
      0.01273823482915759,
      0.01287752203643322,
      0.028151373844593763,
      0.013287615031003952,
      0.010545957833528519,
      0.011327520944178104,
      0.011321259662508965,
      0.012725737877190113,
      0.012560494244098663,
      0.011195150204002857,
      0.011987766716629267,
      0.013555752113461494,
      0.010732174851000309
    ],
    [
      0.014975477941334248,
      0.013565488159656525,
      0.015006428118795156,
      0.02765111578628421,
      0.018295804038643837,
      0.01581026567146182,
      0.013711533043533564,
      0.016161969862878323,
      0.015954292379319668,
      0.015224589966237545,
      0.01782707078382373,
      0.014287823811173439,
      0.016428835690021515,
      0.013014446943998337,
      0.010629373136907816,
      0.015338757075369358,
      0.015985571313649416,
      0.015718947164714336,
      0.010973636992275715,
      0.013053668662905693,
      0.013159946072846651,
      0.02599126612767577,
      0.029774914029985666,
      0.01786159072071314,
      0.015737156849354506,
      0.01655052974820137,
      0.015794459264725447,
      0.01562651712447405,
      0.027915299404412508,
      0.018461044412106276,
      0.016710546799004078,
      0.016207046341151,
      0.01582808094099164,
      0.015589471906423569,
      0.01566698821261525,
      0.014170362148433924,
      0.01609408063814044,
      0.015809649135917425,
      0.01565387798473239,
      0.015238228719681501,
      0.014892359729856253,
      0.01507632713764906,
      0.017228671815246344,
      0.016138313338160515,
      0.016787040047347546,
      0.017928098794072866,
      0.016417132690548897,
      0.013507121242582798,
      0.01718179788440466,
      0.028978834860026836,
      0.01969257090240717,
      0.017768895719200373,
      0.014988515991717577,
      0.027176036033779383,
      0.017432468943297863,
      0.015611651819199324,
      0.015309691894799471,
      0.011004865635186434,
      0.016209535766392946,
      0.014022075105458498,
      0.014994468074291945,
      0.01530440291389823,
      0.015204790979623795,
      0.014229776803404093,
      0.01106531685218215,
      0.015545703005045652,
      0.016224182210862637,
      0.014975858852267265,
      0.016180725302547216,
      0.01474608201533556,
      0.018082600086927414,
      0.016096042934805155,
