{
  "implementation": "deepspeed_gloo",
  "backend": "gloo",
  "operation": "gather",
  "num_ranks": 4,
  "tensor_shape": {
    "batch": 8,
    "seq_len": 4096,
    "hidden_dim": 4096
  },
  "num_elements": 134217728,
  "tensor_size_bytes": 268435456,
  "tensor_size_mb": 256.0,
  "dtype": "bfloat16",
  "warmup_iterations": 10,
  "measurement_iterations": 100,
  "timing_method": "time.perf_counter()",
  "timings": [
    [
      0.6457254411652684,
      0.6769518731161952,
      0.7091400809586048,
      0.6387487109750509,
      0.6608599559403956,
      0.6339922328479588,
      0.6829100851900876,
      0.6296701049432158,
      0.6820259490050375,
      0.6420187465846539,
      0.6737278220243752,
      0.6545921000652015,
      0.6447759820148349,
      0.6996526820585132,
      0.6442424021661282,
      0.6783112450502813,
      0.7141920397989452,
      0.6313552679494023,
      0.6565757668577135,
      0.6433720486238599,
      0.6886707423254848,
      0.6314192288555205,
      0.6676894892007113,
      0.6665733121335506,
      0.6635212348774076,
      0.6480729361064732,
      0.6653134501539171,
      0.658520421013236,
      0.6515890643931925,
      0.6669866340234876,
      0.6274760896340013,
      0.6627014568075538,
      0.6419384488835931,
      0.652859496884048,
      0.6355214221403003,
      0.6649159891530871,
      0.6464754110202193,
      0.6897039818577468,
      0.6367470058612525,
      0.6676106378436089,
      0.6507381112314761,
      0.653691768180579,
      0.6693865791894495,
      0.6633083620108664,
      0.6693542362190783,
      0.6317746569402516,
      0.6526201567612588,
      0.6461951858364046,
      0.6771677820943296,
      0.6356079219840467,
      0.6770486538298428,
      0.636804664041847,
      0.6766446460969746,
      0.6626011459156871,
      0.6640503131784499,
      0.6833559572696686,
      0.6430477257817984,
      0.6876004547812045,
      0.6359446821734309,
      0.6825712840072811,
      0.6394323231652379,
      0.6784345512278378,
      0.6287824753671885,
      0.6682798922993243,
      0.666714274790138,
      0.6608051578514278,
      0.6773462407290936,
      0.6449867533519864,
      0.695186594966799,
      0.6419120747596025,
      0.7167976470664144,
      0.6291491007432342,
      0.6676151007413864,
      0.6556620639748871,
      0.6923507400788367,
      0.6916645751334727,
      0.6764051574282348,
      0.7220996483229101,
      0.6632460979744792,
      0.6914085629396141,
      0.6633587288670242,
      0.6962107280269265,
      0.6517982389777899,
      0.7073394348844886,
      0.6944057550281286,
      0.6900427867658436,
      0.7123787011951208,
      0.6702693160623312,
      0.6743659749627113,
      0.6512212292291224,
      0.6846439619548619,
      0.6544923349283636,
      0.6626194412820041,
      0.6380933332256973,
      0.6524419039487839,
      0.6792151662521064,
      0.6674322630278766,
      0.6929842177778482,
      0.6795694367028773,
      0.6817507860250771
    ],
    [
      0.3129667011089623,
      0.2949190349318087,
      0.3424915918149054,
      0.4135145479813218,
      0.43707235995680094,
      0.33722078474238515,
      0.49138905573636293,
      0.3889493141323328,
      0.48912924714386463,
      0.21521367598325014,
      0.37952317483723164,
      0.4354886068031192,
      0.2589599499478936,
      0.18955967901274562,
      0.4382325727492571,
      0.47913419688120484,
      0.2000409122556448,
      0.21937644807621837,
      0.4069152269512415,
      0.38048020424321294,
      0.22048536920920014,
      0.3368930243887007,
      0.4271277538500726,
      0.18856016732752323,
      0.47295972891151905,
      0.2257710979320109,
      0.46850303607061505,
      0.19948618533089757,
      0.2967678951099515,
      0.18518234230577946,
      0.43123776791617274,
      0.25423839408904314,
      0.4271176652982831,
      0.295805050060153,
      0.3444890268146992,
      0.4661456639878452,
      0.2008656980469823,
      0.38561047706753016,
      0.1961662801913917,
      0.4579072492197156,
      0.24797940766438842,
      0.2862189309671521,
      0.20469631114974618,
      0.376231431029737,
      0.20289103081449866,
      0.422927750274539,
      0.4306412087753415,
      0.21361594088375568,
      0.1976283397525549,
      0.344072706066072,
      0.48320921789854765,
      0.27576314518228173,
      0.3711074539460242,
      0.4405183019116521,
      0.4307178622111678,
      0.4498243434354663,
      0.20399998221546412,
      0.4404479837976396,
      0.44235419295728207,
      0.19435603497549891,
      0.39360893424600363,
      0.4733542166650295,
      0.19454988511279225,
      0.4795787250623107,
      0.39557680394500494,
      0.46379773737862706,
      0.43560344679281116,
      0.3542698039673269,
      0.36784508591517806,
      0.4345114319585264,
      0.21135489223524928,
      0.4234203207306564,
      0.36204145895317197,
      0.20331260515376925,
      0.483382279984653,
      0.3504360783845186,
      0.23483903519809246,
      0.42332042567431927,
      0.3716975641436875,
      0.22388133965432644,
      0.2169754751957953,
      0.38161313999444246,
      0.42742082802578807,
      0.5076618450693786,
      0.2089650291018188,
      0.45695016579702497,
      0.2094202684238553,
      0.20872560841962695,
      0.22272272314876318,
      0.3121751011349261,
      0.4539815350435674,
      0.43372774589806795,
      0.4351222962141037,
      0.4271360910497606,
      0.4072478646412492,
      0.442628872115165,
      0.47055105585604906,
      0.24672770779579878,
      0.23083011014387012,
      0.2576782340183854
    ],
    [
      0.41419221879914403,
      0.48066293308511376,
      0.46284580836072564,
      0.4512835550121963,
      0.456315700430423,
      0.43635418731719255,
      0.4254923411644995,
      0.42830682964995503,
      0.48767346097156405,
      0.4295318000949919,
      0.47765669226646423,
      0.433905144687742,
      0.44994165003299713,
      0.442352922167629,
      0.44680844619870186,
      0.48039363510906696,
      0.4572718939743936,
      0.43397093191742897,
      0.45039210421964526,
      0.4452701942063868,
      0.48120431788265705,
      0.431871737819165,
      0.48006891878321767,
      0.440923981834203,
      0.47464012121781707,
      0.4312912803143263,
      0.46724879927933216,
      0.4424977730959654,
      0.46238026302307844,
      0.448256297968328,
      0.4324636971578002,
      0.4560081628151238,
      0.44437200017273426,
      0.45189210632815957,
      0.43958722706884146,
      0.4679584773257375,
      0.43810903606936336,
      0.49502587178722024,
      0.4350565578788519,
      0.4769272948615253,
      0.43940237490460277,
      0.46145563619211316,
      0.44676203886047006,
      0.474091871175915,
      0.46009987592697144,
      0.4359399131499231,
      0.455014550127089,
      0.45033469377085567,
      0.47249008901417255,
      0.4428208847530186,
      0.202403430826962,
      0.43555794889107347,
      0.47889935318380594,
      0.44477947242558,
      0.360787411686033,
      0.44835800770670176,
      0.4470920111052692,
      0.4658669801428914,
      0.3560802089050412,
      0.48686897987499833,
      0.4340706649236381,
      0.48678004974499345,
      0.4203499420545995,
      0.47765250224620104,
      0.4408743013627827,
      0.2910052943043411,
      0.45204002084210515,
      0.45336733805015683,
      0.48459683870896697,
      0.4487651898525655,
      0.5264328210614622,
      0.4275651019997895,
      0.4698482030071318,
      0.44554445892572403,
      0.4847886562347412,
      0.4554704139009118,
      0.4783518286421895,
      0.4574008323252201,
      0.39755194913595915,
      0.47427185205742717,
      0.45926433615386486,
      0.49633972719311714,
      0.44229232612997293,
      0.4108919338323176,
      0.4606352290138602,
      0.3462076731957495,
      0.4528047190979123,
