{
  "implementation": "deepspeed_gloo",
  "backend": "gloo",
  "operation": "allgather",
  "num_ranks": 4,
  "tensor_shape": {
    "batch": 8,
    "seq_len": 8192,
    "hidden_dim": 4096
  },
  "num_elements": 268435456,
  "tensor_size_bytes": 536870912,
  "tensor_size_mb": 512.0,
  "dtype": "bfloat16",
  "warmup_iterations": 10,
  "measurement_iterations": 100,
  "timing_method": "time.perf_counter()",
  "timings": [
    [
      1.6647147662006319,
      1.7080391920171678,
      1.7142743533477187,
      1.662131237797439,
      1.6622061487287283,
      1.6620633150450885,
      1.7119513270445168,
      1.5777857871726155,
      1.705431898124516,
      1.6642922079190612,
      1.6629304615780711,
      1.6611873130314052,
      1.6634282479062676,
      1.6014883304014802,
      1.6170579069294035,
      1.6663402570411563,
      1.609610578045249,
      1.7117939619347453,
      1.7024796409532428,
      1.7110254899598658,
      1.6001787893474102,
      1.7006494458764791,
      1.6649957858026028,
      1.7156863743439317,
      1.658133895136416,
      1.6598250749520957,
      1.562687270808965,
      1.7038400219753385,
      1.6576714888215065,
      1.6098113041371107,
      1.7044515619054437,
      1.7101028291508555,
      1.6909206230193377,
      1.6180624519474804,
      1.718099918216467,
      1.713339550420642,
      1.6548295016400516,
      1.6005215551704168,
      1.6619925890117884,
      1.71445154491812,
      1.7144769760780036,
      1.6071609249338508,
      1.6606868412345648,
      1.7087224582210183,
      1.6905153510160744,
      1.6574398600496352,
      1.6591158462688327,
      1.6631031911820173,
      1.6122335698455572,
      1.7027972196228802,
      1.6159618329256773,
      1.6049411776475608,
      1.6020035143010318,
      1.6505941851064563,
      1.6993518266826868,
      1.6642620842903852,
      1.6640188409946859,
      1.660613534040749,
      1.6949049099348485,
      1.760422863997519,
      1.617299442179501,
      1.650958300102502,
      1.7084324127063155,
      1.7051398600451648,
      1.6669872049242258,
      1.6576551361940801,
      1.6609444469213486,
      1.6699231690727174,
      1.693631045985967,
      1.6129056359641254,
      1.6675656423904002,
      1.6601384510286152,
      1.656839404720813,
      1.6458462583832443,
      1.6100974860601127,
      1.7116854097694159,
      1.7503174459561706,
      1.714387436863035,
      1.604670095257461,
      1.6076952130533755,
      1.7061926079913974,
      1.6571154543198645,
      1.610760997980833,
      1.7145455460995436,
      1.6147428890690207,
      1.7075335066765547,
      1.6105079539120197,
      1.6631858833134174,
      1.6678162589669228,
      1.6117368112318218,
      1.6967600206844509,
      1.6175891100428998,
      1.665209671948105,
      1.6060545868240297,
      1.6657517049461603,
      1.6912575927563012,
      1.6053444407880306,
      1.6447770656086504,
      1.6157607729546726,
      1.618558764923364
    ],
    [
      1.6599458809942007,
      1.7074289969168603,
      1.7101256297901273,
      1.6551217078231275,
      1.6615791809745133,
      1.6627746410667896,
      1.7096529603004456,
      1.5768057201057673,
      1.6994024594314396,
      1.6638879016973078,
      1.6611008341424167,
      1.6573038827627897,
      1.6621807008050382,
      1.5940921450965106,
      1.6147774858400226,
      1.6644454807974398,
      1.604713468812406,
      1.7080835201777518,
      1.697886147070676,
      1.70477550663054,
      1.59880644781515,
      1.6984410602599382,
      1.6628930191509426,
      1.713775858283043,
      1.6525982031598687,
      1.6577646038495004,
      1.5608745403587818,
      1.7059512799605727,
      1.6499914331361651,
      1.6063436917029321,
      1.7043764060363173,
      1.7047770889475942,
      1.6881299656815827,
      1.6087622768245637,
      1.7170636621303856,
      1.7087030238471925,
      1.648469174746424,
      1.597000570036471,
      1.6599891348741949,
      1.7104425341822207,
      1.7133769909851253,
      1.5966113558970392,
      1.6555729201063514,
      1.706591566093266,
      1.6865849439054728,
      1.6530414489097893,
      1.6523931389674544,
      1.6592616392299533,
      1.6102842879481614,
      1.7006837418302894,
      1.6130950599908829,
      1.6035334817133844,
      1.5988428415730596,
      1.6477696970105171,
      1.6995189748704433,
      1.6644771290011704,
      1.6629573279060423,
      1.655710941646248,
      1.6930766720324755,
      1.7606295850127935,
      1.6153874788433313,
      1.641396475955844,
      1.7082546390593052,
      1.704364894889295,
      1.6669927220791578,
      1.655461538117379,
      1.6611205250956118,
      1.6659880569204688,
      1.6892340532504022,
      1.6061828080564737,
      1.667576096020639,
      1.6602664357051253,
      1.6569144362583756,
      1.645786093082279,
      1.6042907200753689,
      1.7132954210974276,
      1.745635508093983,
      1.7075667418539524,
      1.5958563196472824,
      1.6053128261119127,
      1.7041953620500863,
      1.6504504377953708,
      1.6048572738654912,
      1.7068521152250469,
      1.6118182423524559,
      1.7041891710832715,
      1.606313549913466,
      1.6622848557308316,
      1.6655660890974104,
      1.6061283238232136,
      1.6951503241434693,
      1.6174515532329679,
      1.6610284433700144,
      1.6011840659193695,
      1.6638257689774036,
      1.6848311857320368,
      1.5957016381435096,
      1.6397993541322649,
      1.6093929689377546,
      1.6109555643051863
    ],
    [
      1.654692807700485,
      1.6881645992398262,
      1.6950716730207205,
      1.6404598578810692,
      1.639941920991987,
      1.6349335792474449,
      1.6951603777706623,
      1.5601183390244842,
      1.6785435057245195,
      1.6494171717204154,
      1.6480982061475515,
      1.639842749107629,
      1.6423049992881715,
      1.583662649616599,
      1.588473780080676,
      1.6327930567786098,
      1.596846065018326,
      1.6995184742845595,
      1.6837161388248205,
      1.7013238430954516,
      1.585769128985703,
      1.67302115727216,
      1.6433115531690419,
      1.6919589112512767,
      1.6326876571401954,
      1.6469617998227477,
      1.544109893962741,
      1.6898591667413712,
      1.6424469011835754,
      1.5878137131221592,
      1.6808820962905884,
      1.6915434338152409,
      1.6753043290227652,
      1.5985424784012139,
      1.6957053989171982,
      1.697894548997283,
      1.6399072660133243,
      1.5825203908607364,
      1.6508394870907068,
      1.693595215678215,
      1.6996737010776997,
      1.5923858429305255,
      1.6337625430896878,
      1.6840881728567183,
      1.6532639050856233,
      1.6425109691917896,
      1.6427768906578422,
      1.6405720808543265,
      1.5837681251578033,
      1.6905671549029648,
      1.6016700146719813,
      1.5851951902732253,
      1.5916690859012306,
      1.642181205097586,
      1.6867395201697946,
      1.6444598226808012,
      1.6379691152833402,
      1.642257209867239,
      1.6772971912287176,
      1.745897923130542,
      1.5924445423297584,
      1.6291837189346552,
      1.685042155906558,
      1.6982018277049065,
      1.6484509627334774,
      1.630134103819728,
      1.6423207512125373,
      1.6457664263434708,
      1.6804487188346684,
      1.5978072830475867,
      1.6416913019493222,
      1.6369468569755554,
      1.6271389108151197,
      1.6280390550382435,
      1.5948092848993838,
      1.6854194467887282,
      1.7335439161397517,
      1.7005795068107545,
      1.5882730358280241,
      1.5845977743156254,
      1.6849849629215896,
      1.6440274938941002,
      1.5898705860599875,
      1.7011183761060238,
      1.5931104011833668,
      1.6939284200780094,
      1.5970102748833597,
      1.64157786173746,
      1.6536337621510029,
      1.588403264991939,
      1.6902946941554546,
      1.5959883648902178,
