{
  "implementation": "deepspeed_gloo",
  "backend": "gloo",
  "operation": "gather",
  "num_ranks": 4,
  "tensor_shape": {
    "batch": 1,
    "seq_len": 1,
    "hidden_dim": 4096
  },
  "num_elements": 4096,
  "tensor_size_bytes": 8192,
  "tensor_size_mb": 0.0078125,
  "dtype": "bfloat16",
  "warmup_iterations": 10,
  "measurement_iterations": 100,
  "timing_method": "time.perf_counter()",
  "timings": [
    [
      6.839213892817497e-05,
      6.51208683848381e-05,
      6.432970985770226e-05,
      6.401725113391876e-05,
      6.127636879682541e-05,
      6.189104169607162e-05,
      6.362702697515488e-05,
      6.400234997272491e-05,
      6.41457736492157e-05,
      7.259706035256386e-05,
      8.227583020925522e-05,
      6.32312148809433e-05,
      6.648106500506401e-05,
      6.562797352671623e-05,
      6.438698619604111e-05,
      6.40437938272953e-05,
      7.051881402730942e-05,
      5.981791764497757e-05,
      8.202390745282173e-05,
      8.697062730789185e-05,
      6.460491567850113e-05,
      5.938112735748291e-05,
      6.683915853500366e-05,
      9.12160612642765e-05,
      6.379513069987297e-05,
      6.317300722002983e-05,
      6.59753568470478e-05,
      7.816776633262634e-05,
      6.169406697154045e-05,
      5.761999636888504e-05,
      6.225705146789551e-05,
      6.007542833685875e-05,
      6.38808123767376e-05,
      6.650807335972786e-05,
      5.66849485039711e-05,
      6.992602720856667e-05,
      6.158370524644852e-05,
      7.500499486923218e-05,
      6.371038034558296e-05,
      7.188133895397186e-05,
      6.432412192225456e-05,
      6.330618634819984e-05,
      5.9161800891160965e-05,
      6.972998380661011e-05,
      6.671203300356865e-05,
      6.31650909781456e-05,
      6.179977208375931e-05,
      6.151339039206505e-05,
      6.80270604789257e-05,
      6.105517968535423e-05,
      5.999673157930374e-05,
      7.192790508270264e-05,
      5.8609992265701294e-05,
      6.768805906176567e-05,
      6.081070750951767e-05,
      7.139332592487335e-05,
      6.296485662460327e-05,
      6.344588473439217e-05,
      5.706585943698883e-05,
      6.538908928632736e-05,
      6.174715235829353e-05,
      6.138114258646965e-05,
      6.84838742017746e-05,
      6.070313975214958e-05,
      6.0169026255607605e-05,
      6.036320701241493e-05,
      6.863335147500038e-05,
      6.540399044752121e-05,
      7.201218977570534e-05,
      6.324285641312599e-05,
      7.410300895571709e-05,
      6.266217678785324e-05,
      6.249872967600822e-05,
      6.311899051070213e-05,
      6.691832095384598e-05,
      6.163306534290314e-05,
      6.20940700173378e-05,
      6.385892629623413e-05,
      5.898391827940941e-05,
      6.0555990785360336e-05,
      6.24852254986763e-05,
      6.287777796387672e-05,
      6.179418414831161e-05,
      6.307242438197136e-05,
      6.415089592337608e-05,
      6.203912198543549e-05,
      6.746919825673103e-05,
      6.339559331536293e-05,
      5.749426782131195e-05,
      6.110500544309616e-05,
      6.302818655967712e-05,
      6.124097853899002e-05,
      6.1750877648592e-05,
      6.0969963669776917e-05,
      6.265798583626747e-05,
      6.24009408056736e-05,
      7.091090083122253e-05,
      6.116600707173347e-05,
      6.463704630732536e-05,
      5.89173287153244e-05
    ],
    [
      3.24430875480175e-05,
      2.991221845149994e-05,
      2.8247013688087463e-05,
      2.6919879019260406e-05,
      3.141583874821663e-05,
      3.0301976948976517e-05,
      2.8759241104125977e-05,
      2.7979258447885513e-05,
      2.7698930352926254e-05,
      2.874433994293213e-05,
      2.6722904294729233e-05,
      2.7482863515615463e-05,
      2.858322113752365e-05,
      2.7579255402088165e-05,
      2.6721041649580002e-05,
      3.7321820855140686e-05,
      4.231417551636696e-05,
      3.0700117349624634e-05,
      4.9347057938575745e-05,
      5.88688999414444e-05,
      3.8699712604284286e-05,
      2.9752030968666077e-05,
      3.692600876092911e-05,
      5.367398262023926e-05,
      2.8314068913459778e-05,
      2.7675647288560867e-05,
      2.203928306698799e-05,
      2.6075169444084167e-05,
      2.9671937227249146e-05,
      2.5499146431684494e-05,
      2.9054004698991776e-05,
      2.552894875407219e-05,
      2.9399991035461426e-05,
      3.59630212187767e-05,
      2.6789959520101547e-05,
      3.774277865886688e-05,
      2.9090791940689087e-05,
      3.058323636651039e-05,
      2.7000904083251953e-05,
      2.6402994990348816e-05,
      3.003794699907303e-05,
      2.8067734092473984e-05,
      2.9723625630140305e-05,
      4.0984246879816055e-05,
      2.94647179543972e-05,
      2.719508484005928e-05,
      2.7135014533996582e-05,
      2.7033966034650803e-05,
      2.2185035049915314e-05,
      3.624614328145981e-05,
      2.794293686747551e-05,
      3.068894147872925e-05,
      2.9528047889471054e-05,
      2.834480255842209e-05,
      2.8699170798063278e-05,
      2.95969657599926e-05,
      3.820424899458885e-05,
      3.6203302443027496e-05,
      2.7009285986423492e-05,
      2.979487180709839e-05,
      2.7614179998636246e-05,
      2.8274022042751312e-05,
      2.7554109692573547e-05,
      2.7656089514493942e-05,
      2.9210932552814484e-05,
      2.9366929084062576e-05,
      2.7673784643411636e-05,
      2.8579961508512497e-05,
      2.705911174416542e-05,
      2.7684960514307022e-05,
      2.2992026060819626e-05,
      2.787914127111435e-05,
      2.768775448203087e-05,
      2.6653055101633072e-05,
      2.1175947040319443e-05,
      2.7582980692386627e-05,
      2.7674250304698944e-05,
      2.7501024305820465e-05,
      3.0200928449630737e-05,
      2.8287991881370544e-05,
      2.8722919523715973e-05,
      2.7128029614686966e-05,
      2.805190160870552e-05,
      2.890685573220253e-05,
      3.0701979994773865e-05,
      2.6863999664783478e-05,
      2.9040034860372543e-05,
      2.5476794689893723e-05,
      2.940930426120758e-05,
      2.7520116418600082e-05,
      2.568913623690605e-05,
      3.1386036425828934e-05,
      2.7150847017765045e-05,
      2.7420930564403534e-05,
      2.741767093539238e-05,
      2.7548056095838547e-05,
      2.2442080080509186e-05,
      2.6913359761238098e-05,
      2.7381815016269684e-05,
      2.9146671295166016e-05
    ],
    [
      4.477333277463913e-05,
      5.1637645810842514e-05,
      4.3552834540605545e-05,
      4.293397068977356e-05,
      4.439475014805794e-05,
      4.179496318101883e-05,
      4.2255036532878876e-05,
      4.3223146349191666e-05,
      4.304293543100357e-05,
      4.2250845581293106e-05,
      4.112906754016876e-05,
      4.2176805436611176e-05,
      4.150299355387688e-05,
      4.521431401371956e-05,
      4.28701750934124e-05,
      4.222569987177849e-05,
      5.029002204537392e-05,
      4.295585677027702e-05,
      5.658203735947609e-05,
      5.7835131883621216e-05,
      4.267087206244469e-05,
      4.209298640489578e-05,
      4.3132808059453964e-05,
      6.799306720495224e-05,
      4.312815144658089e-05,
      4.476727917790413e-05,
      4.3851789087057114e-05,
      3.96273098886013e-05,
      4.090089350938797e-05,
      3.912905231118202e-05,
      4.3014995753765106e-05,
      3.998167812824249e-05,
      4.1564926505088806e-05,
      4.6992674469947815e-05,
      4.132091999053955e-05,
      4.342198371887207e-05,
      4.270672798156738e-05,
      4.3868087232112885e-05,
      4.106201231479645e-05,
      4.208972677588463e-05,
      4.3970998376607895e-05,
      4.2339321225881577e-05,
      4.1686929762363434e-05,
      4.435470327734947e-05,
      4.251301288604736e-05,
      4.2275991290807724e-05,
      4.089297726750374e-05,
      4.180101677775383e-05,
      4.246225580573082e-05,
      4.0874816477298737e-05,
      4.249671474099159e-05,
      4.4146087020635605e-05,
      4.2244791984558105e-05,
      4.241103306412697e-05,
      4.3943990021944046e-05,
      4.185829311609268e-05,
      4.160543903708458e-05,
      4.213815554976463e-05,
