{
  "implementation": "deepspeed_gloo",
  "backend": "gloo",
  "operation": "broadcast",
  "num_ranks": 4,
  "tensor_shape": {
    "batch": 1,
    "seq_len": 1,
    "hidden_dim": 2048
  },
  "num_elements": 2048,
  "tensor_size_bytes": 4096,
  "tensor_size_mb": 0.00390625,
  "dtype": "bfloat16",
  "warmup_iterations": 10,
  "measurement_iterations": 100,
  "timing_method": "time.perf_counter()",
  "timings": [
    [
      3.0256342142820358e-05,
      0.012540321331471205,
      5.642324686050415e-05,
      7.755309343338013e-05,
      6.583519279956818e-05,
      6.389105692505836e-05,
      6.582867354154587e-05,
      2.9318034648895264e-05,
      6.440375000238419e-05,
      6.642891094088554e-05,
      0.013011401053518057,
      7.283780723810196e-05,
      3.0170194804668427e-05,
      3.276625648140907e-05,
      7.262593135237694e-05,
      6.589619442820549e-05,
      2.709217369556427e-05,
      2.6951078325510025e-05,
      2.7283094823360443e-05,
      2.681603655219078e-05,
      2.7241185307502747e-05,
      3.008497878909111e-05,
      3.018369898200035e-05,
      7.739616557955742e-05,
      6.511015817523003e-05,
      7.249880582094193e-05,
      2.809334546327591e-05,
      2.815481275320053e-05,
      7.626600563526154e-05,
      5.6360382586717606e-05,
      6.414717063307762e-05,
      5.3892843425273895e-05,
      6.444612517952919e-05,
      6.272969767451286e-05,
      6.35078176856041e-05,
      7.418589666485786e-05,
      6.551994010806084e-05,
      6.456300616264343e-05,
      6.816675886511803e-05,
      6.340490654110909e-05,
      6.538676097989082e-05,
      6.327126175165176e-05,
      6.328476592898369e-05,
      6.273295730352402e-05,
      7.079215720295906e-05,
      2.7236994355916977e-05,
      7.491884753108025e-05,
      6.130710244178772e-05,
      2.8682872653007507e-05,
      2.8760172426700592e-05,
      6.235996261239052e-05,
      6.476836279034615e-05,
      6.424402818083763e-05,
      6.594276055693626e-05,
      5.794595927000046e-05,
      6.82971440255642e-05,
      5.979510024189949e-05,
      6.230920553207397e-05,
      6.321212276816368e-05,
      6.366521120071411e-05,
      6.816210225224495e-05,
      6.543425843119621e-05,
      6.379932165145874e-05,
      6.427010521292686e-05,
      2.903630957007408e-05,
      2.787867560982704e-05,
      2.82973051071167e-05,
      2.9579270631074905e-05,
      2.8349924832582474e-05,
      7.2467140853405e-05,
      6.982404738664627e-05,
      6.262306123971939e-05,
      6.648804992437363e-05,
      2.8006266802549362e-05,
      2.8679147362709045e-05,
      2.7851667255163193e-05,
      6.560469046235085e-05,
      5.770009011030197e-05,
      7.982132956385612e-05,
      6.230780854821205e-05,
      5.7936180382966995e-05,
      6.689084693789482e-05,
      2.8966926038265228e-05,
      2.8030015528202057e-05,
      2.9342249035835266e-05,
      3.231968730688095e-05,
      2.976180985569954e-05,
      7.623760029673576e-05,
      6.217323243618011e-05,
      6.647687405347824e-05,
      6.940169259905815e-05,
      7.398519665002823e-05,
      5.659274756908417e-05,
      6.030779331922531e-05,
      5.924329161643982e-05,
      6.579002365469933e-05,
      7.154000923037529e-05,
      6.576813757419586e-05,
      7.322290912270546e-05,
      6.727781146764755e-05
    ],
    [
      6.459373980760574e-05,
      0.008128308225423098,
      0.00011305790394544601,
      6.558001041412354e-05,
      6.998609751462936e-05,
      7.46031291782856e-05,
      7.386785000562668e-05,
      7.165083661675453e-05,
      7.024407386779785e-05,
      5.7857949286699295e-05,
      0.00022426573559641838,
      8.862465620040894e-05,
      6.963638588786125e-05,
      6.370106711983681e-05,
      7.577892392873764e-05,
      6.349477916955948e-05,
      6.817188113927841e-05,
      7.326016202569008e-05,
      7.256539538502693e-05,
      6.838561967015266e-05,
      7.243780419230461e-05,
      8.787587285041809e-05,
      6.653228774666786e-05,
      9.875185787677765e-05,
      6.260722875595093e-05,
      8.868938311934471e-05,
      7.255794480443001e-05,
      6.986502557992935e-05,
      7.623480632901192e-05,
      6.18952326476574e-05,
      6.540119647979736e-05,
      6.676092743873596e-05,
      6.259884685277939e-05,
      5.7348981499671936e-05,
      7.029017433524132e-05,
      4.3528154492378235e-05,
      7.893610745668411e-05,
      6.035389378666878e-05,
      6.319303065538406e-05,
      7.410021498799324e-05,
      6.711902096867561e-05,
      6.110919639468193e-05,
      6.676604971289635e-05,
      7.443316280841827e-05,
      9.764917194843292e-05,
      6.999308243393898e-05,
      7.797405123710632e-05,
      6.792601197957993e-05,
      7.205503061413765e-05,
      6.189616397023201e-05,
      8.431309834122658e-05,
      6.189802661538124e-05,
      9.005330502986908e-05,
      7.863854989409447e-05,
      6.549526005983353e-05,
      5.9367623180150986e-05,
      6.411317735910416e-05,
      4.34420071542263e-05,
      5.9096142649650574e-05,
      7.720803841948509e-05,
      6.555626168847084e-05,
      5.573127418756485e-05,
      7.034232839941978e-05,
      7.11558386683464e-05,
      7.062917575240135e-05,
      8.577154949307442e-05,
      8.272705599665642e-05,
      6.353901699185371e-05,
      7.80867412686348e-05,
      6.34780153632164e-05,
      7.277075201272964e-05,
      6.851227954030037e-05,
      5.8930832892656326e-05,
      8.712289854884148e-05,
      7.769791409373283e-05,
      7.168762385845184e-05,
      7.60350376367569e-05,
      6.0512684285640717e-05,
      5.73829747736454e-05,
      7.694307714700699e-05,
      7.786089554429054e-05,
      6.002606824040413e-05,
      6.784684956073761e-05,
      7.559731602668762e-05,
      8.45189206302166e-05,
      6.931740790605545e-05,
      6.343983113765717e-05,
      9.682308882474899e-05,
      6.253691390156746e-05,
      8.051982149481773e-05,
      7.337704300880432e-05,
      4.9812719225883484e-05,
      6.547430530190468e-05,
      7.052486762404442e-05,
      7.015885785222054e-05,
      7.722992449998856e-05,
      8.159130811691284e-05,
      6.535788998007774e-05,
      8.89892689883709e-05,
      8.002808317542076e-05
    ],
    [
      7.186736911535263e-05,
      5.911290645599365e-05,
      0.0001009572297334671,
      5.6024640798568726e-05,
      4.320777952671051e-05,
      6.0197897255420685e-05,
      6.005400791764259e-05,
      6.342586129903793e-05,
      5.771312862634659e-05,
      5.299830809235573e-05,
      5.6513119488954544e-05,
      4.747416824102402e-05,
      5.8430712670087814e-05,
      5.493173375725746e-05,
      6.528757512569427e-05,
      5.4453033953905106e-05,
      5.92060387134552e-05,
      5.8939214795827866e-05,
      6.175413727760315e-05,
      6.0603953897953033e-05,
      6.236694753170013e-05,
      6.668409332633018e-05,
      6.035389378666878e-05,
      6.598886102437973e-05,
      5.074311047792435e-05,
      6.371783092617989e-05,
      5.8622099459171295e-05,
      5.873013287782669e-05,
      6.544031202793121e-05,
      5.541183054447174e-05,
      5.8762263506650925e-05,
      5.726190283894539e-05,
      6.188824772834778e-05,
      5.1664188504219055e-05,
      5.1643699407577515e-05,
      5.1501672714948654e-05,
      5.396222695708275e-05,
      5.059782415628433e-05,
      5.53131103515625e-05,
      4.8111192882061005e-05,
      5.708588287234306e-05,
      5.2522867918014526e-05,
      5.029281601309776e-05,
      5.466071888804436e-05,
      5.7481229305267334e-05,
      5.827890709042549e-05,
      6.458815187215805e-05,
      4.9048103392124176e-05,
      6.160605698823929e-05,
      6.321817636489868e-05,
      5.2401795983314514e-05,
      5.653314292430878e-05,
      5.905190482735634e-05,
      4.8819929361343384e-05,
      5.7767145335674286e-05,
      5.516316741704941e-05,
      5.777878686785698e-05,
      4.6527013182640076e-05,
      4.742201417684555e-05,
