{
  "implementation": "deepspeed_gloo",
  "backend": "gloo",
  "operation": "allgather",
  "num_ranks": 4,
  "tensor_shape": {
    "batch": 1,
    "seq_len": 1,
    "hidden_dim": 2048
  },
  "num_elements": 2048,
  "tensor_size_bytes": 4096,
  "tensor_size_mb": 0.00390625,
  "dtype": "bfloat16",
  "warmup_iterations": 10,
  "measurement_iterations": 100,
  "timing_method": "time.perf_counter()",
  "timings": [
    [
      0.0001538940705358982,
      0.00014877505600452423,
      0.000140409916639328,
      0.00015134969726204872,
      0.00013804202899336815,
      0.00013849511742591858,
      0.00013582594692707062,
      0.0001360001042485237,
      0.00013726484030485153,
      0.00014348607510328293,
      0.00016431882977485657,
      0.00014377105981111526,
      0.0002534352242946625,
      0.00016517238691449165,
      0.00014444487169384956,
      0.0001669568009674549,
      0.0001547723077237606,
      0.00016069691628217697,
      0.00014395173639059067,
      0.00014174077659845352,
      0.0001561022363603115,
      0.00014723557978868484,
      0.00013891281560063362,
      0.0001823650673031807,
      0.00015376973897218704,
      0.00015753461048007011,
      0.00015129707753658295,
      0.00013664225116372108,
      0.00016964785754680634,
      0.00014101015403866768,
      0.00016526691615581512,
      0.00014236802235245705,
      0.00014095008373260498,
      0.00016001006588339806,
      0.00015345262363553047,
      0.00014533288776874542,
      0.00016255024820566177,
      0.00015663309022784233,
      0.00013828696683049202,
      0.00016215816140174866,
      0.00015053898096084595,
      0.00013874797150492668,
      0.00017566606402397156,
      0.00014605000615119934,
      0.00016390485689044,
      0.00015939073637127876,
      0.00014278199523687363,
      0.00013663573190569878,
      0.00015566684305667877,
      0.00015493296086788177,
      0.00017545884475111961,
      0.0001566256396472454,
      0.00013819802552461624,
      0.00013802200555801392,
      0.00013911398127675056,
      0.00013748090714216232,
      0.00014501996338367462,
      0.0001353789120912552,
      0.00013593491166830063,
      0.00016601989045739174,
      0.00016699498519301414,
      0.0001371549442410469,
      0.00016106385737657547,
      0.00017141923308372498,
      0.00015180371701717377,
      0.00015886081382632256,
      0.0001441948115825653,
      0.0001602480188012123,
      0.0001537729986011982,
      0.00015139486640691757,
      0.00014735199511051178,
      0.00013623200356960297,
      0.00013829581439495087,
      0.00014360016211867332,
      0.00016942014917731285,
      0.00014552520588040352,
      0.00013499008491635323,
      0.00013914797455072403,
      0.00015175668522715569,
      0.0001812041737139225,
      0.0001519322395324707,
      0.00014354195445775986,
      0.0001812339760363102,
      0.00017232168465852737,
      0.00016822107136249542,
      0.00016166921705007553,
      0.00014971289783716202,
      0.00015796581283211708,
      0.00014705676585435867,
      0.00013753119856119156,
      0.00015663029626011848,
      0.00015644496306777,
      0.00015001604333519936,
      0.00015787919983267784,
      0.00015979167073965073,
      0.00016913935542106628,
      0.0001514391042292118,
      0.0001561199314892292,
      0.00015333294868469238,
      0.00014640716835856438
    ],
    [
      0.00016320543363690376,
      0.00015413202345371246,
      0.0001448318362236023,
      0.0001592249609529972,
      0.00014345021918416023,
      0.0001402050256729126,
      0.00013804621994495392,
      0.00013864878565073013,
      0.00013923272490501404,
      0.00014265580102801323,
      0.00016167806461453438,
      0.0001452360302209854,
      0.0002530687488615513,
      0.0001838207244873047,
      0.00014586793258786201,
      0.00018303422257304192,
      0.00017187604680657387,
      0.00017178058624267578,
      0.000152606051415205,
      0.00014822790399193764,
      0.00015667499974370003,
      0.00014557410031557083,
      0.00014234799891710281,
      0.00015857815742492676,
      0.00015481282025575638,
      0.00015563378110527992,
      0.00016271322965621948,
      0.00014235218986868858,
      0.0001646340824663639,
      0.00014970777556300163,
      0.00016313372179865837,
      0.00013667484745383263,
      0.00014529097825288773,
      0.00015689199790358543,
      0.0001630629412829876,
      0.00015938282012939453,
      0.00016437331214547157,
      0.00016453303396701813,
      0.00014004390686750412,
      0.00016294792294502258,
      0.00015320675447583199,
      0.00013851234689354897,
      0.00017481204122304916,
      0.0001535019837319851,
      0.0001687919721007347,
      0.00014991173520684242,
      0.00015345867723226547,
      0.00013779988512396812,
      0.00015345169231295586,
      0.00016007479280233383,
      0.0001774141564965248,
      0.0001622033305466175,
      0.0001388629898428917,
      0.0001391218975186348,
      0.00014009373262524605,
      0.0001424802467226982,
      0.00015275413170456886,
      0.00013952702283859253,
      0.00013896310701966286,
      0.00016160309314727783,
      0.000165657140314579,
      0.00013547996059060097,
      0.00016192439943552017,
      0.0001618592068552971,
      0.0001523839309811592,
      0.00015915697440505028,
      0.0001522386446595192,
      0.00017676781862974167,
      0.0001643989235162735,
      0.00014992011711001396,
      0.00015329895541071892,
      0.0001414800062775612,
      0.00014027627184987068,
      0.00015772227197885513,
      0.00019507529214024544,
      0.00015504704788327217,
      0.00013942597433924675,
      0.0001495787873864174,
      0.0001343931071460247,
      0.00017630727961659431,
      0.00016934983432292938,
      0.0001627029851078987,
      0.00018036970868706703,
      0.00016301125288009644,
      0.00017358409240841866,
      0.000177070964127779,
      0.00019653001800179482,
      0.00019502779468894005,
      0.0002168789505958557,
      0.00019617797806859016,
      0.00019318610429763794,
      0.00023031607270240784,
      0.0002288450486958027,
      0.0002034236676990986,
      0.00023273704573512077,
      0.00022878497838974,
      0.0002225758507847786,
      0.00019163032993674278,
      0.00016871187835931778,
      0.0001622331328690052
    ],
    [
      0.00017519108951091766,
      0.0001537078060209751,
      0.00013946043327450752,
      0.00016277888789772987,
      0.00013922667130827904,
      0.00013871677219867706,
      0.00013425201177597046,
      0.00013617472723126411,
      0.00013535283505916595,
      0.00014568306505680084,
      0.00016417168080806732,
      0.00014073774218559265,
      0.0002630879171192646,
      0.00014606211334466934,
      0.00014613009989261627,
      0.00015483098104596138,
      0.00017337221652269363,
      0.0001453729346394539,
      0.00016189180314540863,
      0.00015264609828591347,
      0.00015051104128360748,
      0.000142593402415514,
      0.0001358301378786564,
      0.00016207480803132057,
      0.00017394497990608215,
      0.00015501491725444794,
      0.0001509999856352806,
      0.00013664597645401955,
      0.00016153603792190552,
      0.00015093199908733368,
      0.00014689471572637558,
      0.0001413486897945404,
      0.00013682013377547264,
      0.00016607530415058136,
      0.00014374498277902603,
      0.00016566598787903786,
      0.00017520925030112267,
      0.00016332697123289108,
      0.000135703943669796,
      0.0001631299965083599,
      0.00015462888404726982,
      0.0001371488906443119,
      0.00016690604388713837,
      0.0001651630736887455,
      0.00014742324128746986,
      0.0001576007343828678,
      0.00016095582395792007,
      0.00013658078387379646,
      0.0001600193791091442,
      0.00016693305224180222,
      0.00016428204253315926,
      0.0001689060591161251,
      0.00013632606714963913,
      0.00013843923807144165,
