{
  "implementation": "deepspeed_gloo",
  "backend": "gloo",
  "operation": "allreduce",
  "num_ranks": 4,
  "tensor_shape": {
    "batch": 32,
    "seq_len": 8192,
    "hidden_dim": 2048
  },
  "num_elements": 536870912,
  "tensor_size_bytes": 1073741824,
  "tensor_size_mb": 1024.0,
  "dtype": "bfloat16",
  "warmup_iterations": 10,
  "measurement_iterations": 100,
  "timing_method": "time.perf_counter()",
  "timings": [
    [
      1.1998480539768934,
      1.2624320723116398,
      1.2444348116405308,
      1.2613028911873698,
      1.2241779118776321,
      1.295624920167029,
      1.2981957839801908,
      1.2463380773551762,
      1.3120110179297626,
      1.2601909087970853,
      1.283420090097934,
      1.2592272451147437,
      1.2683706781826913,
      1.2514579496346414,
      1.238032448105514,
      1.2937690787948668,
      1.2865500547923148,
      1.2894203648902476,
      1.258246606681496,
      1.2295890296809375,
      1.2777636772952974,
      1.2692850227467716,
      1.2768463250249624,
      1.2740886146202683,
      1.310272075701505,
      1.278992585837841,
      1.0776114678010345,
      1.2583347489126027,
      1.2858625147491693,
      1.2854389888234437,
      1.2443548128940165,
      1.0650739148259163,
      1.2621028176508844,
      1.2764099249616265,
      1.2221508040092885,
      1.2743097781203687,
      0.9226029831916094,
      1.246031159069389,
      1.1731278160586953,
      1.2814910360611975,
      1.2610217239707708,
      1.2783430651761591,
      1.2494624848477542,
      1.2105963448993862,
      1.284174123313278,
      1.2790020937100053,
      1.2338167671114206,
      1.2967206398025155,
      1.1978126629255712,
      1.2893829820677638,
      1.2599184368737042,
      1.274305170867592,
      1.2498029991984367,
      1.2641867445781827,
      1.268410605378449,
      1.2556732902303338,
      1.2482452201656997,
      1.2608369579538703,
      1.2903843969106674,
      1.2636215439997613,
      1.179463695269078,
      1.2766843242570758,
      1.2796865869313478,
      1.261597802862525,
      1.3068209299817681,
      1.1573865679092705,
      1.2680789781734347,
      1.2097153728827834,
      1.290567256975919,
      1.2291339822113514,
      1.2855899301357567,
      1.2401587599888444,
      1.2349520297721028,
      1.2455343478359282,
      1.2743432470597327,
      1.2695742780342698,
      1.2289968668483198,
      1.2341610277071595,
      1.2449332880787551,
      1.20808997284621,
      1.2730843545868993,
      1.2328415783122182,
      1.2177411261945963,
      1.2558083678595722,
      1.11850272025913,
      1.2578673167154193,
      1.2724498719908297,
      1.2405871590599418,
      1.2127246549353004,
      1.0636309459805489,
      1.2282046522013843,
      1.2693584649823606,
      1.2188047543168068,
      1.2512931656092405,
      1.2317869900725782,
      1.2806314388290048,
      1.2563052061013877,
      1.2692624400369823,
      1.282973614986986,
      1.2530424538999796
    ],
    [
      1.1995657430961728,
      1.262426509987563,
      1.244208485353738,
      1.2613810589537024,
      1.2241768701933324,
      1.2956386487931013,
      1.298178258817643,
      1.2464793981052935,
      1.3120068171992898,
      1.2601145030930638,
      1.283231496810913,
      1.2590938969515264,
      1.268207403831184,
      1.251178601756692,
      1.237972206901759,
      1.2934306878596544,
      1.2863021860830486,
      1.2895195479504764,
      1.2581980037502944,
      1.229578000959009,
      1.2777207819744945,
      1.2692647902294993,
      1.2766198837198317,
      1.2742200968787074,
      1.3100865152664483,
      1.2791308970190585,
      1.0775895710103214,
      1.2583527597598732,
      1.2860153350047767,
      1.2852249732241035,
      1.2444726871326566,
      1.065075449179858,
      1.2621817840263247,
      1.2762035089544952,
      1.2220893572084606,
      1.2741153771057725,
      0.9225971470586956,
      1.24600647110492,
      1.1731916680000722,
      1.2814245908521116,
      1.2611279468983412,
      1.278134800028056,
      1.2494160858914256,
      1.2105880747549236,
      1.2843113061971962,
      1.2789873126894236,
      1.233799488749355,
      1.2968677426688373,
      1.197754347231239,
      1.2893061372451484,
      1.2597299981862307,
      1.274308294057846,
      1.2497982210479677,
      1.2641392881050706,
      1.2682406879030168,
      1.2557250219397247,
      1.2480324860662222,
      1.2607937501743436,
      1.2903143037110567,
      1.2636307370848954,
      1.1794801256619394,
      1.2764990688301623,
      1.2793139233253896,
      1.2615546868182719,
      1.3069619261659682,
      1.157214425969869,
      1.2679204689338803,
      1.209710146766156,
      1.2903815279714763,
      1.229118105955422,
      1.2856851113028824,
      1.2401432851329446,
      1.2347136992029846,
      1.245350240264088,
      1.2743426426313818,
      1.2695729588158429,
      1.2290702732279897,
      1.233974786940962,
      1.244974649976939,
      1.208051391877234,
      1.2728817481547594,
      1.2328133531846106,
      1.2176707922481,
      1.2557918410748243,
      1.1183264791034162,
      1.2578140757977962,
      1.272425252944231,
      1.2403799588792026,
      1.2125955331139266,
      1.0636273762211204,
      1.2283928878605366,
      1.2693035420961678,
      1.2188399196602404,
      1.2511166469193995,
      1.231749355327338,
      1.2805652800016105,
      1.2562706293538213,
      1.2691909377463162,
      1.28295733127743,
      1.2530454453080893
    ],
    [
      1.1996423862874508,
      1.262410487048328,
      1.244262577034533,
      1.2612042892724276,
      1.223971150815487,
      1.2956181010231376,
      1.29824502998963,
      1.2464383230544627,
      1.311965201050043,
      1.2602874711155891,
      1.2832322781905532,
      1.259148761164397,
      1.2681550760753453,
      1.251510709989816,
      1.2379835252650082,
      1.2935871947556734,
      1.286359639838338,
      1.2895344379357994,
      1.2581798611208797,
      1.2295239581726491,
      1.2776687978766859,
      1.2690718648955226,
      1.276704102754593,
      1.2742220219224691,
      1.3102323091588914,
      1.2791141290217638,
      1.0774252130649984,
      1.2581504569388926,
      1.28586420789361,
      1.2852673060260713,
      1.2445331239141524,
      1.064889594912529,
      1.2620653910562396,
      1.276254904922098,
      1.2219404196366668,
      1.2741724359802902,
      0.9223670489154756,
      1.246007633395493,
      1.1730763730593026,
      1.2814064878039062,
      1.2608318189159036,
      1.278202444780618,
      1.2492496822960675,
      1.2103908332064748,
      1.2843218492344022,
      1.2788234371691942,
      1.2337514930404723,
      1.2968450128100812,
      1.1977341421879828,
      1.2893041940405965,
      1.259774203877896,
      1.2741428283043206,
      1.2497669639997184,
      1.2642782130278647,
      1.2683769459836185,
      1.255560020916164,
      1.2480794270522892,
      1.2609366993419826,
      1.2903146822936833,
      1.2634400678798556,
      1.1792385182343423,
      1.2764665000140667,
      1.279487193096429,
      1.2615334619767964,
      1.3069535689428449,
      1.157195686828345,
      1.2678577611222863,
      1.209491916000843,
      1.2904164013452828,
      1.2289368100464344,
      1.2857307139784098,
      1.2401960361748934,
      1.2347356248646975,
      1.2453097263351083,
      1.2743495632894337,
      1.2695766417309642,
      1.2291314890608191,
      1.233957048971206,
      1.2446927009150386,
      1.2080510072410107,
      1.2729235519655049,
      1.2326160771772265,
      1.2178291222080588,
      1.255622492171824,
      1.1183073841966689,
      1.2578093688935041,
      1.2724077058956027,
      1.240456162020564,
      1.212757773231715,
      1.0634515807032585,
      1.22802117979154,
      1.2693183049559593,
      1.2187216561287642,
