{
  "implementation": "deepspeed_gloo",
  "backend": "gloo",
  "operation": "allgather",
  "num_ranks": 4,
  "tensor_shape": {
    "batch": 8,
    "seq_len": 4096,
    "hidden_dim": 2048
  },
  "num_elements": 67108864,
  "tensor_size_bytes": 134217728,
  "tensor_size_mb": 128.0,
  "dtype": "bfloat16",
  "warmup_iterations": 10,
  "measurement_iterations": 100,
  "timing_method": "time.perf_counter()",
  "timings": [
    [
      0.418298645876348,
      0.41933609172701836,
      0.4091470860876143,
      0.42359201703220606,
      0.4108271081931889,
      0.4238494927994907,
      0.41603919584304094,
      0.4140171017497778,
      0.4282661690376699,
      0.4175684177316725,
      0.4349066079594195,
      0.4086480448022485,
      0.42026545898988843,
      0.4328512088395655,
      0.42048488184809685,
      0.4248547819443047,
      0.4457581378519535,
      0.42201408511027694,
      0.4213558277115226,
      0.42275611218065023,
      0.42653344897553325,
      0.43423733627423644,
      0.43679553689435124,
      0.4240333028137684,
      0.4119332549162209,
      0.4345133248716593,
      0.4449728182516992,
      0.41914240503683686,
      0.411695814691484,
      0.4132380308583379,
      0.43035024777054787,
      0.42566266655921936,
      0.4094071928411722,
      0.4242509570904076,
      0.4085395010188222,
      0.4239812269806862,
      0.40806882828474045,
      0.4269867823459208,
      0.42285806220024824,
      0.4332571537233889,
      0.4085749345831573,
      0.41973666613921523,
      0.4108072780072689,
      0.42344544222578406,
      0.4143913220614195,
      0.415997670032084,
      0.4491898431442678,
      0.44524141820147634,
      0.422675471752882,
      0.4310731142759323,
      0.41028304025530815,
      0.4252965128980577,
      0.4084662892855704,
      0.4120027059689164,
      0.4304060800932348,
      0.42498849611729383,
      0.409266316331923,
      0.450647653080523,
      0.4240884380415082,
      0.43679366633296013,
      0.41732434229925275,
      0.4116259887814522,
      0.42432329105213284,
      0.45536065893247724,
      0.4202950829640031,
      0.4346803417429328,
      0.42433055117726326,
      0.40469616604968905,
      0.4117408860474825,
      0.40571063524112105,
      0.42646873695775867,
      0.42167504131793976,
      0.42465060809627175,
      0.4341528960503638,
      0.4128537508659065,
      0.41472487477585673,
      0.4229939221404493,
      0.4052614667452872,
      0.43644076166674495,
      0.4329921887256205,
      0.4425033968873322,
      0.42203541612252593,
      0.4130163909867406,
      0.41587736224755645,
      0.4092466961592436,
      0.41575281182304025,
      0.4106936729513109,
      0.41426980728283525,
      0.4099823818542063,
      0.4226861661300063,
      0.42779244715347886,
      0.41217868914827704,
      0.42884728126227856,
      0.43102592788636684,
      0.44534161034971476,
      0.4593083020299673,
      0.3985221581533551,
      0.41789405373856425,
      0.41852998035028577,
      0.4113252558745444
    ],
    [
      0.4174210987985134,
      0.4200978288426995,
      0.41115044988691807,
      0.4237380810081959,
      0.4080714830197394,
      0.4231605757959187,
      0.4166385931894183,
      0.4122881591320038,
      0.42224213806912303,
      0.41721270186826587,
      0.4340580878779292,
      0.4106022589839995,
      0.4170400192961097,
      0.42963404720649123,
      0.42158515378832817,
      0.42596270283684134,
      0.4449118096381426,
      0.4236911558546126,
      0.41907902527600527,
      0.42292282124981284,
      0.42642745561897755,
      0.43128778506070375,
      0.43162274826318026,
      0.42066036723554134,
      0.4128975956700742,
      0.43476552702486515,
      0.44488002313300967,
      0.41558265034109354,
      0.4112258702516556,
      0.4130882113240659,
      0.43148018699139357,
      0.4242314798757434,
      0.4038216299377382,
      0.42013731272891164,
      0.4083641190081835,
      0.42387344501912594,
      0.4070457168854773,
      0.42111717304214835,
      0.42275863699615,
      0.42751349695026875,
      0.40778530295938253,
      0.42048274585977197,
      0.4096827800385654,
      0.4228154639713466,
      0.4037152649834752,
      0.4149993252940476,
      0.44911353196948767,
      0.42684091068804264,
      0.4178962241858244,
      0.4309468362480402,
      0.40974419191479683,
      0.4249020549468696,
      0.4069398161955178,
      0.4131143381819129,
      0.4290389008820057,
      0.42372204829007387,
      0.408865372184664,
      0.4489196948707104,
      0.42404961585998535,
      0.4376541874371469,
      0.4172609932720661,
      0.41148271411657333,
      0.4192624678835273,
      0.45065362844616175,
      0.41613751696422696,
      0.43434962118044496,
      0.4240402248688042,
      0.4058026522397995,
      0.4104345766827464,
      0.4058889299631119,
      0.42722873808816075,
      0.4195170858874917,
      0.4182409839704633,
      0.4308707299642265,
      0.41217222018167377,
      0.40787607524544,
      0.4228997859172523,
      0.406027106102556,
      0.4374852878972888,
      0.43446211982518435,
      0.44248139671981335,
      0.4214663957245648,
      0.40663864091038704,
      0.41590204322710633,
      0.4034592038951814,
      0.4107439620420337,
      0.4092818973585963,
      0.41513120010495186,
      0.40728752221912146,
      0.41542829666286707,
      0.42357955314219,
      0.4121972545981407,
      0.4287463501095772,
      0.42862980579957366,
      0.4453416410833597,
      0.4582475507631898,
      0.39512985618785024,
      0.41795888217166066,
      0.41869622794911265,
      0.40643251733854413
    ],
    [
      0.41189380502328277,
      0.4148333892226219,
      0.41019484493881464,
      0.4201748836785555,
      0.40673972805961967,
      0.4176863171160221,
      0.4112848867662251,
      0.4115910967811942,
      0.42203199211508036,
      0.4123162757605314,
      0.42870848486199975,
      0.41028700582683086,
      0.41651858296245337,
      0.4273816701024771,
      0.41407217597588897,
      0.4194163139909506,
      0.4406588110141456,
      0.42379216523841023,
      0.4192266599275172,
      0.4154459470883012,
      0.41951631428673863,
      0.42985359905287623,
      0.4316044161096215,
      0.41895874217152596,
      0.40566988894715905,
      0.429941575974226,
      0.4446454127319157,
      0.4160165502689779,
      0.40799825359135866,
      0.40752481389790773,
      0.4259137623012066,
      0.4195265709422529,
      0.4035769747570157,
      0.4194414308294654,
      0.401235185097903,
      0.422197372186929,
      0.40174546698108315,
      0.4198307627812028,
      0.4171339892782271,
      0.426003229804337,
      0.402216050773859,
      0.4135935893282294,
      0.4075243007391691,
      0.41949915792793036,
      0.4062915397807956,
      0.4091397770680487,
      0.44473441410809755,
      0.4261187380179763,
      0.4160081259906292,
      0.4284135838970542,
      0.40639392798766494,
      0.4162629428319633,
      0.4062643223442137,
      0.4078424316830933,
      0.42409356916323304,
      0.4233866366557777,
      0.4042454771697521,
      0.44446237897500396,
      0.4163466817699373,
      0.43239070661365986,
      0.41549746226519346,
      0.40942995669320226,
      0.4194597480818629,
      0.4507528068497777,
      0.41709962021559477,
      0.42857876094058156,
      0.41919025918468833,
      0.3964880984276533,
      0.40378852002322674,
      0.41020710906013846,
      0.4175199936144054,
      0.4187772339209914,
      0.4174762088805437,
      0.42886707466095686,
      0.4110932978801429,
      0.40767190139740705,
      0.42049121716991067,
      0.40570942033082247,
      0.4337952849455178,
      0.4350878926925361,
      0.4380424222908914,
      0.4164363178424537,
      0.4057770981453359,
      0.4069412783719599,
      0.40311434026807547,
      0.41087921895086765,
