{
  "implementation": "deepspeed_gloo",
  "backend": "gloo",
  "operation": "reduce",
  "num_ranks": 4,
  "tensor_shape": {
    "batch": 32,
    "seq_len": 4096,
    "hidden_dim": 2048
  },
  "num_elements": 268435456,
  "tensor_size_bytes": 536870912,
  "tensor_size_mb": 512.0,
  "dtype": "bfloat16",
  "warmup_iterations": 10,
  "measurement_iterations": 100,
  "timing_method": "time.perf_counter()",
  "timings": [
    [
      0.9418391729705036,
      0.8705417229793966,
      0.9453641590662301,
      0.9141617398709059,
      1.0182431652210653,
      0.8806533259339631,
      0.9641279317438602,
      0.8447656580246985,
      0.9057664130814373,
      0.965483833104372,
      0.9393964903429151,
      0.7703666109591722,
      0.9782443549484015,
      0.8509142026305199,
      0.9143627798184752,
      0.8938210122287273,
      0.8306490830145776,
      0.8501542820595205,
      0.967890489846468,
      0.8395378277637064,
      0.9980047410354018,
      0.8484505070373416,
      0.6592259407043457,
      0.8511875672265887,
      0.8592468840070069,
      0.8644317639991641,
      0.8142246101051569,
      0.8832210539840162,
      0.6993801449425519,
      0.8486469369381666,
      0.941456776112318,
      0.6816113628447056,
      0.8712872331961989,
      0.9722553403116763,
      0.9115296900272369,
      0.8417265871539712,
      0.9272115952335298,
      0.8505321298725903,
      0.9606470367871225,
      0.9317716751247644,
      0.8322792118415236,
      0.8539653611369431,
      0.8284289631992579,
      0.9278158261440694,
      0.7403342267498374,
      0.9724141852930188,
      0.8214579820632935,
      0.6591415419243276,
      0.9465342699550092,
      0.8481499222107232,
      0.8819086202420294,
      0.7429449018090963,
      1.0209664520807564,
      0.9618643429130316,
      0.9192061899229884,
      0.933782631997019,
      0.8413688139989972,
      0.8300694809295237,
      0.9198743128217757,
      1.008413378149271,
      0.8550345110706985,
      0.8853370491415262,
      0.927654527593404,
      0.8732789200730622,
      0.7611322300508618,
      0.9569459478370845,
      0.9079114277847111,
      0.7835701587609947,
      0.9721455448307097,
      0.5668465211056173,
      0.7467068079859018,
      0.8530987836420536,
      0.9305152832530439,
      0.8564293677918613,
      0.8772847461514175,
      0.8371876608580351,
      0.8809362011961639,
      0.9133872888050973,
      0.9172228910028934,
      0.786085314117372,
      1.0151177272200584,
      0.8435584749095142,
      0.8562766388058662,
      0.892533753067255,
      0.944361608941108,
      0.8490690207108855,
      1.0204530009068549,
      0.8653774261474609,
      1.0004461207427084,
      0.8441917938180268,
      0.9263215530663729,
      0.823113766964525,
      0.920914207585156,
      0.7581236911937594,
      0.9207336031831801,
      0.923213813919574,
      0.9699310921132565,
      0.908737173769623,
      1.008671214338392,
      0.6120331007987261
    ],
    [
      0.9417898738756776,
      0.8621736979112029,
      0.9430625457316637,
      0.8883410878479481,
      1.0173043287359178,
      0.8803807157091796,
      0.9641633830033243,
      0.8445797576569021,
      0.9051123359240592,
      0.9649673667736351,
      0.9379928857088089,
      0.7702240669168532,
      0.9702414427883923,
      0.8263764716684818,
      0.9143382050096989,
      0.8714867709204555,
      0.8085465431213379,
      0.8236616412177682,
      0.9633401031605899,
      0.8383414493873715,
      0.9979716502130032,
      0.8451183307915926,
      0.6308044567704201,
      0.820484234020114,
      0.833615267649293,
      0.8409371650777757,
      0.7867561099119484,
      0.856952699366957,
      0.6933674328029156,
      0.8462897031567991,
      0.940576259046793,
      0.6806419328786433,
      0.8712378600612283,
      0.9721137108281255,
      0.9113043062388897,
      0.8370904419571161,
      0.9271707120351493,
      0.8476391141302884,
      0.9591904389671981,
      0.928517451044172,
      0.8322347812354565,
      0.8523688199929893,
      0.8014045511372387,
      0.9170657689683139,
      0.7352215391583741,
      0.9724508733488619,
      0.8162598358467221,
      0.6295515629462898,
      0.9404745581559837,
      0.8453321098349988,
      0.8806063490919769,
      0.742857466917485,
      1.018856700975448,
      0.9335682219825685,
      0.8944354811683297,
      0.9154651062563062,
      0.841308536939323,
      0.8300610641017556,
      0.8910977994091809,
      1.0083107640966773,
      0.8549831951968372,
      0.8847423237748444,
      0.9276499459519982,
      0.8615317014046013,
      0.7592302658595145,
      0.9292663242667913,
      0.8838476920500398,
      0.7833122820593417,
      0.9721491979435086,
      0.5631178491748869,
      0.7467197510413826,
      0.8520591999404132,
      0.9304047650657594,
      0.8318956536240876,
      0.8772290237247944,
      0.8108953889459372,
      0.8806168548762798,
      0.9108934910036623,
      0.9164443099871278,
      0.786069218069315,
      1.014533509965986,
      0.8182171382941306,
      0.8562080007977784,
      0.8861751928925514,
      0.9208976700901985,
      0.8490440850146115,
      1.0064713191241026,
      0.8412663927301764,
      0.9871275769546628,
      0.8398225149139762,
      0.9194555999711156,
      0.8221452469006181,
      0.8950765090994537,
      0.7580900280736387,
      0.9205352193675935,
      0.8986949026584625,
      0.9664877010509372,
      0.9072397099807858,
      1.0087774200364947,
      0.5877734017558396
    ],
    [
      0.9411920527927577,
      0.8442091168835759,
      0.9309148900210857,
      0.9102848670445383,
      1.0049229613505304,
      0.8778954590670764,
      0.9636259293183684,
      0.8427680460736156,
      0.8937240778468549,
      0.9647439857944846,
      0.9253833098337054,
      0.769471294246614,
      0.9731378150172532,
      0.8496861797757447,
      0.9138368838466704,
      0.8938025608658791,
      0.8306123381480575,
      0.8499750611372292,
      0.9679028689861298,
      0.8096469100564718,
      0.9955057031475008,
      0.848397359251976,
      0.6542794951237738,
      0.8501402521505952,
      0.8546171202324331,
      0.8626966327428818,
      0.8100836919620633,
      0.8791914829052985,
      0.6928687943145633,
      0.8247140599414706,
      0.9163871840573847,
      0.6565220607444644,
      0.8605211805552244,
      0.9707717462442815,
      0.9109045057557523,
      0.841682312078774,
      0.9254404380917549,
      0.8505414081737399,
      0.9354463708586991,
      0.9317463389597833,
      0.8298113187775016,
      0.8536680401302874,
      0.8249912718310952,
      0.9277453878894448,
      0.7336490238085389,
      0.9713441040366888,
      0.796119331382215,
      0.6535048712976277,
      0.9465099889785051,
      0.8481490849517286,
      0.8582631619647145,
      0.7398817371577024,
      1.020940762013197,
      0.9588168021291494,
      0.9140037419274449,
      0.9337582578882575,
      0.8134333658963442,
      0.7987887691706419,
      0.9197881701402366,
      0.9788264408707619,
      0.829536029137671,
      0.8810521927662194,
      0.9023445127531886,
      0.8732444639317691,
      0.7357644070871174,
      0.9569157022051513,
      0.907915648072958,
      0.7826099977828562,
      0.9665636019781232,
      0.5579461758024991,
      0.7432963619939983,
      0.8276055362075567,
      0.9285482801496983,
      0.8522442174144089,
      0.8744886456988752,
      0.8371582156978548,
      0.8729639956727624,
      0.8898958270438015,
      0.9169973102398217,
      0.7620355756953359,
      1.0093358405865729,
      0.8399278088472784,
      0.8561803190968931,
      0.8627200950868428,
      0.9295615716837347,
      0.841212775092572,
      1.0205182810314,
      0.8653810890391469,
      1.0005266768857837,
      0.8441983629018068,
      0.9263550234027207,
