{
  "implementation": "deepspeed_gloo",
  "backend": "gloo",
  "operation": "reduce",
  "num_ranks": 4,
  "tensor_shape": {
    "batch": 32,
    "seq_len": 1,
    "hidden_dim": 4096
  },
  "num_elements": 131072,
  "tensor_size_bytes": 262144,
  "tensor_size_mb": 0.25,
  "dtype": "bfloat16",
  "warmup_iterations": 10,
  "measurement_iterations": 100,
  "timing_method": "time.perf_counter()",
  "timings": [
    [
      0.00039324816316366196,
      0.00032443692907691,
      0.0003562960773706436,
      0.0003223349340260029,
      0.0003176853060722351,
      0.00031854910776019096,
      0.00039392197504639626,
      0.0003132997080683708,
      0.00039832573384046555,
      0.00039578694850206375,
      0.00039509404450654984,
      0.0003680777736008167,
      0.0003960351459681988,
      0.0003567058593034744,
      0.0003197961486876011,
      0.00039489706978201866,
      0.0004070787690579891,
      0.000302203930914402,
      0.0004100808873772621,
      0.0003149001859128475,
      0.0003840150311589241,
      0.00036132102832198143,
      0.00039275037124753,
      0.0003334861248731613,
      0.00036337925121188164,
      0.00038551585748791695,
      0.0003374493680894375,
      0.0004298528656363487,
      0.0003109341487288475,
      0.00040696701034903526,
      0.00037632836028933525,
      0.00034591881558299065,
      0.0004401048645377159,
      0.0004009511321783066,
      0.00039903493598103523,
      0.0003834483213722706,
      0.00037899892777204514,
      0.00044647231698036194,
      0.00031503522768616676,
      0.00035780109465122223,
      0.0003012591041624546,
      0.0003552651032805443,
      0.00038578687235713005,
      0.00042321113869547844,
      0.00035405997186899185,
      0.0004008561372756958,
      0.0003840397112071514,
      0.00033780699595808983,
      0.0003450382500886917,
      0.0003795498050749302,
      0.0003801700659096241,
      0.00037074601277709007,
      0.00039336876943707466,
      0.0003241938538849354,
      0.00037694117054343224,
      0.00038990285247564316,
      0.0004379912279546261,
      0.00034184521064162254,
      0.0003867289051413536,
      0.000376654788851738,
      0.0003405418246984482,
      0.0003972221165895462,
      0.0003347140736877918,
      0.00037849508225917816,
      0.00036954181268811226,
      0.000313678290694952,
      0.00038825394585728645,
      0.00030276086181402206,
      0.00039572687819600105,
      0.0003004660829901695,
      0.0003706333227455616,
      0.00039377715438604355,
      0.0003522098995745182,
      0.00037371180951595306,
      0.0003584781661629677,
      0.00037799589335918427,
      0.0002864580601453781,
      0.0003710240125656128,
      0.00036860816180706024,
      0.000380862969905138,
      0.0003398451954126358,
      0.0003727693110704422,
      0.00039472244679927826,
      0.00035058800131082535,
      0.00037766108289361,
      0.00036408333107829094,
      0.00029257917776703835,
      0.00039185211062431335,
      0.00039971619844436646,
      0.0003391886129975319,
      0.00037088990211486816,
      0.00040101073682308197,
      0.00031629111617803574,
      0.0003951350226998329,
      0.00037041306495666504,
      0.0003675180487334728,
      0.0003160969354212284,
      0.00034154579043388367,
      0.00036295177415013313,
      0.00034404266625642776
    ],
    [
      0.0004448099061846733,
      0.0004294831305742264,
      0.0004284558817744255,
      0.00030122697353363037,
      0.0002833157777786255,
      0.0002885619178414345,
      0.00033378787338733673,
      0.00031836796551942825,
      0.00033285096287727356,
      0.0003292919136583805,
      0.00034866994246840477,
      0.0003251456655561924,
      0.0003398382104933262,
      0.0003177509643137455,
      0.0003256797790527344,
      0.0002819816581904888,
      0.00034988997504115105,
      0.000312071293592453,
      0.0003310609608888626,
      0.00032429303973913193,
      0.0003326656296849251,
      0.0003246031701564789,
      0.0003515342250466347,
      0.00032997969537973404,
      0.0003456207923591137,
      0.00034155091270804405,
      0.0003700670786201954,
      0.0003609750419855118,
      0.00031070783734321594,
      0.00035910308361053467,
      0.0003460589796304703,
      0.00035068904981017113,
      0.00031815096735954285,
      0.00035812100395560265,
      0.0003373948857188225,
      0.0003513782285153866,
      0.00040858471766114235,
      0.0003258800134062767,
      0.00036475714296102524,
      0.00028587738052010536,
      0.00034196581691503525,
      0.000296108890324831,
      0.0003619208000600338,
      0.00035247625783085823,
      0.00033636903390288353,
      0.0003659110516309738,
      0.0003331121988594532,
      0.0003193439915776253,
      0.0003352533094584942,
      0.00031786924228072166,
      0.00032860226929187775,
      0.00033435598015785217,
      0.0003847801126539707,
      0.0003187200054526329,
      0.00031288713216781616,
      0.000415056012570858,
      0.00035306811332702637,
      0.00030623190104961395,
      0.0003483053296804428,
      0.00031179795041680336,
      0.0003406829200685024,
      0.0003281249664723873,
      0.0003302297554910183,
      0.00032721785828471184,
      0.0003241719678044319,
      0.00033621909096837044,
      0.00033272989094257355,
      0.00027594203129410744,
      0.00034000538289546967,
      0.0003071567043662071,
      0.00031558191403746605,
      0.00036167586222290993,
      0.0003638328053057194,
      0.00030541419982910156,
      0.0003527342341840267,
      0.0003324449062347412,
      0.00027195923030376434,
      0.00032002199441194534,
      0.00036016013473272324,
      0.0003161248750984669,
      0.00033307308331131935,
      0.0003229379653930664,
      0.00034525012597441673,
      0.00035056984052062035,
      0.0003202189691364765,
      0.0003311499021947384,
      0.0002740621566772461,
      0.00039868708699941635,
      0.0003002583980560303,
      0.00034804921597242355,
      0.00033911410719156265,
      0.00033997977152466774,
      0.00029008183628320694,
      0.00036106444895267487,
      0.0003171432763338089,
      0.00032656965777277946,
      0.0003406996838748455,
      0.0002999519929289818,
      0.00031364476308226585,
      0.0003236723132431507
    ],
    [
      0.0004434972070157528,
      0.0004376671276986599,
      0.00043471483513712883,
      0.0004229308106005192,
      0.00040238769724965096,
      0.0004041651263833046,
      0.0004009990952908993,
      0.0003191637806594372,
      0.0003295671194791794,
      0.0003309957683086395,
      0.00035819830372929573,
      0.00032612401992082596,
      0.0003525936044752598,
      0.0003232029266655445,
      0.00033416878432035446,
      0.00030625658109784126,
      0.0003532702103257179,
      0.00032559316605329514,
      0.00031768810003995895,
      0.000327445100992918,
      0.0003322577103972435,
      0.000325753353536129,
      0.0003588530234992504,
      0.00033674202859401703,
      0.0003266208805143833,
      0.0003471486270427704,
      0.00034221913665533066,
      0.00033572781831026077,
      0.0003271987661719322,
      0.0003482862375676632,
      0.0003473488613963127,
      0.0003286246210336685,
      0.0003552958369255066,
      0.0003576851449906826,
      0.0003667869605123997,
      0.0003392072394490242,
      0.0003734310157597065,
      0.00035287393257021904,
      0.0003386959433555603,
      0.0002944702282547951,
      0.0003305971622467041,
      0.00029960181564092636,
      0.0003712456673383713,
      0.0003921017050743103,
      0.0003274749033153057,
      0.00039878906682133675,
      0.000332860741764307,
      0.0003421688452363014,
      0.00035772332921624184,
      0.00031798379495739937,
      0.0003596842288970947,
      0.0003825640305876732,
      0.0003750808537006378,
      0.0003414861857891083,
      0.0003194957971572876,
      0.00043820636346936226,
      0.00034600216895341873,
