{
  "implementation": "deepspeed_gloo",
  "backend": "gloo",
  "operation": "broadcast",
  "num_ranks": 4,
  "tensor_shape": {
    "batch": 8,
    "seq_len": 1,
    "hidden_dim": 4096
  },
  "num_elements": 32768,
  "tensor_size_bytes": 65536,
  "tensor_size_mb": 0.0625,
  "dtype": "bfloat16",
  "warmup_iterations": 10,
  "measurement_iterations": 100,
  "timing_method": "time.perf_counter()",
  "timings": [
    [
      9.2298723757267e-05,
      8.948240429162979e-05,
      0.00010533817112445831,
      8.15829262137413e-05,
      9.147590026259422e-05,
      8.658226579427719e-05,
      8.784187957644463e-05,
      9.647198021411896e-05,
      8.268700912594795e-05,
      9.467080235481262e-05,
      9.372830390930176e-05,
      9.020231664180756e-05,
      9.896280243992805e-05,
      8.362671360373497e-05,
      9.02591273188591e-05,
      9.333482012152672e-05,
      9.223772212862968e-05,
      8.881976827979088e-05,
      9.01147723197937e-05,
      8.028512820601463e-05,
      9.562913328409195e-05,
      8.806213736534119e-05,
      9.539583697915077e-05,
      9.309221059083939e-05,
      8.883187547326088e-05,
      8.67629423737526e-05,
      8.839089423418045e-05,
      9.20761376619339e-05,
      8.797785267233849e-05,
      8.267303928732872e-05,
      8.949032053351402e-05,
      8.690916001796722e-05,
      9.545218199491501e-05,
      8.833687752485275e-05,
      8.97357240319252e-05,
      7.313583046197891e-05,
      8.29189084470272e-05,
      9.005796164274216e-05,
      8.880207315087318e-05,
      9.301584213972092e-05,
      9.158486500382423e-05,
      9.900704026222229e-05,
      9.888783097267151e-05,
      8.261064067482948e-05,
      9.174086153507233e-05,
      9.429501369595528e-05,
      8.946564048528671e-05,
      9.04817134141922e-05,
      8.899485692381859e-05,
      8.577900007367134e-05,
      9.142421185970306e-05,
      8.118199184536934e-05,
      8.336501196026802e-05,
      8.86828638613224e-05,
      9.005377069115639e-05,
      8.721789345145226e-05,
      8.597690612077713e-05,
      9.184889495372772e-05,
      9.03489999473095e-05,
      9.134365245699883e-05,
      8.434196934103966e-05,
      8.975295349955559e-05,
      8.832989260554314e-05,
      8.822279050946236e-05,
      8.835596963763237e-05,
      9.425077587366104e-05,
      8.151307702064514e-05,
      7.31651671230793e-05,
      8.763372898101807e-05,
      9.185587987303734e-05,
      8.02231952548027e-05,
      8.698925375938416e-05,
      8.811987936496735e-05,
      9.099207818508148e-05,
      8.250400424003601e-05,
      9.343167766928673e-05,
      8.695200085639954e-05,
      8.654594421386719e-05,
      9.872112423181534e-05,
      9.135529398918152e-05,
      9.104935452342033e-05,
      9.961100295186043e-05,
      8.790381252765656e-05,
      8.90740193426609e-05,
      8.869124576449394e-05,
      7.407786324620247e-05,
      8.957786485552788e-05,
      5.218200385570526e-05,
      9.560631588101387e-05,
      5.2351970225572586e-05,
      8.580274879932404e-05,
      5.3904950618743896e-05,
      9.146705269813538e-05,
      5.3944066166877747e-05,
      9.053386747837067e-05,
      5.0138216465711594e-05,
      8.659530431032181e-05,
      7.802387699484825e-05,
      5.282508209347725e-05,
      0.0001044771634042263
    ],
    [
      7.338263094425201e-05,
      8.546235039830208e-05,
      8.537899702787399e-05,
      7.404899224638939e-05,
      8.115870878100395e-05,
      7.538497447967529e-05,
      7.094815373420715e-05,
      8.721090853214264e-05,
      6.088102236390114e-05,
      7.740408182144165e-05,
      9.709876030683517e-05,
      7.955217733979225e-05,
      7.115909829735756e-05,
      8.739391341805458e-05,
      6.806105375289917e-05,
      7.14687630534172e-05,
      7.138215005397797e-05,
      7.147714495658875e-05,
      7.92061910033226e-05,
      6.31050206720829e-05,
      7.737893611192703e-05,
      9.136879816651344e-05,
      8.138269186019897e-05,
      7.00186938047409e-05,
      8.767284452915192e-05,
      7.059471681714058e-05,
      8.203601464629173e-05,
      8.278712630271912e-05,
      8.18050466477871e-05,
      6.609316915273666e-05,
      7.474701851606369e-05,
      9.169988334178925e-05,
      8.03610309958458e-05,
      6.682798266410828e-05,
      8.330913260579109e-05,
      8.119689300656319e-05,
      6.055179983377457e-05,
      7.260078564286232e-05,
      9.151967242360115e-05,
      8.969800546765327e-05,
      7.280241698026657e-05,
      7.675867527723312e-05,
      7.194094359874725e-05,
      8.601602166891098e-05,
      6.709294393658638e-05,
      6.914092227816582e-05,
      9.005190804600716e-05,
      7.638102397322655e-05,
      7.045408710837364e-05,
      8.235592395067215e-05,
      5.9264712035655975e-05,
      9.154481813311577e-05,
      7.469300180673599e-05,
      6.780494004487991e-05,
      7.978640496730804e-05,
      8.417293429374695e-05,
      6.890017539262772e-05,
      8.424883708357811e-05,
      7.319403812289238e-05,
      8.568679913878441e-05,
      6.69439323246479e-05,
      7.926113903522491e-05,
      7.291510701179504e-05,
      8.100876584649086e-05,
      8.473638445138931e-05,
      8.15768726170063e-05,
      8.766073733568192e-05,
      7.91400671005249e-05,
      7.375609129667282e-05,
      7.28038139641285e-05,
      6.760424003005028e-05,
      7.60830007493496e-05,
      8.213380351662636e-05,
      8.242717012763023e-05,
      6.614765152335167e-05,
      7.484620437026024e-05,
      7.923087105154991e-05,
      8.253706619143486e-05,
      7.452163845300674e-05,
      7.897010073065758e-05,
      7.818732410669327e-05,
      7.292302325367928e-05,
      7.941899821162224e-05,
      8.40132124722004e-05,
      8.182413876056671e-05,
      9.9946279078722e-05,
      0.00010378565639257431,
      8.761882781982422e-05,
      9.639887139201164e-05,
      8.946424350142479e-05,
      9.339116513729095e-05,
      8.349213749170303e-05,
      7.703574374318123e-05,
      9.134411811828613e-05,
      9.584985673427582e-05,
      8.637737482786179e-05,
      8.400809019804001e-05,
      9.399279952049255e-05,
      8.568400517106056e-05,
      0.00010164594277739525
    ],
    [
      4.1122082620859146e-05,
      4.544621333479881e-05,
      4.5262742787599564e-05,
      4.495400935411453e-05,
      4.570605233311653e-05,
      3.7929974496364594e-05,
      6.0271006077528e-05,
      4.931492730975151e-05,
      4.068855196237564e-05,
      6.186496466398239e-05,
      5.640508607029915e-05,
      4.6698376536369324e-05,
      6.58729113638401e-05,
      4.8448797315359116e-05,
      6.315158680081367e-05,
      7.094210013747215e-05,
      7.069995626807213e-05,
      7.111998274922371e-05,
      4.8487912863492966e-05,
      4.00301069021225e-05,
      6.555300205945969e-05,
      5.168793722987175e-05,
      7.002009078860283e-05,
      6.941938772797585e-05,
      4.918687045574188e-05,
      4.546297714114189e-05,
      4.078587517142296e-05,
      4.540802910923958e-05,
      4.744110628962517e-05,
      4.621315747499466e-05,
      6.187008693814278e-05,
      5.2590854465961456e-05,
      6.922706961631775e-05,
      6.836792454123497e-05,
      4.390580579638481e-05,
      6.76899217069149e-05,
      4.581920802593231e-05,
      6.350921466946602e-05,
      5.132704973220825e-05,
      4.121009260416031e-05,
      4.601804539561272e-05,
      6.827106699347496e-05,
      7.52587802708149e-05,
      4.8451125621795654e-05,
      6.80447556078434e-05,
      7.216399535536766e-05,
      4.825601354241371e-05,
      4.184432327747345e-05,
      4.673609510064125e-05,
      4.666810855269432e-05,
      6.333691999316216e-05,
      4.839897155761719e-05,
      3.9108097553253174e-05,
      5.096429958939552e-05,
      4.4448766857385635e-05,
      4.213303327560425e-05,
      4.197005182504654e-05,
      4.573166370391846e-05,
      4.6113040298223495e-05,
      4.8298854380846024e-05,
      4.160497337579727e-05,
