{
  "implementation": "deepspeed_gloo",
  "backend": "gloo",
  "operation": "allreduce",
  "num_ranks": 4,
  "tensor_shape": {
    "batch": 16,
    "seq_len": 2048,
    "hidden_dim": 2048
  },
  "num_elements": 67108864,
  "tensor_size_bytes": 134217728,
  "tensor_size_mb": 128.0,
  "dtype": "bfloat16",
  "warmup_iterations": 10,
  "measurement_iterations": 100,
  "timing_method": "time.perf_counter()",
  "timings": [
    [
      0.15964498789981008,
      0.19351129094138741,
      0.17907136073336005,
      0.18717010412365198,
      0.161009909119457,
      0.1587598524056375,
      0.16797390393912792,
      0.1654773368500173,
      0.14032758912071586,
      0.15520131075754762,
      0.15252454299479723,
      0.1556341303512454,
      0.14894474111497402,
      0.16735097719356418,
      0.1775173069909215,
      0.1652255509980023,
      0.17510137800127268,
      0.15125794289633632,
      0.16327056428417563,
      0.16713562607765198,
      0.1760937161743641,
      0.16633359203115106,
      0.159336029086262,
      0.17587472684681416,
      0.18060013512149453,
      0.1557322284206748,
      0.16667529800906777,
      0.18516367813572288,
      0.18525771889835596,
      0.16802912624552846,
      0.18592976033687592,
      0.14817991200834513,
      0.17686446383595467,
      0.15103398077189922,
      0.19415672309696674,
      0.18295549601316452,
      0.15324085671454668,
      0.16837532119825482,
      0.1804990330711007,
      0.15399820217862725,
      0.14207612816244364,
      0.16426495369523764,
      0.164379995316267,
      0.19119520904496312,
      0.16665836237370968,
      0.17425698461011052,
      0.164741441141814,
      0.16512986086308956,
      0.14907291438430548,
      0.1770325289107859,
      0.14912009611725807,
      0.17156476667150855,
      0.1637505921535194,
      0.17360672587528825,
      0.176352480892092,
      0.15865658968687057,
      0.17269307700917125,
      0.16532715503126383,
      0.17360330605879426,
      0.16416456131264567,
      0.14099213387817144,
      0.17416354175657034,
      0.16338062193244696,
      0.1796255400404334,
      0.1430003149434924,
      0.15312147233635187,
      0.1638075583614409,
      0.16901703691110015,
      0.17350437073037028,
      0.1720006698742509,
      0.1630604239180684,
      0.17300594598054886,
      0.14352323906496167,
      0.1766602830030024,
      0.172905168030411,
      0.1744286953471601,
      0.1726225526072085,
      0.17970471270382404,
      0.16479464014992118,
      0.1673520221374929,
      0.15504196472465992,
      0.1814423748292029,
      0.16492154775187373,
      0.17562169674783945,
      0.14704567613080144,
      0.17422967310994864,
      0.15906776720657945,
      0.17596343718469143,
      0.1479328409768641,
      0.152817043941468,
      0.1601214138790965,
      0.16146081686019897,
      0.17082346230745316,
      0.15462231496348977,
      0.16939395293593407,
      0.18535800417885184,
      0.16666114702820778,
      0.15636483393609524,
      0.16857154294848442,
      0.17341045895591378
    ],
    [
      0.15954531077295542,
      0.19344589207321405,
      0.17907028691843152,
      0.18722026981413364,
      0.16081750392913818,
      0.1585684260353446,
      0.16011627716943622,
      0.15761134400963783,
      0.14024563413113356,
      0.1553256157785654,
      0.15266537899151444,
      0.1636463487520814,
      0.14892031997442245,
      0.1671634279191494,
      0.17742146691307425,
      0.1572551322169602,
      0.1766426763497293,
      0.15925764292478561,
      0.16340162558481097,
      0.17498402670025826,
      0.1760201188735664,
      0.17433372884988785,
      0.15934909926727414,
      0.17570760380476713,
      0.1727601340971887,
      0.15568832168355584,
      0.17465073708444834,
      0.18519058683887124,
      0.18539960123598576,
      0.1679919296875596,
      0.18592594610527158,
      0.1562055880203843,
      0.17689050501212478,
      0.15903562307357788,
      0.1863422249443829,
      0.18290668772533536,
      0.15337797068059444,
      0.1685109082609415,
      0.18029458494856954,
      0.15400660876184702,
      0.15009537804871798,
      0.15638927090913057,
      0.15651693101972342,
      0.19118420174345374,
      0.15880943182855844,
      0.17437555082142353,
      0.17274347972124815,
      0.1651097140274942,
      0.14900987781584263,
      0.17699134023860097,
      0.14125913195312023,
      0.1713190278969705,
      0.1637621968984604,
      0.16574416868388653,
      0.17629726277664304,
      0.1666609263047576,
      0.1727189840748906,
      0.15746076125651598,
      0.17336081806570292,
      0.16413629380986094,
      0.14074541302397847,
      0.17574878921732306,
      0.16322061466053128,
      0.17178112408146262,
      0.15097320219501853,
      0.15315313125029206,
      0.16374681796878576,
      0.1770378784276545,
      0.17353276303038,
      0.1799921877682209,
      0.15515136905014515,
      0.17297359881922603,
      0.1435003550723195,
      0.16879002982750535,
      0.17271170299500227,
      0.17441291501745582,
      0.17265300313010812,
      0.17951316991820931,
      0.1646023401990533,
      0.1672890381887555,
      0.14717570040374994,
      0.18123419722542167,
      0.16492072772234678,
      0.1677864296361804,
      0.14698735205456614,
      0.17423195112496614,
      0.1670704483985901,
      0.17581286001950502,
      0.14793103002011776,
      0.1526261349208653,
      0.16014340100809932,
      0.16278269793838263,
      0.17076546605676413,
      0.1544538401067257,
      0.16147319972515106,
      0.1854417221620679,
      0.1666707443073392,
      0.15634267684072256,
      0.1685647121630609,
      0.16549792466685176
    ],
    [
      0.15967261185869575,
      0.19343649689108133,
      0.1789145153015852,
      0.18733790703117847,
      0.16085212118923664,
      0.15855183405801654,
      0.166569905821234,
      0.16564770322293043,
      0.14026353508234024,
      0.15370529890060425,
      0.15253404900431633,
      0.16347073065117002,
      0.14108814159408212,
      0.15933202113956213,
      0.1776526919566095,
      0.16150694712996483,
      0.1765034981071949,
      0.15904711093753576,
      0.16340301418676972,
      0.1748133199289441,
      0.1760190837085247,
      0.17417888203635812,
      0.15937271807342768,
      0.17574075981974602,
      0.18075359193608165,
      0.15557338623329997,
      0.17446552077308297,
      0.18521731672808528,
      0.1853930582292378,
      0.16781388316303492,
      0.1859232489950955,
      0.15602379478514194,
      0.16904797684401274,
      0.1587878530845046,
      0.19431983912363648,
      0.1827488630078733,
      0.15339843416586518,
      0.16849630093201995,
      0.18029094114899635,
      0.14618249516934156,
      0.14989615511149168,
      0.16429140977561474,
      0.16453234711661935,
      0.1913710180670023,
      0.16682544630020857,
      0.17109660524874926,
      0.1725354460068047,
      0.16510634124279022,
      0.1411527767777443,
      0.17695799889042974,
      0.14927100529894233,
      0.17139482498168945,
      0.15592748019844294,
      0.17376219294965267,
      0.16850875364616513,
      0.16643035924062133,
      0.172739177942276,
      0.16545900516211987,
      0.17336043203249574,
      0.1641140324063599,
      0.14081980101764202,
      0.17570361215621233,
      0.16324080526828766,
      0.17977744806557894,
      0.15082945814356208,
      0.14532252214848995,
      0.1637567770667374,
      0.17682101391255856,
      0.1729619177058339,
      0.17982238391414285,
      0.1630439106374979,
      0.17303169379010797,
      0.14332337025552988,
      0.17681618500500917,
      0.17269532335922122,
      0.17446067603304982,
      0.17246870789676905,
      0.17949187522754073,
      0.16475302213802934,
      0.16745535237714648,
      0.15519776893779635,
      0.18123099813237786,
