{
  "implementation": "deepspeed_gloo",
  "backend": "gloo",
  "operation": "reduce",
  "num_ranks": 4,
  "tensor_shape": {
    "batch": 8,
    "seq_len": 2048,
    "hidden_dim": 4096
  },
  "num_elements": 67108864,
  "tensor_size_bytes": 134217728,
  "tensor_size_mb": 128.0,
  "dtype": "bfloat16",
  "warmup_iterations": 10,
  "measurement_iterations": 100,
  "timing_method": "time.perf_counter()",
  "timings": [
    [
      0.19743354292586446,
      0.2376039931550622,
      0.25650492729619145,
      0.24375390307977796,
      0.21841290360316634,
      0.2410247027873993,
      0.26207857998088,
      0.23179085133597255,
      0.22637843899428844,
      0.18064405722543597,
      0.19863242283463478,
      0.26410521380603313,
      0.23381922394037247,
      0.2289535882882774,
      0.20397164160385728,
      0.20865805400535464,
      0.22158075589686632,
      0.2166198226623237,
      0.2419700799509883,
      0.2619526949711144,
      0.20817430317401886,
      0.2418976598419249,
      0.22335497196763754,
      0.19732045009732246,
      0.24175930814817548,
      0.2160103670321405,
      0.23008020827546716,
      0.23290402675047517,
      0.22080140421167016,
      0.19345264416188002,
      0.24490576330572367,
      0.2544027711264789,
      0.24364124098792672,
      0.24109122110530734,
      0.24823088897392154,
      0.2381732426583767,
      0.22191153932362795,
      0.24440862610936165,
      0.20451022824272513,
      0.1950109889730811,
      0.18860427802428603,
      0.21430196007713675,
      0.2796319490298629,
      0.23805122915655375,
      0.2663994459435344,
      0.2237042048946023,
      0.1691873581148684,
      0.22015228401869535,
      0.22692179214209318,
      0.22368481988087296,
      0.26612612698227167,
      0.2509859777055681,
      0.2206834419630468,
      0.2452280279248953,
      0.2374162534251809,
      0.25574736809358,
      0.21061253175139427,
      0.27027358021587133,
      0.2700966689735651,
      0.24414544692263007,
      0.24769502691924572,
      0.23014614917337894,
      0.22067493526265025,
      0.19462223490700126,
      0.22756412997841835,
      0.27282919781282544,
      0.22490738006308675,
      0.28693515807390213,
      0.21419649105519056,
      0.247549032792449,
      0.22485393285751343,
      0.22203496610745788,
      0.2293387963436544,
      0.24360417714342475,
      0.2362244902178645,
      0.18939912598580122,
      0.2322152778506279,
      0.23549940390512347,
      0.23742688307538629,
      0.2194302212446928,
      0.17042656056582928,
      0.294734172988683,
      0.26284796418622136,
      0.21481842687353492,
      0.22903495887294412,
      0.24038714123889804,
      0.2045203116722405,
      0.21806470397859812,
      0.27859813114628196,
      0.2537488639354706,
      0.281982677988708,
      0.2193340389057994,
      0.2314559961669147,
      0.21455788193270564,
      0.20542378118261695,
      0.22598784696310759,
      0.26320109609514475,
      0.23550190310925245,
      0.24628719594329596,
      0.21590004302561283
    ],
    [
      0.19516553496941924,
      0.23011889681220055,
      0.24843257293105125,
      0.24267866695299745,
      0.21836148342117667,
      0.22782499017193913,
      0.2551508150063455,
      0.22373518534004688,
      0.21582141518592834,
      0.1716059958562255,
      0.20349232200533152,
      0.26404543314129114,
      0.23187015438452363,
      0.2202173052355647,
      0.19638639455661178,
      0.20482352329418063,
      0.2173177683725953,
      0.21486621024087071,
      0.24382494296878576,
      0.26149175502359867,
      0.20019011292606592,
      0.23212228436022997,
      0.21932137943804264,
      0.18506788881495595,
      0.23912076326087117,
      0.20661031594499946,
      0.2204656656831503,
      0.23206900479272008,
      0.21516171609982848,
      0.19262479105964303,
      0.24164009001106024,
      0.24470770079642534,
      0.2313868529163301,
      0.2346757142804563,
      0.2390704257413745,
      0.23783258302137256,
      0.2101524081081152,
      0.23648243816569448,
      0.20025008916854858,
      0.18736755196005106,
      0.18181515391916037,
      0.20618266379460692,
      0.2699783332645893,
      0.23716510506346822,
      0.25575102493166924,
      0.22291768016293645,
      0.16792162926867604,
      0.21093278005719185,
      0.22342685889452696,
      0.2227305001579225,
      0.2674173517152667,
      0.24293392011895776,
      0.20758195128291845,
      0.24000670528039336,
      0.2231887993402779,
      0.24226652132347226,
      0.20480149192735553,
      0.2677429039031267,
      0.2619324140250683,
      0.23529895301908255,
      0.2367936479859054,
      0.22222102200612426,
      0.2177513069473207,
      0.18653084710240364,
      0.22482519503682852,
      0.26927534583956003,
      0.2247854471206665,
      0.28141868533566594,
      0.2061498686671257,
      0.23837812198325992,
      0.2218459858559072,
      0.21461586095392704,
      0.2185409190133214,
      0.2320241928100586,
      0.2319426229223609,
      0.17429297789931297,
      0.23154151486232877,
      0.2220130180940032,
      0.22413388872519135,
      0.2050427459180355,
      0.16921189287677407,
      0.2866377206519246,
      0.2627897737547755,
      0.20998294465243816,
      0.21351457806304097,
      0.22977420082315803,
      0.19824203429743648,
      0.21732002822682261,
      0.2638765061274171,
      0.24893770460039377,
      0.27746924199163914,
      0.2118122517131269,
      0.22318015666678548,
      0.20942557603120804,
      0.19536155788227916,
      0.21789327124133706,
      0.25528751220554113,
      0.23534022876992822,
      0.2385602379217744,
      0.20889068907126784
    ],
    [
      0.1963246837258339,
      0.22331787319853902,
      0.24920731596648693,
      0.2434534439817071,
      0.21759476233273745,
      0.2388627789914608,
      0.25553226796910167,
      0.22290665423497558,
      0.2182630649767816,
      0.18204415496438742,
      0.1909662107937038,
      0.26404148573055863,
      0.23337393114343286,
      0.22638001386076212,
      0.19541212916374207,
      0.20049529988318682,
      0.21589468978345394,
      0.2045053793117404,
      0.23644699295982718,
      0.2615545792505145,
      0.19459854997694492,
      0.24185750726610422,
      0.21044985903427005,
      0.1886997320689261,
      0.23164765629917383,
      0.21466952934861183,
      0.22770656924694777,
      0.22857910813763738,
      0.2169658918865025,
      0.19091169675812125,
      0.23559537110850215,
      0.24778900714591146,
      0.23559824097901583,
      0.23348743515089154,
      0.24528778111562133,
      0.2370210918597877,
      0.21686413185670972,
      0.24063022993505,
      0.20370141696184874,
      0.18969372799620032,
      0.18526631826534867,
      0.2133268346078694,
      0.2716215318068862,
      0.23732462525367737,
      0.2660732348449528,
      0.21921882405877113,
      0.16431434778496623,
      0.2182307201437652,
      0.21993243414908648,
      0.21009375108405948,
      0.2662942078895867,
      0.25043612578883767,
      0.21154926111921668,
      0.2393677420914173,
      0.23563313111662865,
      0.24536231998354197,
      0.2065859022550285,
      0.2584183271974325,
      0.26193336537107825,
      0.2433539442718029,
      0.24152600532397628,
      0.22171760397031903,
      0.21718355640769005,
      0.18768336391076446,
      0.22612911462783813,
      0.26480545988306403,
      0.22441818425431848,
      0.2869569193571806,
      0.20270282588899136,
      0.2428056071512401,
      0.2202956872060895,
      0.21704814583063126,
      0.22125311801210046,
      0.2355771097354591,
      0.23620099294930696,
      0.18926487118005753,
      0.22353062825277448,
      0.22696913219988346,
      0.2289192550815642,
      0.20947242202237248,
      0.1783770378679037,
      0.28479122603312135,
      0.26273344457149506,
