{
  "implementation": "deepspeed_gloo",
  "backend": "gloo",
  "operation": "allgather",
  "num_ranks": 4,
  "tensor_shape": {
    "batch": 16,
    "seq_len": 1,
    "hidden_dim": 4096
  },
  "num_elements": 65536,
  "tensor_size_bytes": 131072,
  "tensor_size_mb": 0.125,
  "dtype": "bfloat16",
  "warmup_iterations": 10,
  "measurement_iterations": 100,
  "timing_method": "time.perf_counter()",
  "timings": [
    [
      0.0003641759976744652,
      0.0003383699804544449,
      0.0003344831056892872,
      0.0003642807714641094,
      0.0003320160321891308,
      0.00031680986285209656,
      0.0003292970359325409,
      0.000309573020786047,
      0.0003577857278287411,
      0.00034329574555158615,
      0.00032627396285533905,
      0.0003218110650777817,
      0.00033417996019124985,
      0.00034354906529188156,
      0.0003038281574845314,
      0.0003309929743409157,
      0.0003324276767671108,
      0.0003399359993636608,
      0.0003148503601551056,
      0.00032801227644085884,
      0.0003177858889102936,
      0.0003142068162560463,
      0.00030440883710980415,
      0.0003411821089684963,
      0.00030654994770884514,
      0.00033352291211485863,
      0.0003133281134068966,
      0.0003237081691622734,
      0.0003231302835047245,
      0.00031707296147942543,
      0.00031549297273159027,
      0.0003241528756916523,
      0.0003054472617805004,
      0.0003138999454677105,
      0.0003113658167421818,
      0.00033862795680761337,
      0.00035279104486107826,
      0.00033340323716402054,
      0.0003434969112277031,
      0.000315867830067873,
      0.0003368072211742401,
      0.0002945316955447197,
      0.0003179609775543213,
      0.000330610666424036,
      0.00037593813613057137,
      0.00032457802444696426,
      0.00036015501245856285,
      0.00036097317934036255,
      0.00031794700771570206,
      0.0003277948126196861,
      0.00031881872564554214,
      0.00035185087472200394,
      0.0003108079545199871,
      0.000366866122931242,
      0.0003477940335869789,
      0.00032116565853357315,
      0.00031109899282455444,
      0.00034345826134085655,
      0.0003380891866981983,
      0.00033265678212046623,
      0.00031538214534521103,
      0.0003279265947639942,
      0.00034536654129624367,
      0.0003236429765820503,
      0.0003650630824267864,
      0.00033779535442590714,
      0.0002991040237247944,
      0.00033686310052871704,
      0.0003085341304540634,
      0.00033249612897634506,
      0.00035829702392220497,
      0.0003360491245985031,
      0.0003054337576031685,
      0.0003310372121632099,
      0.0003147423267364502,
      0.0003255140036344528,
      0.0003303452394902706,
      0.0003130817785859108,
      0.0003225589171051979,
      0.00033301999792456627,
      0.0003096959553658962,
      0.0003168419934809208,
      0.0003345012664794922,
      0.00034316210076212883,
      0.0003055259585380554,
      0.0003100372850894928,
      0.00034832488745450974,
      0.0003384617157280445,
      0.0003206580877304077,
      0.00032826000824570656,
      0.0003040879964828491,
      0.00033430056646466255,
      0.0003614099696278572,
      0.0003445548936724663,
      0.0003321189433336258,
      0.00032930076122283936,
      0.0003604227676987648,
      0.00036701513454318047,
      0.00035272398963570595,
      0.0003402796573936939
    ],
    [
      0.0003874613903462887,
      0.0003347313031554222,
      0.00036973413079977036,
      0.0003411681391298771,
      0.0003359229303896427,
      0.00033807894214987755,
      0.0003393986262381077,
      0.00032420502975583076,
      0.0003422750160098076,
      0.0003604050725698471,
      0.0003319568932056427,
      0.0003423853777348995,
      0.0003231470473110676,
      0.0003470848314464092,
      0.0003184732049703598,
      0.0003349059261381626,
      0.00032153772190213203,
      0.0003349590115249157,
      0.00031530018895864487,
      0.00034701498225331306,
      0.0003374321386218071,
      0.00031581101939082146,
      0.0003118361346423626,
      0.0003511030226945877,
      0.0003177621401846409,
      0.0003396710380911827,
      0.0003247722052037716,
      0.00034659309312701225,
      0.0003403089940547943,
      0.00032726023346185684,
      0.0003391699865460396,
      0.00032275542616844177,
      0.00032655009999871254,
      0.0003395513631403446,
      0.0003297659568488598,
      0.0003391890786588192,
      0.0003340342082083225,
      0.0003336402587592602,
      0.0003438899293541908,
      0.0003073480911552906,
      0.0003216438926756382,
      0.0003270050510764122,
      0.0003201263025403023,
      0.00033768871799111366,
      0.0003449227660894394,
      0.00032015424221754074,
      0.00038242898881435394,
      0.00034082960337400436,
      0.00033136457204818726,
      0.00034662988036870956,
      0.00030697695910930634,
      0.0003685448318719864,
      0.0003386237658560276,
      0.0003378549590706825,
      0.00033681001514196396,
      0.00034916820004582405,
      0.00032318802550435066,
      0.000329683069139719,
      0.00034081190824508667,
      0.0003216089680790901,
      0.00033738603815436363,
      0.00032993732020258904,
      0.00036286888644099236,
      0.00033604027703404427,
      0.0003381227143108845,
      0.00032186368480324745,
      0.00032181479036808014,
      0.00033201929181814194,
      0.0003190557472407818,
      0.0003214580938220024,
      0.0003525419160723686,
      0.0003448151983320713,
      0.0003149048425257206,
      0.0003423071466386318,
      0.0003282311372458935,
      0.00033588241785764694,
      0.00031774211674928665,
      0.0003256676718592644,
      0.0003312700428068638,
      0.00032010627910494804,
      0.0003409949131309986,
      0.0003221719525754452,
      0.0003296937793493271,
      0.00035071372985839844,
      0.0003191470168530941,
      0.0003120768815279007,
      0.00033505121245980263,
      0.00035752682015299797,
      0.00030166516080498695,
      0.00034913280978798866,
      0.00032208487391471863,
      0.0003439919091761112,
      0.0003431481309235096,
      0.00034479517489671707,
      0.00032685883343219757,
      0.0003314921632409096,
      0.00033917976543307304,
      0.0003753863275051117,
      0.0003361678682267666,
      0.000337149016559124
    ],
    [
      0.00037483032792806625,
      0.0003430289216339588,
      0.0003361329436302185,
      0.00034628715366125107,
      0.00032465625554323196,
      0.0003414829261600971,
      0.00031410297378897667,
      0.0003165607340633869,
      0.00033048493787646294,
      0.0003267228603363037,
      0.0003467327915132046,
      0.0003180629573762417,
      0.0003186771646142006,
      0.00035490607842803,
      0.00029008323326706886,
      0.00034013809636235237,
      0.0003046770580112934,
      0.00034110667183995247,
      0.0003250930458307266,
      0.0003280411474406719,
      0.0003278478980064392,
      0.0003014137037098408,
      0.00032029906287789345,
      0.0003476911224424839,
      0.0003122328780591488,
      0.0003303308039903641,
      0.0003062332980334759,
      0.00033601000905036926,
      0.0003254157491028309,
      0.00032202620059251785,
      0.0003064456395804882,
      0.0003187619149684906,
      0.00031260307878255844,
      0.00031130295246839523,
      0.00031608808785676956,
      0.00033677415922284126,
      0.0003073001280426979,
      0.000379140954464674,
      0.00032267021015286446,
      0.0003324728459119797,
      0.0003308933228254318,
      0.000304236076772213,
      0.00030130287632346153,
      0.000329052098095417,
      0.00033396389335393906,
      0.0003346358425915241,
      0.0003429008647799492,
      0.00032448722049593925,
      0.0003370707854628563,
      0.00029541878029704094,
      0.00033421674743294716,
      0.00036099785938858986,
      0.00032718386501073837,
      0.00036396412178874016,
      0.0003176671452820301,
      0.00034543871879577637,
      0.00030834879726171494,
