{
  "implementation": "deepspeed_gloo",
  "backend": "gloo",
  "operation": "broadcast",
  "num_ranks": 4,
  "tensor_shape": {
    "batch": 32,
    "seq_len": 1,
    "hidden_dim": 4096
  },
  "num_elements": 131072,
  "tensor_size_bytes": 262144,
  "tensor_size_mb": 0.25,
  "dtype": "bfloat16",
  "warmup_iterations": 10,
  "measurement_iterations": 100,
  "timing_method": "time.perf_counter()",
  "timings": [
    [
      9.897397831082344e-05,
      0.00010113697499036789,
      9.818281978368759e-05,
      0.000104506965726614,
      9.965896606445312e-05,
      9.616697207093239e-05,
      9.719608351588249e-05,
      0.00011300528421998024,
      9.470805525779724e-05,
      9.644590318202972e-05,
      9.899819269776344e-05,
      0.0001135561615228653,
      0.0001044468954205513,
      0.00010211439803242683,
      0.00010773073881864548,
      9.556068107485771e-05,
      0.0001097419299185276,
      0.00010738475248217583,
      9.712297469377518e-05,
      0.00012191571295261383,
      0.00011026905849575996,
      0.00011073099449276924,
      0.00010042218491435051,
      9.743915870785713e-05,
      0.00011284369975328445,
      0.00011847028508782387,
      0.00011398596689105034,
      0.00010418286547064781,
      9.490223601460457e-05,
      9.59150493144989e-05,
      9.988155215978622e-05,
      0.00010500894859433174,
      0.00010205758735537529,
      9.830901399254799e-05,
      0.0001016072928905487,
      0.00011482927948236465,
      0.00010518869385123253,
      9.592389687895775e-05,
      9.858421981334686e-05,
      9.841285645961761e-05,
      0.00010408321395516396,
      9.812228381633759e-05,
      0.00010225502774119377,
      0.00010068295523524284,
      9.829597547650337e-05,
      9.64803621172905e-05,
      9.62819904088974e-05,
      0.00010299496352672577,
      0.00010884925723075867,
      0.00010641291737556458,
      0.00011603068560361862,
      0.0001148320734500885,
      0.00010011112317442894,
      0.00010335911065340042,
      0.00013161497190594673,
      9.896326810121536e-05,
      9.896000847220421e-05,
      0.00010046688839793205,
      9.576603770256042e-05,
      0.00010511325672268867,
      0.0001047719269990921,
      9.398721158504486e-05,
      9.896978735923767e-05,
      9.179115295410156e-05,
      0.00010117096826434135,
      9.778374806046486e-05,
      9.004166349768639e-05,
      9.537627920508385e-05,
      9.674718603491783e-05,
      0.00011291541159152985,
      0.00010409299284219742,
      0.00010534701868891716,
      9.749503806233406e-05,
      0.00010865507647395134,
      0.00011272775009274483,
      0.00011228304356336594,
      0.000105252955108881,
      0.00010794727131724358,
      0.0001004519872367382,
      0.00011816620826721191,
      9.328825399279594e-05,
      0.00010337494313716888,
      9.814603254199028e-05,
      0.00011281110346317291,
      0.0001194952055811882,
      0.00010764412581920624,
      0.00011031795293092728,
      0.00010224897414445877,
      0.00010499497875571251,
      0.00011228024959564209,
      0.00010846322402358055,
      0.00010319007560610771,
      0.00010784901678562164,
      0.0001272382214665413,
      0.0001064147800207138,
      0.00010600406676530838,
      0.00010368600487709045,
      9.444588795304298e-05,
      0.00010292418301105499,
      0.0001287362538278103
    ],
    [
      0.0001236647367477417,
      0.00014380132779479027,
      0.0001290980726480484,
      0.00014055799692869186,
      0.00015012500807642937,
      0.00014304276555776596,
      0.000144151970744133,
      0.00015992019325494766,
      0.00013640709221363068,
      0.00014366395771503448,
      0.0001503429375588894,
      0.0001634117215871811,
      0.00016041705384850502,
      0.00011083995923399925,
      0.00011149700731039047,
      0.00016240496188402176,
      0.00014207884669303894,
      0.00015148473903536797,
      0.00012419326230883598,
      0.00014695292338728905,
      0.00011023785918951035,
      0.00012838980183005333,
      0.0001516127958893776,
      0.00010721897706389427,
      0.00013337191194295883,
      0.00013436423614621162,
      0.00012612110003829002,
      0.0001277509145438671,
      0.00015420420095324516,
      9.900284931063652e-05,
      0.00014922721311450005,
      0.00015824707224965096,
      0.0001448318362236023,
      0.00014498271048069,
      0.00010183500126004219,
      0.00013197679072618484,
      0.00013042520731687546,
      0.0001031891442835331,
      0.0001403670758008957,
      0.00014609936624765396,
      0.00016616983339190483,
      0.00014473497867584229,
      0.00015644682571291924,
      0.00014517595991492271,
      0.00010992633178830147,
      0.00015432201325893402,
      0.00013115769252181053,
      0.0001268181949853897,
      0.00010905181989073753,
      0.00010853400453925133,
      0.00013118889182806015,
      0.00017081713303923607,
      0.0001441999338567257,
      0.00012729503214359283,
      0.00011136801913380623,
      0.00010563014075160027,
      0.00015695113688707352,
      0.00011794734746217728,
      0.00014643417671322823,
      0.00015885382890701294,
      0.00018083304166793823,
      0.00015599606558680534,
      0.00015473738312721252,
      0.00013812119141221046,
      0.00016446318477392197,
      0.00013545295223593712,
      0.00015024375170469284,
      0.0001347353681921959,
      0.0001413184218108654,
      0.00014974689111113548,
      0.00011483673006296158,
      0.00010763993486762047,
      0.00016401289030909538,
      0.00016396213322877884,
      0.00014044390991330147,
      0.00013822084292769432,
      0.0001119561493396759,
      0.00011774618178606033,
      0.00011073192581534386,
      0.00013445504009723663,
      0.0001429240219295025,
      0.00012752367183566093,
      0.00010014604777097702,
      0.00013989116996526718,
      0.00013285037130117416,
      0.00011287210509181023,
      0.0001430572010576725,
      0.00010716821998357773,
      0.00011390727013349533,
      0.00013587623834609985,
      0.00017473194748163223,
      0.00014777807518839836,
      0.00011198408901691437,
      0.00017736759036779404,
      0.00015562307089567184,
      0.00014799367636442184,
      0.00015547778457403183,
      0.00010029179975390434,
      0.00010386575013399124,
      0.00010519521310925484
    ],
    [
      0.00013191718608140945,
      7.358519360423088e-05,
      6.770482286810875e-05,
      6.564706563949585e-05,
      6.73411414027214e-05,
      6.621703505516052e-05,
      6.079627200961113e-05,
      6.896164268255234e-05,
      6.187288090586662e-05,
      6.42719678580761e-05,
      6.177602335810661e-05,
      9.755697101354599e-05,
      6.080791354179382e-05,
      0.00010518357157707214,
      0.000112093985080719,
      6.758794188499451e-05,
      9.834300726652145e-05,
      9.024003520607948e-05,
      6.20759092271328e-05,
      0.00010176701471209526,
      0.00011440413072705269,
      0.000125211663544178,
      6.885221228003502e-05,
      0.0001057768240571022,
      0.00012576673179864883,
      0.00012865476310253143,
      0.0001278221607208252,
      0.00014210911467671394,
      6.243493407964706e-05,
      9.869085624814034e-05,
      6.629200652241707e-05,
      8.374731987714767e-05,
      7.442384958267212e-05,
      6.762100383639336e-05,
      0.00010578101500868797,
      0.00012377090752124786,
      0.00013398006558418274,
      9.77618619799614e-05,
      8.848495781421661e-05,
      0.00011007394641637802,
      7.461663335561752e-05,
      8.286023512482643e-05,
      9.287474676966667e-05,
      8.561788126826286e-05,
      0.00010635098442435265,
      7.025478407740593e-05,
      0.00011171307414770126,
      0.00010681571438908577,
      0.00011217175051569939,
      0.00011204835027456284,
      0.0001268410123884678,
      0.00011303089559078217,
      7.17327930033207e-05,
      0.00010590022429823875,
      0.0001385919749736786,
