{
  "implementation": "deepspeed_gloo",
  "backend": "gloo",
  "operation": "allreduce",
  "num_ranks": 4,
  "tensor_shape": {
    "batch": 16,
    "seq_len": 8192,
    "hidden_dim": 2048
  },
  "num_elements": 268435456,
  "tensor_size_bytes": 536870912,
  "tensor_size_mb": 512.0,
  "dtype": "bfloat16",
  "warmup_iterations": 10,
  "measurement_iterations": 100,
  "timing_method": "time.perf_counter()",
  "timings": [
    [
      0.5943700200878084,
      0.6403428777121007,
      0.6385394241660833,
      0.6406724569387734,
      0.6210981560871005,
      0.6248262911103666,
      0.6553011741489172,
      0.5870622768998146,
      0.6050678831525147,
      0.6590816308744252,
      0.6472560269758105,
      0.6112385359592736,
      0.6437299251556396,
      0.6425519920885563,
      0.6220856588333845,
      0.6647282470948994,
      0.6374579407274723,
      0.6538794036023319,
      0.5225488264113665,
      0.6258178208954632,
      0.6519603817723691,
      0.6687346380203962,
      0.6748727662488818,
      0.6480519673787057,
      0.6794831240549684,
      0.668617770075798,
      0.6407991833984852,
      0.6128644770942628,
      0.6545653282664716,
      0.6155485138297081,
      0.635082992259413,
      0.6383126308210194,
      0.5912131322547793,
      0.6654517222195864,
      0.6466168230399489,
      0.6080124746076763,
      0.6180805107578635,
      0.6735012247227132,
      0.6559947580099106,
      0.6839425731450319,
      0.6294776438735425,
      0.6287368698976934,
      0.6407560291700065,
      0.6688127908855677,
      0.596088885795325,
      0.6644339836202562,
      0.6433295691385865,
      0.5760784689337015,
      0.5574163761921227,
      0.5655154292471707,
      0.5712667442858219,
      0.5645936252549291,
      0.639809712767601,
      0.6519469968043268,
      0.6427710331045091,
      0.6225863620638847,
      0.5949503984302282,
      0.6333309360779822,
      0.6588367680087686,
      0.650236421264708,
      0.6357349148020148,
      0.6294542080722749,
      0.6498385732993484,
      0.6482709883712232,
      0.6424408219754696,
      0.658475331030786,
      0.6835902440361679,
      0.6530422489158809,
      0.6496515232138336,
      0.6337297949939966,
      0.6469180979765952,
      0.6408623158931732,
      0.6531221871264279,
      0.635758345015347,
      0.6444015456363559,
      0.6120497416704893,
      0.6529397568665445,
      0.654891834128648,
      0.6357176378369331,
      0.6309620919637382,
      0.5741877406835556,
      0.6389633510261774,
      0.6492127701640129,
      0.6333093182183802,
      0.6610592189244926,
      0.6273542321287096,
      0.6530508487485349,
      0.6384117910638452,
      0.6623902870342135,
      0.609058944042772,
      0.6388683868572116,
      0.6673517413437366,
      0.6361856437288225,
      0.6437508999370039,
      0.5947768790647388,
      0.6487371176481247,
      0.6577294482849538,
      0.6327337650582194,
      0.6416172971948981,
      0.6293922839686275
    ],
    [
      0.5943032270297408,
      0.6401240443810821,
      0.6386305810883641,
      0.6406574421562254,
      0.6211057202890515,
      0.624817619100213,
      0.6550804330036044,
      0.5793537092395127,
      0.6050544669851661,
      0.658768902067095,
      0.6470349789597094,
      0.6110558807849884,
      0.6437431951053441,
      0.6424016719684005,
      0.6220255279913545,
      0.6647413191385567,
      0.6372332638129592,
      0.6619295049458742,
      0.5224973307922482,
      0.625824237242341,
      0.6517695779912174,
      0.669045499060303,
      0.6748233777470887,
      0.6478171669878066,
      0.6794530935585499,
      0.6684844577684999,
      0.640770411118865,
      0.6128650950267911,
      0.6546059628017247,
      0.6154683488421142,
      0.6348197511397302,
      0.6381982732564211,
      0.5913253300823271,
      0.6652389029040933,
      0.6467452170327306,
      0.6081283092498779,
      0.6182113159447908,
      0.6735042198561132,
      0.6481327461078763,
      0.6839058087207377,
      0.6294271470978856,
      0.6283648107200861,
      0.6407732479274273,
      0.6686525200493634,
      0.5976774273440242,
      0.6642500590533018,
      0.6430296818725765,
      0.5758652100339532,
      0.5571897579357028,
      0.5655096811242402,
      0.5712184822186828,
      0.564531936775893,
      0.6397841610014439,
      0.6515655862167478,
      0.6425772770307958,
      0.622383083216846,
      0.5949220582842827,
      0.6330978618934751,
      0.6586370160803199,
      0.6502120341174304,
      0.6355314361862838,
      0.6294064112007618,
      0.6578466594219208,
      0.6404440398328006,
      0.6425338857807219,
      0.6584793999791145,
      0.6834355001337826,
      0.6526519278995693,
      0.6496486067771912,
      0.6335084913298488,
      0.6390525130555034,
      0.6408503539860249,
      0.652943029999733,
      0.6436240561306477,
      0.6442279666662216,
      0.6119922613725066,
      0.6525283888913691,
      0.6544492952525616,
      0.6358891441486776,
      0.6305568972602487,
      0.5743185989558697,
      0.638821906875819,
      0.6492082006298006,
      0.6333166277036071,
      0.6608201363123953,
      0.6353517333045602,
      0.6532165477983654,
      0.638188311830163,
      0.6625020271167159,
      0.6170684909448028,
      0.638831885997206,
      0.667156517971307,
      0.6362210409715772,
      0.6437572059221566,
      0.5947806760668755,
      0.6485433117486537,
      0.6575356009416282,
      0.6327209500595927,
      0.6417121700942516,
      0.6293819416314363
    ],
    [
      0.5941786468029022,
      0.6402822900563478,
      0.6386870970018208,
      0.640623839572072,
      0.6210776618681848,
      0.6248723668977618,
      0.6551523501984775,
      0.5871922457590699,
      0.6050938749685884,
      0.6588455042801797,
      0.6470188079401851,
      0.6110035143792629,
      0.6435849140398204,
      0.6424785437993705,
      0.6220057429745793,
      0.6645380766130984,
      0.6371498019434512,
      0.6619122591800988,
      0.5224617458879948,
      0.6256734300404787,
      0.6517610596492887,
      0.6685788701288402,
      0.6746653341688216,
      0.6478700181469321,
      0.6793950069695711,
      0.6683603078126907,
      0.6408031978644431,
      0.6128271832130849,
      0.6545464680530131,
      0.6076559191569686,
      0.6348905880004168,
      0.6379390046931803,
      0.591363063082099,
      0.6654119621962309,
      0.6467478461563587,
      0.6081389798782766,
      0.618212069850415,
      0.6736206570640206,
      0.6561532798223197,
      0.6839965297840536,
      0.6294302572496235,
      0.6285988800227642,
      0.6406188672408462,
      0.6686221421696246,
      0.5975232678465545,
      0.6642593629658222,
      0.6431708266027272,
      0.5758366538211703,
      0.5571566270664334,
      0.5653286878950894,
      0.5710513889789581,
      0.564551998861134,
      0.6398567692376673,
      0.6517824390903115,
      0.642727673985064,
      0.6224455866031349,
      0.5947594158351421,
      0.6331627452746034,
      0.658699257299304,
      0.6500078779645264,
      0.6356091280467808,
      0.6293871188536286,
      0.657668043859303,
      0.6484198840335011,
      0.6425891821272671,
      0.6583187892101705,
      0.6834079208783805,
      0.6528862630948424,
      0.6496883290819824,
      0.6334917950443923,
      0.6470978478901088,
      0.640699596144259,
      0.6529072453267872,
      0.6434392370283604,
      0.6442302004434168,
      0.6121671688742936,
      0.6527156662195921,
      0.6547359889373183,
      0.6358432779088616,
      0.6307753412984312,
      0.5743403439410031,
      0.6388836852274835,
      0.6490034940652549,
      0.6331453695893288,
      0.661086633335799,
      0.6351696690544486,
      0.6531969178467989,
      0.6382360057905316,
      0.6621790206991136,
      0.6168980160728097,
      0.638716597110033,
