{
  "implementation": "deepspeed_gloo",
  "backend": "gloo",
  "operation": "allgather",
  "num_ranks": 4,
  "tensor_shape": {
    "batch": 32,
    "seq_len": 4096,
    "hidden_dim": 2048
  },
  "num_elements": 268435456,
  "tensor_size_bytes": 536870912,
  "tensor_size_mb": 512.0,
  "dtype": "bfloat16",
  "warmup_iterations": 10,
  "measurement_iterations": 100,
  "timing_method": "time.perf_counter()",
  "timings": [
    [
      1.6190362670458853,
      1.6234800578095019,
      1.705205221194774,
      1.6624048394151032,
      1.6987148555926979,
      1.6546588139608502,
      1.7091075638309121,
      1.6590837896801531,
      1.6158321779221296,
      1.708793621044606,
      1.6644085529260337,
      1.6092120078392327,
      1.702441549859941,
      1.7686070539057255,
      1.6118647130206227,
      1.6641169651411474,
      1.558419999666512,
      1.6145493830554187,
      1.6030744318850338,
      1.6139913951046765,
      1.7142079398036003,
      1.711088502779603,
      1.6485828147269785,
      1.702199979685247,
      1.6588309756480157,
      1.666711401194334,
      1.6597583889961243,
      1.659473170991987,
      1.596995231229812,
      1.6616074997000396,
      1.6163897439837456,
      1.6047580791637301,
      1.6632207590155303,
      1.655773407779634,
      1.615757844876498,
      1.6614968930371106,
      1.6639826321043074,
      1.7216299241408706,
      1.6198159377090633,
      1.7622451819479465,
      1.6981865670531988,
      1.6077790968120098,
      1.6612369921058416,
      1.6049562841653824,
      1.6609556199982762,
      1.7052258062176406,
      1.7089743530377746,
      1.6080120210535824,
      1.7105983039364219,
      1.715227750595659,
      1.7150521539151669,
      1.670366991776973,
      1.5700326752848923,
      1.6144807948730886,
      1.6642998540773988,
      1.7173159359954298,
      1.6646357807330787,
      1.707139101345092,
      1.6126962532289326,
      1.6025255103595555,
      1.7152205728925765,
      1.661850858014077,
      1.6603217967785895,
      1.7172210440039635,
      1.6103344298899174,
      1.61111392499879,
      1.6670180410146713,
      1.6589617356657982,
      1.664208439644426,
      1.7093902681954205,
      1.7082288470119238,
      1.6629936159588397,
      1.659225941170007,
      1.7142637250944972,
      1.6592318923212588,
      1.6239656801335514,
      1.6175027168355882,
      1.6169139710254967,
      1.6131350807845592,
      1.6173207522369921,
      1.6054446650668979,
      1.700862588826567,
      1.7104359860531986,
      1.5569072947837412,
      1.7156132142990828,
      1.7139236009679735,
      1.6232956158928573,
      1.68621417414397,
      1.6192733040079474,
      1.673888215329498,
      1.7173728398047388,
      1.716270660981536,
      1.5661316341720521,
      1.6221662610769272,
      1.6629628529772162,
      1.616442069876939,
      1.6622568042948842,
      1.6557618011720479,
      1.654820542782545,
      1.627565192990005
    ],
    [
      1.6143634975887835,
      1.6177972760051489,
      1.705820386763662,
      1.6611319677904248,
      1.6939269779250026,
      1.6512634647078812,
      1.7052203002385795,
      1.658095565624535,
      1.6135242548771203,
      1.7032027537934482,
      1.6587073830887675,
      1.606558343861252,
      1.6986375581473112,
      1.7643912779167295,
      1.610066942870617,
      1.6621497627347708,
      1.5549972988665104,
      1.613232921808958,
      1.6055445978417993,
      1.609902831260115,
      1.7084524389356375,
      1.7082178108394146,
      1.6471285000443459,
      1.699751842301339,
      1.654854292050004,
      1.6610240060836077,
      1.6544750267639756,
      1.6544731259346008,
      1.593719664029777,
      1.6574565120972693,
      1.613406180869788,
      1.601601358037442,
      1.657613370101899,
      1.652345146983862,
      1.6095272991806269,
      1.658804418053478,
      1.6617980869486928,
      1.7179067758843303,
      1.619472682941705,
      1.7657630159519613,
      1.6965550757013261,
      1.6075957571156323,
      1.6561043709516525,
      1.6051425989717245,
      1.6480566607788205,
      1.7031759219244123,
      1.7080324389971793,
      1.6072955592535436,
      1.7106233779340982,
      1.7089957320131361,
      1.7110198009759188,
      1.670644008088857,
      1.571533225942403,
      1.6130172312259674,
      1.6623144377954304,
      1.7129314062185585,
      1.6608408321626484,
      1.7024792968295515,
      1.6129790148697793,
      1.5994930630549788,
      1.7149684829637408,
      1.6568121458403766,
      1.6550194136798382,
      1.7130307401530445,
      1.6109698256477714,
      1.6104879579506814,
      1.6650843592360616,
      1.6609151759184897,
      1.6585570122115314,
      1.7090007588267326,
      1.7088655573315918,
      1.6591416243463755,
      1.655935490038246,
      1.71421372378245,
      1.6541507169604301,
      1.6209629871882498,
      1.6177985910326242,
      1.6137171029113233,
      1.6100121727213264,
      1.614669393748045,
      1.602077517658472,
      1.698876241222024,
      1.7064148518256843,
      1.5541321691125631,
      1.7164103672839701,
      1.712092965375632,
      1.6198856080882251,
      1.6825111848302186,
      1.6142204971984029,
      1.6715233279392123,
      1.719013578724116,
      1.712031970731914,
      1.55850541125983,
      1.6204181970097125,
      1.6647732928395271,
      1.6152394833043218,
      1.6594055579043925,
      1.651716814842075,
      1.649755631107837,
      1.623313865158707
    ],
    [
      1.5929660508409142,
      1.596279039978981,
      1.6865574889816344,
      1.6388516137376428,
      1.6750017828308046,
      1.6424859669059515,
      1.700211541261524,
      1.6427990780211985,
      1.5909522618167102,
      1.6875210399739444,
      1.637926746159792,
      1.5916783162392676,
      1.6915809018537402,
      1.7513709398917854,
      1.5938963182270527,
      1.6414133389480412,
      1.5354345249943435,
      1.5992654860019684,
      1.5916398391127586,
      1.591043519321829,
      1.699728307314217,
      1.697066220920533,
      1.6409469209611416,
      1.691503410693258,
      1.6471626539714634,
      1.6523490478284657,
      1.6479930123314261,
      1.6480927900411189,
      1.5762776779010892,
      1.6440790370106697,
      1.5927770002745092,
      1.5892545799724758,
      1.6409315918572247,
      1.6370831462554634,
      1.6005385289900005,
      1.644141118042171,
      1.6429616371169686,
      1.703734050039202,
      1.599281292874366,
      1.7433664281852543,
      1.686978698708117,
      1.5922384317964315,
      1.646980558987707,
      1.584989643190056,
      1.642079999204725,
      1.6905490099452436,
      1.700482688844204,
      1.5843915757723153,
      1.6939803240820765,
      1.695879019331187,
      1.6954813566990197,
      1.650409262161702,
      1.5462416862137616,
      1.6017369530163705,
      1.6502903630025685,
      1.7034590179100633,
      1.6522174109704792,
      1.6925074900500476,
      1.5964486920274794,
      1.589883233886212,
      1.6980960336513817,
      1.6434936081059277,
      1.637961792293936,
      1.699837772641331,
      1.6003622263669968,
      1.5898361699655652,
      1.651506379712373,
      1.6410308917984366,
      1.6381877670064569,
      1.681451512966305,
      1.694971373770386,
      1.6452401750721037,
      1.6428753100335598,
      1.691704303957522,
      1.6277966196648777,
      1.5989911672659218,
      1.5936916759237647,
      1.5891218818724155,
      1.596769091207534,
      1.5881841969676316,
      1.5820884192362428,
      1.6865217192098498,
      1.694437884259969,
      1.5393126769922674,
      1.699654215015471,
      1.6952686761505902,
      1.606594332959503,
      1.6676224637776613,
      1.6038552499376237,
      1.6593406237661839,
      1.6955884518101811,
      1.7040328229777515,
      1.540996904950589,
