{
  "implementation": "deepspeed_oneccl",
  "backend": "ccl",
  "operation": "allreduce",
  "num_ranks": 4,
  "tensor_shape": {
    "batch": 8,
    "seq_len": 2048,
    "hidden_dim": 2048
  },
  "num_elements": 33554432,
  "tensor_size_bytes": 67108864,
  "tensor_size_mb": 64.0,
  "dtype": "bfloat16",
  "warmup_iterations": 10,
  "measurement_iterations": 100,
  "timing_method": "time.perf_counter()",
  "timings": [
    [
      0.055012404918670654,
      0.05773852905258536,
      0.056047376710921526,
      0.056915273889899254,
      0.05466909194365144,
      0.05358763225376606,
      0.05574574274942279,
      0.055796283297240734,
      0.053470409009605646,
      0.05485123582184315,
      0.05593403708189726,
      0.05462417704984546,
      0.05590945715084672,
      0.056435149628669024,
      0.05656991805881262,
      0.04914651298895478,
      0.05308322003111243,
      0.05672897910699248,
      0.05665212171152234,
      0.053469181060791016,
      0.056491049006581306,
      0.056286532897502184,
      0.05554153025150299,
      0.056816759053617716,
      0.05636867880821228,
      0.05589388823136687,
      0.05529095511883497,
      0.054160529747605324,
      0.055562703870236874,
      0.054965485353022814,
      0.055765990167856216,
      0.05472868261858821,
      0.054832172114402056,
      0.05623973486945033,
      0.05606097402051091,
      0.05676362430676818,
      0.05465206177905202,
      0.054995391983538866,
      0.055979751981794834,
      0.04888057382777333,
      0.05564446374773979,
      0.05426896829158068,
      0.05413700779899955,
      0.054012564942240715,
      0.056527876760810614,
      0.05590309342369437,
      0.0564816570840776,
      0.056545011699199677,
      0.05621944693848491,
      0.05609377287328243,
      0.05482393316924572,
      0.04894652124494314,
      0.05580103816464543,
      0.05411498202010989,
      0.05596579657867551,
      0.055710187181830406,
      0.04854779178276658,
      0.05451315315440297,
      0.05386578571051359,
      0.05534934485331178,
      0.056287834886461496,
      0.055552355013787746,
      0.05431981896981597,
      0.05600548582151532,
      0.05480619892477989,
      0.0546560138463974,
      0.05596036510542035,
      0.05482610082253814,
      0.05661918083205819,
      0.0541359419003129,
      0.056500646751374006,
      0.05671083275228739,
      0.054857883136719465,
      0.05523546505719423,
      0.05569412978366017,
      0.053617110941559076,
      0.05590520706027746,
      0.05600143177434802,
      0.05568879563361406,
      0.05422015581279993,
      0.053996691945940256,
      0.055477297864854336,
      0.0551824145950377,
      0.05607481859624386,
      0.05471216607838869,
      0.056313578970730305,
      0.05404910584911704,
      0.056746128015220165,
      0.05456450814381242,
      0.05635382514446974,
      0.05561717785894871,
      0.05498577794060111,
      0.0551131721585989,
      0.054657428059726954,
      0.055117310024797916,
      0.05465528927743435,
      0.054756477009505033,
      0.055811452213674784,
      0.05569938803091645,
      0.055698069743812084
    ],
    [
      0.0655299392528832,
      0.0634645139798522,
      0.0673624612390995,
      0.06220858497545123,
      0.059860828798264265,
      0.06402015686035156,
      0.06136782094836235,
      0.06105998903512955,
      0.064093051943928,
      0.060477363876998425,
      0.06166867678985,
      0.06014483794569969,
      0.061134178191423416,
      0.061889632139354944,
      0.06805972708389163,
      0.05529879918321967,
      0.06386623997241259,
      0.06234562769532204,
      0.06809767615050077,
      0.06405000621452928,
      0.06204456789419055,
      0.06766507495194674,
      0.06118078902363777,
      0.06244616582989693,
      0.06189081538468599,
      0.06139361998066306,
      0.06632299395278096,
      0.06508088717237115,
      0.060750186908990145,
      0.06551013188436627,
      0.06087855901569128,
      0.06533947167918086,
      0.05997292324900627,
      0.0671428800560534,
      0.06679471163079143,
      0.06232526293024421,
      0.05971834482625127,
      0.06548225972801447,
      0.06718259491026402,
      0.05473497183993459,
      0.060739899054169655,
      0.06520727276802063,
      0.05932573787868023,
      0.06492164684459567,
      0.06225679023191333,
      0.061599825974553823,
      0.062069088220596313,
      0.06166042108088732,
      0.06155226984992623,
      0.06156581500545144,
      0.06589809898287058,
      0.05479261791333556,
      0.06702470500022173,
      0.06461298698559403,
      0.06716366996988654,
      0.06669229082763195,
      0.059874532744288445,
      0.05982681503519416,
      0.0646732859313488,
      0.060532751958817244,
      0.061919429805129766,
      0.06080785300582647,
      0.06469185510650277,
      0.06142804864794016,
      0.06002141023054719,
      0.0600184528157115,
      0.06125861080363393,
      0.06021034391596913,
      0.06236695172265172,
      0.06470347009599209,
      0.06211211485788226,
      0.06201547710224986,
      0.06006101192906499,
      0.06070473277941346,
      0.06606628187000751,
      0.06420999113470316,
      0.06629450479522347,
      0.06165152182802558,
      0.0610800520516932,
      0.06517903925850987,
      0.059201040770858526,
      0.0671290522441268,
      0.06561622954905033,
      0.06141642713919282,
      0.05992225790396333,
      0.06755128875374794,
      0.06508099613711238,
      0.062325297854840755,
      0.05981964711099863,
      0.06182830594480038,
      0.061160251032561064,
      0.06042323727160692,
      0.06663017813116312,
      0.05998999672010541,
      0.06058292603120208,
      0.0599281289614737,
      0.06007904792204499,
      0.061353555880486965,
      0.06685261288657784,
      0.06614582100883126
    ],
    [
      0.06561903702095151,
      0.06380628701299429,
      0.06747375708073378,
      0.06268242187798023,
      0.06012534908950329,
      0.06411338690668344,
      0.0615686010569334,
      0.06152976583689451,
      0.06415263283997774,
      0.06076732184737921,
      0.06194311007857323,
      0.060380661860108376,
      0.061594564002007246,
      0.06234223721548915,
      0.06811405392363667,
      0.0553596718236804,
      0.06394355604425073,
      0.0625741551630199,
      0.06818405073136091,
      0.06413988582789898,
      0.06232741568237543,
      0.06774844788014889,
      0.061391495168209076,
      0.06273037381470203,
      0.06218681810423732,
      0.06166776595637202,
      0.06637862790375948,
      0.06515930080786347,
      0.061229628045111895,
      0.06541120586916804,
      0.06117489980533719,
      0.06539821159094572,
      0.06045999797061086,
      0.0670324438251555,
      0.06687757279723883,
      0.06272044312208891,
      0.06003638589754701,
      0.06556427897885442,
      0.0672446540556848,
      0.055013556964695454,
      0.06107555003836751,
      0.06530442740768194,
      0.05981861799955368,
      0.06480976333841681,
      0.062450552359223366,
      0.0618910756893456,
      0.062376415356993675,
      0.061980768106877804,
      0.062006158754229546,
      0.06201705476269126,
      0.06583144702017307,
      0.05506305070593953,
      0.06708446890115738,
      0.06469069700688124,
      0.06726413080468774,
      0.06675690924748778,
      0.05997457401826978,
      0.06028966372832656,
      0.06478121969848871,
      0.06082064472138882,
      0.06219500815495849,
      0.06109072081744671,
      0.06478145299479365,
      0.061702934093773365,
      0.0603114808909595,
      0.06046841014176607,
      0.06172950426116586,
      0.06030059279873967,
      0.06265452783554792,
      0.06477371603250504,
      0.06236967630684376,
      0.06245728908106685,
      0.06036033621057868,
      0.060952370055019855,
      0.06614591414108872,
      0.06431879289448261,
      0.06640024995431304,
      0.061948482878506184,
