{
  "implementation": "deepspeed_oneccl",
  "backend": "ccl",
  "operation": "allreduce",
  "num_ranks": 4,
  "tensor_shape": {
    "batch": 16,
    "seq_len": 4096,
    "hidden_dim": 2048
  },
  "num_elements": 134217728,
  "tensor_size_bytes": 268435456,
  "tensor_size_mb": 256.0,
  "dtype": "bfloat16",
  "warmup_iterations": 10,
  "measurement_iterations": 100,
  "timing_method": "time.perf_counter()",
  "timings": [
    [
      0.20570970699191093,
      0.21027835411950946,
      0.2315248278900981,
      0.20834143506363034,
      0.20773165998980403,
      0.20926170190796256,
      0.20879682758823037,
      0.20859334478154778,
      0.2079198299907148,
      0.20900861779227853,
      0.22564996778964996,
      0.1936948373913765,
      0.20811642799526453,
      0.2324574370868504,
      0.2267317366786301,
      0.231022119987756,
      0.20604962622746825,
      0.20871257316321135,
      0.20908500906080008,
      0.2083540060557425,
      0.20775594376027584,
      0.23212845483794808,
      0.2048919452354312,
      0.20807209005579352,
      0.20113220578059554,
      0.20911448588594794,
      0.23201172472909093,
      0.20603996701538563,
      0.20772713795304298,
      0.20897302171215415,
      0.22880485001951456,
      0.20939859002828598,
      0.23068247782066464,
      0.22687668120488524,
      0.20846187183633447,
      0.20840428210794926,
      0.20778307737782598,
      0.20892990799620748,
      0.2331679780036211,
      0.22870898433029652,
      0.1995961139909923,
      0.23226357670500875,
      0.20987890101969242,
      0.22780639491975307,
      0.2057567872107029,
      0.19382562395185232,
      0.20925682689994574,
      0.22624939400702715,
      0.23093762481585145,
      0.23198385071009398,
      0.22567498171702027,
      0.23179557779803872,
      0.20993523485958576,
      0.2090541240759194,
      0.20896410942077637,
      0.22801101859658957,
      0.21823733299970627,
      0.23239158978685737,
      0.22576362872496247,
      0.231285500805825,
      0.20761955296620727,
      0.2295497707091272,
      0.23286157241091132,
      0.20784507924690843,
      0.20782720297574997,
      0.20860284194350243,
      0.23226926708593965,
      0.2020467771217227,
      0.231061230879277,
      0.23128008330240846,
      0.20996654173359275,
      0.22788952523842454,
      0.22648554481565952,
      0.2084661847911775,
      0.20874051889404655,
      0.20816461788490415,
      0.2309301821514964,
      0.2088558874092996,
      0.22580080898478627,
      0.20830798288807273,
      0.20090815890580416,
      0.2324127908796072,
      0.23175304802134633,
      0.2279356732033193,
      0.2076354851014912,
      0.208711639046669,
      0.22582436073571444,
      0.23122211266309023,
      0.23083498375490308,
      0.2278379062190652,
      0.21000709291547537,
      0.2288233581930399,
      0.20770671078935266,
      0.20867929887026548,
      0.2322163637727499,
      0.2322930837981403,
      0.2074031070806086,
      0.22915976494550705,
      0.20986348995938897,
      0.20792525401338935
    ],
    [
      0.25424644304439425,
      0.2595203872770071,
      0.2790652234107256,
      0.2582472311332822,
      0.25583610916510224,
      0.25879190210253,
      0.2580308788456023,
      0.25631100684404373,
      0.25803340086713433,
      0.25844691786915064,
      0.2733356552198529,
      0.24088769685477018,
      0.25839469861239195,
      0.2615447281859815,
      0.2745314952917397,
      0.27899959310889244,
      0.2545009502209723,
      0.258136005140841,
      0.25833643320947886,
      0.25819380301982164,
      0.2577515160664916,
      0.2606469807215035,
      0.2514732191339135,
      0.2575581790879369,
      0.25162066984921694,
      0.2584547628648579,
      0.2796875792555511,
      0.2536535537801683,
      0.25783145893365145,
      0.2583330739289522,
      0.25843627005815506,
      0.25887858821079135,
      0.27865625312551856,
      0.2739113951101899,
      0.2570736431516707,
      0.25806186301633716,
      0.25780250411480665,
      0.2594648441299796,
      0.2565084998495877,
      0.2753852349705994,
      0.2495021908544004,
      0.26115760719403625,
      0.25857714703306556,
      0.275735295843333,
      0.25402615312486887,
      0.2406637412495911,
      0.2585441218689084,
      0.27450472908094525,
      0.27902936609461904,
      0.27968775294721127,
      0.27349393581971526,
      0.28061984898522496,
      0.25871697440743446,
      0.25826649321243167,
      0.2579737068153918,
      0.27633030619472265,
      0.26343755330890417,
      0.2801053556613624,
      0.2734820609912276,
      0.27943813195452094,
      0.2576590981334448,
      0.25895261904224753,
      0.28065453097224236,
      0.25718216598033905,
      0.25799774331972003,
      0.2579554500989616,
      0.2612558570690453,
      0.24913838878273964,
      0.27915448788553476,
      0.26085692131891847,
      0.2588710468262434,
      0.2758572353050113,
      0.27484492398798466,
      0.25750082870945334,
      0.25792385591194034,
      0.2557461988180876,
      0.27916428865864873,
      0.2582591180689633,
      0.2705025668255985,
      0.2580748461186886,
      0.2515458161942661,
      0.28016137797385454,
      0.27945688692852855,
      0.27621003706008196,
      0.2576258867047727,
      0.2579019498080015,
      0.2734636561945081,
      0.27936344174668193,
      0.27919434290379286,
      0.25600580824539065,
      0.2588354041799903,
      0.2767636552453041,
      0.257644223049283,
      0.25790991401299834,
      0.26172556169331074,
      0.2805818421766162,
      0.25682627921923995,
      0.25875217700377107,
      0.25849787797778845,
      0.2568390560336411
    ],
    [
      0.25428581703454256,
      0.25957239884883165,
      0.27913112798705697,
      0.25833611795678735,
      0.2559068822301924,
      0.2588501409627497,
      0.25809899205341935,
      0.256365904584527,
      0.25810396671295166,
      0.2585102147422731,
      0.27339562866836786,
      0.2409519641660154,
      0.25844848807901144,
      0.2616085889749229,
      0.27456905972212553,
      0.2790571819059551,
      0.2545597651042044,
      0.25819761026650667,
      0.25838477443903685,
      0.2582520777359605,
      0.25781375681981444,
      0.26070643588900566,
      0.2515316209755838,
      0.2576159839518368,
      0.251699292100966,
      0.2585343876853585,
      0.27976333489641547,
      0.25372562324628234,
      0.2578982412815094,
      0.25840602722018957,
      0.2585031110793352,
      0.258948574308306,
      0.27872424526140094,
      0.27399112610146403,
      0.25712127098813653,
      0.25814587576314807,
      0.2578674559481442,
      0.25952984392642975,
      0.25657260278239846,
      0.27545017283409834,
      0.24957228591665626,
      0.2612246321514249,
      0.258621312212199,
      0.2758140517398715,
      0.254089399240911,
      0.24073022697120905,
      0.2586227604188025,
      0.2745592352002859,
      0.2790961810387671,
      0.2797249830327928,
      0.273551135789603,
      0.28067626478150487,
      0.2587865861132741,
      0.2583261071704328,
      0.2580160219222307,
      0.2763985460624099,
      0.2635072311386466,
      0.28014616714790463,
      0.273553310893476,
      0.2795048737898469,
      0.2577168866991997,
      0.2590229990892112,
      0.2807126631960273,
      0.2572421641089022,
      0.25806014984846115,
      0.2580317612737417,
      0.26132518891245127,
      0.24920298717916012,
      0.27921608183532953,
      0.26091225910931826,
      0.2589408350177109,
      0.27591207111254334,
      0.2749030087143183,
      0.2575669693760574,
      0.2579954410903156,
      0.2558002211153507,
      0.27922492986544967,
      0.258338772226125,
      0.27055151714012027,
      0.2581519177183509,
      0.25161520205438137,
      0.2802563412114978,
      0.2795333103276789,
      0.27626158483326435,
