{
  "implementation": "deepspeed_oneccl",
  "backend": "ccl",
  "operation": "allreduce",
  "num_ranks": 4,
  "tensor_shape": {
    "batch": 8,
    "seq_len": 4096,
    "hidden_dim": 4096
  },
  "num_elements": 134217728,
  "tensor_size_bytes": 268435456,
  "tensor_size_mb": 256.0,
  "dtype": "bfloat16",
  "warmup_iterations": 10,
  "measurement_iterations": 100,
  "timing_method": "time.perf_counter()",
  "timings": [
    [
      0.22233049385249615,
      0.2222506138496101,
      0.20337226381525397,
      0.22973479283973575,
      0.20269044861197472,
      0.20152909122407436,
      0.23298123804852366,
      0.2031339928507805,
      0.20138696767389774,
      0.20719374436885118,
      0.22398955933749676,
      0.22640082612633705,
      0.20096590975299478,
      0.22226290265098214,
      0.19433245295658708,
      0.20482912100851536,
      0.22153517697006464,
      0.20145387295633554,
      0.20133137376978993,
      0.20349916582927108,
      0.22631776332855225,
      0.22665703389793634,
      0.2011156538501382,
      0.22598781064152718,
      0.22827161010354757,
      0.22255428787320852,
      0.20862949406728148,
      0.22307368693873286,
      0.20662910817191005,
      0.22620712174102664,
      0.22446346515789628,
      0.20186502113938332,
      0.22576131904497743,
      0.22011040290817618,
      0.2272336222231388,
      0.2063979348167777,
      0.20189524814486504,
      0.20197996543720365,
      0.20293622789904475,
      0.20181857468560338,
      0.2249386552721262,
      0.2219691788777709,
      0.20402413699775934,
      0.22502345172688365,
      0.22695995401591063,
      0.22428223676979542,
      0.20465794717893004,
      0.2009669542312622,
      0.21525778900831938,
      0.20684617338702083,
      0.20232771476730704,
      0.20816360507160425,
      0.2001554067246616,
      0.22276569390669465,
      0.20076189283281565,
      0.20086691994220018,
      0.22675593802705407,
      0.20051101176068187,
      0.2045164741575718,
      0.20067052775993943,
      0.22465915512293577,
      0.19998650718480349,
      0.23266346799209714,
      0.2025805632583797,
      0.2010737811215222,
      0.2299481830559671,
      0.20318376831710339,
      0.20036657713353634,
      0.22499294998124242,
      0.22606986574828625,
      0.20588590390980244,
      0.1937447232194245,
      0.20054636197164655,
      0.20012012636289,
      0.20089885871857405,
      0.22599098598584533,
      0.2008280479349196,
      0.199837660882622,
      0.20500930724665523,
      0.2314675860106945,
      0.229594215285033,
      0.20028555998578668,
      0.22380167664960027,
      0.19995639193803072,
      0.2274642027914524,
      0.2000276348553598,
      0.2008488499559462,
      0.22585128713399172,
      0.2013620249927044,
      0.199841917026788,
      0.223258757032454,
      0.2011044411920011,
      0.20680062985047698,
      0.22249647788703442,
      0.20245698979124427,
      0.20050445897504687,
      0.20574389584362507,
      0.2276837178505957,
      0.2320575937628746,
      0.20940132765099406
    ],
    [
      0.2672599218785763,
      0.25024752924218774,
      0.25200001895427704,
      0.2742042508907616,
      0.24791666911914945,
      0.2489550127647817,
      0.2774355853907764,
      0.2510492829605937,
      0.24836671212688088,
      0.25479734782129526,
      0.26859047496691346,
      0.27096957294270396,
      0.2481812876649201,
      0.2500668652355671,
      0.24085268285125494,
      0.25130896316841245,
      0.2682715179398656,
      0.24870173912495375,
      0.24957514833658934,
      0.25118507305160165,
      0.27140734205022454,
      0.2710439949296415,
      0.25053532095625997,
      0.2721092561259866,
      0.27345973858609796,
      0.2670919820666313,
      0.25767140788957477,
      0.26778254797682166,
      0.25333551177755,
      0.27065733494237065,
      0.25261212792247534,
      0.24823219794780016,
      0.2707875780761242,
      0.2646984001621604,
      0.2716778591275215,
      0.2530804602429271,
      0.2488271906040609,
      0.2506820121780038,
      0.24870334472507238,
      0.24816926196217537,
      0.27022971911355853,
      0.2664868561550975,
      0.25235464703291655,
      0.27132648322731256,
      0.2736414847895503,
      0.2704079910181463,
      0.254075373057276,
      0.24898845283314586,
      0.2604258949868381,
      0.25577597692608833,
      0.25002189073711634,
      0.25612736586481333,
      0.2484396267682314,
      0.26886859675869346,
      0.24998311698436737,
      0.2506063808687031,
      0.2734228726476431,
      0.24937286600470543,
      0.25295937713235617,
      0.2505186148919165,
      0.27132126223295927,
      0.24720894219353795,
      0.27884116396307945,
      0.25221589487046003,
      0.24945396138355136,
      0.2760660327039659,
      0.2535308711230755,
      0.24859752506017685,
      0.27174045983701944,
      0.2721318081021309,
      0.2534817638806999,
      0.24102591397240758,
      0.2507683541625738,
      0.24719935609027743,
      0.25010840501636267,
      0.27222374686971307,
      0.24923498975113034,
      0.2484959987923503,
      0.25423454120755196,
      0.27770294388756156,
      0.27623730804771185,
      0.2475805440917611,
      0.26844273461028934,
      0.2496228851377964,
      0.2742677219212055,
      0.24890780495479703,
      0.2503589359112084,
      0.2720835190266371,
      0.25146876787766814,
      0.24883269285783172,
      0.2693962580524385,
      0.250857834238559,
      0.2573053720407188,
      0.26861052913591266,
      0.25164745282381773,
      0.25054839812219143,
      0.2560886419378221,
      0.27421723306179047,
      0.2619517482817173,
      0.25812865467742085
    ],
    [
      0.2673318958841264,
      0.2503301869146526,
      0.25207972386851907,
      0.2742831218056381,
      0.24798201490193605,
      0.24903722340241075,
      0.27750891307368875,
      0.2511313483119011,
      0.24844957096502185,
      0.25487694004550576,
      0.26867824932560325,
      0.2710456158965826,
      0.2482542539946735,
      0.2501203129068017,
      0.24093828815966845,
      0.25140124280005693,
      0.2683518431149423,
      0.24878446105867624,
      0.2496317708864808,
      0.25124899530783296,
      0.27147721080109477,
      0.27112781163305044,
      0.250621157232672,
      0.2722012768499553,
      0.2735022730194032,
      0.26717744255438447,
      0.2577563258819282,
      0.26786780497059226,
      0.2533974410034716,
      0.27074054488912225,
      0.2526985523290932,
      0.24830797221511602,
      0.2708670380525291,
      0.264778315089643,
      0.2717881598509848,
      0.25315301725640893,
      0.24889046512544155,
      0.2507515591569245,
      0.24874380510300398,
      0.24828745005652308,
      0.27031034510582685,
      0.26657258113846183,
      0.25244443491101265,
      0.2714102389290929,
      0.2737325569614768,
      0.27047815173864365,
      0.2541571017354727,
      0.24907221738249063,
      0.26052989112213254,
      0.2558260951191187,
      0.2500955956056714,
      0.2561911907978356,
      0.24851934099569917,
      0.2689365828409791,
      0.2500658882781863,
      0.25067728385329247,
      0.27352233324199915,
      0.24945487780496478,
      0.2530396687798202,
      0.25059837382286787,
      0.27141418028622866,
      0.24728155136108398,
      0.27894463017582893,
      0.25229731667786837,
      0.24952359311282635,
      0.2761658779345453,
      0.2535901749506593,
      0.24870186299085617,
      0.27182758692651987,
      0.27222510194405913,
      0.2535616559907794,
      0.24109881464391947,
      0.25083488365635276,
      0.24726387485861778,
      0.2501955199986696,
      0.2723275073803961,
      0.2493266249075532,
      0.2485667373985052,
      0.2543186000548303,
      0.2777850073762238,
      0.2763122199103236,
      0.24763063108548522,
      0.2685096999630332,
      0.24971993919461966,
