{
  "implementation": "deepspeed_oneccl",
  "backend": "ccl",
  "operation": "allreduce",
  "num_ranks": 4,
  "tensor_shape": {
    "batch": 8,
    "seq_len": 2048,
    "hidden_dim": 4096
  },
  "num_elements": 67108864,
  "tensor_size_bytes": 134217728,
  "tensor_size_mb": 128.0,
  "dtype": "bfloat16",
  "warmup_iterations": 10,
  "measurement_iterations": 100,
  "timing_method": "time.perf_counter()",
  "timings": [
    [
      0.11003825161606073,
      0.10562604106962681,
      0.1027030530385673,
      0.11256239097565413,
      0.10410503577440977,
      0.11319298297166824,
      0.10025661811232567,
      0.10072656301781535,
      0.10069030383601785,
      0.10087592201307416,
      0.11508372519165277,
      0.11314130015671253,
      0.11229002010077238,
      0.11103077884763479,
      0.11423601815477014,
      0.1167120523750782,
      0.11592466989532113,
      0.10177057702094316,
      0.11338771414011717,
      0.11475918116047978,
      0.10314204124733806,
      0.10038541536778212,
      0.10355927562341094,
      0.10066815977916121,
      0.10149705689400434,
      0.11555674998089671,
      0.11320472694933414,
      0.11170373810455203,
      0.1117189871147275,
      0.11314988974481821,
      0.09985834639519453,
      0.11486082337796688,
      0.10424454277381301,
      0.09847284806892276,
      0.11593985371291637,
      0.11216965410858393,
      0.10250615468248725,
      0.11496765492483974,
      0.10389002226293087,
      0.10405198112130165,
      0.11364583484828472,
      0.10291535221040249,
      0.0999557739123702,
      0.10353760933503509,
      0.10050598299130797,
      0.10314188105985522,
      0.10130164073780179,
      0.11381449876353145,
      0.11474206112325191,
      0.10120550217106938,
      0.11283449362963438,
      0.11340140225365758,
      0.11338701099157333,
      0.09952491102740169,
      0.11149164102971554,
      0.10268766200169921,
      0.09828856913372874,
      0.10358399199321866,
      0.11120539531111717,
      0.1030677598901093,
      0.11428020242601633,
      0.10293216211721301,
      0.10170325031504035,
      0.11588283721357584,
      0.11494608595967293,
      0.11671403981745243,
      0.11608928302302957,
      0.11474279593676329,
      0.10340237896889448,
      0.11527952225878835,
      0.11462162109091878,
      0.11406217515468597,
      0.11132575664669275,
      0.1147543559782207,
      0.11721953563392162,
      0.11518750200048089,
      0.1117302100174129,
      0.11163045791909099,
      0.11369091318920255,
      0.10056696087121964,
      0.11505974130704999,
      0.11488796211779118,
      0.11488345405086875,
      0.10321238171309233,
      0.10364958923310041,
      0.1160081010311842,
      0.1010195198468864,
      0.11228380491957068,
      0.11542699066922069,
      0.11211549816653132,
      0.10102716693654656,
      0.1163650038652122,
      0.10355316614732146,
      0.10036557400599122,
      0.11183669418096542,
      0.10067916009575129,
      0.10052061919122934,
      0.11156232794746757,
      0.11469364818185568,
      0.09952987916767597
    ],
    [
      0.12090080184862018,
      0.120651138946414,
      0.12570438999682665,
      0.12666008528321981,
      0.12712071277201176,
      0.135515958070755,
      0.12562919175252318,
      0.12601456278935075,
      0.11309456592425704,
      0.12678626459091902,
      0.1381472870707512,
      0.13566552102565765,
      0.13549179723486304,
      0.13310388382524252,
      0.12853834126144648,
      0.12833150988444686,
      0.13970943028107285,
      0.12725392682477832,
      0.13632234698161483,
      0.1288141249679029,
      0.12728654826059937,
      0.1263318471610546,
      0.127572997007519,
      0.12587521597743034,
      0.1271222522482276,
      0.1383457239717245,
      0.13551075523719192,
      0.1337636448442936,
      0.1338831060566008,
      0.13552006101235747,
      0.12315338803455234,
      0.12899565417319536,
      0.12783228885382414,
      0.12113238777965307,
      0.13818898890167475,
      0.13450478902086616,
      0.12585566099733114,
      0.12942315265536308,
      0.129645979963243,
      0.12778174178674817,
      0.13590056262910366,
      0.12661029817536473,
      0.12345420708879828,
      0.12884417083114386,
      0.12378323217853904,
      0.1275707483291626,
      0.12726547103375196,
      0.13720118533819914,
      0.12897190498188138,
      0.11666060984134674,
      0.127040047198534,
      0.1276059728115797,
      0.135750622022897,
      0.12495116982609034,
      0.13458108203485608,
      0.1251374171115458,
      0.12159425858408213,
      0.12715426739305258,
      0.12561263144016266,
      0.12663456331938505,
      0.1376671646721661,
      0.126387236174196,
      0.1165861850604415,
      0.1388162663206458,
      0.13186301290988922,
      0.12967283418402076,
      0.13840409694239497,
      0.13879301398992538,
      0.12689431477338076,
      0.13824597466737032,
      0.13772398373112082,
      0.13627280294895172,
      0.12556334119290113,
      0.137859629932791,
      0.13962049735710025,
      0.13815791113302112,
      0.13570103887468576,
      0.12599130906164646,
      0.136083597317338,
      0.12676886096596718,
      0.12912434479221702,
      0.13795366091653705,
      0.13730726670473814,
      0.12907812790945172,
      0.11545135313645005,
      0.13979644887149334,
      0.1270983498543501,
      0.12688677199184895,
      0.1296525839716196,
      0.12584974570199847,
      0.12762120692059398,
      0.12809526501223445,
      0.12919331341981888,
      0.11657635634765029,
      0.12587204482406378,
      0.1153816431760788,
      0.1241805600002408,
      0.12598536582663655,
      0.13771157013252378,
      0.1153096230700612
    ],
    [
      0.12117177713662386,
      0.12052528699859977,
      0.12575729796662927,
      0.12673561507835984,
      0.12721242802217603,
      0.13560425210744143,
      0.1257091690786183,
      0.12608591513708234,
      0.11317856889218092,
      0.12684009736403823,
      0.1382350418716669,
      0.13574055675417185,
      0.13555330829694867,
      0.13318452099338174,
      0.1286231791600585,
      0.12839478300884366,
      0.13977876771241426,
      0.1273466576822102,
      0.13640897162258625,
      0.12889626482501626,
      0.12738124700263143,
      0.12641597725450993,
      0.12764317588880658,
      0.12595621775835752,
      0.1271933987736702,
      0.138407361228019,
      0.1355926408432424,
      0.13383252592757344,
      0.13395809708163142,
      0.13561094319447875,
      0.12325146934017539,
      0.12908352725207806,
      0.1279101800173521,
      0.1212119278497994,
      0.13827475579455495,
      0.13459589006379247,
      0.1259459499269724,
      0.12950037885457277,
      0.1297023231163621,
      0.12787497509270906,
      0.13598135160282254,
      0.12669543083757162,
      0.12353812111541629,
      0.12893447699025273,
      0.12386830803006887,
      0.1276605362072587,
      0.12734534684568644,
      0.1372998752631247,
      0.12906786194071174,
      0.1167127606458962,
      0.12713616294786334,
      0.12768081296235323,
      0.13582757813856006,
      0.12505078315734863,
      0.13465556595474482,
      0.12521366495639086,
      0.1216731402091682,
      0.1272445428185165,
      0.12568727508187294,
      0.12672144128009677,
      0.13772478885948658,
      0.12646881490945816,
      0.11665795370936394,
      0.13892105827108026,
      0.13196623092517257,
      0.12974016601219773,
      0.13848365005105734,
      0.1388707528822124,
      0.12699823826551437,
      0.1383197382092476,
      0.1378322639502585,
      0.1363416169770062,
      0.125655316747725,
      0.13795395009219646,
      0.13969716802239418,
      0.1382415578700602,
      0.13577509205788374,
      0.12609420297667384,
      0.13615226885303855,
      0.12690254300832748,
      0.12920705089345574,
      0.1380438730120659,
