{
  "implementation": "deepspeed_oneccl",
  "operation": "allgather",
  "num_ranks": 16,
  "hidden_dim": 2048,
  "seq_len": 2048,
  "batch": 32,
  "tensor_size_mb": 256.0,
  "num_elements": 134217728,
  "mean_time_ms": 1711.7939284743625,
  "median_time_ms": 1778.2715209759772,
  "min_time_ms": 1220.7178259268403,
  "max_time_ms": 2004.5379237271845
}