{
  "implementation": "deepspeed_oneccl",
  "operation": "allgather",
  "num_ranks": 4,
  "hidden_dim": 4096,
  "seq_len": 2048,
  "batch": 8,
  "tensor_size_mb": 128.0,
  "num_elements": 67108864,
  "mean_time_ms": 111.5057721058838,
  "median_time_ms": 106.52688145637512,
  "min_time_ms": 92.05118613317609,
  "max_time_ms": 171.12726718187332
}