{
  "implementation": "deepspeed_oneccl",
  "operation": "gather",
  "num_ranks": 4,
  "hidden_dim": 2048,
  "seq_len": 4096,
  "batch": 32,
  "tensor_size_mb": 512.0,
  "num_elements": 268435456,
  "mean_time_ms": 578.8402999856044,
  "median_time_ms": 556.1710158362985,
  "min_time_ms": 181.7792197689414,
  "max_time_ms": 955.3892971016467
}