{
  "implementation": "deepspeed_oneccl",
  "operation": "allreduce",
  "num_ranks": 4,
  "hidden_dim": 2048,
  "seq_len": 2048,
  "batch": 16,
  "tensor_size_mb": 128.0,
  "num_elements": 67108864,
  "mean_time_ms": 56.91496065352112,
  "median_time_ms": 57.323154993355274,
  "min_time_ms": 52.43650916963816,
  "max_time_ms": 59.0625642798841
}