{
  "implementation": "deepspeed_oneccl",
  "operation": "allreduce",
  "num_ranks": 4,
  "hidden_dim": 4096,
  "seq_len": 4096,
  "batch": 1,
  "tensor_size_mb": 32.0,
  "num_elements": 16777216,
  "mean_time_ms": 12.90615622070618,
  "median_time_ms": 12.675388250499964,
  "min_time_ms": 12.017577886581421,
  "max_time_ms": 14.476697891950607
}