{
  "implementation": "deepspeed_oneccl",
  "operation": "allgather",
  "num_ranks": 16,
  "hidden_dim": 2048,
  "seq_len": 1,
  "batch": 16,
  "tensor_size_mb": 0.0625,
  "num_elements": 32768,
  "mean_time_ms": 0.2586348116165027,
  "median_time_ms": 0.25627901777625084,
  "min_time_ms": 0.21632574498653412,
  "max_time_ms": 0.33338693901896477
}