{
  "implementation": "deepspeed_oneccl",
  "operation": "allreduce",
  "num_ranks": 4,
  "hidden_dim": 4096,
  "seq_len": 4096,
  "batch": 32,
  "tensor_size_mb": 1024.0,
  "num_elements": 536870912,
  "mean_time_ms": 465.0836555217393,
  "median_time_ms": 467.8025306202471,
  "min_time_ms": 424.87914813682437,
  "max_time_ms": 476.7738119699061
}