{
  "implementation": "deepspeed_oneccl",
  "operation": "allreduce",
  "num_ranks": 8,
  "hidden_dim": 4096,
  "seq_len": 8192,
  "batch": 32,
  "tensor_size_mb": 2048.0,
  "num_elements": 1073741824,
  "mean_time_ms": 1686.347633797559,
  "median_time_ms": 1715.8132130280137,
  "min_time_ms": 1176.8115037120879,
  "max_time_ms": 2140.4946320690215
}