{
  "implementation": "deepspeed_oneccl",
  "operation": "gather",
  "num_ranks": 8,
  "hidden_dim": 2048,
  "seq_len": 4096,
  "batch": 1,
  "tensor_size_mb": 16.0,
  "num_elements": 8388608,
  "mean_time_ms": 13.949846480973065,
  "median_time_ms": 14.318554662168026,
  "min_time_ms": 4.307086113840342,
  "max_time_ms": 23.029393050819635
}