{
  "implementation": "deepspeed_oneccl",
  "operation": "gather",
  "num_ranks": 16,
  "hidden_dim": 2048,
  "seq_len": 4096,
  "batch": 16,
  "tensor_size_mb": 256.0,
  "num_elements": 134217728,
  "mean_time_ms": 450.6564431183506,
  "median_time_ms": 460.9503529500216,
  "min_time_ms": 83.04016711190343,
  "max_time_ms": 817.3427060246468
}