{
  "implementation": "deepspeed_oneccl",
  "operation": "gather",
  "num_ranks": 16,
  "hidden_dim": 2048,
  "seq_len": 2048,
  "batch": 8,
  "tensor_size_mb": 64.0,
  "num_elements": 33554432,
  "mean_time_ms": 123.87264601304196,
  "median_time_ms": 125.42209797538817,
  "min_time_ms": 21.56310621649027,
  "max_time_ms": 236.60052986815572
}