{
  "implementation": "deepspeed_oneccl",
  "operation": "allreduce",
  "num_ranks": 16,
  "hidden_dim": 2048,
  "seq_len": 2048,
  "batch": 32,
  "tensor_size_mb": 256.0,
  "num_elements": 134217728,
  "mean_time_ms": 241.01063305017306,
  "median_time_ms": 224.64778600260615,
  "min_time_ms": 202.06918707117438,
  "max_time_ms": 324.9831600114703
}