{
  "implementation": "deepspeed_oneccl",
  "operation": "reduce",
  "num_ranks": 4,
  "hidden_dim": 4096,
  "seq_len": 4096,
  "batch": 16,
  "tensor_size_mb": 512.0,
  "num_elements": 268435456,
  "mean_time_ms": 626.30733351456,
  "median_time_ms": 578.5665693692863,
  "min_time_ms": 270.8876458927989,
  "max_time_ms": 1246.13728094846
}