{
  "implementation": "deepspeed_oneccl",
  "operation": "reduce",
  "num_ranks": 8,
  "hidden_dim": 2048,
  "seq_len": 1,
  "batch": 16,
  "tensor_size_mb": 0.0625,
  "num_elements": 32768,
  "mean_time_ms": 0.0580657587852329,
  "median_time_ms": 0.05559390410780907,
  "min_time_ms": 0.044693704694509506,
  "max_time_ms": 0.084651168435812
}