{
  "implementation": "deepspeed_oneccl",
  "operation": "allgather",
  "num_ranks": 16,
  "hidden_dim": 4096,
  "seq_len": 2048,
  "batch": 16,
  "tensor_size_mb": 256.0,
  "num_elements": 134217728,
  "mean_time_ms": 1639.1375099349534,
  "median_time_ms": 1705.655821133405,
  "min_time_ms": 1137.8256143070757,
  "max_time_ms": 1970.5418162047863
}