{
  "implementation": "deepspeed_oneccl",
  "operation": "allgather",
  "num_ranks": 4,
  "hidden_dim": 2048,
  "seq_len": 1,
  "batch": 32,
  "tensor_size_mb": 0.125,
  "num_elements": 65536,
  "mean_time_ms": 0.08790327934548259,
  "median_time_ms": 0.08779438212513924,
  "min_time_ms": 0.07489277049899101,
  "max_time_ms": 0.11986168101429939
}