{
  "implementation": "deepspeed_oneccl",
  "operation": "reduce",
  "num_ranks": 4,
  "hidden_dim": 4096,
  "seq_len": 1,
  "batch": 16,
  "tensor_size_mb": 0.125,
  "num_elements": 65536,
  "mean_time_ms": 14.199676184216514,
  "median_time_ms": 13.170263031497598,
  "min_time_ms": 0.07387017831206322,
  "max_time_ms": 51.94586329162121
}