{
  "implementation": "deepspeed_oneccl",
  "operation": "reduce",
  "num_ranks": 4,
  "hidden_dim": 2048,
  "seq_len": 2048,
  "batch": 1,
  "tensor_size_mb": 8.0,
  "num_elements": 4194304,
  "mean_time_ms": 29.640714765992016,
  "median_time_ms": 26.24032343737781,
  "min_time_ms": 2.633552998304367,
  "max_time_ms": 53.56630589812994
}