{
  "implementation": "deepspeed_oneccl",
  "operation": "broadcast",
  "num_ranks": 4,
  "hidden_dim": 4096,
  "seq_len": 8192,
  "batch": 16,
  "tensor_size_mb": 1024.0,
  "num_elements": 536870912,
  "mean_time_ms": 415.67909262375906,
  "median_time_ms": 437.01831717044115,
  "min_time_ms": 212.5105089507997,
  "max_time_ms": 624.8636548407376
}