{
  "implementation": "deepspeed_oneccl",
  "operation": "reduce",
  "num_ranks": 4,
  "hidden_dim": 4096,
  "seq_len": 1,
  "batch": 8,
  "tensor_size_mb": 0.0625,
  "num_elements": 32768,
  "mean_time_ms": 0.05926654324866831,
  "median_time_ms": 0.06111385300755501,
  "min_time_ms": 0.04739128053188324,
  "max_time_ms": 0.10226061567664146
}