{
  "implementation": "deepspeed_oneccl",
  "operation": "broadcast",
  "num_ranks": 8,
  "hidden_dim": 2048,
  "seq_len": 4096,
  "batch": 1,
  "tensor_size_mb": 16.0,
  "num_elements": 8388608,
  "mean_time_ms": 4.872777899145149,
  "median_time_ms": 4.9077533185482025,
  "min_time_ms": 3.0807708390057087,
  "max_time_ms": 6.800720933824778
}