{
  "implementation": "deepspeed_oneccl",
  "operation": "gather",
  "num_ranks": 4,
  "hidden_dim": 2048,
  "seq_len": 4096,
  "batch": 8,
  "tensor_size_mb": 128.0,
  "num_elements": 67108864,
  "mean_time_ms": 149.8867971485015,
  "median_time_ms": 153.61815504729748,
  "min_time_ms": 49.017650075256824,
  "max_time_ms": 224.67228397727013
}