{
  "implementation": "deepspeed_oneccl",
  "operation": "reduce",
  "num_ranks": 8,
  "hidden_dim": 4096,
  "seq_len": 2048,
  "batch": 32,
  "tensor_size_mb": 512.0,
  "num_elements": 268435456,
  "mean_time_ms": 335.3214308124734,
  "median_time_ms": 271.7481523286551,
  "min_time_ms": 142.0807740651071,
  "max_time_ms": 897.4439897574484
}