{
  "implementation": "deepspeed_oneccl",
  "operation": "allreduce",
  "num_ranks": 4,
  "hidden_dim": 2048,
  "seq_len": 8192,
  "batch": 16,
  "tensor_size_mb": 512.0,
  "num_elements": 268435456,
  "mean_time_ms": 232.99134334432893,
  "median_time_ms": 233.67059230804443,
  "min_time_ms": 215.26441210880876,
  "max_time_ms": 238.93076507374644
}