{
  "implementation": "deepspeed_oneccl",
  "operation": "allreduce",
  "num_ranks": 4,
  "hidden_dim": 4096,
  "seq_len": 1,
  "batch": 16,
  "tensor_size_mb": 0.125,
  "num_elements": 65536,
  "mean_time_ms": 0.06964592379517853,
  "median_time_ms": 0.06960006430745125,
  "min_time_ms": 0.06162375211715698,
  "max_time_ms": 0.08199503645300865
}