{
  "implementation": "deepspeed_oneccl",
  "operation": "allreduce",
  "num_ranks": 16,
  "hidden_dim": 4096,
  "seq_len": 1,
  "batch": 8,
  "tensor_size_mb": 0.0625,
  "num_elements": 32768,
  "mean_time_ms": 0.1472817361354828,
  "median_time_ms": 0.12851040810346603,
  "min_time_ms": 0.08452404290437698,
  "max_time_ms": 0.5203168839216232
}