{
  "implementation": "deepspeed_oneccl",
  "operation": "allgather",
  "num_ranks": 8,
  "hidden_dim": 4096,
  "seq_len": 8192,
  "batch": 32,
  "tensor_size_mb": 2048.0,
  "num_elements": 1073741824,
  "mean_time_ms": 6235.60412466526,
  "median_time_ms": 6299.8554380610585,
  "min_time_ms": 3770.653306040913,
  "max_time_ms": 7058.789541944861
}