{
  "implementation": "deepspeed_oneccl",
  "operation": "broadcast",
  "num_ranks": 16,
  "hidden_dim": 4096,
  "seq_len": 4096,
  "batch": 16,
  "tensor_size_mb": 512.0,
  "num_elements": 268435456,
  "mean_time_ms": 154.4526185846189,
  "median_time_ms": 152.76895300485194,
  "min_time_ms": 129.1169091127813,
  "max_time_ms": 192.66968127340078
}