{
  "implementation": "deepspeed_oneccl",
  "operation": "broadcast",
  "num_ranks": 4,
  "hidden_dim": 2048,
  "seq_len": 2048,
  "batch": 1,
  "tensor_size_mb": 8.0,
  "num_elements": 4194304,
  "mean_time_ms": 7.5377448706422,
  "median_time_ms": 8.189694955945015,
  "min_time_ms": 0.8820928633213043,
  "max_time_ms": 21.606992930173874
}