{
  "implementation": "deepspeed_oneccl",
  "operation": "gather",
  "num_ranks": 8,
  "hidden_dim": 4096,
  "seq_len": 2048,
  "batch": 1,
  "tensor_size_mb": 16.0,
  "num_elements": 8388608,
  "mean_time_ms": 15.815709565067664,
  "median_time_ms": 16.129949828609824,
  "min_time_ms": 4.467395134270191,
  "max_time_ms": 26.967118959873915
}