{
  "implementation": "deepspeed_oneccl",
  "operation": "reduce",
  "num_ranks": 8,
  "hidden_dim": 2048,
  "seq_len": 1,
  "batch": 32,
  "tensor_size_mb": 0.125,
  "num_elements": 65536,
  "mean_time_ms": 0.0800041708862409,
  "median_time_ms": 0.07339869625866413,
  "min_time_ms": 0.0570942647755146,
  "max_time_ms": 0.12741098180413246
}