{
  "implementation": "deepspeed_oneccl",
  "operation": "allreduce",
  "num_ranks": 8,
  "hidden_dim": 4096,
  "seq_len": 4096,
  "batch": 32,
  "tensor_size_mb": 1024.0,
  "num_elements": 536870912,
  "mean_time_ms": 1170.8448565122671,
  "median_time_ms": 1171.1094027850777,
  "min_time_ms": 993.2007510215044,
  "max_time_ms": 1330.5924646556377
}