{
  "implementation": "deepspeed_oneccl",
  "operation": "allgather",
  "num_ranks": 4,
  "hidden_dim": 2048,
  "seq_len": 1,
  "batch": 16,
  "tensor_size_mb": 0.0625,
  "num_elements": 32768,
  "mean_time_ms": 0.06615252001211047,
  "median_time_ms": 0.06636884063482285,
  "min_time_ms": 0.05691172555088997,
  "max_time_ms": 0.08769100531935692
}