{
  "implementation": "deepspeed_oneccl",
  "operation": "gather",
  "num_ranks": 4,
  "hidden_dim": 2048,
  "seq_len": 8192,
  "batch": 1,
  "tensor_size_mb": 32.0,
  "num_elements": 16777216,
  "mean_time_ms": 34.66414386755787,
  "median_time_ms": 33.53249584324658,
  "min_time_ms": 6.701475940644741,
  "max_time_ms": 68.68323683738708
}