{
  "implementation": "deepspeed_oneccl",
  "operation": "broadcast",
  "num_ranks": 16,
  "hidden_dim": 4096,
  "seq_len": 1,
  "batch": 16,
  "tensor_size_mb": 0.125,
  "num_elements": 65536,
  "mean_time_ms": 0.13244328612927347,
  "median_time_ms": 0.1374643761664629,
  "min_time_ms": 0.0494588166475296,
  "max_time_ms": 0.1629968173801899
}