{
  "implementation": "deepspeed_oneccl",
  "operation": "gather",
  "num_ranks": 4,
  "hidden_dim": 2048,
  "seq_len": 2048,
  "batch": 32,
  "tensor_size_mb": 256.0,
  "num_elements": 134217728,
  "mean_time_ms": 305.1373625837732,
  "median_time_ms": 323.8361079711467,
  "min_time_ms": 111.02370405569673,
  "max_time_ms": 478.98953408002853
}