{
  "implementation": "deepspeed_oneccl",
  "operation": "allreduce",
  "num_ranks": 4,
  "hidden_dim": 2048,
  "seq_len": 4096,
  "batch": 32,
  "tensor_size_mb": 512.0,
  "num_elements": 268435456,
  "mean_time_ms": 233.26479483395815,
  "median_time_ms": 233.94298111088574,
  "min_time_ms": 223.84617663919926,
  "max_time_ms": 237.08437336608768
}