{
  "implementation": "deepspeed_oneccl",
  "operation": "broadcast",
  "num_ranks": 4,
  "hidden_dim": 2048,
  "seq_len": 1,
  "batch": 16,
  "tensor_size_mb": 0.0625,
  "num_elements": 32768,
  "mean_time_ms": 0.04569793469272554,
  "median_time_ms": 0.04522339440882206,
  "min_time_ms": 0.03460608422756195,
  "max_time_ms": 0.34949835389852524
}