{
  "implementation": "deepspeed_oneccl",
  "operation": "allreduce",
  "num_ranks": 8,
  "hidden_dim": 4096,
  "seq_len": 2048,
  "batch": 32,
  "tensor_size_mb": 512.0,
  "num_elements": 268435456,
  "mean_time_ms": 601.2434303382179,
  "median_time_ms": 598.5648536588997,
  "min_time_ms": 437.71081510931253,
  "max_time_ms": 763.5602061636746
}