{
  "implementation": "deepspeed_oneccl",
  "operation": "gather",
  "num_ranks": 4,
  "hidden_dim": 2048,
  "seq_len": 8192,
  "batch": 8,
  "tensor_size_mb": 256.0,
  "num_elements": 134217728,
  "mean_time_ms": 311.567020942457,
  "median_time_ms": 320.19808422774076,
  "min_time_ms": 110.47350987792015,
  "max_time_ms": 447.30372726917267
}