{
  "implementation": "deepspeed_oneccl",
  "operation": "reduce",
  "num_ranks": 8,
  "hidden_dim": 2048,
  "seq_len": 2048,
  "batch": 32,
  "tensor_size_mb": 256.0,
  "num_elements": 134217728,
  "mean_time_ms": 175.32809710071888,
  "median_time_ms": 141.4772979915142,
  "min_time_ms": 73.76433396711946,
  "max_time_ms": 454.68823704868555
}