{
  "implementation": "deepspeed_oneccl",
  "operation": "reduce",
  "num_ranks": 4,
  "hidden_dim": 4096,
  "seq_len": 1,
  "batch": 32,
  "tensor_size_mb": 0.25,
  "num_elements": 131072,
  "mean_time_ms": 11.77378786727786,
  "median_time_ms": 12.547029415145516,
  "min_time_ms": 0.11486094444990158,
  "max_time_ms": 38.59342774376273
}