{
  "implementation": "deepspeed_oneccl",
  "operation": "broadcast",
  "num_ranks": 8,
  "hidden_dim": 2048,
  "seq_len": 1,
  "batch": 1,
  "tensor_size_mb": 0.0039,
  "num_elements": 2048,
  "mean_time_ms": 3.5095916781574488,
  "median_time_ms": 0.03678398206830025,
  "min_time_ms": 0.026485882699489594,
  "max_time_ms": 51.9269946962595
}