{
  "implementation": "deepspeed_oneccl",
  "operation": "allreduce",
  "num_ranks": 4,
  "hidden_dim": 2048,
  "seq_len": 2048,
  "batch": 8,
  "tensor_size_mb": 64.0,
  "num_elements": 33554432,
  "mean_time_ms": 28.021031143143773,
  "median_time_ms": 28.04473415017128,
  "min_time_ms": 26.471183635294437,
  "max_time_ms": 29.10372009500861
}