{
  "implementation": "deepspeed_oneccl",
  "operation": "reduce",
  "num_ranks": 8,
  "hidden_dim": 4096,
  "seq_len": 2048,
  "batch": 16,
  "tensor_size_mb": 256.0,
  "num_elements": 134217728,
  "mean_time_ms": 174.51418981188908,
  "median_time_ms": 141.61792607046664,
  "min_time_ms": 74.18032083660364,
  "max_time_ms": 457.8285221941769
}