{
  "implementation": "deepspeed_oneccl",
  "operation": "allreduce",
  "num_ranks": 16,
  "hidden_dim": 4096,
  "seq_len": 1,
  "batch": 16,
  "tensor_size_mb": 0.125,
  "num_elements": 65536,
  "mean_time_ms": 0.21788256854051724,
  "median_time_ms": 0.18032360821962357,
  "min_time_ms": 0.11034170165657997,
  "max_time_ms": 1.133608166128397
}