{
  "implementation": "deepspeed_oneccl",
  "operation": "allreduce",
  "num_ranks": 16,
  "hidden_dim": 4096,
  "seq_len": 1,
  "batch": 32,
  "tensor_size_mb": 0.25,
  "num_elements": 131072,
  "mean_time_ms": 0.20301952317822725,
  "median_time_ms": 0.2029335591942072,
  "min_time_ms": 0.18108775839209557,
  "max_time_ms": 0.23550214245915413
}