{
  "implementation": "deepspeed_oneccl",
  "operation": "gather",
  "num_ranks": 16,
  "hidden_dim": 2048,
  "seq_len": 2048,
  "batch": 16,
  "tensor_size_mb": 128.0,
  "num_elements": 67108864,
  "mean_time_ms": 235.95510872692103,
  "median_time_ms": 232.73037979379296,
  "min_time_ms": 41.30694083869457,
  "max_time_ms": 414.56887824460864
}