{
  "implementation": "deepspeed_oneccl",
  "operation": "allreduce",
  "num_ranks": 4,
  "hidden_dim": 4096,
  "seq_len": 8192,
  "batch": 32,
  "tensor_size_mb": 2048.0,
  "num_elements": 1073741824,
  "mean_time_ms": 1005.2863353921566,
  "median_time_ms": 1003.4974829759449,
  "min_time_ms": 906.4023932442069,
  "max_time_ms": 1106.9606128148735
}