{
  "implementation": "deepspeed_oneccl",
  "operation": "gather",
  "num_ranks": 4,
  "hidden_dim": 2048,
  "seq_len": 2048,
  "batch": 16,
  "tensor_size_mb": 128.0,
  "num_elements": 67108864,
  "mean_time_ms": 149.42414653953165,
  "median_time_ms": 155.83827043883502,
  "min_time_ms": 47.24315972998738,
  "max_time_ms": 233.99138916283846
}