{
  "implementation": "deepspeed_oneccl",
  "operation": "allgather",
  "num_ranks": 8,
  "hidden_dim": 2048,
  "seq_len": 1,
  "batch": 32,
  "tensor_size_mb": 0.125,
  "num_elements": 65536,
  "mean_time_ms": 19.3331414606655,
  "median_time_ms": 23.93227955326438,
  "min_time_ms": 0.19729230552911758,
  "max_time_ms": 39.32340303435922
}