{
  "implementation": "deepspeed_oneccl",
  "operation": "gather",
  "num_ranks": 16,
  "hidden_dim": 4096,
  "seq_len": 1,
  "batch": 8,
  "tensor_size_mb": 0.0625,
  "num_elements": 32768,
  "mean_time_ms": 6.0821547388331965,
  "median_time_ms": 0.13561267405748367,
  "min_time_ms": 0.04983367398381233,
  "max_time_ms": 633.9845973998308
}