{
  "implementation": "deepspeed_oneccl",
  "operation": "allreduce",
  "num_ranks": 8,
  "hidden_dim": 4096,
  "seq_len": 4096,
  "batch": 1,
  "tensor_size_mb": 32.0,
  "num_elements": 16777216,
  "mean_time_ms": 48.321724787238054,
  "median_time_ms": 32.18967164866626,
  "min_time_ms": 22.566601168364286,
  "max_time_ms": 364.26220275461674
}