{
  "implementation": "deepspeed_oneccl",
  "operation": "reduce",
  "num_ranks": 4,
  "hidden_dim": 2048,
  "seq_len": 2048,
  "batch": 8,
  "tensor_size_mb": 64.0,
  "num_elements": 33554432,
  "mean_time_ms": 37.93015408911742,
  "median_time_ms": 34.83252669684589,
  "min_time_ms": 19.307814072817564,
  "max_time_ms": 79.00503277778625
}