{
  "implementation": "deepspeed_oneccl",
  "operation": "broadcast",
  "num_ranks": 8,
  "hidden_dim": 2048,
  "seq_len": 2048,
  "batch": 8,
  "tensor_size_mb": 64.0,
  "num_elements": 33554432,
  "mean_time_ms": 23.272236218326725,
  "median_time_ms": 19.139286130666733,
  "min_time_ms": 14.41000634804368,
  "max_time_ms": 63.96749196574092
}