{
  "implementation": "deepspeed_oneccl",
  "operation": "allreduce",
  "num_ranks": 16,
  "hidden_dim": 4096,
  "seq_len": 8192,
  "batch": 16,
  "tensor_size_mb": 1024.0,
  "num_elements": 536870912,
  "mean_time_ms": 910.9177762956824,
  "median_time_ms": 926.3460622169077,
  "min_time_ms": 791.5047197602689,
  "max_time_ms": 960.7183951884508
}