{
  "implementation": "deepspeed_oneccl",
  "operation": "allgather",
  "num_ranks": 4,
  "hidden_dim": 4096,
  "seq_len": 4096,
  "batch": 32,
  "tensor_size_mb": 1024.0,
  "num_elements": 536870912,
  "mean_time_ms": 1592.9703307477757,
  "median_time_ms": 1683.9199736714363,
  "min_time_ms": 1030.0115700811148,
  "max_time_ms": 1827.4622187018394
}