{
  "implementation": "deepspeed_oneccl",
  "operation": "allreduce",
  "num_ranks": 4,
  "hidden_dim": 4096,
  "seq_len": 8192,
  "batch": 1,
  "tensor_size_mb": 64.0,
  "num_elements": 33554432,
  "mean_time_ms": 28.297799063147977,
  "median_time_ms": 28.306616470217705,
  "min_time_ms": 27.15896675363183,
  "max_time_ms": 29.34070024639368
}