{
  "implementation": "deepspeed_oneccl",
  "operation": "broadcast",
  "num_ranks": 8,
  "hidden_dim": 4096,
  "seq_len": 2048,
  "batch": 1,
  "tensor_size_mb": 16.0,
  "num_elements": 8388608,
  "mean_time_ms": 5.642966614104807,
  "median_time_ms": 5.660975817590952,
  "min_time_ms": 3.8261343725025654,
  "max_time_ms": 7.393186911940575
}