{
  "implementation": "deepspeed_oneccl",
  "operation": "allgather",
  "num_ranks": 16,
  "hidden_dim": 4096,
  "seq_len": 8192,
  "batch": 8,
  "tensor_size_mb": 512.0,
  "num_elements": 268435456,
  "mean_time_ms": 3451.309524187527,
  "median_time_ms": 3509.9363434128463,
  "min_time_ms": 2247.6714928634465,
  "max_time_ms": 3872.2175490111113
}