{
  "implementation": "deepspeed_oneccl",
  "operation": "allgather",
  "num_ranks": 16,
  "hidden_dim": 4096,
  "seq_len": 2048,
  "batch": 8,
  "tensor_size_mb": 128.0,
  "num_elements": 67108864,
  "mean_time_ms": 746.840461899119,
  "median_time_ms": 750.5696304142475,
  "min_time_ms": 557.2469220496714,
  "max_time_ms": 977.6518028229475
}