{
  "implementation": "deepspeed_oneccl",
  "operation": "reduce",
  "num_ranks": 4,
  "hidden_dim": 2048,
  "seq_len": 4096,
  "batch": 1,
  "tensor_size_mb": 16.0,
  "num_elements": 8388608,
  "mean_time_ms": 32.27257040562108,
  "median_time_ms": 34.57246324978769,
  "min_time_ms": 5.151254124939442,
  "max_time_ms": 68.02333099767566
}