{
  "implementation": "deepspeed_oneccl",
  "operation": "broadcast",
  "num_ranks": 16,
  "hidden_dim": 2048,
  "seq_len": 1,
  "batch": 32,
  "tensor_size_mb": 0.125,
  "num_elements": 65536,
  "mean_time_ms": 0.1301545271417126,
  "median_time_ms": 0.13311696238815784,
  "min_time_ms": 0.048984773457050323,
  "max_time_ms": 0.1561567187309265
}