{
  "implementation": "deepspeed_oneccl",
  "operation": "reduce",
  "num_ranks": 8,
  "hidden_dim": 2048,
  "seq_len": 1,
  "batch": 8,
  "tensor_size_mb": 0.0312,
  "num_elements": 16384,
  "mean_time_ms": 0.04791407671291381,
  "median_time_ms": 0.047647394239902496,
  "min_time_ms": 0.039460137486457825,
  "max_time_ms": 0.06797211244702339
}