{
  "implementation": "deepspeed_oneccl",
  "operation": "allgather",
  "num_ranks": 4,
  "hidden_dim": 2048,
  "seq_len": 8192,
  "batch": 16,
  "tensor_size_mb": 512.0,
  "num_elements": 268435456,
  "mean_time_ms": 694.8735779873095,
  "median_time_ms": 672.6071874145418,
  "min_time_ms": 446.59920083358884,
  "max_time_ms": 927.6628708466887
}