{
  "implementation": "deepspeed_oneccl",
  "operation": "allreduce",
  "num_ranks": 8,
  "hidden_dim": 2048,
  "seq_len": 4096,
  "batch": 8,
  "tensor_size_mb": 128.0,
  "num_elements": 67108864,
  "mean_time_ms": 214.26400612923317,
  "median_time_ms": 173.76739531755447,
  "min_time_ms": 121.99604511260986,
  "max_time_ms": 384.705170057714
}