{
  "implementation": "deepspeed_oneccl",
  "operation": "gather",
  "num_ranks": 16,
  "hidden_dim": 2048,
  "seq_len": 1,
  "batch": 1,
  "tensor_size_mb": 0.0039,
  "num_elements": 2048,
  "mean_time_ms": 0.4366475305869244,
  "median_time_ms": 0.03983895294368267,
  "min_time_ms": 0.030611641705036163,
  "max_time_ms": 621.2522238492966
}