{
  "implementation": "deepspeed_oneccl",
  "operation": "gather",
  "num_ranks": 4,
  "hidden_dim": 2048,
  "seq_len": 1,
  "batch": 32,
  "tensor_size_mb": 0.125,
  "num_elements": 65536,
  "mean_time_ms": 11.957552646053955,
  "median_time_ms": 12.292689643800259,
  "min_time_ms": 0.044418033212423325,
  "max_time_ms": 38.42059010639787
}