{
  "implementation": "deepspeed_oneccl",
  "operation": "allgather",
  "num_ranks": 4,
  "hidden_dim": 2048,
  "seq_len": 1,
  "batch": 1,
  "tensor_size_mb": 0.0039,
  "num_elements": 2048,
  "mean_time_ms": 0.047398258466273546,
  "median_time_ms": 0.04718499258160591,
  "min_time_ms": 0.04380103200674057,
  "max_time_ms": 0.0581950880587101
}