{
  "implementation": "deepspeed_oneccl",
  "operation": "reduce",
  "num_ranks": 8,
  "hidden_dim": 2048,
  "seq_len": 2048,
  "batch": 8,
  "tensor_size_mb": 64.0,
  "num_elements": 33554432,
  "mean_time_ms": 44.623027932830155,
  "median_time_ms": 36.79767227731645,
  "min_time_ms": 19.413117319345474,
  "max_time_ms": 112.49774321913719
}