{
  "implementation": "deepspeed_oneccl",
  "operation": "broadcast",
  "num_ranks": 16,
  "hidden_dim": 2048,
  "seq_len": 2048,
  "batch": 8,
  "tensor_size_mb": 64.0,
  "num_elements": 33554432,
  "mean_time_ms": 22.37174330977723,
  "median_time_ms": 22.460259031504393,
  "min_time_ms": 13.809930998831987,
  "max_time_ms": 29.43938411772251
}