{
  "implementation": "deepspeed_oneccl",
  "operation": "allreduce",
  "num_ranks": 4,
  "hidden_dim": 4096,
  "seq_len": 4096,
  "batch": 16,
  "tensor_size_mb": 512.0,
  "num_elements": 268435456,
  "mean_time_ms": 232.91000369470567,
  "median_time_ms": 233.74279751442373,
  "min_time_ms": 214.02488509193063,
  "max_time_ms": 237.1584582142532
}