{
  "implementation": "deepspeed_oneccl",
  "operation": "allreduce",
  "num_ranks": 16,
  "hidden_dim": 2048,
  "seq_len": 8192,
  "batch": 1,
  "tensor_size_mb": 32.0,
  "num_elements": 16777216,
  "mean_time_ms": 28.371609849855304,
  "median_time_ms": 27.553071035072207,
  "min_time_ms": 22.990496829152107,
  "max_time_ms": 39.792024064809084
}