{
  "implementation": "deepspeed_oneccl",
  "operation": "broadcast",
  "num_ranks": 8,
  "hidden_dim": 2048,
  "seq_len": 1,
  "batch": 16,
  "tensor_size_mb": 0.0625,
  "num_elements": 32768,
  "mean_time_ms": 0.8275969227543101,
  "median_time_ms": 0.06106286309659481,
  "min_time_ms": 0.03192434087395668,
  "max_time_ms": 26.545003056526184
}