{
  "implementation": "deepspeed_oneccl",
  "operation": "gather",
  "num_ranks": 8,
  "hidden_dim": 4096,
  "seq_len": 1,
  "batch": 16,
  "tensor_size_mb": 0.125,
  "num_elements": 65536,
  "mean_time_ms": 0.07922721852082759,
  "median_time_ms": 0.08315942250192165,
  "min_time_ms": 0.04301406443119049,
  "max_time_ms": 0.1785391941666603
}