{
  "implementation": "deepspeed_oneccl",
  "operation": "gather",
  "num_ranks": 16,
  "hidden_dim": 4096,
  "seq_len": 4096,
  "batch": 1,
  "tensor_size_mb": 32.0,
  "num_elements": 16777216,
  "mean_time_ms": 61.08957635238767,
  "median_time_ms": 61.71205313876271,
  "min_time_ms": 10.510549880564213,
  "max_time_ms": 116.40490591526031
}