{
  "implementation": "deepspeed_oneccl",
  "operation": "reduce",
  "num_ranks": 8,
  "hidden_dim": 2048,
  "seq_len": 4096,
  "batch": 1,
  "tensor_size_mb": 16.0,
  "num_elements": 8388608,
  "mean_time_ms": 9.7977111779619,
  "median_time_ms": 8.306861389428377,
  "min_time_ms": 5.055000074207783,
  "max_time_ms": 20.197574980556965
}