{
  "implementation": "deepspeed_oneccl",
  "operation": "broadcast",
  "num_ranks": 4,
  "hidden_dim": 2048,
  "seq_len": 1,
  "batch": 8,
  "tensor_size_mb": 0.0312,
  "num_elements": 16384,
  "mean_time_ms": 6.532114609144628,
  "median_time_ms": 0.03713252954185009,
  "min_time_ms": 0.028244219720363617,
  "max_time_ms": 25.99861705675721
}