{
  "implementation": "deepspeed_oneccl",
  "operation": "broadcast",
  "num_ranks": 16,
  "hidden_dim": 4096,
  "seq_len": 2048,
  "batch": 8,
  "tensor_size_mb": 128.0,
  "num_elements": 67108864,
  "mean_time_ms": 40.478715615172405,
  "median_time_ms": 40.19636195152998,
  "min_time_ms": 29.068403877317905,
  "max_time_ms": 51.418947987258434
}