{
  "implementation": "deepspeed_oneccl",
  "operation": "gather",
  "num_ranks": 16,
  "hidden_dim": 2048,
  "seq_len": 1,
  "batch": 8,
  "tensor_size_mb": 0.0312,
  "num_elements": 16384,
  "mean_time_ms": 2.970395442098379,
  "median_time_ms": 0.12398767285048962,
  "min_time_ms": 0.045044347643852234,
  "max_time_ms": 379.77558886632323
}