{
  "implementation": "deepspeed_oneccl",
  "operation": "allgather",
  "num_ranks": 16,
  "hidden_dim": 2048,
  "seq_len": 2048,
  "batch": 8,
  "tensor_size_mb": 64.0,
  "num_elements": 33554432,
  "mean_time_ms": 347.0804012019653,
  "median_time_ms": 330.8053305372596,
  "min_time_ms": 269.9816948734224,
  "max_time_ms": 512.2864111326635
}