{
  "implementation": "deepspeed_oneccl",
  "operation": "allreduce",
  "num_ranks": 16,
  "hidden_dim": 4096,
  "seq_len": 8192,
  "batch": 32,
  "tensor_size_mb": 2048.0,
  "num_elements": 1073741824,
  "mean_time_ms": 1804.454644381476,
  "median_time_ms": 1743.4953865595162,
  "min_time_ms": 1602.9476458206773,
  "max_time_ms": 2090.5036819167435
}