{
  "implementation": "deepspeed_oneccl",
  "operation": "allgather",
  "num_ranks": 4,
  "hidden_dim": 2048,
  "seq_len": 2048,
  "batch": 8,
  "tensor_size_mb": 64.0,
  "num_elements": 33554432,
  "mean_time_ms": 55.91462674434297,
  "median_time_ms": 55.59043097309768,
  "min_time_ms": 48.50787715986371,
  "max_time_ms": 81.98231365531683
}