{
  "implementation": "deepspeed_oneccl",
  "operation": "broadcast",
  "num_ranks": 16,
  "hidden_dim": 2048,
  "seq_len": 8192,
  "batch": 1,
  "tensor_size_mb": 32.0,
  "num_elements": 16777216,
  "mean_time_ms": 13.401339265401475,
  "median_time_ms": 13.827637070789933,
  "min_time_ms": 5.904653109610081,
  "max_time_ms": 20.263181068003178
}