{
  "implementation": "deepspeed_oneccl",
  "operation": "allgather",
  "num_ranks": 8,
  "hidden_dim": 4096,
  "seq_len": 2048,
  "batch": 32,
  "tensor_size_mb": 512.0,
  "num_elements": 268435456,
  "mean_time_ms": 1691.5367984073237,
  "median_time_ms": 1694.020091323182,
  "min_time_ms": 886.6161638870835,
  "max_time_ms": 1933.256687130779
}