{
  "implementation": "deepspeed_oneccl",
  "operation": "broadcast",
  "num_ranks": 16,
  "hidden_dim": 4096,
  "seq_len": 8192,
  "batch": 32,
  "tensor_size_mb": 2048.0,
  "num_elements": 1073741824,
  "mean_time_ms": 584.4146175315836,
  "median_time_ms": 578.2566589768976,
  "min_time_ms": 499.16434986516833,
  "max_time_ms": 711.0308050177991
}