{
  "implementation": "deepspeed_oneccl",
  "operation": "gather",
  "num_ranks": 4,
  "hidden_dim": 4096,
  "seq_len": 4096,
  "batch": 1,
  "tensor_size_mb": 32.0,
  "num_elements": 16777216,
  "mean_time_ms": 35.0623680872377,
  "median_time_ms": 36.328208865597844,
  "min_time_ms": 6.3606989569962025,
  "max_time_ms": 66.51427270844579
}