{
  "implementation": "deepspeed_oneccl",
  "operation": "allgather",
  "num_ranks": 16,
  "hidden_dim": 4096,
  "seq_len": 8192,
  "batch": 1,
  "tensor_size_mb": 64.0,
  "num_elements": 33554432,
  "mean_time_ms": 349.88020996097475,
  "median_time_ms": 339.37633666209877,
  "min_time_ms": 282.10911015048623,
  "max_time_ms": 489.57534320652485
}