{
  "implementation": "deepspeed_oneccl",
  "operation": "allgather",
  "num_ranks": 4,
  "hidden_dim": 4096,
  "seq_len": 1,
  "batch": 1,
  "tensor_size_mb": 0.0078,
  "num_elements": 4096,
  "mean_time_ms": 0.049357679672539234,
  "median_time_ms": 0.04915054887533188,
  "min_time_ms": 0.0463658943772316,
  "max_time_ms": 0.054589007049798965
}