{
  "implementation": "deepspeed_oneccl",
  "operation": "gather",
  "num_ranks": 16,
  "hidden_dim": 4096,
  "seq_len": 2048,
  "batch": 16,
  "tensor_size_mb": 256.0,
  "num_elements": 134217728,
  "mean_time_ms": 468.9027142082341,
  "median_time_ms": 463.49345589987934,
  "min_time_ms": 83.83499179035425,
  "max_time_ms": 819.1408137790859
}