{
  "mpi_implementation": "openmpi",
  "operation": "gather",
  "num_ranks": 2,
  "data_size_name": "1KB",
  "num_elements": 256,
  "dtype": "<class 'numpy.float16'>",
  "mean_time_us": 7.508165000005285,
  "median_time_us": 7.517999999873126,
  "min_time_us": 4.735000000088974,
  "max_time_us": 12.2339999997223,
  "std_dev_us": 2.4283731751215925,
  "p95_time_us": 10.33360000044503,
  "p99_time_us": 10.619039999797403,
  "load_imbalance_percent": 32.061828688890856,
  "per_rank_means_us": [
    9.915419999986241,
    5.100910000024328
  ],
  "bandwidth_gbps": 0.07795278048290807
}