{
  "mpi_implementation": "openmpi",
  "operation": "scatter",
  "num_ranks": 2,
  "data_size_name": "16MB",
  "num_elements": 4194304,
  "dtype": "<class 'numpy.float16'>",
  "mean_time_us": 9015.268189999955,
  "median_time_us": 9785.788999999933,
  "min_time_us": 4186.259000000802,
  "max_time_us": 13997.399999999161,
  "std_dev_us": 2497.5997127242463,
  "p95_time_us": 11494.504450000064,
  "p99_time_us": 11627.872690000768,
  "load_imbalance_percent": 2.779792622009686,
  "per_rank_means_us": [
    9265.873949999957,
    8764.66242999995
  ],
  "bandwidth_gbps": 1.1162787374798846
}