{
  "mpi_implementation": "openmpi",
  "operation": "scatter",
  "num_ranks": 2,
  "data_size_name": "1MB",
  "num_elements": 262144,
  "dtype": "<class 'numpy.float16'>",
  "mean_time_us": 215.68850500004012,
  "median_time_us": 214.04800000013324,
  "min_time_us": 205.33000000000357,
  "max_time_us": 230.15700000073025,
  "std_dev_us": 5.5451438754901705,
  "p95_time_us": 224.32669999949974,
  "p99_time_us": 225.62168000006545,
  "load_imbalance_percent": 0.37631351749696995,
  "per_rank_means_us": [
    214.87684000003782,
    216.5001700000424
  ],
  "bandwidth_gbps": 4.243027585504249
}