{
  "mpi_implementation": "openmpi",
  "operation": "sendrecv",
  "num_ranks": 2,
  "data_size_name": "64KB",
  "num_elements": 16384,
  "dtype": "<class 'numpy.float16'>",
  "mean_time_us": 3.822895000018534,
  "median_time_us": 3.811000000020215,
  "min_time_us": 3.5230000001718054,
  "max_time_us": 4.04999999936706,
  "std_dev_us": 0.09935559356755339,
  "p95_time_us": 3.982150000858553,
  "p99_time_us": 4.034099999827845,
  "load_imbalance_percent": 0.36477590956583267,
  "per_rank_means_us": [
    3.8368400000265983,
    3.8089500000104692
  ],
  "bandwidth_gbps": 15.07040895297251
}