{
  "mpi_implementation": "openmpi",
  "operation": "sendrecv",
  "num_ranks": 16,
  "data_size_name": "1MB",
  "num_elements": 262144,
  "dtype": "<class 'numpy.float16'>",
  "mean_time_us": 21.150030625172178,
  "median_time_us": 21.098999994251244,
  "min_time_us": 19.84299998980532,
  "max_time_us": 28.966000002128567,
  "std_dev_us": 0.707865222662324,
  "p95_time_us": 22.053199995042405,
  "p99_time_us": 23.893620001445015,
  "load_imbalance_percent": 4.294695319882925,
  "per_rank_means_us": [
    21.397519998629377,
    20.943629999692348,
    21.143450000664643,
    21.230239999709966,
    21.127160000133927,
    21.783490000188976,
    22.058360000585253,
    21.274270000475326,
    21.37655999987942,
    21.180980001673788,
    21.445389999570352,
    20.287850000073604,
    20.39991999964741,
    20.63507000059417,
    20.953360000817156,
    21.163240000419137
  ],
  "bandwidth_gbps": 269.71276667216387
}