{
  "mpi_implementation": "openmpi",
  "operation": "allgather",
  "num_ranks": 8,
  "data_size_name": "16MB",
  "num_elements": 4194304,
  "dtype": "<class 'numpy.float16'>",
  "mean_time_us": 45341.87527874997,
  "median_time_us": 45870.678500000926,
  "min_time_us": 32225.668999998903,
  "max_time_us": 80472.39499999925,
  "std_dev_us": 12264.100770886138,
  "p95_time_us": 66128.66959999928,
  "p99_time_us": 79908.13557999957,
  "load_imbalance_percent": 3.378679271273778,
  "per_rank_means_us": [
    46873.831819999905,
    44787.23317000005,
    45182.642260000044,
    45074.93934999983,
    46566.150020000045,
    44556.31712000001,
    44681.31110999993,
    45012.57737999996
  ],
  "bandwidth_gbps": 0.7766638485160108
}