{
  "mpi_implementation": "openmpi",
  "operation": "alltoall",
  "num_ranks": 16,
  "data_size_name": "16MB",
  "num_elements": 4194304,
  "dtype": "<class 'numpy.float16'>",
  "mean_time_us": 9841.81407500002,
  "median_time_us": 9643.990999997242,
  "min_time_us": 7966.914000007819,
  "max_time_us": 14098.775999997315,
  "std_dev_us": 1115.3468430741443,
  "p95_time_us": 11749.03645000071,
  "p99_time_us": 12831.563120001589,
  "load_imbalance_percent": 21.426638716502314,
  "per_rank_means_us": [
    8795.43669000114,
    11950.58402000015,
    8883.06735000043,
    9020.710029999464,
    10214.002809999982,
    8750.90143999941,
    10671.66803999939,
    10464.315820000109,
    9720.32191000082,
    9043.448360000497,
    9938.297399999812,
    10947.795629999746,
    9470.557370000279,
    9321.983730000056,
    11266.690900000072,
    9009.24369999899
  ],
  "bandwidth_gbps": 8.866017872758869
}