{
  "mpi_implementation": "openmpi",
  "operation": "reduce",
  "num_ranks": 16,
  "data_size_name": "1MB",
  "num_elements": 262144,
  "dtype": "<class 'numpy.float16'>",
  "mean_time_us": 3258.529174374991,
  "median_time_us": 3300.2749999972993,
  "min_time_us": 382.73700000246436,
  "max_time_us": 6232.745999994904,
  "std_dev_us": 1427.6528569872667,
  "p95_time_us": 5909.667950005114,
  "p99_time_us": 6062.230510000859,
  "load_imbalance_percent": 83.73417605348524,
  "per_rank_means_us": [
    5987.031730000325,
    4731.359799999879,
    4747.866890000268,
    3213.54083999978,
    4707.623300000137,
    3268.8531300001955,
    3254.454149999617,
    1819.770330000381,
    4696.9262100000715,
    3279.654820000388,
    3290.2458699997082,
    1823.465899999448,
    3295.5802499995457,
    1819.8725300000974,
    1813.1850599997533,
    387.0359800002632
  ],
  "bandwidth_gbps": 1.2534603527893464
}