{
  "mpi_implementation": "openmpi",
  "operation": "allgather",
  "num_ranks": 4,
  "data_size_name": "16MB",
  "num_elements": 4194304,
  "dtype": "<class 'numpy.float16'>",
  "mean_time_us": 17341.285390000063,
  "median_time_us": 20391.26850000006,
  "min_time_us": 10459.662000000591,
  "max_time_us": 36021.65400000068,
  "std_dev_us": 5452.705855456836,
  "p95_time_us": 24839.219749999815,
  "p99_time_us": 35362.41517000085,
  "load_imbalance_percent": 2.896162416481791,
  "per_rank_means_us": [
    16914.884450000114,
    17723.483289999982,
    17843.517180000086,
    16883.256640000058
  ],
  "bandwidth_gbps": 0.8675337340145294
}