{
  "mpi_implementation": "openmpi",
  "operation": "broadcast",
  "num_ranks": 4,
  "data_size_name": "1KB",
  "num_elements": 256,
  "dtype": "<class 'numpy.float16'>",
  "mean_time_us": 1.8774124999865194,
  "median_time_us": 1.865499999809117,
  "min_time_us": 1.1210000003814002,
  "max_time_us": 2.6779999995341086,
  "std_dev_us": 0.30415498076021774,
  "p95_time_us": 2.385650000125138,
  "p99_time_us": 2.517400000421332,
  "load_imbalance_percent": 20.301212439939505,
  "per_rank_means_us": [
    1.8731200000310366,
    2.258549999982762,
    1.5340100000038603,
    1.8439699999284187
  ],
  "bandwidth_gbps": 0.7122287651771178
}