{
  "mpi_implementation": "openmpi",
  "operation": "sendrecv",
  "num_ranks": 4,
  "data_size_name": "16MB",
  "num_elements": 4194304,
  "dtype": "<class 'numpy.float16'>",
  "mean_time_us": 741.8620400000186,
  "median_time_us": 746.1220000006819,
  "min_time_us": 669.4110000005082,
  "max_time_us": 809.8469999993085,
  "std_dev_us": 64.8125830431521,
  "p95_time_us": 808.2881000015974,
  "p99_time_us": 809.1375900006881,
  "load_imbalance_percent": 8.72834927638068,
  "per_rank_means_us": [
    806.6143500001033,
    806.6040800000352,
    680.4233600000842,
    673.806369999852
  ],
  "bandwidth_gbps": 38.58753567035092
}