{
  "mpi_implementation": "openmpi",
  "operation": "reduce",
  "num_ranks": 16,
  "data_size_name": "64KB",
  "num_elements": 16384,
  "dtype": "<class 'numpy.float16'>",
  "mean_time_us": 247.2805206249351,
  "median_time_us": 247.52499999891597,
  "min_time_us": 57.25700000169809,
  "max_time_us": 441.11899999421667,
  "std_dev_us": 92.33690743188829,
  "p95_time_us": 430.3615000026184,
  "p99_time_us": 434.2080100014556,
  "load_imbalance_percent": 74.50910363221512,
  "per_rank_means_us": [
    431.52701999964904,
    340.98200999949313,
    337.5036699998901,
    247.5305100000469,
    341.4216099998413,
    247.11877999990864,
    250.16349999958723,
    158.80397999964657,
    337.7395600001165,
    246.97148000029756,
    245.9209000002005,
    153.13990000031197,
    246.70020999977282,
    156.1234000001832,
    153.11622000005798,
    61.725579999958306
  ],
  "bandwidth_gbps": 1.1069150274787567
}