{
  "mpi_implementation": "openmpi",
  "operation": "allreduce",
  "num_ranks": 16,
  "data_size_name": "64KB",
  "num_elements": 16384,
  "dtype": "<class 'numpy.float16'>",
  "mean_time_us": 458.35087875000454,
  "median_time_us": 458.1399999999958,
  "min_time_us": 441.9450000001657,
  "max_time_us": 479.0720000000803,
  "std_dev_us": 6.629444558299291,
  "p95_time_us": 469.9685499999884,
  "p99_time_us": 474.5896999999699,
  "load_imbalance_percent": 2.272442736102303,
  "per_rank_means_us": [
    448.71240999999617,
    455.9274000000024,
    455.00232000001307,
    462.2426100000121,
    456.828860000007,
    461.48251000001306,
    460.9919599999879,
    468.61785000001265,
    447.7420300000112,
    455.5409400000166,
    454.6992099999869,
    461.5564399999994,
    455.8259699999878,
    460.1311700000044,
    459.54574000000247,
    468.7666400000201
  ],
  "bandwidth_gbps": 1.0192231021640132
}