{
  "mpi_implementation": "openmpi",
  "operation": "sendrecv",
  "num_ranks": 8,
  "data_size_name": "64KB",
  "num_elements": 16384,
  "dtype": "<class 'numpy.float16'>",
  "mean_time_us": 4.072540000130687,
  "median_time_us": 4.055999998087145,
  "min_time_us": 3.677999998785708,
  "max_time_us": 4.662000002042532,
  "std_dev_us": 0.17997387568658926,
  "p95_time_us": 4.4162500028477325,
  "p99_time_us": 4.550139999892622,
  "load_imbalance_percent": 2.055965072457126,
  "per_rank_means_us": [
    4.156270000095219,
    4.054460000020299,
    3.9853000008349686,
    4.039910000059876,
    4.1495299996796575,
    4.090360000503779,
    3.9607499995497624,
    4.143740000301932
  ],
  "bandwidth_gbps": 52.36821640777268
}