{
  "mpi_implementation": "openmpi",
  "operation": "allgather",
  "num_ranks": 4,
  "data_size_name": "64KB",
  "num_elements": 16384,
  "dtype": "<class 'numpy.float16'>",
  "mean_time_us": 47.45867749996524,
  "median_time_us": 48.16600000001614,
  "min_time_us": 39.67399999993404,
  "max_time_us": 59.66199999996036,
  "std_dev_us": 4.121965490281314,
  "p95_time_us": 54.15229999998771,
  "p99_time_us": 55.745090000289814,
  "load_imbalance_percent": 7.9750062567461,
  "per_rank_means_us": [
    45.379739999962254,
    51.243509999956416,
    44.44832999999093,
    48.76312999995136
  ],
  "bandwidth_gbps": 2.0460311840045775
}