{
  "mpi_implementation": "openmpi",
  "operation": "broadcast",
  "num_ranks": 2,
  "data_size_name": "1KB",
  "num_elements": 256,
  "dtype": "<class 'numpy.float16'>",
  "mean_time_us": 1.3255900000208598,
  "median_time_us": 1.2805000002558131,
  "min_time_us": 0.9950000006142545,
  "max_time_us": 5.586999999529496,
  "std_dev_us": 0.37205510597561786,
  "p95_time_us": 1.4573500006331839,
  "p99_time_us": 1.8156300001947825,
  "load_imbalance_percent": 6.6807987362258,
  "per_rank_means_us": [
    1.4141499999897889,
    1.2370300000519308
  ],
  "bandwidth_gbps": 0.17069524189843616
}