{
  "mpi_implementation": "openmpi",
  "operation": "broadcast",
  "num_ranks": 8,
  "data_size_name": "16MB",
  "num_elements": 4194304,
  "dtype": "<class 'numpy.float16'>",
  "mean_time_us": 1146.0930350000087,
  "median_time_us": 1180.8779999995522,
  "min_time_us": 813.9790000001312,
  "max_time_us": 1451.165999998949,
  "std_dev_us": 109.01810835561295,
  "p95_time_us": 1232.3154500013088,
  "p99_time_us": 1246.818399998908,
  "load_imbalance_percent": 5.5591198143933855,
  "per_rank_means_us": [
    1209.8057200000767,
    976.1293999997279,
    1189.882969999978,
    1104.5735800001567,
    1202.6937699999605,
    1172.0735799999459,
    1194.8691300001,
    1118.7161300001235
  ],
  "bandwidth_gbps": 43.068815008100565
}