{
  "mpi_implementation": "openmpi",
  "operation": "reduce",
  "num_ranks": 16,
  "data_size_name": "1KB",
  "num_elements": 256,
  "dtype": "<class 'numpy.float16'>",
  "mean_time_us": 34.18895749995432,
  "median_time_us": 34.17199999944387,
  "min_time_us": 24.110000005350685,
  "max_time_us": 46.9830000042748,
  "std_dev_us": 4.39513619235423,
  "p95_time_us": 41.85800000620077,
  "p99_time_us": 43.28006999983813,
  "load_imbalance_percent": 24.79017530736888,
  "per_rank_means_us": [
    42.66445999995483,
    38.59834000039086,
    38.52229999978363,
    34.30870999956426,
    38.48815999980104,
    34.47708999971155,
    33.968439999796374,
    29.7668100000692,
    38.43839000033711,
    34.5120300001156,
    34.15363999970111,
    30.087580000213165,
    34.17701999978817,
    30.090669999793818,
    29.458039999994412,
    25.311640000253988
  ],
  "bandwidth_gbps": 0.1623862786658117
}