{
  "mpi_implementation": "openmpi",
  "operation": "sendrecv",
  "num_ranks": 4,
  "data_size_name": "1KB",
  "num_elements": 256,
  "dtype": "<class 'numpy.float16'>",
  "mean_time_us": 2.0392850000661156,
  "median_time_us": 2.04750000065701,
  "min_time_us": 1.7069999991292661,
  "max_time_us": 2.553999998156087,
  "std_dev_us": 0.1505440592313082,
  "p95_time_us": 2.2713000030094572,
  "p99_time_us": 2.4325299987282274,
  "load_imbalance_percent": 5.478145524013188,
  "per_rank_means_us": [
    2.001920000083146,
    2.1105500001894484,
    2.15100000001911,
    1.893669999972758
  ],
  "bandwidth_gbps": 0.7468083923999803
}