{
  "mpi_implementation": "openmpi",
  "operation": "gather",
  "num_ranks": 4,
  "data_size_name": "1KB",
  "num_elements": 256,
  "dtype": "<class 'numpy.float16'>",
  "mean_time_us": 8.415549999978289,
  "median_time_us": 5.997000000590447,
  "min_time_us": 4.952000001168244,
  "max_time_us": 24.690000000049395,
  "std_dev_us": 4.611395048463163,
  "p95_time_us": 16.460349999292134,
  "p99_time_us": 17.56957999994312,
  "load_imbalance_percent": 93.48990856329978,
  "per_rank_means_us": [
    16.283240000056765,
    5.586099999970173,
    6.258879999965217,
    5.5339799999210015
  ],
  "bandwidth_gbps": 0.07725186848151819
}