{
  "mpi_implementation": "openmpi",
  "operation": "scatter",
  "num_ranks": 4,
  "data_size_name": "1KB",
  "num_elements": 256,
  "dtype": "<class 'numpy.float16'>",
  "mean_time_us": 19.688430000033286,
  "median_time_us": 19.661500000545118,
  "min_time_us": 17.399000000750675,
  "max_time_us": 27.296999999038007,
  "std_dev_us": 1.2944800036997175,
  "p95_time_us": 21.52950000127163,
  "p99_time_us": 22.518369999584564,
  "load_imbalance_percent": 7.679992767427719,
  "per_rank_means_us": [
    21.20050000005591,
    18.128190000137323,
    19.17842999997532,
    20.246599999964587
  ],
  "bandwidth_gbps": 0.06987392874234231
}