{
  "mpi_implementation": "openmpi",
  "operation": "scatter",
  "num_ranks": 4,
  "data_size_name": "16MB",
  "num_elements": 4194304,
  "dtype": "<class 'numpy.float16'>",
  "mean_time_us": 26221.05397750002,
  "median_time_us": 26086.37599999941,
  "min_time_us": 23248.824999999586,
  "max_time_us": 40786.39299999942,
  "std_dev_us": 2109.0616075976227,
  "p95_time_us": 28812.154300001235,
  "p99_time_us": 32305.013689999483,
  "load_imbalance_percent": 5.610187728388852,
  "per_rank_means_us": [
    27692.104329999944,
    24716.019920000035,
    25675.805100000132,
    26800.286559999975
  ],
  "bandwidth_gbps": 0.7661868996358772
}