{
  "mpi_implementation": "openmpi",
  "operation": "allgather",
  "num_ranks": 16,
  "data_size_name": "1MB",
  "num_elements": 262144,
  "dtype": "<class 'numpy.float16'>",
  "mean_time_us": 4206.828073749964,
  "median_time_us": 4009.7504999998537,
  "min_time_us": 3405.895000000214,
  "max_time_us": 10386.515000000429,
  "std_dev_us": 748.9274733252631,
  "p95_time_us": 5665.439649999726,
  "p99_time_us": 8118.2946800012,
  "load_imbalance_percent": 2.746688816951992,
  "per_rank_means_us": [
    4322.376550000051,
    4288.751300000015,
    4291.834890000033,
    4291.398599999923,
    4306.480989999813,
    4193.47820999981,
    4316.483520000069,
    4194.064819999923,
    4127.617829999935,
    4100.182329999917,
    4113.013040000055,
    4105.786959999946,
    4090.0677800000194,
    4107.300389999864,
    4201.247350000088,
    4259.164619999965
  ],
  "bandwidth_gbps": 0.7521772220999707
}