{
  "mpi_implementation": "openmpi",
  "operation": "broadcast",
  "num_ranks": 2,
  "data_size_name": "64KB",
  "num_elements": 16384,
  "dtype": "<class 'numpy.float16'>",
  "mean_time_us": 2.7988400000111824,
  "median_time_us": 2.751499999842366,
  "min_time_us": 2.5730000006163323,
  "max_time_us": 6.1969999993749525,
  "std_dev_us": 0.3589682219152736,
  "p95_time_us": 2.9452000002816447,
  "p99_time_us": 4.170719999807543,
  "load_imbalance_percent": 1.828257419555323,
  "per_rank_means_us": [
    2.850009999972869,
    2.747670000049496
  ],
  "bandwidth_gbps": 9.849145757004386
}