{
  "mpi_implementation": "openmpi",
  "operation": "reduce",
  "num_ranks": 16,
  "data_size_name": "16MB",
  "num_elements": 4194304,
  "dtype": "<class 'numpy.float16'>",
  "mean_time_us": 73389.42870437507,
  "median_time_us": 72437.77349999902,
  "min_time_us": 25669.423000003633,
  "max_time_us": 129722.82599999118,
  "std_dev_us": 24096.06098181563,
  "p95_time_us": 120121.94659998982,
  "p99_time_us": 123781.24618000833,
  "load_imbalance_percent": 66.33070042242221,
  "per_rank_means_us": [
    122069.15080000123,
    96369.70605999991,
    92739.42460999946,
    72627.63456000044,
    99862.65665000048,
    76054.8951100003,
    69358.82069999892,
    51092.6560899997,
    100552.82704999975,
    72493.22547000006,
    68680.57108000101,
    50631.622870000116,
    77683.74578000042,
    50907.482029999686,
    47120.91819999913,
    25985.522210000483
  ],
  "bandwidth_gbps": 0.9635929454698164
}