{
  "mpi_implementation": "openmpi",
  "operation": "allgather",
  "num_ranks": 16,
  "data_size_name": "1KB",
  "num_elements": 256,
  "dtype": "<class 'numpy.float16'>",
  "mean_time_us": 54.21621562500256,
  "median_time_us": 53.9169999989042,
  "min_time_us": 50.266000002352484,
  "max_time_us": 73.15300000243496,
  "std_dev_us": 2.153892430944,
  "p95_time_us": 57.04220000151138,
  "p99_time_us": 62.23519000062789,
  "load_imbalance_percent": 3.771628748770322,
  "per_rank_means_us": [
    53.18729000006073,
    54.29147000000967,
    53.57605000011034,
    53.584629999932076,
    55.218920000186245,
    53.62488999995918,
    53.83092000002421,
    54.62171000008453,
    52.91223000018164,
    53.73607999985097,
    54.903769999938845,
    54.62560000019323,
    55.57866999986061,
    53.18269999953884,
    54.323470000099405,
    56.26105000001047
  ],
  "bandwidth_gbps": 0.10429366575528069
}