{
  "mpi_implementation": "openmpi",
  "operation": "broadcast",
  "num_ranks": 16,
  "data_size_name": "16MB",
  "num_elements": 4194304,
  "dtype": "<class 'numpy.float16'>",
  "mean_time_us": 2287.2044943749256,
  "median_time_us": 2342.130499997097,
  "min_time_us": 1931.489000000397,
  "max_time_us": 2664.981000002342,
  "std_dev_us": 192.85391374356843,
  "p95_time_us": 2539.973049999489,
  "p99_time_us": 2613.5307800009855,
  "load_imbalance_percent": 9.70178251095768,
  "per_rank_means_us": [
    2289.8428400001335,
    2509.10410000003,
    2375.143989999557,
    2443.0188500004137,
    2306.9315300003977,
    2177.563289999682,
    1996.4193900001703,
    2199.467669999606,
    2289.0774599994756,
    2508.982579999568,
    2375.0041999999635,
    2443.4169299996,
    2306.7247400000924,
    2178.0845700001805,
    1996.8660200000697,
    2199.623749999873
  ],
  "bandwidth_gbps": 46.904649601588204
}