{
  "implementation": "openmpi",
  "operation": "broadcast",
  "num_ranks": 8,
  "hidden_dim": 4096,
  "seq_len": 2048,
  "batch": 8,
  "tensor_size_mb": 128.0,
  "num_elements": 67108864,
  "mean_time_ms": 44.80691458389629,
  "median_time_ms": 44.54711265861988,
  "min_time_ms": 44.14718970656395,
  "max_time_ms": 68.05903883650899
}