{
  "implementation": "openmpi",
  "operation": "broadcast",
  "num_ranks": 8,
  "hidden_dim": 2048,
  "seq_len": 8192,
  "batch": 16,
  "tensor_size_mb": 512.0,
  "num_elements": 268435456,
  "mean_time_ms": 176.67492305510677,
  "median_time_ms": 175.5082120653242,
  "min_time_ms": 175.2203367650509,
  "max_time_ms": 270.30475810170174
}