{
  "implementation": "openmpi",
  "operation": "broadcast",
  "num_ranks": 8,
  "hidden_dim": 4096,
  "seq_len": 8192,
  "batch": 32,
  "tensor_size_mb": 2048.0,
  "num_elements": 1073741824,
  "mean_time_ms": 703.8832175399875,
  "median_time_ms": 699.3794767186046,
  "min_time_ms": 698.9565500989556,
  "max_time_ms": 1082.8363858163357
}