{
  "implementation": "openmpi",
  "operation": "broadcast",
  "num_ranks": 8,
  "hidden_dim": 4096,
  "seq_len": 1,
  "batch": 32,
  "tensor_size_mb": 0.25,
  "num_elements": 131072,
  "mean_time_ms": 0.18575497495476156,
  "median_time_ms": 0.1861616037786007,
  "min_time_ms": 0.14291564002633095,
  "max_time_ms": 0.2449890598654747
}