{
  "implementation": "openmpi",
  "operation": "broadcast",
  "num_ranks": 4,
  "hidden_dim": 4096,
  "seq_len": 4096,
  "batch": 8,
  "tensor_size_mb": 256.0,
  "num_elements": 134217728,
  "mean_time_ms": 169.47716155205853,
  "median_time_ms": 223.29513332806528,
  "min_time_ms": 75.72075026109815,
  "max_time_ms": 341.7459260672331
}