{
  "implementation": "openmpi",
  "operation": "broadcast",
  "num_ranks": 8,
  "hidden_dim": 2048,
  "seq_len": 8192,
  "batch": 1,
  "tensor_size_mb": 32.0,
  "num_elements": 16777216,
  "mean_time_ms": 8.978430036804639,
  "median_time_ms": 8.894555503502488,
  "min_time_ms": 8.628984913229942,
  "max_time_ms": 17.24811177700758
}