{
  "implementation": "openmpi",
  "operation": "allgather",
  "num_ranks": 4,
  "hidden_dim": 4096,
  "seq_len": 2048,
  "batch": 8,
  "tensor_size_mb": 128.0,
  "num_elements": 67108864,
  "mean_time_ms": 1361.3435764715541,
  "median_time_ms": 1361.7081232368946,
  "min_time_ms": 1295.9447028115392,
  "max_time_ms": 1382.349933963269
}