{
  "implementation": "openmpi",
  "operation": "allgather",
  "num_ranks": 8,
  "hidden_dim": 4096,
  "seq_len": 1,
  "batch": 32,
  "tensor_size_mb": 0.25,
  "num_elements": 131072,
  "mean_time_ms": 1.0702578804921359,
  "median_time_ms": 1.0869619436562061,
  "min_time_ms": 0.8756681345403194,
  "max_time_ms": 1.2177866883575916
}