{
  "implementation": "openmpi",
  "operation": "allreduce",
  "num_ranks": 8,
  "hidden_dim": 4096,
  "seq_len": 1,
  "batch": 1,
  "tensor_size_mb": 0.0078,
  "num_elements": 4096,
  "mean_time_ms": 0.06529136328026652,
  "median_time_ms": 0.06491155363619328,
  "min_time_ms": 0.057208817452192307,
  "max_time_ms": 0.08152797818183899
}