{
  "implementation": "openmpi",
  "operation": "allgather",
  "num_ranks": 16,
  "hidden_dim": 2048,
  "seq_len": 2048,
  "batch": 8,
  "tensor_size_mb": 64.0,
  "num_elements": 33554432,
  "mean_time_ms": 3440.2989913642523,
  "median_time_ms": 3465.0030387565494,
  "min_time_ms": 2768.5533766634762,
  "max_time_ms": 3659.6432202495635
}