{
  "implementation": "openmpi",
  "operation": "allreduce",
  "num_ranks": 8,
  "hidden_dim": 2048,
  "seq_len": 4096,
  "batch": 1,
  "tensor_size_mb": 16.0,
  "num_elements": 8388608,
  "mean_time_ms": 228.30033304402605,
  "median_time_ms": 228.47947338595986,
  "min_time_ms": 222.87341905757785,
  "max_time_ms": 231.78004520013928
}