{
  "implementation": "openmpi",
  "operation": "broadcast",
  "num_ranks": 4,
  "hidden_dim": 2048,
  "seq_len": 8192,
  "batch": 16,
  "tensor_size_mb": 512.0,
  "num_elements": 268435456,
  "mean_time_ms": 342.77190897613764,
  "median_time_ms": 452.4829883594066,
  "min_time_ms": 152.37371902912855,
  "max_time_ms": 684.9091779440641
}