{
  "implementation": "openmpi",
  "operation": "allreduce",
  "num_ranks": 8,
  "hidden_dim": 4096,
  "seq_len": 4096,
  "batch": 16,
  "tensor_size_mb": 512.0,
  "num_elements": 268435456,
  "mean_time_ms": 7776.336652540485,
  "median_time_ms": 7778.188082855195,
  "min_time_ms": 7630.185938905925,
  "max_time_ms": 7817.577082198113
}