{
  "implementation": "openmpi",
  "operation": "allgather",
  "num_ranks": 16,
  "hidden_dim": 2048,
  "seq_len": 1,
  "batch": 1,
  "tensor_size_mb": 0.0039,
  "num_elements": 2048,
  "mean_time_ms": 0.10051372839370742,
  "median_time_ms": 0.09298091754317284,
  "min_time_ms": 0.07478613406419754,
  "max_time_ms": 0.349435955286026
}