{
  "implementation": "openmpi",
  "operation": "broadcast",
  "num_ranks": 8,
  "hidden_dim": 2048,
  "seq_len": 1,
  "batch": 32,
  "tensor_size_mb": 0.125,
  "num_elements": 65536,
  "mean_time_ms": 0.09201225358992815,
  "median_time_ms": 0.09263865649700165,
  "min_time_ms": 0.05112215876579285,
  "max_time_ms": 0.11800695210695267
}