{
  "implementation": "openmpi",
  "operation": "allgather",
  "num_ranks": 16,
  "hidden_dim": 4096,
  "seq_len": 1,
  "batch": 32,
  "tensor_size_mb": 0.25,
  "num_elements": 131072,
  "mean_time_ms": 3.7526727851945907,
  "median_time_ms": 3.7529754918068647,
  "min_time_ms": 3.406137228012085,
  "max_time_ms": 4.270232282578945
}