{
  "implementation": "openmpi",
  "operation": "allreduce",
  "num_ranks": 4,
  "hidden_dim": 2048,
  "seq_len": 1,
  "batch": 32,
  "tensor_size_mb": 0.125,
  "num_elements": 65536,
  "mean_time_ms": 0.24499749764800072,
  "median_time_ms": 0.24475157260894775,
  "min_time_ms": 0.2284063957631588,
  "max_time_ms": 0.28378190472722054
}