{
  "implementation": "openmpi",
  "operation": "broadcast",
  "num_ranks": 4,
  "hidden_dim": 2048,
  "seq_len": 4096,
  "batch": 1,
  "tensor_size_mb": 16.0,
  "num_elements": 8388608,
  "mean_time_ms": 6.797600704012439,
  "median_time_ms": 8.847418008372188,
  "min_time_ms": 3.0668778344988823,
  "max_time_ms": 18.196094781160355
}