{
  "implementation": "openmpi",
  "operation": "allgather",
  "num_ranks": 4,
  "hidden_dim": 2048,
  "seq_len": 8192,
  "batch": 1,
  "tensor_size_mb": 32.0,
  "num_elements": 16777216,
  "mean_time_ms": 327.20126468106173,
  "median_time_ms": 327.1390392910689,
  "min_time_ms": 313.6836690828204,
  "max_time_ms": 334.6761972643435
}