{
  "implementation": "openmpi",
  "operation": "allgather",
  "num_ranks": 16,
  "hidden_dim": 2048,
  "seq_len": 4096,
  "batch": 1,
  "tensor_size_mb": 16.0,
  "num_elements": 8388608,
  "mean_time_ms": 827.3963780232589,
  "median_time_ms": 835.4003848508,
  "min_time_ms": 677.8569538146257,
  "max_time_ms": 871.6736980713904
}