{
  "implementation": "openmpi",
  "operation": "broadcast",
  "num_ranks": 8,
  "hidden_dim": 4096,
  "seq_len": 4096,
  "batch": 1,
  "tensor_size_mb": 32.0,
  "num_elements": 16777216,
  "mean_time_ms": 8.948262551566586,
  "median_time_ms": 8.872403530403972,
  "min_time_ms": 8.165203034877777,
  "max_time_ms": 17.361929640173912
}