{
  "implementation": "openmpi",
  "operation": "broadcast",
  "num_ranks": 4,
  "hidden_dim": 4096,
  "seq_len": 8192,
  "batch": 32,
  "tensor_size_mb": 2048.0,
  "num_elements": 1073741824,
  "mean_time_ms": 1380.4458270501345,
  "median_time_ms": 1827.277607517317,
  "min_time_ms": 613.1988032720983,
  "max_time_ms": 2735.6589739210904
}