{
  "implementation": "openmpi",
  "operation": "allreduce",
  "num_ranks": 4,
  "hidden_dim": 2048,
  "seq_len": 2048,
  "batch": 16,
  "tensor_size_mb": 128.0,
  "num_elements": 67108864,
  "mean_time_ms": 1538.8665907410905,
  "median_time_ms": 1564.804907888174,
  "min_time_ms": 1410.4599100537598,
  "max_time_ms": 1628.6931838840246
}