{
  "implementation": "openmpi",
  "operation": "allreduce",
  "num_ranks": 16,
  "hidden_dim": 4096,
  "seq_len": 1,
  "batch": 16,
  "tensor_size_mb": 0.125,
  "num_elements": 65536,
  "mean_time_ms": 0.4329356816015206,
  "median_time_ms": 0.4336161073297262,
  "min_time_ms": 0.35093165934085846,
  "max_time_ms": 0.5239676684141159
}