{
  "implementation": "openmpi",
  "operation": "broadcast",
  "num_ranks": 4,
  "hidden_dim": 4096,
  "seq_len": 2048,
  "batch": 16,
  "tensor_size_mb": 256.0,
  "num_elements": 134217728,
  "mean_time_ms": 169.5369378104806,
  "median_time_ms": 223.3687259722501,
  "min_time_ms": 75.6420623511076,
  "max_time_ms": 341.86295606195927
}