{
  "implementation": "openmpi",
  "operation": "broadcast",
  "num_ranks": 4,
  "hidden_dim": 2048,
  "seq_len": 2048,
  "batch": 32,
  "tensor_size_mb": 256.0,
  "num_elements": 134217728,
  "mean_time_ms": 169.38169279601425,
  "median_time_ms": 223.2815627939999,
  "min_time_ms": 75.65546128898859,
  "max_time_ms": 341.94816183298826
}