{
  "implementation": "openmpi",
  "operation": "allreduce",
  "num_ranks": 8,
  "hidden_dim": 2048,
  "seq_len": 8192,
  "batch": 16,
  "tensor_size_mb": 512.0,
  "num_elements": 268435456,
  "mean_time_ms": 7781.093183556804,
  "median_time_ms": 7782.168708508834,
  "min_time_ms": 7649.918564595282,
  "max_time_ms": 7815.821529831737
}