{
  "implementation": "openmpi",
  "operation": "allreduce",
  "num_ranks": 4,
  "hidden_dim": 4096,
  "seq_len": 2048,
  "batch": 32,
  "tensor_size_mb": 512.0,
  "num_elements": 268435456,
  "mean_time_ms": 6172.795130505692,
  "median_time_ms": 6254.755398957059,
  "min_time_ms": 5661.574797704816,
  "max_time_ms": 6476.048795040697
}