{
  "implementation": "openmpi",
  "operation": "allreduce",
  "num_ranks": 8,
  "hidden_dim": 4096,
  "seq_len": 1,
  "batch": 8,
  "tensor_size_mb": 0.0625,
  "num_elements": 32768,
  "mean_time_ms": 0.1834688987582922,
  "median_time_ms": 0.1845969818532467,
  "min_time_ms": 0.14576222747564316,
  "max_time_ms": 0.20127277821302414
}