{
  "implementation": "openmpi",
  "operation": "broadcast",
  "num_ranks": 4,
  "hidden_dim": 4096,
  "seq_len": 8192,
  "batch": 8,
  "tensor_size_mb": 512.0,
  "num_elements": 268435456,
  "mean_time_ms": 342.4325502756983,
  "median_time_ms": 452.3900863714516,
  "min_time_ms": 152.46272180229425,
  "max_time_ms": 684.36867184937
}