{
  "implementation": "openmpi",
  "operation": "allreduce",
  "num_ranks": 8,
  "hidden_dim": 2048,
  "seq_len": 2048,
  "batch": 8,
  "tensor_size_mb": 64.0,
  "num_elements": 33554432,
  "mean_time_ms": 960.9492979705101,
  "median_time_ms": 961.139629362151,
  "min_time_ms": 947.0996996387839,
  "max_time_ms": 972.8429857641459
}