{
  "implementation": "openmpi",
  "operation": "allreduce",
  "num_ranks": 4,
  "hidden_dim": 2048,
  "seq_len": 8192,
  "batch": 16,
  "tensor_size_mb": 512.0,
  "num_elements": 268435456,
  "mean_time_ms": 6172.1989223663695,
  "median_time_ms": 6250.954163493589,
  "min_time_ms": 5657.804268877953,
  "max_time_ms": 6472.132682334632
}