{
  "implementation": "openmpi",
  "operation": "allreduce",
  "num_ranks": 4,
  "hidden_dim": 4096,
  "seq_len": 8192,
  "batch": 8,
  "tensor_size_mb": 512.0,
  "num_elements": 268435456,
  "mean_time_ms": 6159.261190795805,
  "median_time_ms": 6236.5004871971905,
  "min_time_ms": 5639.420312829316,
  "max_time_ms": 6470.6586939282715
}