{
  "implementation": "openmpi",
  "operation": "allreduce",
  "num_ranks": 8,
  "hidden_dim": 4096,
  "seq_len": 2048,
  "batch": 8,
  "tensor_size_mb": 128.0,
  "num_elements": 67108864,
  "mean_time_ms": 1924.001768694725,
  "median_time_ms": 1924.4056320749223,
  "min_time_ms": 1891.2295079790056,
  "max_time_ms": 1949.611309915781
}