{
  "implementation": "openmpi",
  "operation": "allreduce",
  "num_ranks": 4,
  "hidden_dim": 4096,
  "seq_len": 2048,
  "batch": 8,
  "tensor_size_mb": 128.0,
  "num_elements": 67108864,
  "mean_time_ms": 1521.6981294075958,
  "median_time_ms": 1542.344728950411,
  "min_time_ms": 1392.5265045836568,
  "max_time_ms": 1605.3229528479278
}