{
  "implementation": "openmpi",
  "operation": "broadcast",
  "num_ranks": 4,
  "hidden_dim": 2048,
  "seq_len": 2048,
  "batch": 1,
  "tensor_size_mb": 8.0,
  "num_elements": 4194304,
  "mean_time_ms": 2.578573164064437,
  "median_time_ms": 3.4228155855089426,
  "min_time_ms": 1.0691280476748943,
  "max_time_ms": 7.78193911537528
}