{
  "implementation": "openmpi",
  "operation": "broadcast",
  "num_ranks": 8,
  "hidden_dim": 4096,
  "seq_len": 1,
  "batch": 16,
  "tensor_size_mb": 0.125,
  "num_elements": 65536,
  "mean_time_ms": 0.09416523273102939,
  "median_time_ms": 0.09487033821642399,
  "min_time_ms": 0.05957484245300293,
  "max_time_ms": 0.12602424249053001
}