{
  "implementation": "openmpi",
  "operation": "allreduce",
  "num_ranks": 16,
  "hidden_dim": 2048,
  "seq_len": 1,
  "batch": 16,
  "tensor_size_mb": 0.0625,
  "num_elements": 32768,
  "mean_time_ms": 0.23293085861951113,
  "median_time_ms": 0.2319621853530407,
  "min_time_ms": 0.18993113189935684,
  "max_time_ms": 0.29676174744963646
}