{
  "implementation": "deepspeed_oneccl",
  "backend": "ccl",
  "operation": "allreduce",
  "num_ranks": 4,
  "tensor_shape": {
    "batch": 16,
    "seq_len": 4096,
    "hidden_dim": 2048
  },
  "num_elements": 134217728,
  "tensor_size_bytes": 268435456,
  "tensor_size_mb": 256.0,
  "dtype": "bfloat16",
  "warmup_iterations": 10,
  "measurement_iterations": 100,
  "timing_method": "time.perf_counter()",
  "timings": [
    [
      0.18122469028458,
      0.18308260897174478,
      0.18459921889007092,
      0.18432812159880996,
      0.17822303902357817,
      0.18201948469504714,
      0.18471727520227432,
      0.18069464527070522,
      0.1833420698530972,
      0.18435146706178784,
      0.1827251841314137,
      0.18196181813254952,
      0.18272191565483809,
      0.18453357042744756,
      0.18148926319554448,
      0.17926502088084817,
      0.18456661235541105,
      0.1845349706709385,
      0.17873108619824052,
      0.1822747327387333,
      0.18341770535334945,
      0.1837919349782169,
      0.18053019093349576,
      0.18429009802639484,
      0.1820852579548955,
      0.1789638469927013,
      0.18404404958710074,
      0.18324765423312783,
      0.18390031484887004,
      0.1811013617552817,
      0.18425997579470277,
      0.1839435207657516,
      0.18054421013221145,
      0.18485156912356615,
      0.18438163539394736,
      0.18502013804391026,
      0.1820343709550798,
      0.1836639828979969,
      0.18365188129246235,
      0.18148831464350224,
      0.1843665069900453,
      0.18458906980231404,
      0.18470983486622572,
      0.1832884601317346,
      0.1853897450491786,
      0.18475504405796528,
      0.18216468812897801,
      0.1811795337125659,
      0.18387304805219173,
      0.18465508287772536,
      0.18315201997756958,
      0.18531282478943467,
      0.1840269286185503,
      0.18349413573741913,
      0.18073845002800226,
      0.18224080512300134,
      0.18416889617219567,
      0.18179078307002783,
      0.18502318486571312,
      0.18494250439107418,
      0.18417368223890662,
      0.17852832190692425,
      0.18189840437844396,
      0.18473179172724485,
      0.17935845302417874,
      0.18463230412453413,
      0.184669132810086,
      0.1851612301543355,
      0.18113844795152545,
      0.18151047825813293,
      0.184503979049623,
      0.1815214422531426,
      0.18462709663435817,
      0.18496142979711294,
      0.18356653535738587,
      0.18167508812621236,
      0.18629404716193676,
      0.18622959312051535,
      0.18158330209553242,
      0.18650205386802554,
      0.18613495212048292,
      0.1844868203625083,
      0.182876359205693,
      0.18317683786153793,
      0.18423803010955453,
      0.18196519603952765,
      0.17962141567841172,
      0.18442288786172867,
      0.1853112457320094,
      0.17893509287387133,
      0.18356591509655118,
      0.18501706281676888,
      0.1824727109633386,
      0.18018042435869575,
      0.18511362513527274,
      0.18276713695377111,
      0.180164803750813,
      0.183393026702106,
      0.1848261416889727,
      0.18411557795479894
    ],
    [
      0.18122023018077016,
      0.1831333371810615,
      0.18464799411594868,
      0.1843675901181996,
      0.17816036427393556,
      0.1820567948743701,
      0.1847773208282888,
      0.18071258999407291,
      0.18338640872389078,
      0.1843926147557795,
      0.18276087287813425,
      0.18196520116180182,
      0.18276549503207207,
      0.18447044491767883,
      0.18151494208723307,
      0.17928911140188575,
      0.18461540201678872,
      0.18457311298698187,
      0.17879814002662897,
      0.1823148401454091,
      0.18346096435561776,
      0.18381954077631235,
      0.18050962686538696,
      0.18434221018105745,
      0.18203694326803088,
      0.178990273270756,
      0.18407824309542775,
      0.18330669403076172,
      0.18391289887949824,
      0.18112272676080465,
      0.18417299119755626,
      0.18400187464430928,
      0.1805646331049502,
      0.18488733191043139,
      0.18442724319174886,
      0.18505938863381743,
      0.18207595078274608,
      0.18369746999815106,
      0.18358352920040488,
      0.18154655676335096,
      0.18441608594730496,
      0.18464518385007977,
      0.1847712267190218,
      0.18332958314567804,
      0.18543848302215338,
      0.18479766696691513,
      0.1822059592232108,
      0.181180187035352,
      0.18390159588307142,
      0.18468181183561683,
      0.18318055104464293,
      0.18524996237829328,
      0.18407231895253062,
      0.1833666553720832,
      0.18076417315751314,
      0.18224699376150966,
      0.18419770523905754,
      0.18181329686194658,
      0.18506716284900904,
      0.185008330270648,
      0.18410492595285177,
      0.17846187576651573,
      0.18193379184231162,
      0.18466393603011966,
      0.1792725077830255,
      0.18468056432902813,
      0.18458185717463493,
      0.18518227199092507,
      0.18113935366272926,
      0.18155365204438567,
      0.18456782307475805,
      0.1815506829880178,
      0.1846689758822322,
      0.18498292565345764,
      0.18361857905983925,
      0.18171601416543126,
      0.18632750399410725,
      0.18627585703507066,
      0.18162238411605358,
      0.18656367808580399,
      0.1861736117862165,
      0.18453401187434793,
      0.1829082858748734,
      0.18323443783447146,
      0.18428180180490017,
      0.18197817541658878,
      0.1796469478867948,
      0.18440777203068137,
      0.1852290271781385,
      0.1789916972629726,
      0.18362522032111883,
      0.18507885839790106,
      0.18249058770015836,
      0.18019363516941667,
      0.18518338026478887,
      0.1828057891689241,
      0.18018864002078772,
      0.18342469865456223,
      0.18490613205358386,
      0.1841243919916451
    ],
    [
      0.18122850777581334,
      0.1831215787678957,
      0.1846286728978157,
      0.18436506669968367,
      0.17820637486875057,
      0.1820672801695764,
      0.18475004704669118,
      0.1807170668616891,
      0.1833757241256535,
      0.1843712623231113,
      0.1827422259375453,
      0.18198071792721748,
      0.18275511683896184,
      0.18451262079179287,
      0.18152837501838803,
      0.17929164925590158,
      0.18460429878905416,
      0.18453077133744955,
      0.17876739567145705,
      0.18231136864051223,
      0.18341703806072474,
      0.18381674634292722,
      0.18052187887951732,
      0.18430952727794647,
      0.1820532432757318,
      0.1790024940855801,
      0.18405881524085999,
      0.18328100815415382,
      0.18393989140167832,
      0.18113286793231964,
      0.18422579020261765,
      0.1839935570023954,
      0.18062253016978502,
      0.18486933084204793,
      0.18440765282139182,
      0.18501465395092964,
      0.18206031434237957,
      0.1836557020433247,
      0.18360866885632277,
      0.18155127204954624,
      0.1843704846687615,
      0.18460083240643144,
      0.18472392624244094,
      0.1833370621316135,
      0.1853893450461328,
      0.18475459096953273,
      0.18216514214873314,
      0.18119162926450372,
      0.18388996925204992,
      0.18467236682772636,
      0.1831866316497326,
      0.18525526905432343,
      0.18403942696750164,
      0.18342838436365128,
      0.18076401390135288,
      0.18227372784167528,
      0.18417569482699037,
      0.18179092509672046,
      0.18502746196463704,
      0.18497732281684875,
      0.18414781987667084,
      0.17846808908507228,
      0.1819391013123095,
      0.18470307532697916,
      0.1793174808844924,
      0.18464707396924496,
      0.1846309150569141,
      0.18516966793686152,
      0.18113898392766714,
      0.18154777400195599,
      0.18451944505795836,
      0.18155437102541327,
      0.1846575099043548,
      0.18498603999614716,
      0.18357913522049785,
      0.18168738530948758,
      0.1862919689156115,
      0.1862431732006371,
      0.18161176797002554,
      0.18653595773503184,
      0.18613057816401124,
      0.18452059710398316,
