{
  "implementation": "deepspeed_oneccl",
  "backend": "ccl",
  "operation": "allreduce",
  "num_ranks": 4,
  "tensor_shape": {
    "batch": 8,
    "seq_len": 4096,
    "hidden_dim": 2048
  },
  "num_elements": 67108864,
  "tensor_size_bytes": 134217728,
  "tensor_size_mb": 128.0,
  "dtype": "bfloat16",
  "warmup_iterations": 10,
  "measurement_iterations": 100,
  "timing_method": "time.perf_counter()",
  "timings": [
    [
      0.10171943111345172,
      0.10258498834446073,
      0.10187686886638403,
      0.10227406537160277,
      0.10130628803744912,
      0.10176439769566059,
      0.1011832756921649,
      0.10223738104104996,
      0.1005998426117003,
      0.10114198084920645,
      0.10149603709578514,
      0.10175881395116448,
      0.10185948107391596,
      0.10174118913710117,
      0.10070111369714141,
      0.10264070704579353,
      0.10209640022367239,
      0.10133279161527753,
      0.10164837818592787,
      0.10193597199395299,
      0.10152619611471891,
      0.10171147156506777,
      0.10222326405346394,
      0.1021626265719533,
      0.10167134180665016,
      0.10212678695097566,
      0.1014608503319323,
      0.10119826626032591,
      0.10189269110560417,
      0.10061297612264752,
      0.1016922420822084,
      0.10195509530603886,
      0.1022375337779522,
      0.10211828490719199,
      0.10157914273440838,
      0.10208697291091084,
      0.10226969607174397,
      0.1013115681707859,
      0.10170140210539103,
      0.10189857799559832,
      0.10193563625216484,
      0.10192384105175734,
      0.10217965487390757,
      0.10150278266519308,
      0.10217083292081952,
      0.10077022528275847,
      0.10201646527275443,
      0.10110073210671544,
      0.10163690289482474,
      0.10162125388160348,
      0.10168101685121655,
      0.10195729322731495,
      0.10205588024109602,
      0.10204359609633684,
      0.10160629916936159,
      0.10202098498120904,
      0.10204715002328157,
      0.10269231488928199,
      0.1007607220672071,
      0.10167019627988338,
      0.10093915369361639,
      0.10233438014984131,
      0.10227492498233914,
      0.10163923492655158,
      0.102639090269804,
      0.10221023205667734,
      0.10186049295589328,
      0.10182961216196418,
      0.10193577688187361,
      0.10276988800615072,
      0.10094473091885448,
      0.10195975797250867,
      0.10207684524357319,
      0.10212109284475446,
      0.10201536631211638,
      0.1021531829610467,
      0.10234800586476922,
      0.10157414013519883,
      0.10099878208711743,
      0.1016494631767273,
      0.10259026288986206,
      0.10141838900744915,
      0.10234418231993914,
      0.10129434568807483,
      0.10145708778873086,
      0.10219564707949758,
      0.10071314498782158,
      0.1023447709158063,
      0.10265040397644043,
      0.10226888628676534,
      0.10239477222785354,
      0.10241409903392196,
      0.10282505862414837,
      0.10188801400363445,
      0.10231379605829716,
      0.10295346705242991,
      0.10122098680585623,
      0.10127538489177823,
      0.10216716770082712,
      0.10069163981825113
    ],
    [
      0.10177590185776353,
      0.10260358173400164,
      0.10189160890877247,
      0.10230364976450801,
      0.10127629898488522,
      0.10184297477826476,
      0.10123011702671647,
      0.10226126806810498,
      0.10063663776963949,
      0.10118783405050635,
      0.10156177543103695,
      0.10173088777810335,
      0.10185382002964616,
      0.10180272767320275,
      0.10072672786191106,
      0.10260172886773944,
      0.10213624592870474,
      0.1013526157476008,
      0.10161203518509865,
      0.10200670687481761,
      0.10151941189542413,
      0.10167108662426472,
      0.10219941893592477,
      0.10221972782164812,
      0.10170787014067173,
      0.10210445104166865,
      0.10135443834587932,
      0.10104173934087157,
      0.10186069598421454,
      0.10066691506654024,
      0.101662483997643,
      0.10196535289287567,
      0.10222657909616828,
      0.10215746005997062,
      0.10163357621058822,
      0.10216028429567814,
      0.10217552399262786,
      0.10137720499187708,
      0.10176025098189712,
      0.10194494901224971,
      0.10191859491169453,
      0.10195437725633383,
      0.10206339880824089,
      0.10155971813946962,
      0.10222144424915314,
      0.10083288280293345,
      0.10207510692998767,
      0.10116501292213798,
      0.10170599492266774,
      0.10167922079563141,
      0.10163425374776125,
      0.10201623337343335,
      0.10212422395125031,
      0.10189891001209617,
      0.10166910383850336,
      0.10201213229447603,
      0.10210065543651581,
      0.10257051605731249,
      0.10076133301481605,
      0.10166353080421686,
      0.10093193501234055,
      0.10238024173304439,
      0.1023074840195477,
      0.10165452491492033,
      0.10267552267760038,
      0.10227666003629565,
      0.10183648765087128,
      0.10184752801433206,
      0.10200047492980957,
      0.10284167900681496,
      0.10096900491043925,
      0.10200392454862595,
      0.10209013288840652,
      0.10219310410320759,
      0.10204168688505888,
      0.10217694658786058,
      0.10221535805612803,
      0.10157929873093963,
      0.10105135105550289,
      0.10163319855928421,
      0.10257982509210706,
      0.1014433722011745,
      0.10221510287374258,
      0.10118641192093492,
      0.10135050909593701,
      0.10220437496900558,
      0.10075795510783792,
      0.10236510029062629,
      0.10265860194340348,
      0.10230081528425217,
      0.10245724115520716,
      0.10247288597747684,
      0.10288985399529338,
      0.10189419612288475,
      0.10236578900367022,
      0.10303179081529379,
      0.10118387686088681,
      0.10132817272096872,
      0.10224049212411046,
      0.1007437058724463
    ],
    [
      0.10172655014321208,
      0.10259649716317654,
      0.10189936123788357,
      0.10228713788092136,
      0.10131124826148152,
      0.10178716899827123,
      0.10119012696668506,
      0.10225053317844868,
      0.10061618266627192,
      0.10116081405431032,
      0.1015198496170342,
      0.1017516409046948,
      0.10183987393975258,
      0.10175997065380216,
      0.10071156220510602,
      0.10260601667687297,
      0.10210259491577744,
      0.10132519109174609,
      0.10158783895894885,
      0.1019500968977809,
      0.1015135613270104,
      0.10170687083154917,
      0.10217141592875123,
      0.10217932797968388,
      0.10166162997484207,
      0.10213573882356286,
      0.1013885228894651,
      0.10113305831328034,
      0.10187219921499491,
      0.10064201802015305,
      0.1016885582357645,
      0.10194116178900003,
      0.10222213296219707,
      0.10212379088625312,
      0.10158983431756496,
      0.10209593223407865,
      0.10218220530077815,
      0.10135512799024582,
      0.10173458512872458,
      0.10189365316182375,
      0.10194314084947109,
      0.10192755796015263,
      0.10210643988102674,
      0.10151609312742949,
      0.10218515200540423,
      0.10079555679112673,
      0.10201798193156719,
      0.10113836685195565,
      0.10162120731547475,
      0.10163783235475421,
      0.10167742520570755,
      0.10195311391726136,
      0.1020849859341979,
      0.10198194021359086,
      0.10163986636325717,
      0.1020432491786778,
      0.10204251110553741,
      0.10260439524427056,
      0.10081832809373736,
      0.10166941583156586,
      0.10094191413372755,
      0.1023330120369792,
      0.10227418504655361,
      0.10165054397657514,
      0.10263428185135126,
      0.10222046077251434,
      0.10187512636184692,
      0.10181517619639635,
      0.10195186221972108,
      0.10279480181634426,
      0.10097770998254418,
      0.10194904636591673,
      0.1020820620469749,
      0.10215542372316122,
      0.1020119828172028,
      0.10216713510453701,
      0.10228731483221054,
      0.10156048415228724,
      0.10101975779980421,
      0.10164982406422496,
