{
  "implementation": "deepspeed_oneccl",
  "backend": "ccl",
  "operation": "allreduce",
  "num_ranks": 4,
  "tensor_shape": {
    "batch": 8,
    "seq_len": 2048,
    "hidden_dim": 4096
  },
  "num_elements": 67108864,
  "tensor_size_bytes": 134217728,
  "tensor_size_mb": 128.0,
  "dtype": "bfloat16",
  "warmup_iterations": 10,
  "measurement_iterations": 100,
  "timing_method": "time.perf_counter()",
  "timings": [
    [
      0.10088803805410862,
      0.10201292019337416,
      0.10156172793358564,
      0.10096272174268961,
      0.10179190104827285,
      0.1014501960016787,
      0.10154473688453436,
      0.101880949921906,
      0.10216046776622534,
      0.10145863285288215,
      0.10190409887582064,
      0.10207123542204499,
      0.10192358819767833,
      0.10144671518355608,
      0.10207551624625921,
      0.10125277796760201,
      0.10142090218141675,
      0.10179214691743255,
      0.10153687605634332,
      0.10225832276046276,
      0.10192383080720901,
      0.10140587203204632,
      0.10208003874868155,
      0.10133853508159518,
      0.10191156528890133,
      0.10198782896623015,
      0.10235610604286194,
      0.1019501849077642,
      0.10145337413996458,
      0.10203424794599414,
      0.1022867071442306,
      0.10218928381800652,
      0.10155346989631653,
      0.10196285927668214,
      0.10227918019518256,
      0.10207418957725167,
      0.10171556193381548,
      0.10213210107758641,
      0.10225527128204703,
      0.10227750008925796,
      0.10161338560283184,
      0.10161054693162441,
      0.10177922016009688,
      0.10213119629770517,
      0.10202456498518586,
      0.10199065087363124,
      0.10069899074733257,
      0.10141004901379347,
      0.1018820870667696,
      0.10177361080422997,
      0.10206275107339025,
      0.10178195498883724,
      0.1015257858671248,
      0.10138849215582013,
      0.10183817613869905,
      0.10206873808056116,
      0.10213736305013299,
      0.1020566588267684,
      0.10200183093547821,
      0.10215585585683584,
      0.10115671716630459,
      0.10057888878509402,
      0.10149711975827813,
      0.10195909813046455,
      0.10223886510357261,
      0.10233236476778984,
      0.1018219031393528,
      0.10177805600687861,
      0.10193528421223164,
      0.10187564184889197,
      0.10256873071193695,
      0.10209797089919448,
      0.10125658195465803,
      0.10225067287683487,
      0.1023179772309959,
      0.10249130101874471,
      0.1024937592446804,
      0.10149578610435128,
      0.10204375581815839,
      0.10245756572112441,
      0.10194138810038567,
      0.10193504113703966,
      0.10326300794258714,
      0.10134879220277071,
      0.10200260579586029,
      0.10197961516678333,
      0.10216913977637887,
      0.10180785227566957,
      0.10218172986060381,
      0.10173092782497406,
      0.1023816792294383,
      0.1021002302877605,
      0.10244209971278906,
      0.10244559589773417,
      0.10234193596988916,
      0.10234530596062541,
      0.10350192384794354,
      0.10420879162847996,
      0.10347085911780596,
      0.10135263297706842
    ],
    [
      0.1009554909542203,
      0.10205138009041548,
      0.10159011697396636,
      0.10101860715076327,
      0.1018288810737431,
      0.1014603297226131,
      0.10157678415998816,
      0.10194304911419749,
      0.10219644010066986,
      0.10149061307311058,
      0.10193120874464512,
      0.10208064876496792,
      0.10196461901068687,
      0.10147771798074245,
      0.10209164908155799,
      0.10129192704334855,
      0.10145209729671478,
      0.1018577073700726,
      0.10157841118052602,
      0.10230535687878728,
      0.10199119476601481,
      0.10143958497792482,
      0.10209191869944334,
      0.10134552465751767,
      0.1019527530297637,
      0.10200020112097263,
      0.10245219897478819,
      0.10197215108200908,
      0.101461929269135,
      0.10206553991883993,
      0.10231992928311229,
      0.10222851717844605,
      0.10158278374001384,
      0.1019797851331532,
      0.10233619902282953,
      0.10212082928046584,
      0.10176581796258688,
      0.10216693114489317,
      0.10233897436410189,
      0.10231670783832669,
      0.10165728302672505,
      0.10162611305713654,
      0.101916688028723,
      0.1021640719845891,
      0.10205856896936893,
      0.10203423071652651,
      0.10070960829034448,
      0.10143564082682133,
      0.10186397796496749,
      0.1018305872566998,
      0.10201652627438307,
      0.10180363710969687,
      0.10154017992317677,
      0.10140670416876674,
      0.10185320302844048,
      0.10210490087047219,
      0.10214371886104345,
      0.10199878830462694,
      0.10208051325753331,
      0.10219211503863335,
      0.10117544792592525,
      0.10062838485464454,
      0.1015143790282309,
      0.10202795406803489,
      0.10227218689396977,
      0.10235525108873844,
      0.10183861898258328,
      0.10180212138220668,
      0.10200839536264539,
      0.10189907113090158,
      0.1025597988627851,
      0.10216657863929868,
      0.1013070261105895,
      0.1022518128156662,
      0.10234774695709348,
      0.10253731906414032,
      0.10251296637579799,
      0.10149615677073598,
      0.1020708461292088,
      0.10251086624339223,
      0.10198486596345901,
      0.10200231894850731,
      0.10334631195291877,
      0.10137552535161376,
      0.10203383769840002,
      0.10201285500079393,
      0.1022063298150897,
      0.101856823079288,
      0.1022089347243309,
      0.10176486801356077,
      0.10241319518536329,
      0.1021265760064125,
      0.10248691728338599,
      0.10246910387650132,
      0.10236660065129399,
      0.10238065104931593,
      0.10352248605340719,
      0.10423510987311602,
      0.1035281578078866,
      0.10138687491416931
    ],
    [
      0.10090966476127505,
      0.10204496514052153,
      0.10159272002056241,
      0.10100391414016485,
      0.10181031562387943,
      0.10148097667843103,
      0.1015776521526277,
      0.1019433462060988,
      0.10218789894133806,
      0.10150301922112703,
      0.1019267407245934,
      0.10206380393356085,
      0.10195400519296527,
      0.10146428272128105,
      0.102096077054739,
      0.10127885406836867,
      0.10145207494497299,
      0.10185355832800269,
      0.10157175594940782,
      0.10230394592508674,
      0.10198509367182851,
      0.10143449902534485,
      0.10207797214388847,
      0.10134124010801315,
      0.10194785427302122,
      0.10199705511331558,
      0.1024345220066607,
      0.10196740506216884,
      0.10146589204668999,
      0.10202614916488528,
      0.10231741005554795,
      0.10221619298681617,
      0.10157478600740433,
      0.10197904985398054,
      0.10231010662391782,
      0.10211441107094288,
      0.10173915512859821,
      0.10216432390734553,
      0.10231818491593003,
      0.10229039192199707,
      0.10161693720147014,
      0.10162914404645562,
      0.10189502825960517,
      0.10214174399152398,
      0.10203223070129752,
      0.10201209504157305,
      0.10071888193488121,
      0.10142376692965627,
      0.10188036179170012,
      0.10181377874687314,
      0.10207661613821983,
      0.10178662603721023,
      0.10155140841379762,
      0.10140637308359146,
      0.10184706002473831,
      0.10208611283451319,
      0.10216224193572998,
      0.10207598470151424,
      0.1020721378736198,
      0.10218233894556761,
      0.10116965183988214,
      0.10060884105041623,
      0.10149765433743596,
      0.10202387813478708,
      0.10226667392998934,
      0.10235315700992942,
      0.10184025997295976,
      0.1017915983684361,
      0.10197096969932318,
      0.10189151996746659,
      0.10257347580045462,
      0.10215554479509592,
      0.10125558543950319,
      0.10224936902523041,
      0.10233695805072784,
      0.10250499472022057,
      0.10251045972108841,
      0.10148705076426268,
      0.10205808561295271,
      0.10249164514243603,
      0.10198681382462382,
