{
  "implementation": "deepspeed_oneccl",
  "backend": "ccl",
  "operation": "allreduce",
  "num_ranks": 4,
  "tensor_shape": {
    "batch": 8,
    "seq_len": 4096,
    "hidden_dim": 4096
  },
  "num_elements": 134217728,
  "tensor_size_bytes": 268435456,
  "tensor_size_mb": 256.0,
  "dtype": "bfloat16",
  "warmup_iterations": 10,
  "measurement_iterations": 100,
  "timing_method": "time.perf_counter()",
  "timings": [
    [
      0.11051083821803331,
      0.11196396593004465,
      0.11101449280977249,
      0.1117678601294756,
      0.11151074105873704,
      0.1115132630802691,
      0.11144720716401935,
      0.11136364797130227,
      0.1116263410076499,
      0.11136979889124632,
      0.11124968528747559,
      0.11140932003036141,
      0.11145653109997511,
      0.11132772685959935,
      0.11229206807911396,
      0.11187740415334702,
      0.11126763699576259,
      0.11140406411141157,
      0.11147724697366357,
      0.11180411977693439,
      0.11149229435250163,
      0.11143107526004314,
      0.11145182093605399,
      0.11143676098436117,
      0.11183170089498162,
      0.11139578325673938,
      0.11152761708945036,
      0.11143771791830659,
      0.11149156000465155,
      0.11123152496293187,
      0.1112841279245913,
      0.111392917111516,
      0.11151513131335378,
      0.11129301693290472,
      0.1113726650364697,
      0.1113688419573009,
      0.11138745816424489,
      0.11127708805724978,
      0.11132286302745342,
      0.11130982171744108,
      0.11141965538263321,
      0.11118213692680001,
      0.1115077561698854,
      0.10438713477924466,
      0.11167244194075465,
      0.11122299218550324,
      0.1113710030913353,
      0.11135022109374404,
      0.11143833305686712,
      0.11120678065344691,
      0.11125505808740854,
      0.11140253487974405,
      0.11134840501472354,
      0.11123825097456574,
      0.11138755781576037,
      0.11122910398989916,
      0.11152049899101257,
      0.11123142018914223,
      0.111393837723881,
      0.11127449199557304,
      0.1114858090877533,
      0.11121726874262094,
      0.10755969397723675,
      0.1112915500998497,
      0.11141045717522502,
      0.11121458187699318,
      0.1113691939972341,
      0.11118104681372643,
      0.11149968905374408,
      0.11116056935861707,
      0.11134193558245897,
      0.11118003400042653,
      0.11142714601010084,
      0.11126656178385019,
      0.1113512059673667,
      0.11124891880899668,
      0.11129926797002554,
      0.1113078542985022,
      0.11144043877720833,
      0.1114111733622849,
      0.11153287719935179,
      0.10960440197959542,
      0.11135632824152708,
      0.11109260329976678,
      0.11153221083804965,
      0.11120576318353415,
      0.1114465119317174,
      0.11120994621887803,
      0.11154133500531316,
      0.11118587106466293,
      0.11130435205996037,
      0.11122414097189903,
      0.11147675476968288,
      0.11127280397340655,
      0.11147116916254163,
      0.11122147599235177,
      0.11138875316828489,
      0.11127046262845397,
      0.11148388730362058,
      0.11137447319924831
    ],
    [
      0.110578210093081,
      0.11195462895557284,
      0.111002994235605,
      0.11181687703356147,
      0.11158034112304449,
      0.11151447193697095,
      0.1113724410533905,
      0.11136763077229261,
      0.11168864276260138,
      0.11140563199296594,
      0.1112134950235486,
      0.11143095511943102,
      0.11150268092751503,
      0.11130916187539697,
      0.11224400484934449,
      0.1118240007199347,
      0.11116088414564729,
      0.11110765812918544,
      0.11137589812278748,
      0.11178128188475966,
      0.11151194106787443,
      0.11149135418236256,
      0.11138755781576037,
      0.11149830091744661,
      0.11190557572990656,
      0.11132399179041386,
      0.11142597207799554,
      0.1113638561218977,
      0.11151735298335552,
      0.11123016476631165,
      0.11130171781405807,
      0.11146767996251583,
      0.11155362287536263,
      0.11123341508209705,
      0.1113737178966403,
      0.1113565512932837,
      0.11147230677306652,
      0.11128129996359348,
      0.11128203012049198,
      0.11131028737872839,
      0.11152466433122754,
      0.11113353539258242,
      0.11149693001061678,
      0.10432620672509074,
      0.11170368129387498,
      0.11123064206913114,
      0.1113266502507031,
      0.11131657985970378,
      0.11149365594610572,
      0.11120861582458019,
      0.11115041607990861,
      0.11138765467330813,
      0.1113835726864636,
      0.11126225301995873,
      0.1113301981240511,
      0.11127926735207438,
      0.11158446269109845,
      0.11121569480746984,
      0.11126865679398179,
      0.11131685320287943,
      0.1115468218922615,
      0.11130176205188036,
      0.10755710396915674,
      0.11130813742056489,
      0.11148900305852294,
      0.11033290484920144,
      0.1104611149057746,
      0.11113739106804132,
      0.11153582902625203,
      0.11116671189665794,
      0.11127008311450481,
      0.1111741941422224,
      0.1114519308321178,
      0.11135164089500904,
      0.11130998004227877,
      0.11125912424176931,
      0.11132577620446682,
      0.11138165695592761,
      0.11139606824144721,
      0.11142128193750978,
      0.11160155199468136,
      0.10963469604030252,
      0.11123802699148655,
      0.11116244876757264,
      0.11163736879825592,
      0.11129817925393581,
      0.11141316592693329,
      0.11131471488624811,
      0.11162178497761488,
      0.11123920185491443,
      0.11122132604941726,
      0.11118630180135369,
      0.11156158987432718,
      0.11128554167225957,
      0.11138388887047768,
      0.11125411605462432,
      0.11146455071866512,
      0.11135526420548558,
      0.1114222421310842,
      0.11130300490185618
    ],
    [
      0.11000695265829563,
      0.11184652801603079,
      0.11081161722540855,
      0.11163377296179533,
      0.11156184878200293,
      0.11120014311745763,
      0.11119142593815923,
      0.11093653505668044,
      0.11161698075011373,
      0.11108618881553411,
      0.11102542979642749,
      0.11092331726104021,
      0.11086975131183863,
      0.11103727715089917,
      0.11215777136385441,
      0.11166547425091267,
      0.11112756514921784,
      0.11116337170824409,
      0.11119902785867453,
      0.11153555614873767,
      0.11099021462723613,
      0.11114936741068959,
      0.11121118301525712,
      0.11101388093084097,
      0.1118125063367188,
      0.11112284706905484,
      0.11123193288221955,
      0.11103559611365199,
      0.11149111622944474,
      0.11098491074517369,
      0.11104871006682515,
      0.11098161898553371,
      0.11096003605052829,
      0.1110055292956531,
      0.11111553898081183,
      0.11121118068695068,
      0.11139939213171601,
      0.11106690857559443,
      0.11108745820820332,
      0.11094964668154716,
      0.1108865337446332,
      0.11096742702648044,
      0.1112525137141347,
      0.10423971712589264,
      0.11165027227252722,
      0.11087105423212051,
      0.11111608799546957,
      0.11094156699255109,
      0.11146086035296321,
      0.11098782997578382,
      0.11101630283519626,
      0.11101441504433751,
      0.11091078910976648,
      0.11096751829609275,
      0.11107110092416406,
      0.11102092824876308,
      0.11146262008696795,
      0.11095433495938778,
      0.11110505694523454,
      0.11085166875272989,
      0.11091370321810246,
      0.1110208029858768,
      0.10742057999596,
      0.11115703266113997,
      0.11146577168256044,
      0.11092874500900507,
      0.11110599478706717,
      0.11080284463241696,
      0.11149927694350481,
      0.11093070590868592,
      0.11109505221247673,
      0.11077520903199911,
      0.11091692792251706,
      0.11093764007091522,
      0.11106263659894466,
      0.11111244279891253,
      0.11100831488147378,
      0.11103706620633602,
      0.11114689474925399,
      0.11107501620426774,
      0.11099597532302141,
