{
  "implementation": "deepspeed_oneccl",
  "backend": "ccl",
  "operation": "allreduce",
  "num_ranks": 4,
  "tensor_shape": {
    "batch": 16,
    "seq_len": 2048,
    "hidden_dim": 4096
  },
  "num_elements": 134217728,
  "tensor_size_bytes": 268435456,
  "tensor_size_mb": 256.0,
  "dtype": "bfloat16",
  "warmup_iterations": 10,
  "measurement_iterations": 100,
  "timing_method": "time.perf_counter()",
  "timings": [
    [
      0.11040735803544521,
      0.11255809990689158,
      0.1110305767506361,
      0.11197482701390982,
      0.1113359509035945,
      0.11175369611009955,
      0.1113961199298501,
      0.11178287025541067,
      0.11120141902938485,
      0.11171215726062655,
      0.111149278935045,
      0.11185539001598954,
      0.11128990538418293,
      0.11169455898925662,
      0.11124643962830305,
      0.11181911081075668,
      0.1111876699142158,
      0.11171348113566637,
      0.11127706430852413,
      0.11186581011861563,
      0.1124139791354537,
      0.11207702290266752,
      0.11117340298369527,
      0.11189033510163426,
      0.11136343609541655,
      0.11176762310788035,
      0.11122449301183224,
      0.11162806395441294,
      0.1111726788803935,
      0.11165266623720527,
      0.11130812903866172,
      0.11179504683241248,
      0.11127659305930138,
      0.11160809500142932,
      0.1112344111315906,
      0.11178054893389344,
      0.11127814324572682,
      0.11170257395133376,
      0.11146386619657278,
      0.11163183907046914,
      0.11123578296974301,
      0.11156941903755069,
      0.1111753941513598,
      0.11182408593595028,
      0.11140757286921144,
      0.11182024888694286,
      0.11118705198168755,
      0.11166780907660723,
      0.11134305503219366,
      0.105481400154531,
      0.1113611520268023,
      0.11170024005696177,
      0.11137101519852877,
      0.1115584340877831,
      0.11116801807656884,
      0.11169782793149352,
      0.11131148971617222,
      0.1116578821092844,
      0.11118360282853246,
      0.11174683691933751,
      0.1112603391520679,
      0.1115337647497654,
      0.11126668518409133,
      0.11158193182200193,
      0.11138021107763052,
      0.11165840504691005,
      0.11122382897883654,
      0.11180735006928444,
      0.1075100009329617,
      0.11167119489982724,
      0.11129968706518412,
      0.11155118187889457,
      0.11137597821652889,
      0.1114929118193686,
      0.11121917981654406,
      0.11153187416493893,
      0.11123803304508328,
      0.11148963309824467,
      0.11127181211486459,
      0.11166375409811735,
      0.11128146667033434,
      0.11160638416185975,
      0.11119271302595735,
      0.1116862497292459,
      0.11128661036491394,
      0.11166426492854953,
      0.11134227085858583,
      0.11001589335501194,
      0.1112904311157763,
      0.11144396336749196,
      0.11126130959019065,
      0.11160946125164628,
      0.11137992888689041,
      0.11153595196083188,
      0.11126664699986577,
      0.11177238123491406,
      0.11136155994608998,
      0.11270625190809369,
      0.11185563821345568,
      0.11157459998503327
    ],
    [
      0.1104919733479619,
      0.1123778480105102,
      0.11106737004593015,
      0.11203968711197376,
      0.11134236305952072,
      0.11162233911454678,
      0.11141934990882874,
      0.11185868689790368,
      0.11121144285425544,
      0.11156580410897732,
      0.11108918488025665,
      0.1119151720777154,
      0.11126992106437683,
      0.11149329226464033,
      0.11123330798000097,
      0.11189961386844516,
      0.11121405707672238,
      0.11153626488521695,
      0.11126233404502273,
      0.1119542047381401,
      0.11238064104691148,
      0.11189851397648454,
      0.11114816321060061,
      0.11198220029473305,
      0.11130612809211016,
      0.11163975205272436,
      0.11036147410050035,
      0.11128846509382129,
      0.11116043897345662,
      0.11144971707835793,
      0.11040376638993621,
      0.11188981914892793,
      0.11124713206663728,
      0.111461300868541,
      0.11121347080916166,
      0.11188029823824763,
      0.11129088513553143,
      0.11154854530468583,
      0.11137072695419192,
      0.11173861287534237,
      0.11121889622882009,
      0.11142585333436728,
      0.11125383106991649,
      0.11192597588524222,
      0.11140820989385247,
      0.11164029128849506,
      0.11111036268994212,
      0.1117631047964096,
      0.11130749201402068,
      0.10538878291845322,
      0.11126181483268738,
      0.11177678126841784,
      0.11137461941689253,
      0.11141199339181185,
      0.1111846030689776,
      0.11177877197042108,
      0.11130711482837796,
      0.11152894189581275,
      0.11112425336614251,
      0.1118360566906631,
      0.11135913617908955,
      0.11138095008209348,
      0.11128415400162339,
      0.11169203696772456,
      0.11140165291726589,
      0.11143132299184799,
      0.11130194319412112,
      0.1118736919015646,
      0.10750287119299173,
      0.11147177312523127,
      0.11130242003127933,
      0.11162175517529249,
      0.11138627305626869,
      0.1114121307618916,
      0.11121323285624385,
      0.11120934784412384,
      0.11085482500493526,
      0.11138586001470685,
      0.11129501275718212,
      0.11175565887242556,
      0.11134012462571263,
      0.1114967199973762,
      0.11120456596836448,
      0.11176780378445983,
      0.11132834199815989,
      0.11151625774800777,
      0.11130255600437522,
      0.11007626680657268,
      0.11141079803928733,
      0.11127804033458233,
      0.11121857911348343,
      0.11170524917542934,
      0.11146216513589025,
      0.11136319115757942,
      0.11127921007573605,
      0.11184841161593795,
      0.11134985694661736,
      0.11255025584250689,
      0.11178799392655492,
      0.11166583886370063
    ],
    [
      0.11018886836245656,
      0.11241279682144523,
      0.11082406109198928,
      0.1114640780724585,
      0.11095240013673902,
      0.11142962891608477,
      0.11102360999211669,
      0.1115855211392045,
      0.11088629299774766,
      0.11140680406242609,
      0.11078573623672128,
      0.1113881110213697,
      0.1109225070104003,
      0.11132701113820076,
      0.11091863503679633,
      0.11153124924749136,
      0.11090345727279782,
      0.11132908705621958,
      0.11089814687147737,
      0.11141691170632839,
      0.11216483078897,
      0.11174350883811712,
      0.11088925832882524,
      0.11168010579422116,
      0.111007418949157,
      0.11141070397570729,
      0.11089701764285564,
      0.11125523829832673,
      0.11091818800196052,
      0.11130162980407476,
      0.11022284626960754,
      0.11130033386871219,
      0.11088994890451431,
      0.11125541804358363,
      0.11095385858789086,
      0.11164487572386861,
      0.11091309366747737,
      0.11136640422046185,
      0.11111196456477046,
      0.11114538507536054,
      0.11085202917456627,
      0.11121197696775198,
      0.11084376415237784,
      0.11159480316564441,
      0.11100732581689954,
      0.11141776293516159,
      0.11083446303382516,
      0.11150681786239147,
      0.11105942074209452,
      0.10535778291523457,
      0.11101374728605151,
      0.11125108180567622,
      0.11101531283929944,
      0.11122694937512279,
      0.11084453808143735,
      0.1114716911688447,
      0.11099347798153758,
      0.11130714043974876,
      0.11080690193921328,
      0.11128501500934362,
      0.11092014610767365,
      0.11124770576134324,
      0.11104668630287051,
      0.11118269432336092,
      0.11099151102825999,
      0.11124843405559659,
      0.11081964196637273,
      0.11139731109142303,
      0.10727211786434054,
      0.11131606670096517,
      0.11107672518119216,
      0.11108903586864471,
      0.11104233097285032,
      0.11119064362719655,
      0.11096446588635445,
      0.11124059604480863,
      0.11093568988144398,
      0.1111684376373887,
      0.11090258788317442,
      0.11118459794670343,
      0.11091908905655146,
