implementation,operation,num_ranks,hidden_dim,seq_len,batch,tensor_size_mb,num_elements,mean_time_ms,median_time_ms,min_time_ms,max_time_ms
deepspeed_oneccl,allreduce,8,2048,2048,8,64.0,33554432,31.618460692698136,31.625252217054367,30.11322021484375,33.24667830020189
deepspeed_oneccl,allreduce,8,2048,2048,16,128.0,67108864,57.05282028764486,57.045482099056244,55.41920103132725,59.189777821302414
deepspeed_oneccl,allreduce,8,2048,4096,8,128.0,67108864,57.04845491214655,57.05370847135782,55.25818280875683,59.30054374039173
deepspeed_oneccl,allreduce,8,2048,4096,16,256.0,134217728,103.69096241192892,103.5913391970098,101.15403309464455,107.7731130644679
deepspeed_oneccl,allreduce,8,4096,2048,8,128.0,67108864,57.06390384584665,57.04581830650568,55.265942588448524,59.327203780412674
deepspeed_oneccl,allreduce,8,4096,2048,16,256.0,134217728,103.7535298045259,103.75044587999582,100.64961295574903,107.21700266003609
deepspeed_oneccl,allreduce,8,4096,4096,8,256.0,134217728,103.62295898259617,103.57353975996375,100.52410699427128,107.9886807128787
deepspeed_oneccl,allreduce,8,4096,4096,16,512.0,268435456,192.56409022957087,192.57160322740674,187.45404295623302,198.8230999559164
