{
  "implementation": "deepspeed_oneccl",
  "operation": "allreduce",
  "num_ranks": 8,
  "hidden_dim": 4096,
  "seq_len": 2048,
  "batch": 16,
  "tensor_size_mb": 256.0,
  "num_elements": 134217728,
  "mean_time_ms": 103.7535298045259,
  "median_time_ms": 103.75044587999582,
  "min_time_ms": 100.64961295574903,
  "max_time_ms": 107.21700266003609
}