{
  "implementation": "deepspeed_oneccl",
  "operation": "allreduce",
  "num_ranks": 4,
  "hidden_dim": 2048,
  "seq_len": 4096,
  "batch": 8,
  "tensor_size_mb": 128.0,
  "num_elements": 67108864,
  "mean_time_ms": 72.18572949175723,
  "median_time_ms": 72.2107021138072,
  "min_time_ms": 67.85053899511695,
  "max_time_ms": 78.38318729773164
}