{
  "implementation": "deepspeed_oneccl",
  "backend": "ccl",
  "operation": "allreduce",
  "num_ranks": 4,
  "tensor_shape": {
    "batch": 8,
    "seq_len": 2048,
    "hidden_dim": 2048
  },
  "num_elements": 33554432,
  "tensor_size_bytes": 67108864,
  "tensor_size_mb": 64.0,
  "dtype": "bfloat16",
  "warmup_iterations": 10,
  "measurement_iterations": 100,
  "timing_method": "time.perf_counter()",
  "timings": [
    [
      0.027784595265984535,
      0.028367919847369194,
      0.02816980378702283,
      0.028154628816992044,
      0.028389724902808666,
      0.028173760045319796,
      0.028251095209270716,
      0.028150987811386585,
      0.028189482167363167,
      0.028221130836755037,
      0.028205453883856535,
      0.028229552786797285,
      0.02812704397365451,
      0.028198450338095427,
      0.0282186740078032,
      0.02813693694770336,
      0.02815407235175371,
      0.02818977925926447,
      0.02823492232710123,
      0.028162228874862194,
      0.0281704762019217,
      0.028156192041933537,
      0.028182900976389647,
      0.02814312605187297,
      0.028208184987306595,
      0.028200349770486355,
      0.02828147914260626,
      0.028296126052737236,
      0.02816417394205928,
      0.028062861412763596,
      0.028206749819219112,
      0.02811535121873021,
      0.028127972036600113,
      0.028209378942847252,
      0.028223496861755848,
      0.028101300355046988,
      0.02818629937246442,
      0.02821126440539956,
      0.028133452869951725,
      0.02814438519999385,
      0.0281956410035491,
      0.02817839803174138,
      0.0281813801266253,
      0.028200547210872173,
      0.02811470627784729,
      0.028102992102503777,
      0.028150922618806362,
      0.02814396796748042,
      0.02801685081794858,
      0.02813862031325698,
      0.02833336777985096,
      0.028147556353360415,
      0.028160568326711655,
      0.028113286942243576,
      0.028163188137114048,
      0.028126679826527834,
      0.02821255475282669,
      0.02818074356764555,
      0.028125489130616188,
      0.0281990859657526,
      0.02814070601016283,
      0.028122962918132544,
      0.028133449144661427,
      0.02810089709237218,
      0.028161549009382725,
      0.0281341508962214,
      0.02803493430837989,
      0.028158651664853096,
      0.02812710404396057,
      0.028161244932562113,
      0.02813601726666093,
      0.028139399830251932,
      0.028142598923295736,
      0.028092755936086178,
      0.028168755117803812,
      0.02813277905806899,
      0.02814644481986761,
      0.028163419105112553,
      0.028130042366683483,
      0.02810555510222912,
      0.028112820349633694,
      0.02820486668497324,
      0.028211527038365602,
      0.028022579848766327,
      0.02809843420982361,
      0.02803727611899376,
      0.028178232721984386,
      0.02815708937123418,
      0.02814216399565339,
      0.028138340916484594,
      0.028129131067544222,
      0.028113355860114098,
      0.028236964717507362,
      0.028135098051279783,
      0.02812974387779832,
      0.028175722807645798,
      0.028094161301851273,
      0.028134808875620365,
      0.02811589278280735,
      0.02816797001287341
    ],
    [
      0.027792944572865963,
      0.028438427951186895,
      0.028216394130140543,
      0.02820728300139308,
      0.028422059025615454,
      0.028168042190372944,
      0.028276346158236265,
      0.028177980333566666,
      0.02823737822473049,
      0.028260428924113512,
      0.028234821744263172,
      0.02806011727079749,
      0.02818203717470169,
      0.028253517113626003,
      0.02823095303028822,
      0.028200868982821703,
      0.028219914995133877,
      0.02826150180771947,
      0.02827481785789132,
      0.02815819578245282,
      0.028227254282683134,
      0.028221959248185158,
      0.028234936762601137,
      0.02815816691145301,
      0.028233815915882587,
      0.02824795711785555,
      0.02832179795950651,
      0.02813127776607871,
      0.028235406149178743,
      0.028061596676707268,
      0.028013295959681273,
      0.0281206788495183,
      0.028210015036165714,
      0.028212391305714846,
      0.028206937946379185,
      0.02813282422721386,
      0.02815232891589403,
      0.028245631139725447,
      0.02812433522194624,
      0.028201694134622812,
      0.028194999787956476,
      0.028180594090372324,
      0.02816304937005043,
      0.028134304098784924,
      0.028156569227576256,
      0.028141606133431196,
      0.02823497587814927,
      0.028163158800452948,
      0.027993406169116497,
      0.02818612288683653,
      0.02836260898038745,
      0.02817573770880699,
      0.028194463811814785,
      0.02818718971684575,
      0.02822684682905674,
      0.02817198308184743,
      0.028216781094670296,
      0.028144208248704672,
      0.028180348221212626,
      0.02817502710968256,
      0.028128397651016712,
      0.0281521612778306,
      0.028141357004642487,
      0.02815450308844447,
      0.028195086866617203,
      0.028150709811598063,
      0.028106807731091976,
      0.028201523702591658,
      0.028196391183882952,
      0.02816601376980543,
      0.028194280341267586,
      0.028143045026808977,
      0.02813856117427349,
      0.028180795721709728,
      0.028134399093687534,
      0.028166412841528654,
      0.028189944103360176,
      0.02820760291069746,
      0.028166805859655142,
      0.028134174179285765,
      0.028106119949370623,
      0.02824447676539421,
      0.028032585978507996,
      0.028083182871341705,
      0.02812961395829916,
      0.027990809176117182,
      0.02812712313607335,
      0.028220595326274633,
      0.028173699975013733,
      0.0281998198479414,
      0.028173532336950302,
      0.028127616737037897,
      0.028228823095560074,
      0.0282009644433856,
      0.02813013829290867,
      0.0281117120757699,
      0.028173483908176422,
      0.028179091401398182,
      0.028168614022433758,
      0.028183750808238983
    ],
    [
      0.0277851652354002,
      0.028354225680232048,
      0.02821378270164132,
      0.028163262642920017,
      0.028391083236783743,
      0.028199193999171257,
      0.028259518090635538,
      0.028155147098004818,
      0.02822085889056325,
      0.02822696417570114,
      0.028220995794981718,
      0.028133362997323275,
      0.02810710808262229,
      0.028176093939691782,
      0.028225711081176996,
      0.028164749033749104,
      0.028182912152260542,
      0.02822281001135707,
      0.028253371827304363,
      0.028161504305899143,
      0.02817418659105897,
      0.028124487958848476,
      0.028219401836395264,
      0.028153783176094294,
      0.028227622155100107,
      0.02820899896323681,
      0.02829798823222518,
      0.0281812259927392,
      0.02821522019803524,
      0.028072113636881113,
      0.028126847930252552,
      0.028051720932126045,
      0.02818521298468113,
      0.028230311814695597,
      0.028250683564692736,
      0.028039651922881603,
      0.028134684544056654,
      0.02820821339264512,
      0.028168462216854095,
      0.028152746614068747,
      0.02822965569794178,
      0.028180520981550217,
      0.028211649972945452,
      0.028189207427203655,
      0.02807857096195221,
      0.028119325172156096,
      0.02819040883332491,
      0.028133693151175976,
      0.027956086210906506,
      0.028144714422523975,
      0.028315885923802853,
      0.028145537246018648,
      0.02815291378647089,
      0.02812838414683938,
      0.028103478718549013,
      0.02815464697778225,
      0.028134240303188562,
      0.028174251783639193,
      0.028140456415712833,
      0.028170983772724867,
      0.028094958048313856,
      0.028096152935177088,
      0.028129518032073975,
      0.028118417132645845,
      0.02815960720181465,
      0.02810635883361101,
      0.028057346120476723,
      0.028152849059551954,
      0.028139054775238037,
      0.028158302884548903,
      0.028103079181164503,
      0.02812303090468049,
      0.027852470986545086,
