{
  "implementation": "deepspeed_oneccl",
  "backend": "ccl",
  "operation": "allreduce",
  "num_ranks": 4,
  "tensor_shape": {
    "batch": 8,
    "seq_len": 2048,
    "hidden_dim": 4096
  },
  "num_elements": 67108864,
  "tensor_size_bytes": 134217728,
  "tensor_size_mb": 128.0,
  "dtype": "bfloat16",
  "warmup_iterations": 10,
  "measurement_iterations": 100,
  "timing_method": "time.perf_counter()",
  "timings": [
    [
      0.05498145567253232,
      0.05724222306162119,
      0.05530010815709829,
      0.05669039627537131,
      0.05543735111132264,
      0.05612363526597619,
      0.05551879107952118,
      0.055935841985046864,
      0.05559630412608385,
      0.055790701881051064,
      0.05568805895745754,
      0.05586660094559193,
      0.05570642510429025,
      0.05576593801379204,
      0.05568646406754851,
      0.055907600093632936,
      0.05549322301521897,
      0.05571415415033698,
      0.05568061210215092,
      0.05577908596023917,
      0.05569426389411092,
      0.055651559960097075,
      0.055659408681094646,
      0.05576798692345619,
      0.05568749690428376,
      0.05575395096093416,
      0.05558689311146736,
      0.055714578833431005,
      0.05570353288203478,
      0.055621166713535786,
      0.05572728905826807,
      0.055726366117596626,
      0.05610131099820137,
      0.05634460086002946,
      0.05605394672602415,
      0.05535157676786184,
      0.055617435835301876,
      0.055626210290938616,
      0.05565784778445959,
      0.05563774472102523,
      0.055614263750612736,
      0.055627793073654175,
      0.05569245992228389,
      0.0556174935773015,
      0.05564231192693114,
      0.055683935061097145,
      0.055623635184019804,
      0.05559735465794802,
      0.0556062301620841,
      0.05551204830408096,
      0.05568959144875407,
      0.055546523071825504,
      0.055669514928013086,
      0.05562581634148955,
      0.0555858570151031,
      0.055602213367819786,
      0.05567722208797932,
      0.055638573598116636,
      0.055652580223977566,
      0.05560257378965616,
      0.055812420789152384,
      0.055649664252996445,
      0.05574790481477976,
      0.05563094886019826,
      0.055467944126576185,
      0.055702545680105686,
      0.055711135268211365,
      0.05557503318414092,
      0.05564469890668988,
      0.05563570512458682,
      0.05569201800972223,
      0.055515609215945005,
      0.05562286963686347,
      0.055561671033501625,
      0.05561012402176857,
      0.055676603224128485,
      0.05560238007456064,
      0.05564012797549367,
      0.0555919511243701,
      0.05573773616924882,
      0.055661206133663654,
      0.05562233924865723,
      0.05564130423590541,
      0.055406318977475166,
      0.05558011867105961,
      0.055658405646681786,
      0.05560566298663616,
      0.055552839767187834,
      0.055635562632232904,
      0.05567855387926102,
      0.05558649497106671,
      0.0544911096803844,
      0.05574615299701691,
      0.05544256092980504,
      0.055689582135528326,
      0.05559239024296403,
      0.055596019607037306,
      0.055682224221527576,
      0.05575270811095834,
      0.05557033699005842
    ],
    [
      0.05504379794001579,
      0.0572252101264894,
      0.05535023892298341,
      0.056570256128907204,
      0.055536061991006136,
      0.056239990051835775,
      0.05556247429922223,
      0.05602988600730896,
      0.05565087962895632,
      0.05588006088510156,
      0.055754332803189754,
      0.055932512041181326,
      0.05577130243182182,
      0.055849661119282246,
      0.05569451302289963,
      0.05599273508414626,
      0.05558385560289025,
      0.055811052676290274,
      0.055759993847459555,
      0.05583476694300771,
      0.05576199293136597,
      0.055714139714837074,
      0.05575666995719075,
      0.05587472999468446,
      0.05578135000541806,
      0.05583682330325246,
      0.05566274421289563,
      0.05579662974923849,
      0.05577660910785198,
      0.05571526475250721,
      0.05578985996544361,
      0.05578934634104371,
      0.05618171999230981,
      0.056440948974341154,
      0.05612202826887369,
      0.05545118497684598,
      0.055715345311909914,
      0.05570656107738614,
      0.05573745537549257,
      0.05572501290589571,
      0.05570031609386206,
      0.055723086930811405,
      0.05577600700780749,
      0.05570831894874573,
      0.05574030615389347,
      0.05577167496085167,
      0.05572464410215616,
      0.055670463014394045,
      0.05567872617393732,
      0.05552312498912215,
      0.055776283610612154,
      0.055618396028876305,
      0.05576023506000638,
      0.055695394054055214,
      0.055670570116490126,
      0.055703823920339346,
      0.05574320396408439,
      0.0556800477206707,
      0.05575242871418595,
      0.055676793213933706,
      0.05588259408250451,
      0.05572768906131387,
      0.055827127769589424,
      0.055743008852005005,
      0.05535091599449515,
      0.055780512280762196,
      0.05578810814768076,
      0.055656427051872015,
      0.05571386916562915,
      0.0555336601100862,
      0.05577365728095174,
      0.05561336828395724,
      0.05570320691913366,
      0.05564690101891756,
      0.05569811770692468,
      0.05574209801852703,
      0.055672517977654934,
      0.05570528004318476,
      0.05566488765180111,
      0.05584063893184066,
      0.055748915765434504,
      0.05569427693262696,
      0.05569966463372111,
      0.05541975703090429,
      0.05567175801843405,
      0.055724532809108496,
      0.055680097080767155,
      0.05563299776986241,
      0.05572708370164037,
      0.055763810873031616,
      0.0556624629534781,
      0.05454728100448847,
      0.055830640252679586,
      0.05552368937060237,
      0.05575189320370555,
      0.055669690016657114,
      0.055691313929855824,
      0.05557309836149216,
      0.05580361187458038,
      0.0556728420779109
    ],
    [
      0.05490413913503289,
      0.057082321029156446,
      0.055170421954244375,
      0.05641301302239299,
      0.055315093137323856,
      0.055861812084913254,
      0.055360761005431414,
      0.05579314799979329,
      0.05540634086355567,
      0.05559010989964008,
      0.05553376395255327,
      0.055685970932245255,
      0.055504517164081335,
      0.05563567113131285,
      0.05550126126036048,
      0.055751740001142025,
      0.0553683596663177,
      0.05554187670350075,
      0.055541710928082466,
      0.05558313988149166,
      0.05551611818373203,
      0.055470986757427454,
      0.055540382862091064,
      0.05561537202447653,
      0.05554120987653732,
      0.05557052278891206,
      0.05541794281452894,
      0.05561573477461934,
      0.05552800837904215,
      0.05550642404705286,
      0.05557647626847029,
      0.05563337588682771,
      0.05593861127272248,
      0.056255487725138664,
      0.05586535902693868,
      0.05525289475917816,
      0.05547314137220383,
      0.05545039288699627,
      0.055489215068519115,
      0.055512967985123396,
      0.0555103849619627,
      0.05549359694123268,
      0.055532039143145084,
      0.05548893427476287,
      0.055493535939604044,
      0.05552435480058193,
      0.0555100473575294,
      0.05543209798634052,
      0.055508130230009556,
      0.05539281899109483,
      0.05556216510012746,
      0.055344399996101856,
      0.0555523382499814,
      0.055493653286248446,
      0.05546501185745001,
      0.055451550986617804,
      0.05556638399139047,
      0.055494533851742744,
      0.05549382418394089,
      0.05545930191874504,
      0.05570896388962865,
      0.055422462057322264,
      0.055562124121934175,
      0.05546414200216532,
      0.05529872281476855,
      0.055579641833901405,
      0.05551844881847501,
      0.055416467133909464,
      0.05548041686415672,
      0.05541315721347928,
      0.0556973977945745,
      0.05533580807968974,
      0.055378320161253214,
      0.055411740206182,
      0.055464171804487705,
      0.055490005761384964,
