{
  "implementation": "deepspeed_oneccl",
  "backend": "ccl",
  "operation": "allreduce",
  "num_ranks": 4,
  "tensor_shape": {
    "batch": 8,
    "seq_len": 4096,
    "hidden_dim": 4096
  },
  "num_elements": 134217728,
  "tensor_size_bytes": 268435456,
  "tensor_size_mb": 256.0,
  "dtype": "bfloat16",
  "warmup_iterations": 10,
  "measurement_iterations": 100,
  "timing_method": "time.perf_counter()",
  "timings": [
    [
      0.11115448921918869,
      0.11475022928789258,
      0.11175299808382988,
      0.11280520493164659,
      0.11189176281914115,
      0.11185338720679283,
      0.11157361464574933,
      0.11268157884478569,
      0.11188046168535948,
      0.11260847933590412,
      0.11171539267525077,
      0.11234217928722501,
      0.1121003134176135,
      0.11265065288171172,
      0.11182434111833572,
      0.1126384218223393,
      0.11210842011496425,
      0.11242819065228105,
      0.11169661674648523,
      0.11250622197985649,
      0.11198579333722591,
      0.11247665528208017,
      0.11171554261818528,
      0.11258382489904761,
      0.11202058102935553,
      0.11243746383115649,
      0.11179712507873774,
      0.11275252420455217,
      0.11194212455302477,
      0.11289154691621661,
      0.10988033888861537,
      0.11315823020413518,
      0.11232637008652091,
      0.1128472127020359,
      0.11186314281076193,
      0.11217085923999548,
      0.11309141619130969,
      0.11313502490520477,
      0.11180446902289987,
      0.11267395270988345,
      0.11204855563119054,
      0.11259903898462653,
      0.11183030810207129,
      0.11249142931774259,
      0.11199041176587343,
      0.1125877108424902,
      0.1116080591455102,
      0.11255028005689383,
      0.11180749302729964,
      0.11265456210821867,
      0.11198162101209164,
      0.11259251600131392,
      0.11195236491039395,
      0.11245927587151527,
      0.11114550800994039,
      0.11250767484307289,
      0.11207563197240233,
      0.112424420658499,
      0.1117182900197804,
      0.1122506195679307,
      0.11215786915272474,
      0.1127579533495009,
      0.11181058781221509,
      0.11274932697415352,
      0.11196805629879236,
      0.11243110056966543,
      0.1117586619220674,
      0.11240226682275534,
      0.11178346117958426,
      0.11264107609167695,
      0.11169773293659091,
      0.1127390987239778,
      0.11474443087354302,
      0.11390354903414845,
      0.11239484883844852,
      0.11257341224700212,
      0.11221012799069285,
      0.11234666872769594,
      0.11115295579656959,
      0.11248790333047509,
      0.11189696285873652,
      0.1124196769669652,
      0.1118187140673399,
      0.11266229581087828,
      0.11209623189643025,
      0.11289188591763377,
      0.11169296503067017,
      0.11264875484630466,
      0.11194067820906639,
      0.11253068363294005,
      0.11187566118314862,
      0.11269008507952094,
      0.11169838486239314,
      0.11242200480774045,
      0.1117889741435647,
      0.11271612998098135,
      0.11200670525431633,
      0.11416421690955758,
      0.11295254901051521,
      0.11278227483853698
    ],
    [
      0.11130766570568085,
      0.11464401707053185,
      0.11168741388246417,
      0.11288929497823119,
      0.11199882393702865,
      0.1116423150524497,
      0.11165840737521648,
      0.11279507679864764,
      0.11196044832468033,
      0.11236853199079633,
      0.1116892471909523,
      0.11240518605336547,
      0.11216660495847464,
      0.11242761835455894,
      0.11180346412584186,
      0.11270069889724255,
      0.11218037595972419,
      0.11235148319974542,
      0.11162330722436309,
      0.11258695926517248,
      0.11204851884394884,
      0.11238464619964361,
      0.11174624087288976,
      0.11266175424680114,
      0.1120909908786416,
      0.11252335924655199,
      0.11189817078411579,
      0.11280100792646408,
      0.11202105972915888,
      0.11282623931765556,
      0.10977286798879504,
      0.11225017393007874,
      0.1124047627672553,
      0.11186394514515996,
      0.11184829194098711,
      0.11224457528442144,
      0.11315607093274593,
      0.11308366619050503,
      0.11182291992008686,
      0.1127486601471901,
      0.11212926777079701,
      0.11244039563462138,
      0.11184414708986878,
      0.11256334278732538,
      0.11206150939688087,
      0.11237450083717704,
      0.1115347589366138,
      0.11263859830796719,
      0.11184896668419242,
      0.11274259304627776,
      0.11185300908982754,
      0.1126554231159389,
      0.1120618050917983,
      0.1123511060141027,
      0.11122399475425482,
      0.11256218887865543,
      0.11215448193252087,
      0.11235096119344234,
      0.11165224714204669,
      0.11234778817743063,
      0.11220154818147421,
      0.11264567915350199,
      0.11175638297572732,
      0.11279673501849174,
      0.11207994911819696,
      0.11231429874897003,
      0.11154904589056969,
      0.11248089279979467,
      0.11187384184449911,
      0.1123517039231956,
      0.11163985822349787,
      0.11277943616732955,
      0.11473330203443766,
      0.1140013700351119,
      0.11239637713879347,
      0.11172798369079828,
      0.11229628510773182,
      0.11230769380927086,
      0.11123827239498496,
      0.1125492500141263,
      0.11198719264939427,
      0.11235291790217161,
      0.11176272109150887,
      0.11268802871927619,
      0.11217438476160169,
      0.11277509294450283,
      0.11163618182763457,
      0.11270696809515357,
      0.11200272431597114,
      0.1122162970714271,
      0.11176268197596073,
      0.11258026910945773,
      0.11177978524938226,
      0.11236026836559176,
      0.11177812004461884,
      0.11268840683624148,
      0.11206852179020643,
      0.11406823573634028,
      0.11279312707483768,
      0.11272774590179324
    ],
    [
      0.11129485489800572,
      0.11455794470384717,
      0.11160969361662865,
      0.11252955673262477,
      0.1119839521124959,
      0.11148379510268569,
      0.11143914284184575,
      0.11233656480908394,
      0.11193303391337395,
      0.11213956214487553,
      0.11156131699681282,
      0.11216510739177465,
      0.1121522611938417,
      0.11215634271502495,
      0.11163871316239238,
      0.11230663396418095,
      0.1121659092605114,
      0.11203616578131914,
      0.11149470508098602,
      0.11221856530755758,
      0.11201700568199158,
      0.11210950603708625,
      0.11149885877966881,
      0.1123061366379261,
      0.11206785496324301,
      0.1121718417853117,
      0.11085798405110836,
      0.11240163492038846,
      0.11201319564133883,
      0.1124545126222074,
      0.10986381024122238,
      0.11183295911177993,
      0.11238162172958255,
      0.11171324970200658,
      0.11148770898580551,
      0.11204784596338868,
      0.11312407860532403,
      0.11271387478336692,
      0.11165988119319081,
      0.11152652092278004,
      0.11211133422330022,
      0.11222876701503992,
      0.11161696305498481,
      0.11208517104387283,
      0.11204462125897408,
      0.11215651081874967,
      0.11137811187654734,
      0.11241189204156399,
      0.11182632204145193,
      0.11256814887747169,
      0.11174534307792783,
      0.11232770001515746,
      0.11202974896878004,
      0.11211765883490443,
      0.11098565487191081,
      0.11226982669904828,
      0.11211475543677807,
      0.11211881414055824,
      0.111525843385607,
      0.11212680581957102,
      0.1120390398427844,
      0.11241424083709717,
      0.11148115899413824,
      0.11246534902602434,
      0.11206018226221204,
      0.11210961500182748,
      0.11133218603208661,
      0.11205522809177637,
      0.11185921262949705,
      0.1121611357666552,
      0.11150261899456382,
      0.11245534475892782,
      0.1144735780544579,
      0.11383431870490313,
      0.11230597319081426,
      0.11144383437931538,
      0.11225927900522947,
      0.1120283012278378,
      0.11097491485998034,
      0.11224781488999724,
      0.11196948541328311,
