{
  "implementation": "deepspeed_oneccl",
  "backend": "ccl",
  "operation": "allreduce",
  "num_ranks": 4,
  "tensor_shape": {
    "batch": 16,
    "seq_len": 2048,
    "hidden_dim": 2048
  },
  "num_elements": 67108864,
  "tensor_size_bytes": 134217728,
  "tensor_size_mb": 128.0,
  "dtype": "bfloat16",
  "warmup_iterations": 10,
  "measurement_iterations": 100,
  "timing_method": "time.perf_counter()",
  "timings": [
    [
      0.05511177284643054,
      0.057411591056734324,
      0.05542206112295389,
      0.05662228772416711,
      0.055419300217181444,
      0.05630866205319762,
      0.05547942500561476,
      0.05615898501127958,
      0.055458926130086184,
      0.055733416229486465,
      0.05555436061695218,
      0.05589634692296386,
      0.055690877605229616,
      0.05787243973463774,
      0.056539753917604685,
      0.056202670093625784,
      0.055887266993522644,
      0.055957612581551075,
      0.05580975208431482,
      0.05585067020729184,
      0.055930453818291426,
      0.05566346924751997,
      0.05576992919668555,
      0.05564776295796037,
      0.05573392612859607,
      0.055893247947096825,
      0.05572666460648179,
      0.05582183226943016,
      0.0554256965406239,
      0.05573027906939387,
      0.05573492171242833,
      0.05574345262721181,
      0.0556926648132503,
      0.055812354665249586,
      0.05569872912019491,
      0.05587970931082964,
      0.055682551115751266,
      0.05573138687759638,
      0.055521526373922825,
      0.05599440401419997,
      0.055534475948661566,
      0.05593508156016469,
      0.0559640689752996,
      0.05594732193276286,
      0.05546859186142683,
      0.05585198616608977,
      0.0555756501853466,
      0.05559205310419202,
      0.05558886984363198,
      0.05582609120756388,
      0.055595502723008394,
      0.05579277407377958,
      0.055696866009384394,
      0.05589707614853978,
      0.055735886096954346,
      0.05593448458239436,
      0.05564447399228811,
      0.055745926685631275,
      0.05566348880529404,
      0.055750064086169004,
      0.05881518917158246,
      0.05680280504748225,
      0.05604769429191947,
      0.05627325503155589,
      0.0554936770349741,
      0.05604735901579261,
      0.05526452977210283,
      0.05586769292131066,
      0.05557090137153864,
      0.05586692085489631,
      0.05551872821524739,
      0.05574220884591341,
      0.055626302026212215,
      0.05576592683792114,
      0.05553440283983946,
      0.05580050218850374,
      0.05565351899713278,
      0.05578823294490576,
      0.05557671096175909,
      0.05577128706499934,
      0.05564235430210829,
      0.05593916168436408,
      0.05545517196878791,
      0.05576300993561745,
      0.055516419000923634,
      0.05553496303036809,
      0.05554109672084451,
      0.055777635890990496,
      0.05554892821237445,
      0.055964455008506775,
      0.05610984703525901,
      0.055592929013073444,
      0.05575832398608327,
      0.0557758160866797,
      0.05559523357078433,
      0.055702943820506334,
      0.055644885171204805,
      0.05571504170075059,
      0.055511522106826305,
      0.055798094253987074
    ],
    [
      0.054982297122478485,
      0.05723539087921381,
      0.055502604227513075,
      0.0566434720531106,
      0.055424654856324196,
      0.056350053288042545,
      0.055543574038892984,
      0.05624605203047395,
      0.05555448215454817,
      0.05581941595301032,
      0.05562952486798167,
      0.05597729282453656,
      0.05576364882290363,
      0.057904550805687904,
      0.056359447073191404,
      0.056263206992298365,
      0.05597024783492088,
      0.05604466423392296,
      0.05581796122714877,
      0.055923016741871834,
      0.05604321928694844,
      0.055762261152267456,
      0.055869846139103174,
      0.05573710519820452,
      0.055808639619499445,
      0.05592507682740688,
      0.05580269359052181,
      0.05590634001418948,
      0.05550330085679889,
      0.05581016605719924,
      0.055795214138925076,
      0.055833382066339254,
      0.05570692475885153,
      0.05590653698891401,
      0.05576958227902651,
      0.05576113425195217,
      0.05557468207553029,
      0.05581262707710266,
      0.05559704499319196,
      0.056066693272441626,
      0.055617372039705515,
      0.05600412609055638,
      0.05601860908791423,
      0.056036422960460186,
      0.055547770112752914,
      0.05594198778271675,
      0.05556834302842617,
      0.05561817670240998,
      0.055661954917013645,
      0.05590219981968403,
      0.05566714331507683,
      0.05585413333028555,
      0.05578219797462225,
      0.05595374898985028,
      0.05581132182851434,
      0.05578751489520073,
      0.05573256593197584,
      0.05582199618220329,
      0.05574794625863433,
      0.0557621312327683,
      0.05855383398011327,
      0.05684387683868408,
      0.056106421165168285,
      0.05630246130749583,
      0.05557075096294284,
      0.05611036904156208,
      0.055343106389045715,
      0.055958927143365145,
      0.055640473030507565,
      0.05593034625053406,
      0.05558179272338748,
      0.05581376189365983,
      0.055503567680716515,
      0.05582774383947253,
      0.05561511404812336,
      0.055871188174933195,
      0.05563068017363548,
      0.0558338207192719,
      0.055668978951871395,
      0.05585025995969772,
      0.0555417169816792,
      0.05582041433081031,
      0.055462002754211426,
      0.055850195698440075,
      0.055515700951218605,
      0.05560358799993992,
      0.055610685143619776,
      0.055863582994788885,
      0.05561244999989867,
      0.05606454890221357,
      0.056188846938312054,
      0.05567308608442545,
      0.05582949984818697,
      0.05586404399946332,
      0.055692090187221766,
      0.0558090521954,
      0.05564905982464552,
      0.05577389383688569,
      0.055594309233129025,
      0.05579823208972812
    ],
    [
      0.05494835041463375,
      0.0573270870372653,
      0.05540700117126107,
      0.05659188982099295,
      0.05530062410980463,
      0.056111857295036316,
      0.05533658340573311,
      0.056075384840369225,
      0.05532126594334841,
      0.055606822948902845,
      0.05541075114160776,
      0.055743366945534945,
      0.05547686805948615,
      0.057786731980741024,
      0.0560101387090981,
      0.05608017789199948,
      0.05558144114911556,
      0.055773491971194744,
      0.05563617078587413,
      0.05543344421312213,
      0.05577081581577659,
      0.0554945869371295,
      0.05561510194092989,
      0.0555606191046536,
      0.05556922918185592,
      0.05574009986594319,
      0.055551107972860336,
      0.0557557949796319,
      0.05530106369405985,
      0.05550861218944192,
      0.0555672962218523,
      0.05559668689966202,
      0.0555135989561677,
      0.05566013837233186,
      0.055555338971316814,
      0.05573098920285702,
      0.05542865302413702,
      0.055576220620423555,
      0.05506676621735096,
      0.05596870509907603,
      0.05537166399881244,
      0.05575090926140547,
      0.05593622289597988,
      0.0558478869497776,
      0.05531484726816416,
      0.055716515984386206,
      0.05542913265526295,
      0.05552863096818328,
      0.05535982409492135,
      0.05566040612757206,
      0.05543300183489919,
      0.05549674294888973,
      0.05552067095413804,
      0.05567140784114599,
      0.05555340275168419,
      0.05575106991454959,
      0.05548383295536041,
      0.05558391520753503,
      0.05551885114982724,
      0.055681365076452494,
      0.05860486067831516,
      0.05655815498903394,
      0.05548072699457407,
      0.05606177495792508,
      0.05532817915081978,
      0.055822102818638086,
      0.05513351457193494,
      0.055794249288737774,
      0.05543765192851424,
      0.05568064283579588,
      0.05536020081490278,
      0.055584445130079985,
      0.05539959669113159,
      0.055615889839828014,
      0.05537877278402448,
      0.05571204703301191,
      0.05541896214708686,
