implementation,operation,num_ranks,hidden_dim,seq_len,batch,tensor_size_mb,num_elements,mean_time_ms,median_time_ms,min_time_ms,max_time_ms
deepspeed_oneccl,allreduce,8,2048,2048,8,64.0,33554432,32.34710647491738,32.31570404022932,30.87780252099037,33.84449705481529
deepspeed_oneccl,allreduce,8,2048,2048,16,128.0,67108864,58.449595724232495,58.36906051263213,55.54759968072176,61.18823029100895
deepspeed_oneccl,allreduce,8,2048,4096,8,128.0,67108864,58.82977605680935,58.690688572824,56.1886066570878,65.1376461610198
deepspeed_oneccl,allreduce,8,2048,4096,16,256.0,134217728,110.74615767458454,110.61806557700038,106.75568412989378,120.93742936849594
deepspeed_oneccl,allreduce,8,4096,2048,8,128.0,67108864,58.795876442454755,58.783835265785456,56.14743009209633,61.99771072715521
deepspeed_oneccl,allreduce,8,4096,2048,16,256.0,134217728,110.3135752840899,110.23381957784295,105.62613420188427,114.75939024239779
deepspeed_oneccl,allreduce,8,4096,4096,8,256.0,134217728,110.275572265964,110.20198976621032,106.33144807070494,115.8802853897214
deepspeed_oneccl,allreduce,8,4096,4096,16,512.0,268435456,211.05976033606566,210.95324913039804,202.87966541945934,221.37052193284035
