{
  "implementation": "deepspeed_gloo",
  "operation": "reduce",
  "num_ranks": 4,
  "hidden_dim": 4096,
  "seq_len": 4096,
  "batch": 16,
  "tensor_size_mb": 512.0,
  "num_elements": 268435456,
  "mean_time_ms": 849.9158243567217,
  "median_time_ms": 862.4911808874458,
  "min_time_ms": 546.3626212440431,
  "max_time_ms": 1128.2505388371646
}