{
  "implementation": "deepspeed_gloo",
  "operation": "allreduce",
  "num_ranks": 8,
  "hidden_dim": 4096,
  "seq_len": 8192,
  "batch": 1,
  "tensor_size_mb": 64.0,
  "num_elements": 33554432,
  "mean_time_ms": 143.1272905593505,
  "median_time_ms": 144.42371856421232,
  "min_time_ms": 112.22727503627539,
  "max_time_ms": 182.87493707612157
}