{
  "implementation": "deepspeed_gloo",
  "operation": "broadcast",
  "num_ranks": 8,
  "hidden_dim": 4096,
  "seq_len": 1,
  "batch": 32,
  "tensor_size_mb": 0.25,
  "num_elements": 131072,
  "mean_time_ms": 0.19373779243323952,
  "median_time_ms": 0.18944870680570602,
  "min_time_ms": 0.06304774433374405,
  "max_time_ms": 0.3181491047143936
}