{
  "implementation": "deepspeed_gloo",
  "operation": "reduce",
  "num_ranks": 8,
  "hidden_dim": 4096,
  "seq_len": 2048,
  "batch": 1,
  "tensor_size_mb": 16.0,
  "num_elements": 8388608,
  "mean_time_ms": 15.182246582116932,
  "median_time_ms": 12.518253410235047,
  "min_time_ms": 7.756569888442755,
  "max_time_ms": 42.74636460468173
}