{
  "implementation": "deepspeed_gloo",
  "operation": "broadcast",
  "num_ranks": 16,
  "hidden_dim": 2048,
  "seq_len": 2048,
  "batch": 32,
  "tensor_size_mb": 256.0,
  "num_elements": 134217728,
  "mean_time_ms": 289.1377810019185,
  "median_time_ms": 272.25672686472535,
  "min_time_ms": 55.35313906148076,
  "max_time_ms": 451.426288112998
}