{
  "implementation": "deepspeed_gloo",
  "operation": "broadcast",
  "num_ranks": 8,
  "hidden_dim": 4096,
  "seq_len": 8192,
  "batch": 16,
  "tensor_size_mb": 1024.0,
  "num_elements": 536870912,
  "mean_time_ms": 614.5959841407603,
  "median_time_ms": 582.343838410452,
  "min_time_ms": 186.60358525812626,
  "max_time_ms": 963.1367782130837
}