{
  "implementation": "deepspeed_gloo",
  "operation": "allgather",
  "num_ranks": 16,
  "hidden_dim": 2048,
  "seq_len": 1,
  "batch": 8,
  "tensor_size_mb": 0.0312,
  "num_elements": 16384,
  "mean_time_ms": 2.5168880983255804,
  "median_time_ms": 2.3174965754151344,
  "min_time_ms": 1.9782520830631256,
  "max_time_ms": 18.96522892639041
}