{
  "implementation": "deepspeed_gloo",
  "operation": "allgather",
  "num_ranks": 16,
  "hidden_dim": 4096,
  "seq_len": 8192,
  "batch": 8,
  "tensor_size_mb": 512.0,
  "num_elements": 268435456,
  "mean_time_ms": 9120.717320788826,
  "median_time_ms": 9085.808041505516,
  "min_time_ms": 8622.634061146528,
  "max_time_ms": 9454.27595404908
}