{
  "implementation": "deepspeed_gloo",
  "operation": "allreduce",
  "num_ranks": 16,
  "hidden_dim": 2048,
  "seq_len": 2048,
  "batch": 8,
  "tensor_size_mb": 64.0,
  "num_elements": 33554432,
  "mean_time_ms": 164.3844874939532,
  "median_time_ms": 164.19436037540436,
  "min_time_ms": 123.28528892248869,
  "max_time_ms": 212.42523286491632
}