{
  "implementation": "deepspeed_gloo",
  "operation": "gather",
  "num_ranks": 4,
  "hidden_dim": 4096,
  "seq_len": 1,
  "batch": 32,
  "tensor_size_mb": 0.25,
  "num_elements": 131072,
  "mean_time_ms": 0.17953964648768306,
  "median_time_ms": 0.17764070071280003,
  "min_time_ms": 0.0789770856499672,
  "max_time_ms": 0.3816620446741581
}