{
  "implementation": "deepspeed_gloo",
  "operation": "gather",
  "num_ranks": 8,
  "hidden_dim": 4096,
  "seq_len": 2048,
  "batch": 32,
  "tensor_size_mb": 512.0,
  "num_elements": 268435456,
  "mean_time_ms": 1274.0392005618196,
  "median_time_ms": 1351.0843517724425,
  "min_time_ms": 372.43659794330597,
  "max_time_ms": 2275.370268151164
}