{
  "implementation": "deepspeed_gloo",
  "operation": "broadcast",
  "num_ranks": 4,
  "hidden_dim": 2048,
  "seq_len": 8192,
  "batch": 32,
  "tensor_size_mb": 1024.0,
  "num_elements": 536870912,
  "mean_time_ms": 402.59672887972556,
  "median_time_ms": 400.4984865896404,
  "min_time_ms": 202.05877115949988,
  "max_time_ms": 602.4362077005208
}