{
  "implementation": "deepspeed_gloo",
  "operation": "allgather",
  "num_ranks": 16,
  "hidden_dim": 4096,
  "seq_len": 1,
  "batch": 16,
  "tensor_size_mb": 0.125,
  "num_elements": 65536,
  "mean_time_ms": 1.5777135593816638,
  "median_time_ms": 1.5406054444611073,
  "min_time_ms": 1.401933841407299,
  "max_time_ms": 2.9505151323974133
}