{
  "implementation": "deepspeed_gloo",
  "operation": "allreduce",
  "num_ranks": 8,
  "hidden_dim": 2048,
  "seq_len": 1,
  "batch": 16,
  "tensor_size_mb": 0.0625,
  "num_elements": 32768,
  "mean_time_ms": 0.7176488591358066,
  "median_time_ms": 0.7271382492035627,
  "min_time_ms": 0.5940189585089684,
  "max_time_ms": 0.8817478083074093
}