{
  "implementation": "deepspeed_gloo",
  "operation": "allgather",
  "num_ranks": 16,
  "hidden_dim": 4096,
  "seq_len": 2048,
  "batch": 8,
  "tensor_size_mb": 128.0,
  "num_elements": 67108864,
  "mean_time_ms": 4062.272299880861,
  "median_time_ms": 4107.808698434383,
  "min_time_ms": 2592.9481857456267,
  "max_time_ms": 5103.068551048636
}