{
  "implementation": "deepspeed_gloo",
  "operation": "broadcast",
  "num_ranks": 8,
  "hidden_dim": 2048,
  "seq_len": 8192,
  "batch": 1,
  "tensor_size_mb": 32.0,
  "num_elements": 16777216,
  "mean_time_ms": 18.61221598519478,
  "median_time_ms": 18.681936198845506,
  "min_time_ms": 15.894538722932339,
  "max_time_ms": 22.129069082438946
}