{
  "implementation": "deepspeed_gloo",
  "operation": "allreduce",
  "num_ranks": 16,
  "hidden_dim": 2048,
  "seq_len": 1,
  "batch": 1,
  "tensor_size_mb": 0.0039,
  "num_elements": 2048,
  "mean_time_ms": 1.4219033744302578,
  "median_time_ms": 1.4372346922755241,
  "min_time_ms": 1.1445754207670689,
  "max_time_ms": 1.5852190554141998
}