{
  "implementation": "deepspeed_gloo",
  "operation": "broadcast",
  "num_ranks": 4,
  "hidden_dim": 2048,
  "seq_len": 4096,
  "batch": 1,
  "tensor_size_mb": 16.0,
  "num_elements": 8388608,
  "mean_time_ms": 6.118017793633044,
  "median_time_ms": 6.0844391118735075,
  "min_time_ms": 2.6636836118996143,
  "max_time_ms": 10.266378987580538
}