{
  "implementation": "deepspeed_gloo",
  "operation": "reduce",
  "num_ranks": 8,
  "hidden_dim": 4096,
  "seq_len": 8192,
  "batch": 1,
  "tensor_size_mb": 64.0,
  "num_elements": 33554432,
  "mean_time_ms": 115.04611900541931,
  "median_time_ms": 112.1274814940989,
  "min_time_ms": 81.0066182166338,
  "max_time_ms": 157.3274340480566
}