{
  "implementation": "deepspeed_gloo",
  "operation": "reduce",
  "num_ranks": 16,
  "hidden_dim": 2048,
  "seq_len": 8192,
  "batch": 16,
  "tensor_size_mb": 512.0,
  "num_elements": 268435456,
  "mean_time_ms": 1184.3625864424394,
  "median_time_ms": 1185.4106669779867,
  "min_time_ms": 1032.392453867942,
  "max_time_ms": 1320.8586457185447
}