{
  "implementation": "deepspeed_gloo",
  "operation": "gather",
  "num_ranks": 4,
  "hidden_dim": 2048,
  "seq_len": 2048,
  "batch": 1,
  "tensor_size_mb": 8.0,
  "num_elements": 4194304,
  "mean_time_ms": 19.956327698891982,
  "median_time_ms": 20.15583007596433,
  "min_time_ms": 14.410891104489565,
  "max_time_ms": 29.466035310178995
}