{
  "implementation": "deepspeed_gloo",
  "operation": "gather",
  "num_ranks": 4,
  "hidden_dim": 2048,
  "seq_len": 8192,
  "batch": 1,
  "tensor_size_mb": 32.0,
  "num_elements": 16777216,
  "mean_time_ms": 58.08143071248196,
  "median_time_ms": 57.91191314347088,
  "min_time_ms": 15.703042969107628,
  "max_time_ms": 114.479742012918
}