{
  "implementation": "deepspeed_gloo",
  "operation": "allgather",
  "num_ranks": 8,
  "hidden_dim": 2048,
  "seq_len": 8192,
  "batch": 32,
  "tensor_size_mb": 1024.0,
  "num_elements": 536870912,
  "mean_time_ms": 7896.818081764504,
  "median_time_ms": 7920.554361306131,
  "min_time_ms": 7120.762236882001,
  "max_time_ms": 8301.210471894592
}