{
  "implementation": "deepspeed_gloo",
  "operation": "allreduce",
  "num_ranks": 8,
  "hidden_dim": 2048,
  "seq_len": 8192,
  "batch": 16,
  "tensor_size_mb": 512.0,
  "num_elements": 268435456,
  "mean_time_ms": 1035.3242258622777,
  "median_time_ms": 1054.7442166134715,
  "min_time_ms": 724.0984817035496,
  "max_time_ms": 1164.7485508583486
}