{
  "implementation": "deepspeed_gloo",
  "operation": "reduce",
  "num_ranks": 16,
  "hidden_dim": 4096,
  "seq_len": 2048,
  "batch": 32,
  "tensor_size_mb": 512.0,
  "num_elements": 268435456,
  "mean_time_ms": 1175.1073012701818,
  "median_time_ms": 1173.5114769544452,
  "min_time_ms": 782.9443220980465,
  "max_time_ms": 1329.916877206415
}