{
  "implementation": "deepspeed_gloo",
  "operation": "gather",
  "num_ranks": 4,
  "hidden_dim": 4096,
  "seq_len": 4096,
  "batch": 16,
  "tensor_size_mb": 512.0,
  "num_elements": 268435456,
  "mean_time_ms": 1013.3277972671204,
  "median_time_ms": 976.6345415264368,
  "min_time_ms": 423.97120082750916,
  "max_time_ms": 1681.7451640963554
}