{
  "implementation": "deepspeed_gloo",
  "operation": "allgather",
  "num_ranks": 8,
  "hidden_dim": 2048,
  "seq_len": 1,
  "batch": 16,
  "tensor_size_mb": 0.0625,
  "num_elements": 32768,
  "mean_time_ms": 0.5550381098873913,
  "median_time_ms": 0.5514530930668116,
  "min_time_ms": 0.48654479905962944,
  "max_time_ms": 0.7648137398064137
}