{
  "implementation": "deepspeed_gloo",
  "operation": "broadcast",
  "num_ranks": 16,
  "hidden_dim": 2048,
  "seq_len": 8192,
  "batch": 32,
  "tensor_size_mb": 1024.0,
  "num_elements": 536870912,
  "mean_time_ms": 1226.3684808305698,
  "median_time_ms": 1152.7118640951812,
  "min_time_ms": 214.06952571123838,
  "max_time_ms": 2344.9439760297537
}