{
  "implementation": "deepspeed_gloo",
  "operation": "broadcast",
  "num_ranks": 4,
  "hidden_dim": 4096,
  "seq_len": 8192,
  "batch": 16,
  "tensor_size_mb": 1024.0,
  "num_elements": 536870912,
  "mean_time_ms": 400.5248407716863,
  "median_time_ms": 399.85848567448556,
  "min_time_ms": 202.78791710734367,
  "max_time_ms": 596.0369543172419
}