{
  "implementation": "deepspeed_gloo",
  "operation": "allgather",
  "num_ranks": 16,
  "hidden_dim": 4096,
  "seq_len": 8192,
  "batch": 1,
  "tensor_size_mb": 64.0,
  "num_elements": 33554432,
  "mean_time_ms": 2068.455022778071,
  "median_time_ms": 2039.5613624714315,
  "min_time_ms": 1478.483669925481,
  "max_time_ms": 2658.1921940669417
}