{
  "implementation": "deepspeed_gloo",
  "operation": "reduce",
  "num_ranks": 16,
  "hidden_dim": 4096,
  "seq_len": 1,
  "batch": 32,
  "tensor_size_mb": 0.25,
  "num_elements": 131072,
  "mean_time_ms": 1.1220450274413452,
  "median_time_ms": 1.1190073564648628,
  "min_time_ms": 0.9716530330479145,
  "max_time_ms": 1.312674954533577
}