{
  "implementation": "deepspeed_gloo",
  "operation": "allreduce",
  "num_ranks": 16,
  "hidden_dim": 2048,
  "seq_len": 8192,
  "batch": 16,
  "tensor_size_mb": 512.0,
  "num_elements": 268435456,
  "mean_time_ms": 1721.701362580934,
  "median_time_ms": 1720.822740579024,
  "min_time_ms": 1276.002908591181,
  "max_time_ms": 1985.959098674357
}