{
  "implementation": "deepspeed_gloo",
  "operation": "allreduce",
  "num_ranks": 16,
  "hidden_dim": 4096,
  "seq_len": 1,
  "batch": 16,
  "tensor_size_mb": 0.125,
  "num_elements": 65536,
  "mean_time_ms": 1.6557165031554177,
  "median_time_ms": 1.6539923381060362,
  "min_time_ms": 1.4953967183828354,
  "max_time_ms": 1.8068519420921803
}