{
  "implementation": "deepspeed_gloo",
  "operation": "reduce",
  "num_ranks": 8,
  "hidden_dim": 4096,
  "seq_len": 1,
  "batch": 16,
  "tensor_size_mb": 0.125,
  "num_elements": 65536,
  "mean_time_ms": 0.48647471179720014,
  "median_time_ms": 0.48747495748102665,
  "min_time_ms": 0.3798818215727806,
  "max_time_ms": 0.5964390002191067
}