{
  "implementation": "deepspeed_gloo",
  "operation": "allreduce",
  "num_ranks": 4,
  "hidden_dim": 2048,
  "seq_len": 8192,
  "batch": 1,
  "tensor_size_mb": 32.0,
  "num_elements": 16777216,
  "mean_time_ms": 33.02157417638227,
  "median_time_ms": 33.791127149015665,
  "min_time_ms": 22.053714841604233,
  "max_time_ms": 52.08171298727393
}