{
  "implementation": "deepspeed_gloo",
  "operation": "gather",
  "num_ranks": 16,
  "hidden_dim": 2048,
  "seq_len": 4096,
  "batch": 16,
  "tensor_size_mb": 256.0,
  "num_elements": 134217728,
  "mean_time_ms": 1342.3794297670247,
  "median_time_ms": 1590.283309109509,
  "min_time_ms": 192.68177868798375,
  "max_time_ms": 2442.2572618350387
}