{
  "implementation": "deepspeed_gloo",
  "operation": "reduce",
  "num_ranks": 4,
  "hidden_dim": 2048,
  "seq_len": 2048,
  "batch": 8,
  "tensor_size_mb": 64.0,
  "num_elements": 33554432,
  "mean_time_ms": 112.84503440489061,
  "median_time_ms": 111.31785460747778,
  "min_time_ms": 55.71276508271694,
  "max_time_ms": 154.16838508099318
}