{
  "implementation": "deepspeed_gloo",
  "operation": "gather",
  "num_ranks": 16,
  "hidden_dim": 4096,
  "seq_len": 1,
  "batch": 1,
  "tensor_size_mb": 0.0078,
  "num_elements": 4096,
  "mean_time_ms": 0.26315093477023765,
  "median_time_ms": 0.26644510217010975,
  "min_time_ms": 0.14265300706028938,
  "max_time_ms": 0.3377683460712433
}