{
  "implementation": "deepspeed_gloo",
  "operation": "reduce",
  "num_ranks": 4,
  "hidden_dim": 2048,
  "seq_len": 8192,
  "batch": 8,
  "tensor_size_mb": 256.0,
  "num_elements": 134217728,
  "mean_time_ms": 441.93780059344135,
  "median_time_ms": 447.2444399725646,
  "min_time_ms": 308.9402667246759,
  "max_time_ms": 548.6176102422178
}