{
  "implementation": "deepspeed_gloo",
  "operation": "allgather",
  "num_ranks": 4,
  "hidden_dim": 2048,
  "seq_len": 4096,
  "batch": 32,
  "tensor_size_mb": 512.0,
  "num_elements": 268435456,
  "mean_time_ms": 1650.24916330236,
  "median_time_ms": 1652.2812789771706,
  "min_time_ms": 1535.4345249943435,
  "max_time_ms": 1768.6070539057255
}