{
  "implementation": "deepspeed_gloo",
  "operation": "allgather",
  "num_ranks": 4,
  "hidden_dim": 2048,
  "seq_len": 2048,
  "batch": 16,
  "tensor_size_mb": 128.0,
  "num_elements": 67108864,
  "mean_time_ms": 419.62342231185175,
  "median_time_ms": 419.18735881336033,
  "min_time_ms": 397.704710252583,
  "max_time_ms": 449.1456048563123
}