{
  "implementation": "deepspeed_gloo",
  "operation": "allreduce",
  "num_ranks": 4,
  "hidden_dim": 2048,
  "seq_len": 8192,
  "batch": 8,
  "tensor_size_mb": 256.0,
  "num_elements": 134217728,
  "mean_time_ms": 325.6962368777022,
  "median_time_ms": 324.7157165315002,
  "min_time_ms": 278.14715215936303,
  "max_time_ms": 351.8860386684537
}