{
  "implementation": "deepspeed_gloo",
  "operation": "allreduce",
  "num_ranks": 4,
  "hidden_dim": 2048,
  "seq_len": 4096,
  "batch": 32,
  "tensor_size_mb": 512.0,
  "num_elements": 268435456,
  "mean_time_ms": 635.4334213654511,
  "median_time_ms": 639.7871910594404,
  "min_time_ms": 452.36708875745535,
  "max_time_ms": 676.8003148026764
}