{
  "implementation": "deepspeed_gloo",
  "operation": "gather",
  "num_ranks": 16,
  "hidden_dim": 4096,
  "seq_len": 8192,
  "batch": 1,
  "tensor_size_mb": 64.0,
  "num_elements": 33554432,
  "mean_time_ms": 351.1228348943405,
  "median_time_ms": 374.3957185652107,
  "min_time_ms": 36.96027724072337,
  "max_time_ms": 664.31531496346
}