{
  "implementation": "deepspeed_gloo",
  "operation": "broadcast",
  "num_ranks": 4,
  "hidden_dim": 4096,
  "seq_len": 1,
  "batch": 16,
  "tensor_size_mb": 0.125,
  "num_elements": 65536,
  "mean_time_ms": 0.08755625691264868,
  "median_time_ms": 0.08439109660685062,
  "min_time_ms": 0.04542618989944458,
  "max_time_ms": 0.1497892662882805
}