{
  "implementation": "deepspeed_gloo",
  "operation": "allgather",
  "num_ranks": 8,
  "hidden_dim": 2048,
  "seq_len": 1,
  "batch": 1,
  "tensor_size_mb": 0.0039,
  "num_elements": 2048,
  "mean_time_ms": 0.4001294664340094,
  "median_time_ms": 0.3951916005462408,
  "min_time_ms": 0.3330595791339874,
  "max_time_ms": 0.5014808848500252
}