{
  "implementation": "deepspeed_gloo",
  "operation": "allgather",
  "num_ranks": 8,
  "hidden_dim": 4096,
  "seq_len": 2048,
  "batch": 1,
  "tensor_size_mb": 16.0,
  "num_elements": 8388608,
  "mean_time_ms": 163.04927727382164,
  "median_time_ms": 160.52323812618852,
  "min_time_ms": 128.44825303182006,
  "max_time_ms": 220.53681034594774
}