{
  "implementation": "deepspeed_gloo",
  "operation": "allreduce",
  "num_ranks": 8,
  "hidden_dim": 4096,
  "seq_len": 4096,
  "batch": 1,
  "tensor_size_mb": 32.0,
  "num_elements": 16777216,
  "mean_time_ms": 66.95473292260431,
  "median_time_ms": 68.03781515918672,
  "min_time_ms": 40.031732991337776,
  "max_time_ms": 101.83760710060596
}