{
  "implementation": "deepspeed_gloo",
  "operation": "gather",
  "num_ranks": 16,
  "hidden_dim": 2048,
  "seq_len": 8192,
  "batch": 1,
  "tensor_size_mb": 32.0,
  "num_elements": 16777216,
  "mean_time_ms": 181.0881422550301,
  "median_time_ms": 194.14675841107965,
  "min_time_ms": 13.60813109204173,
  "max_time_ms": 340.6531950458884
}