{
  "implementation": "deepspeed_gloo",
  "operation": "gather",
  "num_ranks": 16,
  "hidden_dim": 4096,
  "seq_len": 1,
  "batch": 32,
  "tensor_size_mb": 0.25,
  "num_elements": 131072,
  "mean_time_ms": 0.7415671850321814,
  "median_time_ms": 0.7039266638457775,
  "min_time_ms": 0.5105100572109222,
  "max_time_ms": 1.5740827657282352
}