{
  "implementation": "deepspeed_gloo",
  "operation": "broadcast",
  "num_ranks": 4,
  "hidden_dim": 4096,
  "seq_len": 4096,
  "batch": 1,
  "tensor_size_mb": 32.0,
  "num_elements": 16777216,
  "mean_time_ms": 14.5285141072236,
  "median_time_ms": 13.61234812065959,
  "min_time_ms": 6.836486980319023,
  "max_time_ms": 19.755809102207422
}