{
  "implementation": "deepspeed_gloo",
  "operation": "reduce",
  "num_ranks": 8,
  "hidden_dim": 4096,
  "seq_len": 4096,
  "batch": 1,
  "tensor_size_mb": 32.0,
  "num_elements": 16777216,
  "mean_time_ms": 52.315660247113556,
  "median_time_ms": 51.780508598312736,
  "min_time_ms": 20.99925233051181,
  "max_time_ms": 94.84772104769945
}