{
  "implementation": "deepspeed_gloo",
  "operation": "broadcast",
  "num_ranks": 8,
  "hidden_dim": 2048,
  "seq_len": 1,
  "batch": 8,
  "tensor_size_mb": 0.0312,
  "num_elements": 16384,
  "mean_time_ms": 0.09829780377913266,
  "median_time_ms": 0.09308895096182823,
  "min_time_ms": 0.04025176167488098,
  "max_time_ms": 0.16263499855995178
}