{
  "implementation": "deepspeed_gloo",
  "operation": "allgather",
  "num_ranks": 4,
  "hidden_dim": 4096,
  "seq_len": 2048,
  "batch": 1,
  "tensor_size_mb": 16.0,
  "num_elements": 8388608,
  "mean_time_ms": 50.78812792664394,
  "median_time_ms": 50.68430257961154,
  "min_time_ms": 46.784703619778156,
  "max_time_ms": 54.53663691878319
}