{
  "implementation": "deepspeed_gloo",
  "operation": "broadcast",
  "num_ranks": 4,
  "hidden_dim": 4096,
  "seq_len": 2048,
  "batch": 32,
  "tensor_size_mb": 512.0,
  "num_elements": 268435456,
  "mean_time_ms": 209.64462728588842,
  "median_time_ms": 209.33103444986045,
  "min_time_ms": 178.85848926380277,
  "max_time_ms": 281.0694891959429
}