{
  "implementation": "deepspeed_gloo",
  "operation": "gather",
  "num_ranks": 16,
  "hidden_dim": 4096,
  "seq_len": 4096,
  "batch": 16,
  "tensor_size_mb": 512.0,
  "num_elements": 268435456,
  "mean_time_ms": 2434.220362548367,
  "median_time_ms": 2832.605578005314,
  "min_time_ms": 399.3219807744026,
  "max_time_ms": 4770.732790697366
}