{
  "implementation": "deepspeed_gloo",
  "operation": "gather",
  "num_ranks": 8,
  "hidden_dim": 4096,
  "seq_len": 1,
  "batch": 1,
  "tensor_size_mb": 0.0078,
  "num_elements": 4096,
  "mean_time_ms": 0.08015616680495441,
  "median_time_ms": 0.07469998672604561,
  "min_time_ms": 0.025488901883363724,
  "max_time_ms": 0.17471704632043839
}