{
  "implementation": "deepspeed_gloo",
  "operation": "gather",
  "num_ranks": 8,
  "hidden_dim": 4096,
  "seq_len": 8192,
  "batch": 8,
  "tensor_size_mb": 512.0,
  "num_elements": 268435456,
  "mean_time_ms": 1292.9618567920988,
  "median_time_ms": 1351.219730451703,
  "min_time_ms": 374.890869949013,
  "max_time_ms": 2275.0073578208685
}