{
  "implementation": "deepspeed_gloo",
  "operation": "reduce",
  "num_ranks": 4,
  "hidden_dim": 2048,
  "seq_len": 1,
  "batch": 1,
  "tensor_size_mb": 0.0039,
  "num_elements": 2048,
  "mean_time_ms": 0.20400100154802203,
  "median_time_ms": 0.1953656319528818,
  "min_time_ms": 0.15295809134840965,
  "max_time_ms": 0.26996899396181107
}