{
  "implementation": "deepspeed_gloo",
  "operation": "allreduce",
  "num_ranks": 16,
  "hidden_dim": 4096,
  "seq_len": 1,
  "batch": 1,
  "tensor_size_mb": 0.0078,
  "num_elements": 4096,
  "mean_time_ms": 1.4332582498900592,
  "median_time_ms": 1.433610450476408,
  "min_time_ms": 1.3210251927375793,
  "max_time_ms": 1.5941550955176353
}