{
  "implementation": "deepspeed_gloo",
  "operation": "gather",
  "num_ranks": 4,
  "hidden_dim": 4096,
  "seq_len": 2048,
  "batch": 1,
  "tensor_size_mb": 16.0,
  "num_elements": 8388608,
  "mean_time_ms": 36.47873476031236,
  "median_time_ms": 35.64815269783139,
  "min_time_ms": 10.553182102739811,
  "max_time_ms": 50.32671894878149
}