{
  "implementation": "deepspeed_gloo",
  "operation": "reduce",
  "num_ranks": 4,
  "hidden_dim": 4096,
  "seq_len": 8192,
  "batch": 8,
  "tensor_size_mb": 512.0,
  "num_elements": 268435456,
  "mean_time_ms": 862.8990023164079,
  "median_time_ms": 881.8097754847258,
  "min_time_ms": 571.3496753014624,
  "max_time_ms": 1038.6472688987851
}