{
  "implementation": "deepspeed_gloo",
  "operation": "allreduce",
  "num_ranks": 8,
  "hidden_dim": 4096,
  "seq_len": 1,
  "batch": 1,
  "tensor_size_mb": 0.0078,
  "num_elements": 4096,
  "mean_time_ms": 0.7351569854654372,
  "median_time_ms": 0.7339601870626211,
  "min_time_ms": 0.6357831880450249,
  "max_time_ms": 0.8333120495080948
}