{
  "implementation": "deepspeed_gloo",
  "operation": "broadcast",
  "num_ranks": 16,
  "hidden_dim": 4096,
  "seq_len": 1,
  "batch": 1,
  "tensor_size_mb": 0.0078,
  "num_elements": 4096,
  "mean_time_ms": 0.12763850652845576,
  "median_time_ms": 0.12665102258324623,
  "min_time_ms": 0.031978823244571686,
  "max_time_ms": 0.21539907902479172
}