{
  "implementation": "deepspeed_gloo",
  "operation": "allreduce",
  "num_ranks": 16,
  "hidden_dim": 4096,
  "seq_len": 1,
  "batch": 8,
  "tensor_size_mb": 0.0625,
  "num_elements": 32768,
  "mean_time_ms": 1.532164893578738,
  "median_time_ms": 1.5300128143280745,
  "min_time_ms": 1.4248997904360294,
  "max_time_ms": 2.050809096544981
}