{
  "implementation": "deepspeed_gloo",
  "operation": "reduce",
  "num_ranks": 16,
  "hidden_dim": 2048,
  "seq_len": 8192,
  "batch": 8,
  "tensor_size_mb": 256.0,
  "num_elements": 134217728,
  "mean_time_ms": 598.2901092965039,
  "median_time_ms": 598.0775596108288,
  "min_time_ms": 452.4700241163373,
  "max_time_ms": 726.3649697415531
}