{
  "implementation": "deepspeed_gloo",
  "operation": "broadcast",
  "num_ranks": 16,
  "hidden_dim": 2048,
  "seq_len": 4096,
  "batch": 32,
  "tensor_size_mb": 512.0,
  "num_elements": 268435456,
  "mean_time_ms": 570.508580924652,
  "median_time_ms": 536.0103396233171,
  "min_time_ms": 107.73870628327131,
  "max_time_ms": 1157.3964753188193
}