{
  "implementation": "deepspeed_gloo",
  "operation": "allgather",
  "num_ranks": 8,
  "hidden_dim": 4096,
  "seq_len": 8192,
  "batch": 32,
  "tensor_size_mb": 2048.0,
  "num_elements": 1073741824,
  "mean_time_ms": 14966.449904012843,
  "median_time_ms": 14346.086024539545,
  "min_time_ms": 13857.930432073772,
  "max_time_ms": 17021.45479572937
}