{
  "implementation": "deepspeed_gloo",
  "operation": "reduce",
  "num_ranks": 4,
  "hidden_dim": 2048,
  "seq_len": 2048,
  "batch": 16,
  "tensor_size_mb": 128.0,
  "num_elements": 67108864,
  "mean_time_ms": 220.13999762944877,
  "median_time_ms": 218.84408500045538,
  "min_time_ms": 150.2356710843742,
  "max_time_ms": 286.27181285992265
}