{
  "implementation": "deepspeed_gloo",
  "operation": "reduce",
  "num_ranks": 8,
  "hidden_dim": 2048,
  "seq_len": 4096,
  "batch": 32,
  "tensor_size_mb": 512.0,
  "num_elements": 268435456,
  "mean_time_ms": 951.6841330053285,
  "median_time_ms": 958.3651835564524,
  "min_time_ms": 715.2717271819711,
  "max_time_ms": 1078.9101882837713
}