{
  "implementation": "deepspeed_gloo",
  "operation": "gather",
  "num_ranks": 4,
  "hidden_dim": 4096,
  "seq_len": 8192,
  "batch": 16,
  "tensor_size_mb": 1024.0,
  "num_elements": 536870912,
  "mean_time_ms": 2031.1369407887105,
  "median_time_ms": 1963.004578370601,
  "min_time_ms": 857.29562304914,
  "max_time_ms": 3447.2841760143638
}