{
  "implementation": "deepspeed_gloo",
  "operation": "gather",
  "num_ranks": 4,
  "hidden_dim": 2048,
  "seq_len": 4096,
  "batch": 8,
  "tensor_size_mb": 128.0,
  "num_elements": 67108864,
  "mean_time_ms": 228.70078506646678,
  "median_time_ms": 228.03133842535317,
  "min_time_ms": 87.998878210783,
  "max_time_ms": 381.2114200554788
}