{
  "implementation": "deepspeed_gloo",
  "operation": "allreduce",
  "num_ranks": 4,
  "hidden_dim": 2048,
  "seq_len": 2048,
  "batch": 8,
  "tensor_size_mb": 64.0,
  "num_elements": 33554432,
  "mean_time_ms": 94.43261326989159,
  "median_time_ms": 93.04988803341985,
  "min_time_ms": 71.17651170119643,
  "max_time_ms": 109.47031620889902
}