{
  "implementation": "deepspeed_gloo",
  "operation": "allreduce",
  "num_ranks": 4,
  "hidden_dim": 4096,
  "seq_len": 1,
  "batch": 8,
  "tensor_size_mb": 0.0625,
  "num_elements": 32768,
  "mean_time_ms": 0.3491050994489342,
  "median_time_ms": 0.3498918376863003,
  "min_time_ms": 0.2843341790139675,
  "max_time_ms": 0.4360051825642586
}