{
  "implementation": "deepspeed_gloo",
  "operation": "broadcast",
  "num_ranks": 16,
  "hidden_dim": 2048,
  "seq_len": 8192,
  "batch": 8,
  "tensor_size_mb": 256.0,
  "num_elements": 134217728,
  "mean_time_ms": 253.47080657811605,
  "median_time_ms": 252.3766339290887,
  "min_time_ms": 56.821385864168406,
  "max_time_ms": 391.7015679180622
}