{
  "implementation": "deepspeed_gloo",
  "operation": "gather",
  "num_ranks": 16,
  "hidden_dim": 2048,
  "seq_len": 1,
  "batch": 16,
  "tensor_size_mb": 0.0625,
  "num_elements": 32768,
  "mean_time_ms": 0.3767712027183734,
  "median_time_ms": 0.36657671444118023,
  "min_time_ms": 0.2850499004125595,
  "max_time_ms": 0.7410990074276924
}