{
  "implementation": "deepspeed_gloo",
  "operation": "broadcast",
  "num_ranks": 4,
  "hidden_dim": 4096,
  "seq_len": 2048,
  "batch": 8,
  "tensor_size_mb": 128.0,
  "num_elements": 67108864,
  "mean_time_ms": 56.40951698063873,
  "median_time_ms": 56.695627979934216,
  "min_time_ms": 44.5263902656734,
  "max_time_ms": 77.48632319271564
}