{
  "implementation": "deepspeed_gloo",
  "operation": "reduce",
  "num_ranks": 4,
  "hidden_dim": 4096,
  "seq_len": 8192,
  "batch": 16,
  "tensor_size_mb": 1024.0,
  "num_elements": 536870912,
  "mean_time_ms": 1667.7590536978096,
  "median_time_ms": 1685.2458440698683,
  "min_time_ms": 1225.29800189659,
  "max_time_ms": 1957.8269910998642
}