{
  "implementation": "deepspeed_gloo",
  "operation": "allgather",
  "num_ranks": 16,
  "hidden_dim": 4096,
  "seq_len": 1,
  "batch": 8,
  "tensor_size_mb": 0.0625,
  "num_elements": 32768,
  "mean_time_ms": 2.7950723783578724,
  "median_time_ms": 2.784846117720008,
  "min_time_ms": 2.296554856002331,
  "max_time_ms": 3.902589902281761
}