{
  "implementation": "deepspeed_gloo",
  "operation": "gather",
  "num_ranks": 4,
  "hidden_dim": 2048,
  "seq_len": 4096,
  "batch": 1,
  "tensor_size_mb": 16.0,
  "num_elements": 8388608,
  "mean_time_ms": 36.16283823503181,
  "median_time_ms": 35.5182783678174,
  "min_time_ms": 9.806083980947733,
  "max_time_ms": 49.049712251871824
}