{
  "implementation": "deepspeed_gloo",
  "operation": "allgather",
  "num_ranks": 8,
  "hidden_dim": 4096,
  "seq_len": 8192,
  "batch": 16,
  "tensor_size_mb": 1024.0,
  "num_elements": 536870912,
  "mean_time_ms": 9006.182631102856,
  "median_time_ms": 9215.739697450772,
  "min_time_ms": 7351.372380740941,
  "max_time_ms": 10505.76646765694
}