{
  "implementation": "deepspeed_gloo",
  "operation": "broadcast",
  "num_ranks": 4,
  "hidden_dim": 4096,
  "seq_len": 1,
  "batch": 32,
  "tensor_size_mb": 0.25,
  "num_elements": 131072,
  "mean_time_ms": 0.12156083481386304,
  "median_time_ms": 0.11537573300302029,
  "min_time_ms": 0.05960790440440178,
  "max_time_ms": 0.1923590898513794
}