{
  "implementation": "deepspeed_gloo",
  "operation": "broadcast",
  "num_ranks": 8,
  "hidden_dim": 2048,
  "seq_len": 8192,
  "batch": 8,
  "tensor_size_mb": 256.0,
  "num_elements": 134217728,
  "mean_time_ms": 180.3381680365419,
  "median_time_ms": 162.35337615944445,
  "min_time_ms": 50.975379068404436,
  "max_time_ms": 258.9877718128264
}