{
  "implementation": "deepspeed_gloo",
  "operation": "gather",
  "num_ranks": 16,
  "hidden_dim": 2048,
  "seq_len": 4096,
  "batch": 1,
  "tensor_size_mb": 16.0,
  "num_elements": 8388608,
  "mean_time_ms": 89.68894302641274,
  "median_time_ms": 89.0513458289206,
  "min_time_ms": 6.583184935152531,
  "max_time_ms": 177.14537726715207
}