{
  "implementation": "deepspeed_gloo",
  "operation": "gather",
  "num_ranks": 16,
  "hidden_dim": 4096,
  "seq_len": 8192,
  "batch": 32,
  "tensor_size_mb": 2048.0,
  "num_elements": 1073741824,
  "mean_time_ms": 8832.924018048216,
  "median_time_ms": 8657.414506888017,
  "min_time_ms": 2217.44317188859,
  "max_time_ms": 19012.664893176407
}