{
  "implementation": "deepspeed_gloo",
  "operation": "allgather",
  "num_ranks": 4,
  "hidden_dim": 4096,
  "seq_len": 4096,
  "batch": 1,
  "tensor_size_mb": 32.0,
  "num_elements": 16777216,
  "mean_time_ms": 105.43234742130153,
  "median_time_ms": 105.20105762407184,
  "min_time_ms": 98.08791009709239,
  "max_time_ms": 116.98382487520576
}