{
  "implementation": "deepspeed_gloo",
  "operation": "gather",
  "num_ranks": 8,
  "hidden_dim": 2048,
  "seq_len": 2048,
  "batch": 32,
  "tensor_size_mb": 256.0,
  "num_elements": 134217728,
  "mean_time_ms": 663.4447796602035,
  "median_time_ms": 709.0474783908576,
  "min_time_ms": 186.38451397418976,
  "max_time_ms": 1194.2652789875865
}