{
  "implementation": "deepspeed_gloo",
  "operation": "gather",
  "num_ranks": 4,
  "hidden_dim": 2048,
  "seq_len": 2048,
  "batch": 16,
  "tensor_size_mb": 128.0,
  "num_elements": 67108864,
  "mean_time_ms": 255.40320252999666,
  "median_time_ms": 250.05442439578474,
  "min_time_ms": 98.31707924604416,
  "max_time_ms": 488.0354688502848
}