{
  "implementation": "deepspeed_gloo",
  "operation": "broadcast",
  "num_ranks": 8,
  "hidden_dim": 2048,
  "seq_len": 2048,
  "batch": 16,
  "tensor_size_mb": 128.0,
  "num_elements": 67108864,
  "mean_time_ms": 91.85913111548871,
  "median_time_ms": 81.23487303964794,
  "min_time_ms": 29.009283054620028,
  "max_time_ms": 132.5675849802792
}