{
  "implementation": "deepspeed_gloo",
  "operation": "allreduce",
  "num_ranks": 4,
  "hidden_dim": 2048,
  "seq_len": 2048,
  "batch": 32,
  "tensor_size_mb": 256.0,
  "num_elements": 134217728,
  "mean_time_ms": 322.263557825936,
  "median_time_ms": 325.4471435211599,
  "min_time_ms": 230.14783719554543,
  "max_time_ms": 350.48064310103655
}