{
  "implementation": "deepspeed_gloo",
  "operation": "reduce",
  "num_ranks": 4,
  "hidden_dim": 4096,
  "seq_len": 1,
  "batch": 8,
  "tensor_size_mb": 0.0625,
  "num_elements": 32768,
  "mean_time_ms": 0.25543167372234166,
  "median_time_ms": 0.2510447520762682,
  "min_time_ms": 0.19833911210298538,
  "max_time_ms": 0.33050915226340294
}