{
  "implementation": "deepspeed_gloo",
  "operation": "allreduce",
  "num_ranks": 16,
  "hidden_dim": 4096,
  "seq_len": 2048,
  "batch": 32,
  "tensor_size_mb": 512.0,
  "num_elements": 268435456,
  "mean_time_ms": 1677.1011593021103,
  "median_time_ms": 1675.3263354767114,
  "min_time_ms": 1394.6165977977216,
  "max_time_ms": 1961.0825963318348
}