{
  "implementation": "deepspeed_gloo",
  "operation": "reduce",
  "num_ranks": 16,
  "hidden_dim": 4096,
  "seq_len": 8192,
  "batch": 8,
  "tensor_size_mb": 512.0,
  "num_elements": 268435456,
  "mean_time_ms": 1181.0034503426868,
  "median_time_ms": 1180.825636954978,
  "min_time_ms": 968.2084587402642,
  "max_time_ms": 1327.1737080067396
}