{
  "implementation": "deepspeed_gloo",
  "operation": "allreduce",
  "num_ranks": 8,
  "hidden_dim": 2048,
  "seq_len": 4096,
  "batch": 32,
  "tensor_size_mb": 512.0,
  "num_elements": 268435456,
  "mean_time_ms": 1037.388253256213,
  "median_time_ms": 1049.5396342594177,
  "min_time_ms": 759.9789602681994,
  "max_time_ms": 1164.0039272606373
}