{
  "implementation": "deepspeed_gloo",
  "operation": "gather",
  "num_ranks": 8,
  "hidden_dim": 2048,
  "seq_len": 4096,
  "batch": 16,
  "tensor_size_mb": 256.0,
  "num_elements": 134217728,
  "mean_time_ms": 646.2212602450745,
  "median_time_ms": 685.1003705523908,
  "min_time_ms": 184.72143914550543,
  "max_time_ms": 1165.246978867799
}