{
  "implementation": "deepspeed_gloo",
  "operation": "reduce",
  "num_ranks": 4,
  "hidden_dim": 4096,
  "seq_len": 8192,
  "batch": 1,
  "tensor_size_mb": 64.0,
  "num_elements": 33554432,
  "mean_time_ms": 115.53840148611926,
  "median_time_ms": 114.49507297948003,
  "min_time_ms": 70.88270829990506,
  "max_time_ms": 170.9030526690185
}