{
  "implementation": "deepspeed_gloo",
  "operation": "allgather",
  "num_ranks": 4,
  "hidden_dim": 4096,
  "seq_len": 4096,
  "batch": 16,
  "tensor_size_mb": 512.0,
  "num_elements": 268435456,
  "mean_time_ms": 1644.1145666886587,
  "median_time_ms": 1649.2004273459315,
  "min_time_ms": 1525.1775621436536,
  "max_time_ms": 1812.576626893133
}