{
  "implementation": "deepspeed_gloo",
  "operation": "allgather",
  "num_ranks": 4,
  "hidden_dim": 2048,
  "seq_len": 1,
  "batch": 32,
  "tensor_size_mb": 0.125,
  "num_elements": 65536,
  "mean_time_ms": 0.3305710293352604,
  "median_time_ms": 0.32608211040496826,
  "min_time_ms": 0.263298861682415,
  "max_time_ms": 0.43992698192596436
}