{
  "implementation": "deepspeed_gloo",
  "operation": "reduce",
  "num_ranks": 16,
  "hidden_dim": 4096,
  "seq_len": 1,
  "batch": 1,
  "tensor_size_mb": 0.0078,
  "num_elements": 4096,
  "mean_time_ms": 1.0146834873012267,
  "median_time_ms": 1.0101613588631153,
  "min_time_ms": 0.8430499583482742,
  "max_time_ms": 2.1100421436131
}