{
  "implementation": "deepspeed_gloo",
  "operation": "gather",
  "num_ranks": 4,
  "hidden_dim": 4096,
  "seq_len": 4096,
  "batch": 8,
  "tensor_size_mb": 256.0,
  "num_elements": 134217728,
  "mean_time_ms": 451.0457384644542,
  "median_time_ms": 442.7248784340918,
  "min_time_ms": 185.18234230577946,
  "max_time_ms": 722.0996483229101
}