{
  "implementation": "deepspeed_gloo",
  "operation": "allreduce",
  "num_ranks": 4,
  "hidden_dim": 4096,
  "seq_len": 2048,
  "batch": 32,
  "tensor_size_mb": 512.0,
  "num_elements": 268435456,
  "mean_time_ms": 633.6053828743752,
  "median_time_ms": 637.8348984289914,
  "min_time_ms": 526.0737538337708,
  "max_time_ms": 693.5198246501386
}