{
  "implementation": "deepspeed_gloo",
  "operation": "reduce",
  "num_ranks": 16,
  "hidden_dim": 4096,
  "seq_len": 4096,
  "batch": 16,
  "tensor_size_mb": 512.0,
  "num_elements": 268435456,
  "mean_time_ms": 1175.609991439269,
  "median_time_ms": 1174.512987723574,
  "min_time_ms": 982.9893000423908,
  "max_time_ms": 1319.0114763565361
}