{
  "implementation": "deepspeed_gloo",
  "operation": "gather",
  "num_ranks": 8,
  "hidden_dim": 4096,
  "seq_len": 4096,
  "batch": 32,
  "tensor_size_mb": 1024.0,
  "num_elements": 536870912,
  "mean_time_ms": 2441.401543848915,
  "median_time_ms": 2391.1253861151636,
  "min_time_ms": 737.5333239324391,
  "max_time_ms": 4508.536750916392
}