{
  "implementation": "deepspeed_gloo",
  "operation": "reduce",
  "num_ranks": 8,
  "hidden_dim": 2048,
  "seq_len": 8192,
  "batch": 32,
  "tensor_size_mb": 1024.0,
  "num_elements": 536870912,
  "mean_time_ms": 1868.1763119978132,
  "median_time_ms": 1886.4041750784963,
  "min_time_ms": 1607.7081761322916,
  "max_time_ms": 2078.5536519251764
}