{
  "implementation": "deepspeed_oneccl",
  "backend": "ccl",
  "operation": "allreduce",
  "num_ranks": 4,
  "tensor_shape": {
    "batch": 32,
    "seq_len": 1,
    "hidden_dim": 2048
  },
  "num_elements": 65536,
  "tensor_size_bytes": 131072,
  "tensor_size_mb": 0.125,
  "dtype": "bfloat16",
  "warmup_iterations": 10,
  "measurement_iterations": 100,
  "timing_method": "time.perf_counter()",
  "timings": [
    [
      7.539894431829453e-05,
      6.962614133954048e-05,
      7.446389645338058e-05,
      7.541803643107414e-05,
      6.806012243032455e-05,
      7.342500612139702e-05,
      7.343199104070663e-05,
      7.62520357966423e-05,
      7.498916238546371e-05,
      7.304921746253967e-05,
      7.179984822869301e-05,
      6.988272070884705e-05,
      7.078098133206367e-05,
      7.008109241724014e-05,
      6.920099258422852e-05,
      7.110089063644409e-05,
      6.793392822146416e-05,
      7.101474329829216e-05,
      6.968295201659203e-05,
      7.337704300880432e-05,
      7.336726412177086e-05,
      6.823800504207611e-05,
      7.285596802830696e-05,
      7.156236097216606e-05,
      6.998283788561821e-05,
      7.069669663906097e-05,
      7.104920223355293e-05,
      7.316702976822853e-05,
      6.67390413582325e-05,
      7.640896365046501e-05,
      6.639305502176285e-05,
      7.299473509192467e-05,
      6.619328632950783e-05,
      6.970390677452087e-05,
      7.266411557793617e-05,
      7.105199620127678e-05,
      7.457518950104713e-05,
      7.319403812289238e-05,
      7.551582530140877e-05,
      6.915908306837082e-05,
      7.025105878710747e-05,
      7.082661613821983e-05,
      7.103383541107178e-05,
      6.604474037885666e-05,
      6.933510303497314e-05,
      6.995489820837975e-05,
      7.179984822869301e-05,
      7.03609548509121e-05,
      7.000192999839783e-05,
      7.090391591191292e-05,
      7.231766358017921e-05,
      7.348228245973587e-05,
      6.827805191278458e-05,
      7.900688797235489e-05,
      7.453979924321175e-05,
      7.15409405529499e-05,
      6.980309262871742e-05,
      7.393490523099899e-05,
      6.861984729766846e-05,
      7.664412260055542e-05,
      6.946967914700508e-05,
      6.834091618657112e-05,
      7.261894643306732e-05,
      7.290206849575043e-05,
      7.330905646085739e-05,
      7.209973409771919e-05,
      6.882613524794579e-05,
      6.700726225972176e-05,
      7.018586620688438e-05,
      6.932904943823814e-05,
      7.966998964548111e-05,
      6.901007145643234e-05,
      7.807882502675056e-05,
      7.153721526265144e-05,
      7.075071334838867e-05,
      7.136818021535873e-05,
      7.105432450771332e-05,
      6.887689232826233e-05,
      7.039401680231094e-05,
      7.088808342814445e-05,
      6.966385990381241e-05,
      6.843311712145805e-05,
      6.644660606980324e-05,
      6.972718983888626e-05,
      7.263990119099617e-05,
      7.394189015030861e-05,
      7.298681885004044e-05,
      6.853323429822922e-05,
      7.245317101478577e-05,
      6.809085607528687e-05,
      6.917724385857582e-05,
      6.879307329654694e-05,
      7.417798042297363e-05,
      7.077213376760483e-05,
      7.010716944932938e-05,
      7.076887413859367e-05,
      7.606809958815575e-05,
      6.956513971090317e-05,
      6.964476779103279e-05,
      7.008807733654976e-05
    ],
    [
      7.644668221473694e-05,
      6.940681487321854e-05,
      7.327599450945854e-05,
      7.33816996216774e-05,
      6.79483637213707e-05,
      7.395120337605476e-05,
      7.415842264890671e-05,
      7.661990821361542e-05,
      7.315026596188545e-05,
      7.436657324433327e-05,
      7.087318226695061e-05,
      6.996095180511475e-05,
      7.224176079034805e-05,
      6.96992501616478e-05,
      6.842706352472305e-05,
      7.103104144334793e-05,
      6.751483306288719e-05,
      7.033627480268478e-05,
      6.939796730875969e-05,
      7.254816591739655e-05,
      7.277308031916618e-05,
      6.853509694337845e-05,
      7.144734263420105e-05,
      7.247086614370346e-05,
      6.932485848665237e-05,
      7.208716124296188e-05,
      7.091695442795753e-05,
      7.34720379114151e-05,
      6.619561463594437e-05,
      7.551116868853569e-05,
      6.576394662261009e-05,
      7.34841451048851e-05,
      6.53248280286789e-05,
      7.016118615865707e-05,
      7.13299959897995e-05,
      7.18170776963234e-05,
      7.323222234845161e-05,
      7.351022213697433e-05,
      7.33877532184124e-05,
      7.023382931947708e-05,
      6.906921043992043e-05,
      7.02347606420517e-05,
      7.027015089988708e-05,
      6.769411265850067e-05,
      6.901565939188004e-05,
      7.020542398095131e-05,
      7.087690755724907e-05,
      7.084663957357407e-05,
      7.044197991490364e-05,
      6.988504901528358e-05,
      7.068272680044174e-05,
      7.33821652829647e-05,
      6.744265556335449e-05,
      7.803970947861671e-05,
      7.489696145057678e-05,
      7.264222949743271e-05,
      6.80871307849884e-05,
      7.559079676866531e-05,
      6.794091314077377e-05,
      7.678428664803505e-05,
      6.887270137667656e-05,
      6.905896589159966e-05,
      7.294025272130966e-05,
      7.287506014108658e-05,
      7.24433921277523e-05,
      7.107574492692947e-05,
      6.783613935112953e-05,
      6.653321906924248e-05,
      7.306691259145737e-05,
      6.99278898537159e-05,
      7.943622767925262e-05,
      6.835022941231728e-05,
      7.738685235381126e-05,
      7.119635120034218e-05,
      7.148087024688721e-05,
      7.137423381209373e-05,
      7.005594670772552e-05,
      6.835395470261574e-05,
      7.042894139885902e-05,
      6.943987682461739e-05,
      6.99581578373909e-05,
      6.829015910625458e-05,
      6.76298514008522e-05,
      7.043499499559402e-05,
      7.19921663403511e-05,
      7.519498467445374e-05,
      7.272511720657349e-05,
      6.944406777620316e-05,
      7.276888936758041e-05,
      6.751623004674911e-05,
      6.92480243742466e-05,
      6.888434290885925e-05,
      7.260497659444809e-05,
      7.212022319436073e-05,
      6.990507245063782e-05,
      7.038936018943787e-05,
      7.497891783714294e-05,
      7.028784602880478e-05,
      6.849318742752075e-05,
      7.126014679670334e-05
    ],
    [
      7.568113505840302e-05,
      7.02408142387867e-05,
      7.331930100917816e-05,
      7.549067959189415e-05,
      6.836093962192535e-05,
      7.316237315535545e-05,
      7.487507537007332e-05,
      7.648719474673271e-05,
      7.299380376935005e-05,
      7.344037294387817e-05,
      7.302779704332352e-05,
      6.947200745344162e-05,
      7.081404328346252e-05,
      7.041078060865402e-05,
      6.834231317043304e-05,
      7.114699110388756e-05,
      6.724894046783447e-05,
      7.138308137655258e-05,
      7.047411054372787e-05,
      7.33700580894947e-05,
      7.246201857924461e-05,
      6.799492985010147e-05,
      7.098400965332985e-05,
      7.162988185882568e-05,
      7.001310586929321e-05,
      7.186504080891609e-05,
      7.071718573570251e-05,
      7.285969331860542e-05,
      6.66249543428421e-05,
      7.721828296780586e-05,
      6.544683128595352e-05,
      7.395818829536438e-05,
      6.689410656690598e-05,
      6.945431232452393e-05,
      7.295003160834312e-05,
      7.148506119847298e-05,
      7.483270019292831e-05,
      7.381616160273552e-05,
      7.459800690412521e-05,
      6.875116378068924e-05,
      6.916699931025505e-05,
      6.962195038795471e-05,
      6.993021816015244e-05,
      6.689131259918213e-05,
      6.915023550391197e-05,
      6.997399032115936e-05,
      7.116561755537987e-05,
      7.014768198132515e-05,
      6.982404738664627e-05,
      7.059471681714058e-05,
      7.208762690424919e-05,
      7.298588752746582e-05,
      6.765685975551605e-05,
      7.829675450921059e-05,
      7.465295493602753e-05,
      7.215095683932304e-05,
      6.993301212787628e-05,
      7.499009370803833e-05,
      6.711995229125023e-05,
      7.634563371539116e-05,
      6.855279207229614e-05,
