{
  "implementation": "deepspeed_oneccl",
  "backend": "ccl",
  "operation": "reduce",
  "num_ranks": 4,
  "tensor_shape": {
    "batch": 16,
    "seq_len": 4096,
    "hidden_dim": 4096
  },
  "num_elements": 268435456,
  "tensor_size_bytes": 536870912,
  "tensor_size_mb": 512.0,
  "dtype": "bfloat16",
  "warmup_iterations": 10,
  "measurement_iterations": 100,
  "timing_method": "time.perf_counter()",
  "timings": [
    [
      1.1353443199768662,
      1.0476897992193699,
      1.055884697008878,
      0.8968974999152124,
      0.8882934269495308,
      1.0398489166982472,
      1.2075386391952634,
      0.9851844809018075,
      0.928236847743392,
      0.9255190179683268,
      1.1351167908869684,
      0.9773260396905243,
      1.0088128331117332,
      1.1434422191232443,
      0.8812449630349874,
      0.84828225011006,
      1.1495398073457181,
      1.2055436200462282,
      0.9019612832926214,
      0.9874557037837803,
      0.9097892381250858,
      1.1816189722158015,
      1.0764399017207325,
      1.048515347763896,
      1.0720175467431545,
      0.8941884068772197,
      0.9153599040582776,
      1.0379809900186956,
      1.134880187921226,
      0.9525750451721251,
      0.9563144501298666,
      0.9146771682426333,
      1.0938334949314594,
      1.0292642870917916,
      0.9947870238684118,
      1.1193730011582375,
      0.8762532169930637,
      0.8718424579128623,
      1.086281165946275,
      1.2298236191272736,
      0.9536824328824878,
      0.9532686313614249,
      0.9544546660035849,
      1.078279777429998,
      0.9873769721016288,
      0.9511052072048187,
      1.060014660935849,
      0.9021313809789717,
      0.9861852210015059,
      1.0025127199478447,
      1.1497769667766988,
      0.9780671079643071,
      0.9071958130225539,
      0.8958261120133102,
      1.127644547726959,
      1.0653377417474985,
      0.9530677851289511,
      1.0556745580397546,
      0.8480353597551584,
      1.03175169788301,
      1.0332003338262439,
      1.147135095205158,
      0.9051692769862711,
      0.9260637117549777,
      0.9011204298585653,
      1.2063021278008819,
      1.0083657898940146,
      0.9482262623496354,
      1.043224846944213,
      0.9209553268738091,
      1.1130818952806294,
      1.1066341171972454,
      1.1200992031954229,
      0.906975160818547,
      0.927751352544874,
      1.0479116630740464,
      1.0636925799772143,
      0.9614179818890989,
      0.9592014527879655,
      1.0512933181598783,
      0.870463659055531,
      1.0820762356743217,
      1.0384881761856377,
      1.1308877854608,
      0.9371049939654768,
      0.8889121953397989,
      1.1151540861465037,
      1.24613728094846,
      0.9565643789246678,
      0.9296924718655646,
      0.9336590189486742,
      1.0065096798352897,
      1.0329134026542306,
      1.0035792151466012,
      1.055542653426528,
      0.9264223580248654,
      0.8781785322353244,
      1.0782258249819279,
      1.1976007232442498,
      0.9167679031379521
    ],
    [
      0.38132505398243666,
      0.3739707162603736,
      0.2944076987914741,
      0.29526104405522346,
      0.3033812907524407,
      0.330391407944262,
      0.45829430781304836,
      0.32713176123797894,
      0.3052013022825122,
      0.30099949706345797,
      0.4259989061392844,
      0.34605396585538983,
      0.3251473098061979,
      0.3351579117588699,
      0.2928277123719454,
      0.2931671100668609,
      0.35658855410292745,
      0.4577643941156566,
      0.29523076210170984,
      0.33553944807499647,
      0.3142700041644275,
      0.4710892029106617,
      0.37177214305847883,
      0.34887373074889183,
      0.3085677372291684,
      0.2933770250529051,
      0.2948750127106905,
      0.3634672500193119,
      0.41921962704509497,
      0.3247759738005698,
      0.35821679793298244,
      0.3160273819230497,
      0.424011193215847,
      0.350291192997247,
      0.34379211300984025,
      0.35857880488038063,
      0.2916017612442374,
      0.28600493958219886,
      0.34848233638331294,
      0.4317635870538652,
      0.32942845905199647,
      0.3199578211642802,
      0.33784715086221695,
      0.4568779841065407,
      0.33316934993490577,
      0.32322182785719633,
      0.32860549725592136,
      0.2916679820045829,
      0.3100044191814959,
      0.34173696395009756,
      0.4271534848958254,
      0.320137832313776,
      0.31768333027139306,
      0.3164114700630307,
      0.4885041667148471,
      0.40276480838656425,
      0.3223080369643867,
      0.32702555507421494,
      0.29256078973412514,
      0.3394988109357655,
      0.3471478968858719,
      0.3787609771825373,
      0.2951684892177582,
      0.33315992867574096,
      0.3177589909173548,
      0.4722040188498795,
      0.34665367379784584,
      0.3214260218665004,
      0.32682168018072844,
      0.37855143612250686,
      0.37251182505860925,
      0.3638063268736005,
      0.3926284001208842,
      0.2951532918959856,
      0.319496993906796,
      0.3639782518148422,
      0.4418378439731896,
      0.37854992086067796,
      0.31374348187819123,
      0.3408918469212949,
      0.31201061606407166,
      0.325639178045094,
      0.3442515190690756,
      0.37249547289684415,
      0.3157255589030683,
      0.31678643682971597,
      0.3717958750203252,
      0.4881194098852575,
      0.3299941080622375,
      0.31493237195536494,
      0.30602150363847613,
      0.3910021740011871,
      0.3452538982965052,
      0.3276282171718776,
      0.288792310282588,
      0.29049202101305127,
      0.30240222718566656,
      0.35204000817611814,
      0.38010851200670004,
      0.3155675083398819
    ],
    [
      0.8867557789199054,
      0.8346357466652989,
      0.7996958862058818,
      0.690506876911968,
      0.7138932812958956,
      0.8339045089669526,
      1.0110639538615942,
      0.7862381371669471,
      0.7304711770266294,
      0.7175803491845727,
      0.8884257776662707,
      0.7846244983375072,
      0.8081342428922653,
      0.8666271762922406,
      0.6717995251528919,
      0.6603024830110371,
      0.9075021338649094,
      1.0198549502529204,
      0.7080722791142762,
      0.7983343838714063,
      0.7208969430066645,
      0.9501438341103494,
      0.8383093252778053,
      0.8334788349457085,
      0.8231297889724374,
      0.6865469720214605,
      0.6910893460735679,
      0.8332618088461459,
      0.9436821341514587,
      0.7672421871684492,
      0.7506082751788199,
      0.7092622700147331,
      0.8870947798714042,
      0.8127960786223412,
      0.7836381639353931,
      0.8526340839453042,
      0.6858103419654071,
      0.6820110711269081,
      0.8760247360914946,
      1.0190031649544835,
      0.7513329107314348,
      0.7727678110823035,
      0.7225898080505431,
      0.8829708509147167,
      0.801014341879636,
      0.754015204962343,
      0.8126831669360399,
      0.6827815352007747,
      0.7705970238894224,
      0.7927972478792071,
      0.9719020039774477,
      0.7718458408489823,
      0.7146166423335671,
      0.7033814960159361,
      0.9373681419529021,
      0.8573035420849919,
      0.7620737389661372,
      0.7897072248160839,
      0.6636220319196582,
      0.7894745618104935,
      0.8123194240033627,
      0.9574385867454112,
      0.7136252489872277,
      0.7374507510103285,
      0.7118010320700705,
      1.0357786719687283,
      0.8060031370259821,
      0.7562959287315607,
      0.7796518648974597,
      0.7401792127639055,
      0.8661982547491789,
      0.868185075931251,
      0.9433253300376236,
      0.7195048262365162,
      0.7424210519529879,
      0.8094170950353146,
      0.8704772549681365,
      0.7721437229774892,
      0.7448347797617316,
      0.7924497411586344,
      0.6805842178873718,
      0.8656921093352139,
      0.8183448170311749,
      0.9200204750522971,
      0.7389281229116023,
      0.7059063264168799,
      0.8720615650527179,
      1.0367604307830334,
      0.7542869648896158,
      0.7416320918127894,
