{
  "implementation": "deepspeed_oneccl",
  "backend": "ccl",
  "operation": "allgather",
  "num_ranks": 4,
  "tensor_shape": {
    "batch": 8,
    "seq_len": 1,
    "hidden_dim": 2048
  },
  "num_elements": 16384,
  "tensor_size_bytes": 32768,
  "tensor_size_mb": 0.03125,
  "dtype": "bfloat16",
  "warmup_iterations": 10,
  "measurement_iterations": 100,
  "timing_method": "time.perf_counter()",
  "timings": [
    [
      7.049599662423134e-05,
      6.105005741119385e-05,
      6.129639223217964e-05,
      6.183702498674393e-05,
      6.42598606646061e-05,
      5.876272916793823e-05,
      6.274180486798286e-05,
      5.6780874729156494e-05,
      5.7017896324396133e-05,
      5.4895877838134766e-05,
      5.726795643568039e-05,
      5.923304706811905e-05,
      5.8803241699934006e-05,
      5.612894892692566e-05,
      6.225286051630974e-05,
      5.7771336287260056e-05,
      5.841301754117012e-05,
      6.137462332844734e-05,
      5.591800436377525e-05,
      5.662301555275917e-05,
      6.267335265874863e-05,
      5.538295954465866e-05,
      5.7005323469638824e-05,
      5.6026969105005264e-05,
      5.501089617609978e-05,
      5.595199763774872e-05,
      5.593104287981987e-05,
      5.343928933143616e-05,
      5.3822994232177734e-05,
      5.42178750038147e-05,
      5.858205258846283e-05,
      5.4073985666036606e-05,
      5.3578056395053864e-05,
      5.399016663432121e-05,
      5.444604903459549e-05,
      6.059184670448303e-05,
      5.805911496281624e-05,
      5.710916593670845e-05,
      5.839206278324127e-05,
      5.3477007895708084e-05,
      5.623325705528259e-05,
      5.584023892879486e-05,
      5.7998113334178925e-05,
      5.642883479595184e-05,
      5.759112536907196e-05,
      5.984678864479065e-05,
      5.787797272205353e-05,
      5.8327335864305496e-05,
      5.492381751537323e-05,
      5.935411900281906e-05,
      5.3099822252988815e-05,
      5.555199459195137e-05,
      5.361577495932579e-05,
      5.7581812143325806e-05,
      5.652569234371185e-05,
      5.523115396499634e-05,
      5.580903962254524e-05,
      5.641160532832146e-05,
      5.6753866374492645e-05,
      5.505606532096863e-05,
      5.6832097470760345e-05,
      5.700811743736267e-05,
      5.5446289479732513e-05,
      5.825702100992203e-05,
      5.5584125220775604e-05,
      5.33456914126873e-05,
      5.503231659531593e-05,
      5.596410483121872e-05,
      5.694292485713959e-05,
      5.455920472741127e-05,
      5.408935248851776e-05,
      5.363486707210541e-05,
      5.397899076342583e-05,
      5.696294829249382e-05,
      5.871104076504707e-05,
      5.3388066589832306e-05,
      5.675898864865303e-05,
      5.393102765083313e-05,
      5.629705265164375e-05,
      5.825189873576164e-05,
      5.8445148169994354e-05,
      5.973782390356064e-05,
      5.337502807378769e-05,
      5.414895713329315e-05,
      5.402788519859314e-05,
      5.9143174439668655e-05,
      5.3483061492443085e-05,
      5.609169602394104e-05,
      5.649542436003685e-05,
      5.9371814131736755e-05,
      5.861278623342514e-05,
      5.435524508357048e-05,
      5.764700472354889e-05,
      5.724327638745308e-05,
      5.770614370703697e-05,
      5.5928248912096024e-05,
      5.350494757294655e-05,
      5.5415090173482895e-05,
      5.30388206243515e-05,
      5.940394476056099e-05
    ],
    [
      7.065711542963982e-05,
      6.0578808188438416e-05,
      6.181979551911354e-05,
      6.151990965008736e-05,
      6.40437938272953e-05,
      5.6960154324769974e-05,
      6.290385499596596e-05,
      5.88991679251194e-05,
      5.7096127420663834e-05,
      5.514873191714287e-05,
      5.930429324507713e-05,
      5.9995800256729126e-05,
      5.806470289826393e-05,
      5.5788084864616394e-05,
      6.157904863357544e-05,
      5.917111411690712e-05,
      5.779974162578583e-05,
      6.279395893216133e-05,
      5.650939419865608e-05,
      5.6099146604537964e-05,
      6.308872252702713e-05,
      5.559669807553291e-05,
      5.7513825595378876e-05,
      5.626305937767029e-05,
      5.7297758758068085e-05,
      5.6416261941194534e-05,
      5.5687036365270615e-05,
      5.365023389458656e-05,
      5.3205061703920364e-05,
      5.570286884903908e-05,
      5.7305674999952316e-05,
      5.3623225539922714e-05,
      5.445210263133049e-05,
      5.513383075594902e-05,
      5.517108365893364e-05,
      5.9484969824552536e-05,
      5.9252139180898666e-05,
      5.660299211740494e-05,
      5.735596641898155e-05,
      5.326513200998306e-05,
      5.825888365507126e-05,
      5.5209267884492874e-05,
      5.839625373482704e-05,
      5.6614167988300323e-05,
      5.761021748185158e-05,
      6.053876131772995e-05,
      5.755992606282234e-05,
      5.8169011026620865e-05,
      5.4619740694761276e-05,
      5.9475190937519073e-05,
      5.55235892534256e-05,
      5.6176912039518356e-05,
      5.3662341088056564e-05,
      5.9483107179403305e-05,
      5.6424178183078766e-05,
      5.5066775530576706e-05,
      5.619414150714874e-05,
      5.6519173085689545e-05,
      5.7579949498176575e-05,
      5.644373595714569e-05,
      5.6648626923561096e-05,
      5.729822441935539e-05,
      5.58788888156414e-05,
      5.811266601085663e-05,
      5.52651472389698e-05,
      5.418900400400162e-05,
      5.625234916806221e-05,
      5.511986091732979e-05,
      5.669519305229187e-05,
      5.380995571613312e-05,
      5.640322342514992e-05,
      5.382997915148735e-05,
      5.5779702961444855e-05,
      5.8721285313367844e-05,
      5.866680294275284e-05,
      5.393102765083313e-05,
      5.736900493502617e-05,
      5.729403346776962e-05,
      5.6105200201272964e-05,
      5.92302531003952e-05,
      5.963072180747986e-05,
      5.9670303016901016e-05,
      5.3750816732645035e-05,
      5.4439064115285873e-05,
      5.387328565120697e-05,
      5.959812551736832e-05,
      5.433103069663048e-05,
      5.621183663606644e-05,
      5.717901512980461e-05,
      5.936715751886368e-05,
      5.9025827795267105e-05,
      5.591893568634987e-05,
      5.761440843343735e-05,
      5.756691098213196e-05,
      5.746772512793541e-05,
      5.5972952395677567e-05,
      5.487911403179169e-05,
      5.7925935834646225e-05,
      5.5717770010232925e-05,
      5.894480273127556e-05
    ],
    [
      7.106317207217216e-05,
      6.003677845001221e-05,
      6.156321614980698e-05,
      6.341282278299332e-05,
      6.425566971302032e-05,
      5.772337317466736e-05,
      6.256438791751862e-05,
      5.760416388511658e-05,
      5.732988938689232e-05,
      5.629798397421837e-05,
      5.939090624451637e-05,
      6.023608148097992e-05,
      5.814991891384125e-05,
      5.651125684380531e-05,
      6.235390901565552e-05,
      5.843536928296089e-05,
      5.963817238807678e-05,
      6.214296445250511e-05,
      5.697691813111305e-05,
      5.737924948334694e-05,
      6.289687007665634e-05,
      5.658669397234917e-05,
      5.850102752447128e-05,
      5.715806037187576e-05,
      5.7705212384462357e-05,
      5.736900493502617e-05,
      5.640508607029915e-05,
      5.389424040913582e-05,
      5.460670217871666e-05,
      5.227280780673027e-05,
      5.662301555275917e-05,
      5.227094516158104e-05,
      5.439016968011856e-05,
      5.287583917379379e-05,
      5.587702617049217e-05,
      5.844002589583397e-05,
      5.635712295770645e-05,
      5.54756261408329e-05,
      5.6270044296979904e-05,
      5.2866991609334946e-05,
      5.6162942200899124e-05,
      5.301181226968765e-05,
      5.685817450284958e-05,
      5.469284951686859e-05,
      5.5629294365644455e-05,
      5.9344805777072906e-05,
      5.602370947599411e-05,
      5.660625174641609e-05,
      5.3089577704668045e-05,
      5.720602348446846e-05,
      5.281902849674225e-05,
      5.451403558254242e-05,
      5.298294126987457e-05,
      5.810754373669624e-05,
      5.466584116220474e-05,
      5.4478179663419724e-05,
      5.42961061000824e-05,
      5.520181730389595e-05,
