{
  "implementation": "deepspeed_oneccl",
  "backend": "ccl",
  "operation": "gather",
  "num_ranks": 4,
  "tensor_shape": {
    "batch": 32,
    "seq_len": 8192,
    "hidden_dim": 4096
  },
  "num_elements": 1073741824,
  "tensor_size_bytes": 2147483648,
  "tensor_size_mb": 2048.0,
  "dtype": "bfloat16",
  "warmup_iterations": 10,
  "measurement_iterations": 100,
  "timing_method": "time.perf_counter()",
  "timings": [
    [
      3.060002766083926,
      2.940815492067486,
      1.5731089212931693,
      1.650439036078751,
      2.2081552632153034,
      2.878930819220841,
      3.063957576174289,
      3.2427020990289748,
      2.917572337202728,
      3.045025491155684,
      3.0928621417842805,
      2.8539493386633694,
      3.02496131695807,
      3.0554250832647085,
      2.944001292809844,
      3.022997842170298,
      2.8159806188195944,
      3.0174128119833767,
      2.920204595196992,
      2.9822299438528717,
      2.9862506757490337,
      2.9819808518514037,
      3.043756506871432,
      3.092892340850085,
      2.9807600299827754,
      2.9992940397933125,
      3.0360205490142107,
      2.9918077820912004,
      2.9714768351987004,
      2.9832414761185646,
      2.9835693133063614,
      2.9728738139383495,
      2.972158425953239,
      3.054944797884673,
      2.9811163539998233,
      3.0056849266402423,
      2.926392886787653,
      2.9861657018773258,
      3.047463519964367,
      3.0337238740175962,
      3.0136344488710165,
      2.9264661613851786,
      2.9728764463216066,
      2.9223954756744206,
      3.199557847343385,
      2.9835500232875347,
      3.0247370549477637,
      3.003434096928686,
      3.0128824268467724,
      2.88552284007892,
      3.0433127619326115,
      2.983218687120825,
      3.190527632832527,
      3.0106991175562143,
      3.013467831071466,
      2.985157531220466,
      3.0173633159138262,
      2.894071524962783,
      2.9337547002360225,
      3.0865153740160167,
      3.0153749589808285,
      2.9264073190279305,
      2.8143646558746696,
      3.0225202031433582,
      3.0552862589247525,
      2.9418781478889287,
      2.9574411367066205,
      3.085384256672114,
      3.056324779987335,
      2.9999906471930444,
      2.973150234669447,
      2.889437851961702,
      3.0414001480676234,
      2.990288846194744,
      3.017593546770513,
      3.167987952940166,
      3.0089446241036057,
      2.9623037669807673,
      3.0496339011006057,
      2.9865004513412714,
      2.9477663789875805,
      2.9875135947950184,
      3.059297449886799,
      3.0201120493002236,
      2.977523310109973,
      3.0817467281594872,
      2.949994979891926,
      2.940834056120366,
      2.994998808018863,
      3.173635263927281,
      2.9690570030361414,
      3.0135528198443353,
      3.075910232961178,
      2.887441576924175,
      2.9379002931527793,
      3.0042746858671308,
      3.0090988110750914,
      3.1242012791335583,
      3.069387320894748,
      2.998168734833598
    ],
    [
      1.2294454402290285,
      1.183639267925173,
      0.736370419152081,
      0.7346488679759204,
      0.7716385037638247,
      1.196631083264947,
      1.4728566827252507,
      1.3260086011141539,
      1.1482221190817654,
      1.3194772922433913,
      1.1665594866499305,
      1.145049056969583,
      1.396361953113228,
      1.2383994227275252,
      1.2865309761837125,
      1.375057612080127,
      1.1177126849070191,
      1.1747454698197544,
      1.1253100782632828,
      1.22605449706316,
      1.2741265576332808,
      1.3144037881866097,
      1.318198282737285,
      1.321313140913844,
      1.1664891741238534,
      1.1831938093528152,
      1.2240062742494047,
      1.200820463243872,
      1.2620679317042232,
      1.2816251260228455,
      1.2681416319683194,
      1.2323672347702086,
      1.2157345083542168,
      1.2165636513382196,
      1.1939786109142005,
      1.2230247277766466,
      1.2017530449666083,
      1.2984068454243243,
      1.26840506400913,
      1.232825564686209,
      1.1796809048391879,
      1.1929169339127839,
      1.1952665611170232,
      1.2583974618464708,
      1.348167189862579,
      1.2514438801445067,
      1.1722890110686421,
      1.1654974138364196,
      1.1620367369614542,
      1.1513074077665806,
      1.291618462651968,
      1.2930308408103883,
      1.3234396907500923,
      1.2874995009042323,
      1.1780168050900102,
      1.1534949811175466,
      1.1643289639614522,
      1.2239701743237674,
      1.2694433708675206,
      1.342705207876861,
      1.2729614949785173,
      1.1963603161275387,
      1.0570675218477845,
      1.1845046100206673,
      1.2817202927544713,
      1.1891474523581564,
      1.2351493830792606,
      1.3819027892313898,
      1.2431224640458822,
      1.163259785156697,
      1.2205634261481464,
      1.1069069639779627,
      1.2854542508721352,
      1.2308242409490049,
      1.2434143871068954,
      1.3683864809572697,
      1.1930715558119118,
      1.1354514891281724,
      1.263370931148529,
      1.2160087348893285,
      1.2111137458123267,
      1.3485955717042089,
      1.3548535583540797,
      1.2229879819788039,
      1.2249782648868859,
      1.2132446058094501,
      1.1347892950288951,
      1.1883102850988507,
      1.35812959773466,
      1.301311690825969,
      1.1993429157882929,
      1.259964656084776,
      1.2139379577711225,
      1.0944870663806796,
      1.2489566090516746,
      1.2855694741010666,
      1.2713965200819075,
      1.3680808176286519,
      1.2332594520412385,
      1.1324512721039355
    ],
    [
      2.166000729892403,
      2.0763728651218116,
      1.1636839378625154,
      1.198090319056064,
      1.238160481210798,
      2.0563505650497973,
      2.292485071811825,
      2.300850151106715,
      2.0783565966412425,
      2.193049876950681,
      2.016793929040432,
      1.9530790261924267,
      2.209772706963122,
      2.100730599835515,
      2.1512540108524263,
      2.2156972717493773,
      1.982819837052375,
      2.111092898994684,
      1.9820257280953228,
      2.105689018033445,
      2.1176569811068475,
      2.1495335521176457,
      2.2584329596720636,
      2.206517255399376,
      2.1573489839211106,
      2.0863402355462313,
      2.1040324540808797,
      2.0919015468098223,
      2.1414409768767655,
      2.1314253709279,
      2.182957898825407,
      2.1454620650038123,
      2.0976968239992857,
      2.1288637882098556,
      2.033867632970214,
      2.0879972730763257,
      2.0615307670086622,
      2.181389515288174,
      2.1815063878893852,
      2.18643497582525,
      2.0995613848790526,
      2.044515343848616,
      2.0701442980207503,
      2.1401788438670337,
      2.3331146123819053,
      2.1722485469654202,
      2.1533237998373806,
      2.1410776008851826,
      2.06976887723431,
      1.9837958156131208,
      2.1583437169902027,
      2.158008319325745,
      2.33170257601887,
      2.157687763683498,
      2.1125083179213107,
      2.0820004930719733,
      2.0737417587079108,
      2.032781729940325,
      2.110544722992927,
      2.236249464098364,
      2.1678972877562046,
      2.1198995718732476,
      1.9416851559653878,
      2.1105219200253487,
      2.0917390258982778,
      2.0773194301873446,
      2.154761631041765,
      2.2419768823310733,
      2.1568957469426095,
      2.1867855531163514,
      2.05159739498049,
      2.0208303253166378,
      2.14200184866786,
      2.157366561703384,
      2.1723808450624347,
      2.2926385337486863,
      2.181104519870132,
      2.1317517226561904,
      2.1420194138772786,
      1.9946053526364267,
      2.115502499975264,
      2.1605676212348044,
      2.186613260768354,
      2.2119955020025373,
      2.1349768405780196,
      2.0940654617734253,
      1.997667774092406,
      2.1006810790859163,
      2.148849685676396,
      2.2636020709760487,
      2.151047692168504,
      2.205958043690771,
      2.1324012302793562,
      2.018200385849923,
