{
  "implementation": "deepspeed_oneccl",
  "backend": "ccl",
  "operation": "broadcast",
  "num_ranks": 4,
  "tensor_shape": {
    "batch": 8,
    "seq_len": 2048,
    "hidden_dim": 4096
  },
  "num_elements": 67108864,
  "tensor_size_bytes": 134217728,
  "tensor_size_mb": 128.0,
  "dtype": "bfloat16",
  "warmup_iterations": 10,
  "measurement_iterations": 100,
  "timing_method": "time.perf_counter()",
  "timings": [
    [
      0.03889811225235462,
      0.038977043237537146,
      0.03865259839221835,
      0.0386387319304049,
      0.0296802488155663,
      0.028489238116890192,
      0.0782869909889996,
      0.05824459297582507,
      0.06086093420162797,
      0.06177812209352851,
      0.05989734502509236,
      0.059245561715215445,
      0.056871131993830204,
      0.03920097788795829,
      0.0391280222684145,
      0.03704311512410641,
      0.038632879965007305,
      0.036864419002085924,
      0.04590792395174503,
      0.06250962102785707,
      0.0697479983791709,
      0.0636682128533721,
      0.06414421182125807,
      0.05596361495554447,
      0.059173114132136106,
      0.06031169882044196,
      0.03822157019749284,
      0.039236620999872684,
      0.03813826525583863,
      0.03825294179841876,
      0.037595873698592186,
      0.04501728620380163,
      0.0813814508728683,
      0.0834119850769639,
      0.08083649491891265,
      0.06259151780977845,
      0.0643431106582284,
      0.05753977596759796,
      0.05836577620357275,
      0.03910602489486337,
      0.0317844869568944,
      0.03988476889207959,
      0.03845213493332267,
      0.035644098185002804,
      0.0659452429972589,
      0.06082358304411173,
      0.05882130889222026,
      0.07780491793528199,
      0.05575315933674574,
      0.058424207381904125,
      0.05428429180756211,
      0.04441243503242731,
      0.04363996861502528,
      0.04331217100843787,
      0.04185064509510994,
      0.03955722181126475,
      0.035514775197952986,
      0.06566747091710567,
      0.06547553697600961,
      0.06387368310242891,
      0.059974730014801025,
      0.06330738915130496,
      0.057930560782551765,
      0.055897878017276525,
      0.05584520706906915,
      0.03760770009830594,
      0.03837358392775059,
      0.03844114486128092,
      0.03812782000750303,
      0.031871297396719456,
      0.0909914500080049,
      0.0657147541642189,
      0.05868815118446946,
      0.05907154409214854,
      0.06938796723261476,
      0.06744942395016551,
      0.07970011699944735,
      0.04389873379841447,
      0.0412209490314126,
      0.042415961157530546,
      0.0403156578540802,
      0.032310839742422104,
      0.034430231899023056,
      0.046624950133264065,
      0.07710574800148606,
      0.0610398780554533,
      0.06381066422909498,
      0.07866639411076903,
      0.054310445208102465,
      0.05897337291389704,
      0.061768060084432364,
      0.03994763735681772,
      0.038230141159147024,
      0.03903885977342725,
      0.0381753146648407,
      0.03305271314457059,
      0.07162349903956056,
      0.056129499804228544,
      0.0595460650511086,
      0.06308684078976512
    ],
    [
      0.03889514319598675,
      0.03897290211170912,
      0.03864711243659258,
      0.029800035059452057,
      0.028924743179231882,
      0.028488792944699526,
      0.07828399632126093,
      0.061763469129800797,
      0.06085798004642129,
      0.057439199183136225,
      0.059898342937231064,
      0.05889419186860323,
      0.05687129311263561,
      0.03919953899458051,
      0.0391312250867486,
      0.03703841380774975,
      0.03863527113571763,
      0.03685995889827609,
      0.04590510483831167,
      0.06251086015254259,
      0.05949286185204983,
      0.06567341415211558,
      0.060404619202017784,
      0.05509251914918423,
      0.05917600868269801,
      0.060201385989785194,
      0.03821071423590183,
      0.039234685245901346,
      0.03813474299386144,
      0.03825277695432305,
      0.03759055817499757,
      0.04501467803493142,
      0.06070413626730442,
      0.07998221879824996,
      0.08006594609469175,
      0.06158625893294811,
      0.057406304869800806,
      0.057534602005034685,
      0.05461314180865884,
      0.039103284012526274,
      0.03178185410797596,
      0.0398799329996109,
      0.029471074230968952,
      0.035640078131109476,
      0.0757828769274056,
      0.06082327803596854,
      0.05882272683084011,
      0.07780578406527638,
      0.0557553987018764,
      0.058424626011401415,
      0.05428838077932596,
      0.04439992364495993,
      0.04364440031349659,
      0.043308943044394255,
      0.04184814402833581,
      0.039553284645080566,
      0.03551119100302458,
      0.043944479897618294,
      0.06047941790893674,
      0.06387218879535794,
      0.058979435823857784,
      0.05028631258755922,
      0.05793369887396693,
      0.05590098490938544,
      0.055850365199148655,
      0.03760574385523796,
      0.03836535103619099,
      0.038445182610303164,
      0.02906665811315179,
      0.03187352325767279,
      0.07953173480927944,
      0.05391592811793089,
      0.05869096564128995,
      0.05907073803246021,
      0.08029083209112287,
      0.04781789472326636,
      0.05838321428745985,
      0.04694998124614358,
      0.04121778625994921,
      0.04241314809769392,
      0.04032193310558796,
      0.03228528285399079,
      0.025599328335374594,
      0.03565873811021447,
      0.07327060122042894,
      0.051262838300317526,
      0.06381358718499541,
      0.07866638712584972,
      0.053382967133075,
      0.05897451797500253,
      0.06176891317591071,
      0.039948699064552784,
      0.038235170766711235,
      0.03903620084747672,
      0.038174739107489586,
      0.033051001373678446,
      0.07144023571163416,
      0.056132445111870766,
      0.05954625969752669,
      0.06307956390082836
    ],
    [
      0.03889579838141799,
      0.03897690400481224,
      0.029227048624306917,
      0.03863457590341568,
      0.02960103889927268,
      0.028436488937586546,
      0.05806347727775574,
      0.05652076890692115,
      0.05565547989681363,
      0.061774717643857,
      0.059889272786676884,
      0.05402676062658429,
      0.0515096397139132,
      0.039198461920022964,
      0.029829617124050856,
      0.0370434271171689,
      0.038630065973848104,
      0.027601236943155527,
      0.040656696539372206,
      0.05551935313269496,
      0.047398710157722235,
      0.054176151286810637,
      0.06414444278925657,
      0.05596837727352977,
      0.05850562313571572,
      0.06014853296801448,
      0.02933413116261363,
      0.029262946918606758,
      0.038138443138450384,
      0.029636783991008997,
      0.03758825361728668,
      0.04292199108749628,
      0.08138102805241942,
      0.055590329226106405,
      0.08083846513181925,
      0.05603650491684675,
      0.06434259796515107,
      0.054986129980534315,
      0.058366790413856506,
      0.030006845947355032,
      0.03179293219000101,
      0.02943149395287037,
      0.03845257917419076,
      0.035618390422314405,
      0.06528716534376144,
      0.06082268478348851,
      0.05881237285211682,
      0.07776396814733744,
      0.05572641082108021,
      0.05842074519023299,
      0.05400489503517747,
      0.04441376123577356,
      0.03385639609768987,
      0.03351835906505585,
      0.03161279717460275,
      0.030215511098504066,
      0.025785266887396574,
      0.056580163072794676,
      0.06327247293666005,
      0.05342845572158694,
      0.05150033300742507,
      0.0528011922724545,
      0.050612649880349636,
      0.04855028400197625,
      0.0452442248351872,
      0.02979362104088068,
      0.03837383724749088,
      0.03843322675675154,
      0.03812656970694661,
      0.02664567017927766,
      0.09098538476973772,
      0.0528059178031981,
      0.05106072500348091,
      0.04692372074350715,
      0.064090461935848,
      0.060609530191868544,
      0.05527403112500906,
