{
  "implementation": "deepspeed_oneccl",
  "backend": "ccl",
  "operation": "allgather",
  "num_ranks": 4,
  "tensor_shape": {
    "batch": 1,
    "seq_len": 2048,
    "hidden_dim": 4096
  },
  "num_elements": 8388608,
  "tensor_size_bytes": 16777216,
  "tensor_size_mb": 16.0,
  "dtype": "bfloat16",
  "warmup_iterations": 10,
  "measurement_iterations": 100,
  "timing_method": "time.perf_counter()",
  "timings": [
    [
      0.013751213904470205,
      0.010427596047520638,
      0.011588608380407095,
      0.01075183879584074,
      0.009363478980958462,
      0.009898402728140354,
      0.011240877211093903,
      0.011504465248435736,
      0.010364673100411892,
      0.009592814836651087,
      0.009833325166255236,
      0.010127461049705744,
      0.009544085245579481,
      0.01006312808021903,
      0.010958585888147354,
      0.009459608234465122,
      0.010247660800814629,
      0.01128532225266099,
      0.01103003928437829,
      0.010416727978736162,
      0.010109742172062397,
      0.010041751898825169,
      0.010008540004491806,
      0.010744401719421148,
      0.010056713130325079,
      0.010048360098153353,
      0.010270928032696247,
      0.010888885241001844,
      0.011063518933951855,
      0.009761006105691195,
      0.009965989738702774,
      0.011614964343607426,
      0.009954730048775673,
      0.013589090667665005,
      0.012418702710419893,
      0.013585546985268593,
      0.012416724115610123,
      0.013826567679643631,
      0.01067023677751422,
      0.010145558044314384,
      0.009788443800061941,
      0.009386902209371328,
      0.009275340009480715,
      0.009872937109321356,
      0.009245635941624641,
      0.009191675577312708,
      0.009431741666048765,
      0.009203717112541199,
      0.00938818696886301,
      0.009780222084373236,
      0.009320826269686222,
      0.008576215710490942,
      0.008777932729572058,
      0.008896312676370144,
      0.01102359825745225,
      0.0107861771248281,
      0.009952808730304241,
      0.009989778976887465,
      0.01008033100515604,
      0.010121985338628292,
      0.009564291685819626,
      0.009138493798673153,
      0.009354811161756516,
      0.010221962351351976,
      0.010074237361550331,
      0.010110645089298487,
      0.009901863057166338,
      0.010183923877775669,
      0.01085716299712658,
      0.0100500020198524,
      0.010493102017790079,
      0.010281329043209553,
      0.00997694581747055,
      0.009665942285209894,
      0.010490159969776869,
      0.009739551227539778,
      0.010621908120810986,
      0.009335920680314302,
      0.011356099974364042,
      0.00904899276793003,
      0.009377401322126389,
      0.010774550959467888,
      0.01132616400718689,
      0.00970248132944107,
      0.01131853787228465,
      0.010227442719042301,
      0.011346882674843073,
      0.009317880030721426,
      0.009846746921539307,
      0.009723213035613298,
      0.009736086241900921,
      0.012411829084157944,
      0.010659572668373585,
      0.010239153169095516,
      0.01026120688766241,
      0.010025063995271921,
      0.010861610062420368,
      0.010656495112925768,
      0.010343011002987623,
      0.009292530827224255
    ],
    [
      0.0137498639523983,
      0.01043444313108921,
      0.01158943073824048,
      0.0107511798851192,
      0.009362747892737389,
      0.009898873046040535,
      0.011240893043577671,
      0.011504180263727903,
      0.010364615824073553,
      0.009595432318747044,
      0.009834175929427147,
      0.01012376882135868,
      0.009544346015900373,
      0.010057239793241024,
      0.010957730934023857,
      0.009462306275963783,
      0.010247893165796995,
      0.0112890200689435,
      0.01103429589420557,
      0.01042543025687337,
      0.010108096059411764,
      0.010039241053164005,
      0.010007931850850582,
      0.010744605679064989,
      0.010056722909212112,
      0.010048231575638056,
      0.0102717368863523,
      0.0108902039937675,
      0.011067042127251625,
      0.009763514157384634,
      0.009965178091078997,
      0.011614913120865822,
      0.009955584071576595,
      0.013588926289230585,
      0.01241736626252532,
      0.013585370033979416,
      0.012416824698448181,
      0.013826089911162853,
      0.010670016054064035,
      0.010148725006729364,
      0.009788425173610449,
      0.009388295002281666,
      0.009274838026612997,
      0.00987315597012639,
      0.009244468063116074,
      0.009192344732582569,
      0.00943085690960288,
      0.009201760869473219,
      0.009388234931975603,
      0.009783642832189798,
      0.009320706129074097,
      0.008576256688684225,
      0.008780266158282757,
      0.008896228857338428,
      0.011023778934031725,
      0.0107856928370893,
      0.009952322114259005,
      0.009989422746002674,
      0.010082167107611895,
      0.010121547151356936,
      0.00956332078203559,
      0.00913816224783659,
      0.009356154128909111,
      0.010225360747426748,
      0.010073598939925432,
      0.010110433213412762,
      0.009905924089252949,
      0.010187129024416208,
      0.010855849832296371,
      0.010051287710666656,
      0.010500294622033834,
      0.010287403594702482,
      0.009977093897759914,
      0.009666312020272017,
      0.01049072202295065,
      0.00974466698244214,
      0.010622001718729734,
      0.009336235001683235,
      0.011364462785422802,
      0.009050027001649141,
      0.009382725693285465,
      0.010773695074021816,
      0.011328408960253,
      0.009706944227218628,
      0.011319450102746487,
      0.010227654129266739,
      0.01135107921436429,
      0.009319433942437172,
      0.009847379755228758,
      0.009726603049784899,
      0.009739188943058252,
      0.012414589058607817,
      0.01066063717007637,
      0.010238672140985727,
      0.01026085764169693,
      0.01002533407881856,
      0.010862029157578945,
      0.010658286977559328,
      0.010344050358980894,
      0.009292976930737495
    ],
    [
      0.013750879094004631,
      0.010429081041365862,
      0.011587954126298428,
      0.01074916496872902,
      0.009363502264022827,
      0.009898260701447725,
      0.011240900959819555,
      0.011503570713102818,
      0.010364698246121407,
      0.009593462105840445,
      0.00983350956812501,
      0.010123637039214373,
      0.009545848704874516,
      0.010059676133096218,
      0.010958842001855373,
      0.009460545144975185,
      0.010247725993394852,
      0.011287257075309753,
      0.011030583176761866,
      0.010417198296636343,
      0.0101090706884861,
      0.010041248984634876,
      0.010008762124925852,
      0.010744685772806406,
      0.010056325700134039,
      0.010048390831798315,
      0.010271560866385698,
      0.010888832155615091,
      0.011063454672694206,
      0.00976063683629036,
      0.009965694043785334,
      0.011615021154284477,
      0.009954643901437521,
      0.013588969130069017,
      0.012417280115187168,
      0.013585528824478388,
      0.012416698969900608,
      0.013826361857354641,
      0.01067022979259491,
      0.010146399028599262,
      0.009788549970835447,
      0.009387640282511711,
      0.009275224059820175,
      0.009871588088572025,
      0.009244994726032019,
      0.009191737975925207,
      0.009431600105017424,
      0.009202209766954184,
      0.009387994650751352,
      0.00977957434952259,
      0.009320869110524654,
      0.00857627484947443,
      0.008778026793152094,
      0.008896405808627605,
      0.01102364482358098,
      0.010786296799778938,
      0.009952879045158625,
      0.0099889668636024,
      0.010082007385790348,
      0.010122284293174744,
      0.009564253967255354,
      0.009138666559010744,
      0.009354670066386461,
      0.010223161894828081,
      0.010075189173221588,
      0.01011011702939868,
      0.00990212894976139,
      0.010183579754084349,
      0.010857196059077978,
      0.010049186646938324,
      0.010492650792002678,
