{
  "implementation": "deepspeed_oneccl",
  "backend": "ccl",
  "operation": "allreduce",
  "num_ranks": 4,
  "tensor_shape": {
    "batch": 8,
    "seq_len": 4096,
    "hidden_dim": 4096
  },
  "num_elements": 134217728,
  "tensor_size_bytes": 268435456,
  "tensor_size_mb": 256.0,
  "dtype": "bfloat16",
  "warmup_iterations": 10,
  "measurement_iterations": 100,
  "timing_method": "time.perf_counter()",
  "timings": [
    [
      0.11458353791385889,
      0.11375023797154427,
      0.115437813103199,
      0.11568028200417757,
      0.11592232063412666,
      0.11639247881248593,
      0.11614045267924666,
      0.11612087022513151,
      0.1156650148332119,
      0.11678229225799441,
      0.11613960424438119,
      0.11594572197645903,
      0.11592453112825751,
      0.11590307671576738,
      0.1156778852455318,
      0.11575103597715497,
      0.11468601087108254,
      0.1165507878176868,
      0.11612283531576395,
      0.11639227997511625,
      0.11657166061922908,
      0.11615507490932941,
      0.11600852617993951,
      0.11589725874364376,
      0.11393615510314703,
      0.11576045490801334,
      0.11569167301058769,
      0.1155689642764628,
      0.11539458576589823,
      0.11483948212116957,
      0.11298316717147827,
      0.11171545786783099,
      0.11176720820367336,
      0.11180098913609982,
      0.11146190902218223,
      0.10640710685402155,
      0.11183007201179862,
      0.11142012709751725,
      0.11261680815368891,
      0.11176018370315433,
      0.11149229994043708,
      0.11580764781683683,
      0.1159403151832521,
      0.11623846832662821,
      0.11597603792324662,
      0.1159649551846087,
      0.11568224895745516,
      0.11596445925533772,
      0.11580067873001099,
      0.11628807196393609,
      0.11626166477799416,
      0.11546987993642688,
      0.11632331926375628,
      0.11498521361500025,
      0.11642766604200006,
      0.11629924364387989,
      0.1161258821375668,
      0.11608181614428759,
      0.11584080196917057,
      0.11591342510655522,
      0.1159193916246295,
      0.1163087310269475,
      0.11646304512396455,
      0.11594118131324649,
      0.11656486988067627,
      0.1160074770450592,
      0.11700012208893895,
      0.11659433227032423,
      0.11571869207546115,
      0.11632903385907412,
      0.11589113995432854,
      0.11435353523120284,
      0.11583405081182718,
      0.11616630665957928,
      0.1157893817871809,
      0.11591475224122405,
      0.11651075724512339,
      0.11639624694362283,
      0.11584977293387055,
      0.11629351694136858,
      0.11645348835736513,
      0.1162209389731288,
      0.1158695057965815,
      0.11604216787964106,
      0.11579602397978306,
      0.11603029491379857,
      0.11572879739105701,
      0.1160481907427311,
      0.11575762089341879,
      0.11587831424549222,
      0.11651278007775545,
      0.11253543104976416,
      0.1163470409810543,
      0.1162595939822495,
      0.11665097204968333,
      0.11629198584705591,
      0.11595256067812443,
      0.11612651776522398,
      0.11581951193511486,
      0.11604363098740578
    ],
    [
      0.114582774695009,
      0.11348941316828132,
      0.11543708061799407,
      0.11567803286015987,
      0.11591818975284696,
      0.11628686683252454,
      0.11607036413624883,
      0.1160019850358367,
      0.11565941199660301,
      0.11678030528128147,
      0.11613566195592284,
      0.11594231426715851,
      0.11592535208910704,
      0.11590014304965734,
      0.11567559326067567,
      0.11575016425922513,
      0.11460540536791086,
      0.11641044402495027,
      0.11611960409209132,
      0.11631594924256206,
      0.1165695060044527,
      0.11615797877311707,
      0.11600320227444172,
      0.11589511018246412,
      0.1137463808991015,
      0.11575764184817672,
      0.11568626621738076,
      0.11556657589972019,
      0.11539183976128697,
      0.11483960365876555,
      0.11293537588790059,
      0.11171322967857122,
      0.11174875125288963,
      0.11179173178970814,
      0.1114582996815443,
      0.10632731579244137,
      0.11179053410887718,
      0.11141713475808501,
      0.11261432524770498,
      0.11175537994131446,
      0.11149018816649914,
      0.11580551182851195,
      0.1159401391632855,
      0.1162404608912766,
      0.11597087094560266,
      0.11596065107733011,
      0.11568073509261012,
      0.1159602333791554,
      0.11522578913718462,
      0.11622491385787725,
      0.11622528592124581,
      0.11546632274985313,
      0.1163203502073884,
      0.11498193070292473,
      0.11642500385642052,
      0.1162929991260171,
      0.11612120317295194,
      0.11607909528538585,
      0.11583857703953981,
      0.11591068329289556,
      0.1159154511988163,
      0.11630589654669166,
      0.11643958417698741,
      0.11593882227316499,
      0.11650321073830128,
      0.11600342486053705,
      0.1169971339404583,
      0.11658932315185666,
      0.11571397306397557,
      0.11632734909653664,
      0.11588777089491487,
      0.1141578289680183,
      0.11583490390330553,
      0.11616258416324854,
      0.11578571796417236,
      0.11591237410902977,
      0.1164630320854485,
      0.11636960692703724,
      0.11584545113146305,
      0.11627314705401659,
      0.11645020032301545,
      0.11621872801333666,
      0.11586609203368425,
      0.1160387028940022,
      0.11579108983278275,
      0.1160262762568891,
      0.1157267801463604,
      0.1160435089841485,
      0.11575205670669675,
      0.11587450793012977,
      0.11646512383595109,
      0.11245838413015008,
      0.11634377017617226,
      0.11625739699229598,
      0.11664738971740007,
      0.11628843005746603,
      0.11594704492017627,
      0.11612437013536692,
      0.11581779085099697,
      0.11604097206145525
    ],
    [
      0.1136173689737916,
      0.11448244424536824,
      0.11436972301453352,
      0.11465360783040524,
      0.11488891812041402,
      0.11608090391382575,
      0.11588305560871959,
      0.11579366959631443,
      0.11458221077919006,
      0.11586211994290352,
      0.11525392299517989,
      0.11489560408517718,
      0.11483665090054274,
      0.11486121313646436,
      0.11461242707446218,
      0.11479953397065401,
      0.11452749511227012,
      0.11623437516391277,
      0.11534077394753695,
      0.11607788596302271,
      0.11540273483842611,
      0.11516233300790191,
      0.11522957077249885,
      0.11485761404037476,
      0.11457784660160542,
      0.11473562195897102,
      0.11466888710856438,
      0.11459185555577278,
      0.11435020808130503,
      0.11385588999837637,
      0.11256794072687626,
      0.11080814339220524,
      0.11133068101480603,
      0.11141370143741369,
      0.11047985684126616,
      0.10619270894676447,
      0.11152141587808728,
      0.11044237017631531,
      0.11228823568671942,
      0.11079311138018966,
      0.11046034097671509,
      0.11481352197006345,
      0.11490364978089929,
      0.11518751084804535,
      0.11490680184215307,
      0.11490391800180078,
      0.11465995572507381,
      0.11493102088570595,
      0.11597937485203147,
      0.11598736606538296,
      0.11600198084488511,
      0.11521998094394803,
      0.11591766169294715,
      0.11406062915921211,
      0.11543024890124798,
      0.11530836904421449,
      0.11516156094148755,
      0.11511656502261758,
      0.11485214903950691,
      0.11494633601978421,
      0.11497400375083089,
      0.11549667082726955,
      0.11618330189958215,
      0.11496906634420156,
      0.11545706866309047,
      0.11511014308780432,
      0.11597608774900436,
      0.11600764468312263,
      0.11467070411890745,
      0.11539480276405811,
      0.11495200637727976,
      0.11488852510228753,
      0.11488316208124161,
      0.11511906096711755,
      0.11479900684207678,
      0.11497575184330344,
      0.11621889099478722,
      0.11614814680069685,
      0.11482581309974194,
      0.11599515099078417,
