{
  "implementation": "deepspeed_oneccl",
  "backend": "ccl",
  "operation": "gather",
  "num_ranks": 4,
  "tensor_shape": {
    "batch": 8,
    "seq_len": 8192,
    "hidden_dim": 2048
  },
  "num_elements": 134217728,
  "tensor_size_bytes": 268435456,
  "tensor_size_mb": 256.0,
  "dtype": "bfloat16",
  "warmup_iterations": 10,
  "measurement_iterations": 100,
  "timing_method": "time.perf_counter()",
  "timings": [
    [
      0.3994553252123296,
      0.37781429197639227,
      0.3269036151468754,
      0.3748610387556255,
      0.41794599080458283,
      0.36773138679564,
      0.36650652764365077,
      0.34729511104524136,
      0.3719843439757824,
      0.4118439918383956,
      0.3328910581767559,
      0.351942281704396,
      0.36040175380185246,
      0.3859291491098702,
      0.40119011607021093,
      0.36418132903054357,
      0.3514669262804091,
      0.3754520290531218,
      0.39802216924726963,
      0.36231636768206954,
      0.3859183141030371,
      0.3736550649628043,
      0.39836627105250955,
      0.3921718536876142,
      0.38463533017784357,
      0.35501405596733093,
      0.3523525740019977,
      0.37199903605505824,
      0.35188519302755594,
      0.3252398008480668,
      0.3277348359115422,
      0.3904936136677861,
      0.3800995131023228,
      0.3805303811095655,
      0.3386699240654707,
      0.35610744869336486,
      0.44433625182136893,
      0.38482723105698824,
      0.35580093786120415,
      0.3822637707926333,
      0.3634608509019017,
      0.38941668067127466,
      0.41663313610479236,
      0.3311584210023284,
      0.3439844739623368,
      0.4435945716686547,
      0.3558257990516722,
      0.33529329393059015,
      0.3988586710765958,
      0.33811309933662415,
      0.40282109612599015,
      0.4277341729030013,
      0.35928269010037184,
      0.355595663189888,
      0.4189384439960122,
      0.38320408295840025,
      0.35981786204501987,
      0.3780674100853503,
      0.3416170449927449,
      0.3915683850646019,
      0.43217972572892904,
      0.3520397087559104,
      0.338820549659431,
      0.36862578289583325,
      0.4307589749805629,
      0.3502323729917407,
      0.35371101228520274,
      0.38872744096443057,
      0.38606997998431325,
      0.38591618137434125,
      0.3892078478820622,
      0.3403953406959772,
      0.35155542520806193,
      0.43769350089132786,
      0.36408805660903454,
      0.350711599458009,
      0.3655899381265044,
      0.3909977851435542,
      0.38797094440087676,
      0.40748176677152514,
      0.34732150519266725,
      0.35634640976786613,
      0.4286408880725503,
      0.3632445437833667,
      0.37364418990910053,
      0.3976151440292597,
      0.39349953411147,
      0.41701440420001745,
      0.3489943160675466,
      0.3548753671348095,
      0.39747253665700555,
      0.40365737676620483,
      0.37422665720805526,
      0.3685763068497181,
      0.3435092931613326,
      0.3957479470409453,
      0.42191150691360235,
      0.3680286630988121,
      0.3449804410338402,
      0.4000004380941391
    ],
    [
      0.1660103239119053,
      0.24882056983187795,
      0.21415672218427062,
      0.1442981045693159,
      0.15410584211349487,
      0.2395180738531053,
      0.26658784598112106,
      0.13214926607906818,
      0.24458773201331496,
      0.2951174206100404,
      0.2434104522690177,
      0.2639005212113261,
      0.2385531128384173,
      0.17041549505665898,
      0.2897679228335619,
      0.24139793403446674,
      0.12708309292793274,
      0.13751209480687976,
      0.27266748109832406,
      0.25447940919548273,
      0.26589021272957325,
      0.28015741892158985,
      0.2851427812129259,
      0.1672922968864441,
      0.28638659603893757,
      0.25989186204969883,
      0.15402304707095027,
      0.26527214981615543,
      0.2627518526278436,
      0.2231837371364236,
      0.21932400297373533,
      0.1473735310137272,
      0.2624854762107134,
      0.24843025812879205,
      0.24908450664952397,
      0.13263169303536415,
      0.2994721466675401,
      0.27894457802176476,
      0.25957355089485645,
      0.25844534300267696,
      0.11047350987792015,
      0.28041506092995405,
      0.30388882383704185,
      0.1259595830924809,
      0.25432254699990153,
      0.3114399267360568,
      0.2625530227087438,
      0.22988992696627975,
      0.2881443379446864,
      0.1388595630414784,
      0.15799177903681993,
      0.317902903072536,
      0.12756781606003642,
      0.24718436691910028,
      0.1589016611687839,
      0.2639375068247318,
      0.26050926465541124,
      0.2889472069218755,
      0.22967877611517906,
      0.2733540111221373,
      0.31563478196039796,
      0.2395787537097931,
      0.24600621731951833,
      0.14193593803793192,
      0.2889353591017425,
      0.1421630480326712,
      0.1595140458084643,
      0.27327621215954423,
      0.2597847259603441,
      0.28007529862225056,
      0.2741409600712359,
      0.2504493328742683,
      0.1299961511977017,
      0.31811270397156477,
      0.26611854368820786,
      0.23566078627482057,
      0.18977714609354734,
      0.15405318699777126,
      0.15677171293646097,
      0.29101062193512917,
      0.14251782232895494,
      0.13853245181962848,
      0.32517734030261636,
      0.256057252176106,
      0.26070790970698,
      0.29078769963234663,
      0.28364713583141565,
      0.2622948647476733,
      0.23953364929184318,
      0.259797640144825,
      0.12973819207400084,
      0.29810012923553586,
      0.2600749940611422,
      0.2514677247963846,
      0.2673382661305368,
      0.2739775809459388,
      0.2903282637707889,
      0.2628300399519503,
      0.23507300531491637,
      0.13800108712166548
    ],
    [
      0.2863364890217781,
      0.24783915979787707,
      0.21426837658509612,
      0.2594957877881825,
      0.28687022998929024,
      0.24501384422183037,
      0.2685405812226236,
      0.24422525614500046,
      0.25710651790723205,
      0.29554222989827394,
      0.24005539622157812,
      0.26659398386254907,
      0.23258788138628006,
      0.2619186341762543,
      0.2949483939446509,
      0.24841181095689535,
      0.23583846492692828,
      0.24800818599760532,
      0.279897996224463,
      0.2605983866378665,
      0.288943441119045,
      0.28963019931688905,
      0.28845686512067914,
      0.26108110696077347,
      0.2881783698685467,
      0.24871755903586745,
      0.2452267180196941,
      0.2602430242113769,
      0.26093706768006086,
      0.23756338097155094,
      0.21641752496361732,
      0.2688403590582311,
      0.2503250306472182,
      0.24951358931139112,
      0.2515948247164488,
      0.24106471706181765,
      0.2875693691894412,
      0.27440115297213197,
      0.25418672105297446,
      0.2584447553381324,
      0.23449253709986806,
      0.2859569080173969,
      0.3114463579840958,
      0.21630675764754415,
      0.25467206072062254,
      0.3113868501968682,
      0.26000186800956726,
      0.22741904901340604,
      0.289020286872983,
      0.232857801951468,
      0.285478716250509,
      0.3067029397934675,
      0.23159925127401948,
      0.247523901052773,
      0.3085229559801519,
      0.27298495918512344,
      0.24235103093087673,
      0.27849549567326903,
      0.22866701614111662,
      0.2735396712087095,
      0.31512973411008716,
      0.2593986806459725,
      0.23560728691518307,
      0.2605263218283653,
      0.286954871378839,
      0.23304720595479012,
      0.2511240770108998,
      0.2815357972867787,
      0.2597859250381589,
      0.28007533494383097,
      0.273660090751946,
      0.25044950330629945,
      0.23854696098715067,
      0.32064703572541475,
      0.26735089300200343,
      0.2491664718836546,
      0.28180668130517006,
      0.2735254936851561,
      0.267967333085835,
      0.2909087250009179,
      0.24421807285398245,
      0.2458617310039699,
      0.3194803330115974,
      0.25605516973882914,
      0.2462928439490497,
