{
  "implementation": "deepspeed_oneccl",
  "backend": "ccl",
  "operation": "allgather",
  "num_ranks": 4,
  "tensor_shape": {
    "batch": 16,
    "seq_len": 1,
    "hidden_dim": 2048
  },
  "num_elements": 32768,
  "tensor_size_bytes": 65536,
  "tensor_size_mb": 0.0625,
  "dtype": "bfloat16",
  "warmup_iterations": 10,
  "measurement_iterations": 100,
  "timing_method": "time.perf_counter()",
  "timings": [
    [
      8.645188063383102e-05,
      6.207125261425972e-05,
      7.141334936022758e-05,
      6.153713911771774e-05,
      6.236927583813667e-05,
      6.707478314638138e-05,
      6.640003994107246e-05,
      6.794184446334839e-05,
      7.422175258398056e-05,
      5.974108353257179e-05,
      6.984313949942589e-05,
      5.8371108025312424e-05,
      6.005028262734413e-05,
      6.740028038620949e-05,
      6.735697388648987e-05,
      6.809225305914879e-05,
      7.373187690973282e-05,
      6.614532321691513e-05,
      6.027519702911377e-05,
      7.144873961806297e-05,
      6.314506754279137e-05,
      7.007597014307976e-05,
      6.762705743312836e-05,
      6.063003093004227e-05,
      6.279908120632172e-05,
      6.212899461388588e-05,
      7.009366527199745e-05,
      7.093464955687523e-05,
      6.358698010444641e-05,
      5.874829366803169e-05,
      6.697513163089752e-05,
      6.056111305952072e-05,
      5.909334868192673e-05,
      6.510503590106964e-05,
      6.469804793596268e-05,
      6.919214501976967e-05,
      6.222585216164589e-05,
      6.646523252129555e-05,
      7.151300087571144e-05,
      6.938306614756584e-05,
      7.115211337804794e-05,
      6.65709376335144e-05,
      6.757304072380066e-05,
      6.218487396836281e-05,
      7.231766358017921e-05,
      6.819702684879303e-05,
      6.397394463419914e-05,
      6.868317723274231e-05,
      6.354274228215218e-05,
      6.303703412413597e-05,
      6.870226934552193e-05,
      6.573181599378586e-05,
      7.378729060292244e-05,
      6.422773003578186e-05,
      6.457418203353882e-05,
      6.530992686748505e-05,
      5.961768329143524e-05,
      6.434135138988495e-05,
      6.30510039627552e-05,
      6.398186087608337e-05,
      6.948225200176239e-05,
      6.225705146789551e-05,
      6.958609446883202e-05,
      6.800470873713493e-05,
      7.076282054185867e-05,
      6.882892921566963e-05,
      6.274273619055748e-05,
      5.998928099870682e-05,
      7.134489715099335e-05,
      6.709573790431023e-05,
      6.951997056603432e-05,
      6.30752183496952e-05,
      6.64079561829567e-05,
      6.155529990792274e-05,
      6.741797551512718e-05,
      6.752088665962219e-05,
      6.354693323373795e-05,
      6.293132901191711e-05,
      7.007503882050514e-05,
      6.7870132625103e-05,
      6.905104964971542e-05,
      6.992975249886513e-05,
      6.208010017871857e-05,
      6.391294300556183e-05,
      7.151858881115913e-05,
      6.402097642421722e-05,
      6.413925439119339e-05,
      6.048288196325302e-05,
      6.886012852191925e-05,
      6.982870399951935e-05,
      6.787385791540146e-05,
      7.148412987589836e-05,
      6.562285125255585e-05,
      6.937002763152122e-05,
      6.401911377906799e-05,
      6.352737545967102e-05,
      6.809132173657417e-05,
      6.768805906176567e-05,
      6.282888352870941e-05,
      6.929878145456314e-05
    ],
    [
      8.769100531935692e-05,
      6.103469058871269e-05,
      6.948504596948624e-05,
      6.277626380324364e-05,
      6.113667041063309e-05,
      6.625894457101822e-05,
      6.773602217435837e-05,
      6.656302139163017e-05,
      7.387110963463783e-05,
      5.9232115745544434e-05,
      6.80331140756607e-05,
      5.923118442296982e-05,
      5.983700975775719e-05,
      6.51082955300808e-05,
      6.834464147686958e-05,
      6.767502054572105e-05,
      7.187295705080032e-05,
      6.559304893016815e-05,
      6.0306861996650696e-05,
      7.082335650920868e-05,
      6.285915151238441e-05,
      7.069716230034828e-05,
      6.763683632016182e-05,
      5.98016194999218e-05,
      6.251316517591476e-05,
      6.273575127124786e-05,
      6.829109042882919e-05,
      7.047737017273903e-05,
      6.291689351201057e-05,
      5.906121805310249e-05,
      6.717396900057793e-05,
      6.078416481614113e-05,
      5.7652126997709274e-05,
      6.349058821797371e-05,
      6.541889160871506e-05,
      6.735092028975487e-05,
      6.297603249549866e-05,
      6.550410762429237e-05,
      7.033906877040863e-05,
      6.912695243954659e-05,
      7.03912228345871e-05,
      6.533926352858543e-05,
      6.932206451892853e-05,
      6.22323714196682e-05,
      7.133418694138527e-05,
      6.905011832714081e-05,
      6.554508581757545e-05,
      6.849505007266998e-05,
      6.651505827903748e-05,
      6.30747526884079e-05,
      6.677862256765366e-05,
      6.567500531673431e-05,
      7.38808885216713e-05,
      6.289687007665634e-05,
      6.660865619778633e-05,
      6.588874384760857e-05,
      5.979370325803757e-05,
      6.38267956674099e-05,
      6.024027243256569e-05,
      6.39236532151699e-05,
      7.079727947711945e-05,
      6.268313154578209e-05,
      7.080892100930214e-05,
      6.879307329654694e-05,
      7.210904732346535e-05,
      6.780121475458145e-05,
      6.331037729978561e-05,
      6.113294512033463e-05,
      7.133465260267258e-05,
      6.686197593808174e-05,
      6.993766874074936e-05,
      6.467103958129883e-05,
      6.690295413136482e-05,
      6.069988012313843e-05,
      6.697792559862137e-05,
      6.733229383826256e-05,
      6.438279524445534e-05,
      6.352411583065987e-05,
      7.241405546665192e-05,
      6.820308044552803e-05,
      6.953161209821701e-05,
      6.986688822507858e-05,
      6.271712481975555e-05,
      6.313109770417213e-05,
      7.225619629025459e-05,
      6.475811824202538e-05,
      6.536021828651428e-05,
      6.0844700783491135e-05,
      6.823800504207611e-05,
      6.897374987602234e-05,
      6.787898018956184e-05,
      7.168389856815338e-05,
      6.468407809734344e-05,
      6.949109956622124e-05,
      6.454112008213997e-05,
      5.9930142015218735e-05,
      6.795627996325493e-05,
      6.759492680430412e-05,
      6.402004510164261e-05,
      6.927503272891045e-05
    ],
    [
      8.696084842085838e-05,
      6.214529275894165e-05,
      7.058167830109596e-05,
      6.207125261425972e-05,
      6.128707900643349e-05,
      6.631296128034592e-05,
      6.67930580675602e-05,
      6.640003994107246e-05,
      7.369183003902435e-05,
      5.911104381084442e-05,
      6.751017645001411e-05,
      5.9135258197784424e-05,
      6.068078801035881e-05,
      6.554601714015007e-05,
      6.797676905989647e-05,
      6.774021312594414e-05,
      7.377192378044128e-05,
      6.678234785795212e-05,
      6.0277059674263e-05,
      7.116980850696564e-05,
      6.363028660416603e-05,
      7.08671286702156e-05,
      6.797909736633301e-05,
      6.006704643368721e-05,
      6.217788904905319e-05,
      6.23050145804882e-05,
      7.029902189970016e-05,
      7.014721632003784e-05,
      6.38570636510849e-05,
      5.7850033044815063e-05,
      6.726197898387909e-05,
      6.053224205970764e-05,
      5.8696139603853226e-05,
      6.533926352858543e-05,
      6.578303873538971e-05,
      6.769923493266106e-05,
      6.254669278860092e-05,
      6.618304178118706e-05,
      7.138913497328758e-05,
      6.871996447443962e-05,
      7.158098742365837e-05,
      6.505101919174194e-05,
      6.802612915635109e-05,
      6.170477718114853e-05,
      7.088528946042061e-05,
      6.871204823255539e-05,
      6.428826600313187e-05,
      6.871996447443962e-05,
      6.45550899207592e-05,
      6.284890696406364e-05,
      6.761495023965836e-05,
      6.565917283296585e-05,
      7.322197780013084e-05,
      6.440002471208572e-05,
      6.561912596225739e-05,
      6.553065031766891e-05,
      5.976622924208641e-05,
      6.467709317803383e-05,
      6.392411887645721e-05,
      6.42840750515461e-05,
      7.0920679718256e-05,
