{
  "implementation": "deepspeed_oneccl",
  "backend": "ccl",
  "operation": "allreduce",
  "num_ranks": 4,
  "tensor_shape": {
    "batch": 8,
    "seq_len": 8192,
    "hidden_dim": 2048
  },
  "num_elements": 134217728,
  "tensor_size_bytes": 268435456,
  "tensor_size_mb": 256.0,
  "dtype": "bfloat16",
  "warmup_iterations": 10,
  "measurement_iterations": 100,
  "timing_method": "time.perf_counter()",
  "timings": [
    [
      0.11521242838352919,
      0.11588809220120311,
      0.11650842521339655,
      0.11659651203081012,
      0.11725606489926577,
      0.10871390486136079,
      0.1167464847676456,
      0.11591559229418635,
      0.11694799782708287,
      0.11752470070496202,
      0.11716833198443055,
      0.11681826924905181,
      0.11706995312124491,
      0.1168267629109323,
      0.1167992977425456,
      0.11714427405968308,
      0.11701581021770835,
      0.11713316245004535,
      0.11745299072936177,
      0.11728484509512782,
      0.11762894596904516,
      0.11735230591148138,
      0.1174691841006279,
      0.11451667966321111,
      0.1173722012899816,
      0.11688086902722716,
      0.11743175191804767,
      0.11712975380942225,
      0.11460667988285422,
      0.11301432503387332,
      0.11207903502508998,
      0.11193920904770494,
      0.11199409374967217,
      0.1121422671712935,
      0.11225191270932555,
      0.11195476585999131,
      0.11332621704787016,
      0.11187398806214333,
      0.11220213305205107,
      0.11185602378100157,
      0.11737819062545896,
      0.11701592477038503,
      0.11244302336126566,
      0.1173216737806797,
      0.11717344773933291,
      0.11726144514977932,
      0.11732883099466562,
      0.11720603378489614,
      0.11748625012114644,
      0.1171846273355186,
      0.11627197777852416,
      0.11589324288070202,
      0.11496222205460072,
      0.11390325101092458,
      0.11562997801229358,
      0.11518798815086484,
      0.11571001214906573,
      0.11516952188685536,
      0.11558024678379297,
      0.11517108418047428,
      0.1148684611544013,
      0.11535353073850274,
      0.11486548790708184,
      0.11522634420543909,
      0.11550262523815036,
      0.1148887719027698,
      0.11521541094407439,
      0.11501249624416232,
      0.11536421719938517,
      0.11501381080597639,
      0.11525195091962814,
      0.11498728021979332,
      0.11531973676756024,
      0.11499895295128226,
      0.11532701505348086,
      0.11486684391275048,
      0.11530382093042135,
      0.1148046818561852,
      0.11523873917758465,
      0.115323546808213,
      0.11543773906305432,
      0.11498374119400978,
      0.11547039216384292,
      0.11524390708655119,
      0.11533108167350292,
      0.11501050693914294,
      0.11520434590056539,
      0.11491284007206559,
      0.11545351892709732,
      0.11508628819137812,
      0.11554077779874206,
      0.11518920725211501,
      0.11572748562321067,
      0.11538674589246511,
      0.11571883177384734,
      0.11536103393882513,
      0.11571977287530899,
      0.11554551590234041,
      0.11567984102293849,
      0.11558901565149426
    ],
    [
      0.1152113638818264,
      0.11588430497795343,
      0.11634530499577522,
      0.11648037005215883,
      0.11725347489118576,
      0.1088570193387568,
      0.11662278417497873,
      0.11591304885223508,
      0.11694436380639672,
      0.11747752595692873,
      0.11700422782450914,
      0.11679499316960573,
      0.11706641409546137,
      0.11680818628519773,
      0.11679509608075023,
      0.11710384720936418,
      0.11701454408466816,
      0.1170648680999875,
      0.11723678233101964,
      0.1171956192702055,
      0.11762689799070358,
      0.11729709338396788,
      0.11728057311847806,
      0.11446282686665654,
      0.11736692721024156,
      0.1168809961527586,
      0.11725253006443381,
      0.1170721692033112,
      0.11460424400866032,
      0.11296921316534281,
      0.11191766709089279,
      0.1118894936516881,
      0.1119896569289267,
      0.11213168129324913,
      0.11201619589701295,
      0.1119530638679862,
      0.11332250107079744,
      0.11184406001120806,
      0.11198171321302652,
      0.11182005098089576,
      0.11737663485109806,
      0.1166872140020132,
      0.11178554315119982,
      0.11729663889855146,
      0.1171710779890418,
      0.11720463400706649,
      0.11714519327506423,
      0.11717716511338949,
      0.11748511483892798,
      0.11714806407690048,
      0.11609830288216472,
      0.11586448410525918,
      0.11495796125382185,
      0.11390299489721656,
      0.11542456597089767,
      0.11512146797031164,
      0.11570646381005645,
      0.11511929892003536,
      0.11536599276587367,
      0.11512701399624348,
      0.11486745532602072,
      0.11529347999021411,
      0.1148633430711925,
      0.11519486736506224,
      0.1154975388199091,
      0.11488684406504035,
      0.11504862876608968,
      0.11498298728838563,
      0.11535998107865453,
      0.11498929606750607,
      0.11510221101343632,
      0.11496852384880185,
      0.11531474580988288,
      0.1149719632230699,
      0.11518942983821034,
      0.11482856795191765,
      0.11529973801225424,
      0.1147739952430129,
      0.11504732631146908,
      0.11528502264991403,
      0.11543810181319714,
      0.11493423907086253,
      0.11525165429338813,
      0.11513231601566076,
      0.11532840691506863,
      0.11500492319464684,
      0.11504866601899266,
      0.11487227817997336,
      0.11545250471681356,
      0.11501095397397876,
      0.11534114181995392,
      0.11516673676669598,
      0.11572776082903147,
      0.11538329813629389,
      0.11553875915706158,
      0.11533141601830721,
      0.11571674793958664,
      0.1154930810444057,
      0.11548183159902692,
      0.11549630295485258
    ],
    [
      0.11447713105008006,
      0.11494467267766595,
      0.11613820074126124,
      0.11626126011833549,
      0.11593634402379394,
      0.10886140121147037,
      0.11636613262817264,
      0.11527105094864964,
      0.11652621999382973,
      0.11724320705980062,
      0.11584393307566643,
      0.11661424208432436,
      0.11671254830434918,
      0.11673060990869999,
      0.11672415863722563,
      0.1168590560555458,
      0.116629209369421,
      0.11679273378103971,
      0.11700650909915566,
      0.1162789911031723,
      0.11722877388820052,
      0.11704708496108651,
      0.11706807697191834,
      0.11446963669732213,
      0.11708051105961204,
      0.11683897115290165,
      0.11706856079399586,
      0.11688041873276234,
      0.11420701583847404,
      0.11260170675814152,
      0.11161826504394412,
      0.11152432765811682,
      0.11147331725805998,
      0.11134276119992137,
      0.11166500486433506,
      0.11090650735422969,
      0.1120160692371428,
      0.11152637423947453,
      0.11100538121536374,
      0.1114590079523623,
      0.11688879877328873,
      0.11674020672217011,
      0.11178883910179138,
      0.11709848279133439,
      0.11670654267072678,
      0.11693618586286902,
      0.11688458221033216,
      0.11607299698516726,
      0.11714778374880552,
      0.11692367680370808,
      0.11587955383583903,
      0.11560790473595262,
      0.1144651616923511,
      0.11379505135118961,
      0.11531267408281565,
      0.11487886216491461,
      0.11537239607423544,
      0.11489218520000577,
      0.11516707483679056,
      0.11487037176266313,
      0.11427563801407814,
      0.1142762927338481,
      0.11414846917614341,
      0.11509040696546435,
      0.11499130073934793,
      0.11477350210770965,
      0.11488167382776737,
      0.11469462886452675,
      0.1149391382932663,
      0.11474342225119472,
      0.1140141710639,
      0.11470995517447591,
      0.11492310231551528,
      0.11468524672091007,
      0.11493595410138369,
      0.11473111482337117,
      0.1148906135931611,
      0.11459817877039313,
      0.11477896617725492,
      0.11428520595654845,
      0.11505241831764579,
