{
  "implementation": "deepspeed_oneccl",
  "backend": "ccl",
  "operation": "allreduce",
  "num_ranks": 4,
  "tensor_shape": {
    "batch": 32,
    "seq_len": 2048,
    "hidden_dim": 4096
  },
  "num_elements": 268435456,
  "tensor_size_bytes": 536870912,
  "tensor_size_mb": 512.0,
  "dtype": "bfloat16",
  "warmup_iterations": 10,
  "measurement_iterations": 100,
  "timing_method": "time.perf_counter()",
  "timings": [
    [
      0.2315160990692675,
      0.23084875429049134,
      0.23247695388272405,
      0.21336650615558028,
      0.2330460329540074,
      0.2321361186914146,
      0.2338735768571496,
      0.2328331028111279,
      0.23453523591160774,
      0.2336622979491949,
      0.23479360900819302,
      0.23405025620013475,
      0.22267202008515596,
      0.23449741583317518,
      0.23616213165223598,
      0.2350980960763991,
      0.23657947778701782,
      0.2354554096236825,
      0.23695131577551365,
      0.23583215102553368,
      0.236581411678344,
      0.22966974740847945,
      0.23577926913276315,
      0.23461717506870627,
      0.2352881501428783,
      0.2340362179093063,
      0.2346469759941101,
      0.23314860137179494,
      0.23383539635688066,
      0.2330147698521614,
      0.23274468909949064,
      0.23205743310973048,
      0.2325200540944934,
      0.23128616763278842,
      0.2322869929485023,
      0.231566044036299,
      0.23292087716981769,
      0.23221822828054428,
      0.23347934009507298,
      0.2330652056261897,
      0.23450705269351602,
      0.2339000958018005,
      0.23514513485133648,
      0.23445932287722826,
      0.23594637913629413,
      0.235081038903445,
      0.2363569512963295,
      0.2356392270885408,
      0.23680801503360271,
      0.2357393829151988,
      0.2360032508149743,
      0.23449953086674213,
      0.23560993373394012,
      0.23388620279729366,
      0.23433229001238942,
      0.23294553207233548,
      0.23384784488007426,
      0.23236821591854095,
      0.23360150633379817,
      0.23207311006262898,
      0.23278420371934772,
      0.2313893991522491,
      0.23252595914527774,
      0.23177022207528353,
      0.23331137839704752,
      0.2323939730413258,
      0.23378826677799225,
      0.23298596683889627,
      0.23495705984532833,
      0.23384295497089624,
      0.23656551213935018,
      0.23488802276551723,
      0.2367070890031755,
      0.23611619602888823,
      0.23701121285557747,
      0.23550726659595966,
      0.22466667275875807,
      0.23537085112184286,
      0.23647289397194982,
      0.23448152374476194,
      0.23570871585980058,
      0.2338270186446607,
      0.2354117720387876,
      0.23386281402781606,
      0.23438596120104194,
      0.22708889562636614,
      0.23334509134292603,
      0.23208876512944698,
      0.2326816930435598,
      0.23144528223201632,
      0.2321134889498353,
      0.23133094981312752,
      0.23195867706090212,
      0.22695181891322136,
      0.22743788687512279,
      0.2242047032341361,
      0.22600786667317152,
      0.2246981430798769,
      0.22649054089561105,
      0.22467542067170143
    ],
    [
      0.23148841271176934,
      0.23070217808708549,
      0.23230167385190725,
      0.21323327580466866,
      0.23283732496201992,
      0.23198743304237723,
      0.2337140329182148,
      0.23269540211185813,
      0.23433882277458906,
      0.2335331290960312,
      0.23466305015608668,
      0.23386948788538575,
      0.2224802589043975,
      0.2343531851656735,
      0.23587622586637735,
      0.23492709593847394,
      0.23643788509070873,
      0.23530788766220212,
      0.23685504775494337,
      0.23503455892205238,
      0.23633402213454247,
      0.22977490816265345,
      0.23562657879665494,
      0.2344489498063922,
      0.23508700914680958,
      0.23388218227773905,
      0.23451934522017837,
      0.23293965682387352,
      0.23359509790316224,
      0.23285375908017159,
      0.23255577823147178,
      0.2318943659774959,
      0.23244615131989121,
      0.23111761920154095,
      0.23215338680893183,
      0.2314130188897252,
      0.23275559023022652,
      0.2321317228488624,
      0.23332646302878857,
      0.23294486198574305,
      0.23434963496401906,
      0.2337755081243813,
      0.23422866966575384,
      0.23433262715116143,
      0.23577903769910336,
      0.23486653342843056,
      0.23614963609725237,
      0.23546181712299585,
      0.23667205404490232,
      0.23563995026051998,
      0.2358816210180521,
      0.23433450423181057,
      0.2354627358727157,
      0.23371455678716302,
      0.23418140085414052,
      0.23281129309907556,
      0.233678812161088,
      0.23217790620401502,
      0.23344116192311049,
      0.23190467292442918,
      0.2326213549822569,
      0.23134271800518036,
      0.23239734303206205,
      0.23163809208199382,
      0.23316401336342096,
      0.23154783295467496,
      0.23365802690386772,
      0.23285210179165006,
      0.23481394303962588,
      0.23379840096458793,
      0.2364262081682682,
      0.23465680703520775,
      0.23658217582851648,
      0.23595815990120173,
      0.23682040395215154,
      0.23530790396034718,
      0.2245223200879991,
      0.2352014696225524,
      0.23628953518345952,
      0.2343097641132772,
      0.23556611593812704,
      0.23368431394919753,
      0.2352683679200709,
      0.23369236290454865,
      0.23422912089154124,
      0.2271364089101553,
      0.23319455608725548,
      0.23189324093982577,
      0.2319072657264769,
      0.23133878223598003,
      0.23194164456799626,
      0.23124147532507777,
      0.23180681001394987,
      0.2267741858959198,
      0.22728131618350744,
      0.22420189110562205,
      0.2258254438638687,
      0.22451251093298197,
      0.22632249677553773,
      0.22451720805838704
    ],
    [
      0.23117954703047872,
      0.23047172371298075,
      0.2321014078333974,
      0.21313593164086342,
      0.23261686880141497,
      0.23174205468967557,
      0.2334772408939898,
      0.23253163089975715,
      0.2341520618647337,
      0.2332764328457415,
      0.23412037920206785,
      0.2337944176979363,
      0.2222461849451065,
      0.23419766779989004,
      0.23553430568426847,
      0.234877476003021,
      0.23605008935555816,
      0.23513438180088997,
      0.23647183692082763,
      0.23556415596976876,
      0.23593907291069627,
      0.22977671073749661,
      0.23521000100299716,
      0.23445173585787416,
      0.2346934089437127,
      0.23380357399582863,
      0.23411956895142794,
      0.23294216115027666,
      0.23328218702226877,
      0.23285775212571025,
      0.2322555216960609,
      0.23189224814996123,
      0.23203932400792837,
      0.231079688295722,
      0.23178204987198114,
      0.23141696117818356,
      0.23246396193280816,
      0.23199805384501815,
      0.23296851897612214,
      0.23290703864768147,
      0.23406478017568588,
      0.2336533279158175,
      0.23466312792152166,
      0.23425013292580843,
      0.2354993992485106,
      0.2347973850555718,
      0.2358917216770351,
      0.23545951815322042,
      0.2363614640198648,
      0.23551044892519712,
      0.23555822996422648,
      0.23421359527856112,
      0.23499251483008265,
      0.23367980308830738,
      0.23385395109653473,
      0.23279946483671665,
      0.23343643406406045,
      0.23218119284138083,
      0.23321280907839537,
      0.23187365429475904,
      0.23233329690992832,
      0.23121649399399757,
      0.23209206527099013,
      0.2315391362644732,
      0.23290940281003714,
      0.23208144959062338,
      0.23332512890920043,
      0.23254172503948212,
      0.23452605213969946,
      0.23328712908551097,
      0.23615782614797354,
      0.2343922550790012,
      0.23608705075457692,
      0.23566016228869557,
      0.23650936596095562,
      0.23508917540311813,
      0.2246192330494523,
      0.23497975105419755,
      0.23608729522675276,
      0.2341438620351255,
      0.235309025272727,
      0.23354585096240044,
