{
  "implementation": "deepspeed_oneccl",
  "backend": "ccl",
  "operation": "gather",
  "num_ranks": 4,
  "tensor_shape": {
    "batch": 16,
    "seq_len": 2048,
    "hidden_dim": 2048
  },
  "num_elements": 67108864,
  "tensor_size_bytes": 134217728,
  "tensor_size_mb": 128.0,
  "dtype": "bfloat16",
  "warmup_iterations": 10,
  "measurement_iterations": 100,
  "timing_method": "time.perf_counter()",
  "timings": [
    [
      0.17331545474007726,
      0.16502838023006916,
      0.17577553587034345,
      0.18216662481427193,
      0.18759639002382755,
      0.22281419206410646,
      0.17486166674643755,
      0.17471795715391636,
      0.17678353283554316,
      0.17637352412566543,
      0.17566068191081285,
      0.22069389186799526,
      0.18965223478153348,
      0.18682711478322744,
      0.18836905993521214,
      0.1873612510971725,
      0.181905684992671,
      0.2116841832175851,
      0.17691255686804652,
      0.17745912401005626,
      0.20259555615484715,
      0.1882393886335194,
      0.1984833376482129,
      0.21170274820178747,
      0.16059866780415177,
      0.17158162081614137,
      0.17679930804297328,
      0.17169367102906108,
      0.16296681994572282,
      0.2176787257194519,
      0.18190119275823236,
      0.1840815986506641,
      0.1768855736590922,
      0.17913939012214541,
      0.17782640689983964,
      0.1948992288671434,
      0.15362425334751606,
      0.1455541062168777,
      0.17292103776708245,
      0.1757132988423109,
      0.177154082339257,
      0.17829785123467445,
      0.16074598534032702,
      0.15291502699255943,
      0.15603236900642514,
      0.16063146805390716,
      0.161361213773489,
      0.16666248114779592,
      0.1813081088475883,
      0.18408868927508593,
      0.18563981400802732,
      0.20881851017475128,
      0.1859182915650308,
      0.15942740673199296,
      0.16108569269999862,
      0.16134445322677493,
      0.14627783000469208,
      0.1912338063120842,
      0.219394541811198,
      0.17443934082984924,
      0.18392861215397716,
      0.1668014577589929,
      0.1744201467372477,
      0.1754679810255766,
      0.19102717004716396,
      0.15383129427209496,
      0.16202190332114697,
      0.18416363699361682,
      0.18325833417475224,
      0.1867229607887566,
      0.2195026441477239,
      0.17342926701530814,
      0.17518115136772394,
      0.17999855615198612,
      0.1785367550328374,
      0.18209950486198068,
      0.22043902007862926,
      0.18138602701947093,
      0.18049303302541375,
      0.18287090817466378,
      0.17097126133739948,
      0.16298207500949502,
      0.20717634493485093,
      0.15496966801583767,
      0.15810796804726124,
      0.1649719262495637,
      0.19085186393931508,
      0.18447866011410952,
      0.23231095308437943,
      0.18615088891237974,
      0.16163966804742813,
      0.1562027889303863,
      0.16043071867898107,
      0.1616167901083827,
      0.1812372449785471,
      0.18136112205684185,
      0.18309478275477886,
      0.17792874993756413,
      0.17862315522506833,
      0.18145848717540503
    ],
    [
      0.07926843035966158,
      0.052004880271852016,
      0.11032689223065972,
      0.13140738988295197,
      0.13340530171990395,
      0.1724960352294147,
      0.1231931820511818,
      0.12307202676311135,
      0.12437853869050741,
      0.11990016978234053,
      0.058421459048986435,
      0.10790606494992971,
      0.12180303502827883,
      0.11739432672038674,
      0.13250235095620155,
      0.1303379270248115,
      0.12942312099039555,
      0.15922165662050247,
      0.13021524203941226,
      0.12239959975704551,
      0.14712946116924286,
      0.1403129743412137,
      0.13052524207159877,
      0.08627479895949364,
      0.10796729987487197,
      0.10664793197065592,
      0.13317976333200932,
      0.11670860182493925,
      0.06800342304632068,
      0.09149526199325919,
      0.12640905613079667,
      0.1300125177949667,
      0.13053232291713357,
      0.1265090899541974,
      0.07799790287390351,
      0.16084866411983967,
      0.10614589601755142,
      0.052542959339916706,
      0.04776150127872825,
      0.12950781593099236,
      0.12987269833683968,
      0.12995784729719162,
      0.1088332636281848,
      0.11735089309513569,
      0.1050664046779275,
      0.1225720951333642,
      0.056385527830570936,
      0.093607974704355,
      0.06954404525458813,
      0.11665656417608261,
      0.07811459712684155,
      0.0756029998883605,
      0.1389180007390678,
      0.11784080090001225,
      0.11193024786189198,
      0.13092220202088356,
      0.05199588602408767,
      0.13063370762392879,
      0.16119677294045687,
      0.1274800687097013,
      0.11853341804817319,
      0.13230583723634481,
      0.10425827885046601,
      0.1176175749860704,
      0.15729717630892992,
      0.09825803805142641,
      0.05172433517873287,
      0.11991090094670653,
      0.1299872538074851,
      0.13213641801849008,
      0.14066044986248016,
      0.11859244899824262,
      0.10578172793611884,
      0.11564736487343907,
      0.1308520887978375,
      0.05700421240180731,
      0.15525022521615028,
      0.06191481230780482,
      0.13161589996889234,
      0.1326918308623135,
      0.1326699280180037,
      0.11650347709655762,
      0.13573398208245635,
      0.10690074972808361,
      0.11719125742092729,
      0.04724315972998738,
      0.12237546406686306,
      0.11701222928240895,
      0.1607856396585703,
      0.13191996701061726,
      0.1315294560045004,
      0.09312029602006078,
      0.10801707487553358,
      0.1237997142598033,
      0.07800117507576942,
      0.07538630813360214,
      0.13100118190050125,
      0.12423765705898404,
      0.1148553742095828,
      0.13233620673418045
    ],
    [
      0.11208192771300673,
      0.09236569982022047,
      0.11084872484207153,
      0.1326947300694883,
      0.13000577222555876,
      0.1599703896790743,
      0.12319325283169746,
      0.1230231411755085,
      0.1294632530771196,
      0.11108459206297994,
      0.10584908630698919,
      0.1648527649231255,
      0.12180173117667437,
      0.13032319443300366,
      0.1330137117765844,
      0.13339177519083023,
      0.11346620926633477,
      0.17188124870881438,
      0.11116523994132876,
      0.1283734943717718,
      0.12987683014944196,
      0.14090847875922918,
      0.1305241589434445,
      0.1589071094058454,
      0.11695140413939953,
      0.10664797108620405,
      0.13003203365951777,
      0.11974132200703025,
      0.0946639939211309,
      0.16930769896134734,
      0.13189456379041076,
      0.1342278108932078,
      0.1307823578827083,
      0.126509178429842,
      0.11935614328831434,
      0.16072199074551463,
      0.11925092013552785,
      0.104511643294245,
      0.12601114390417933,
      0.1298612211830914,
      0.1297333207912743,
      0.13195413118228316,
      0.10636418033391237,
      0.06437936471775174,
      0.1045655612833798,
      0.12257153680548072,
      0.10824183886870742,
      0.08266600873321295,
      0.12951852194964886,
      0.11665642308071256,
      0.14297885913401842,
      0.13088770769536495,
      0.14746886072680354,
      0.10699042677879333,
      0.11077367700636387,
      0.12397001730278134,
      0.10546724684536457,
      0.13228069199249148,
      0.16705949744209647,
      0.1311879837885499,
      0.11866715829819441,
      0.1303163799457252,
      0.10628486983478069,
      0.11831012321636081,
      0.15541192702949047,
      0.10057985596358776,
      0.09359829779714346,
      0.13044355623424053,
      0.11702498607337475,
      0.1321336617693305,
      0.1406683879904449,
      0.1080766199156642,
      0.10574329225346446,
      0.11664529517292976,
      0.1326758749783039,
      0.09500002721324563,
      0.16651642369106412,
      0.13042667601257563,
      0.11778688291087747,
      0.13269858108833432,
      0.11900402465835214,
      0.1169659118168056,
