{
  "implementation": "deepspeed_oneccl",
  "backend": "ccl",
  "operation": "broadcast",
  "num_ranks": 4,
  "tensor_shape": {
    "batch": 8,
    "seq_len": 8192,
    "hidden_dim": 2048
  },
  "num_elements": 134217728,
  "tensor_size_bytes": 268435456,
  "tensor_size_mb": 256.0,
  "dtype": "bfloat16",
  "warmup_iterations": 10,
  "measurement_iterations": 100,
  "timing_method": "time.perf_counter()",
  "timings": [
    [
      0.11660356679931283,
      0.11634298041462898,
      0.07521564699709415,
      0.07590919872745872,
      0.07385651813820004,
      0.11017923057079315,
      0.13905934430658817,
      0.13531944388523698,
      0.10814809799194336,
      0.07884053932502866,
      0.07786162197589874,
      0.05602583987638354,
      0.13087551994249225,
      0.15809541894122958,
      0.1559635503217578,
      0.12900452176108956,
      0.07841148693114519,
      0.0715682408772409,
      0.12881380785256624,
      0.11618855176493526,
      0.1177637679502368,
      0.13129904912784696,
      0.07802270026877522,
      0.08122209925204515,
      0.07392589515075088,
      0.13618244975805283,
      0.14211432170122862,
      0.13130844570696354,
      0.1027792040258646,
      0.07933285599574447,
      0.07641256600618362,
      0.12975277798250318,
      0.13987988093867898,
      0.11562412977218628,
      0.11538418428972363,
      0.0854891948401928,
      0.08921612100675702,
      0.11767183430492878,
      0.13431407464668155,
      0.13233406515792012,
      0.11538001801818609,
      0.07945109298452735,
      0.07741840509697795,
      0.08317366894334555,
      0.13557977322489023,
      0.10993634071201086,
      0.10849376628175378,
      0.08817839017137885,
      0.08936572633683681,
      0.0782724260352552,
      0.16947347484529018,
      0.13421303499490023,
      0.10836296202614903,
      0.09291630191728473,
      0.0790625661611557,
      0.07666393695399165,
      0.12985011655837297,
      0.13752910634502769,
      0.13296742783859372,
      0.13725334778428078,
      0.08549132104963064,
      0.08691064408048987,
      0.08505335077643394,
      0.10514889704063535,
      0.13054879382252693,
      0.14056403888389468,
      0.07836976321414113,
      0.08955860137939453,
      0.07794185681268573,
      0.15948583977296948,
      0.13967051357030869,
      0.13363443594425917,
      0.1112909447401762,
      0.07792394375428557,
      0.07279340596869588,
      0.13761806674301624,
      0.14269019989296794,
      0.13019147887825966,
      0.12177217425778508,
      0.08481059269979596,
      0.08761110017076135,
      0.15918200369924307,
      0.13158996030688286,
      0.11565306503325701,
      0.13449538266286254,
      0.07830226793885231,
      0.07676990795880556,
      0.09465934708714485,
      0.14105943962931633,
      0.13099472597241402,
      0.14102095505222678,
      0.08719646697863936,
      0.08457598928362131,
      0.07467566570267081,
      0.13913709158077836,
      0.13549255905672908,
      0.10624714707955718,
      0.09019973687827587,
      0.07845622207969427,
      0.07379116490483284
    ],
    [
      0.1166040450334549,
      0.11634185817092657,
      0.06278243800625205,
      0.07590710278600454,
      0.07384279184043407,
      0.10575651098042727,
      0.1390590639784932,
      0.1353179789148271,
      0.10688661504536867,
      0.060026695020496845,
      0.05966536374762654,
      0.05602576630190015,
      0.12987461918964982,
      0.1378994989208877,
      0.14392400113865733,
      0.12009031092748046,
      0.05914871767163277,
      0.07156662782654166,
      0.12880939105525613,
      0.11404604418203235,
      0.13235221710056067,
      0.11817506002262235,
      0.05887082498520613,
      0.08121681120246649,
      0.07392545230686665,
      0.13618205394595861,
      0.14211166510358453,
      0.13051713583990932,
      0.10278187692165375,
      0.07933934591710567,
      0.07640932267531753,
      0.12734810169786215,
      0.1398818101733923,
      0.11343622766435146,
      0.1153818559832871,
      0.08548291958868504,
      0.06892817234620452,
      0.11468094121664762,
      0.13363285595551133,
      0.1193450978025794,
      0.10614994587376714,
      0.05995542276650667,
      0.058669453021138906,
      0.05478861555457115,
      0.1350946961902082,
      0.10993758914992213,
      0.10849264217540622,
      0.08817948587238789,
      0.08935901802033186,
      0.07827589241787791,
      0.16260228026658297,
      0.13506268663331866,
      0.10836445819586515,
      0.09280930971726775,
      0.07905585505068302,
      0.07666116207838058,
      0.10934121999889612,
      0.13752992823719978,
      0.13297055894508958,
      0.1275452501140535,
      0.06490091234445572,
      0.08689844608306885,
      0.08505358267575502,
      0.10514750378206372,
      0.1295172991231084,
      0.13655685726553202,
      0.07836991874501109,
      0.0895548090338707,
      0.07794327288866043,
      0.15965955471619964,
      0.1376854507252574,
      0.1336359940469265,
      0.11128767812624574,
      0.07792737800627947,
      0.05557011812925339,
      0.12068230798467994,
      0.13101343577727675,
      0.1298109171912074,
      0.12161285011097789,
      0.0848053302615881,
      0.08760955184698105,
      0.1186020839959383,
      0.1194562753662467,
      0.11565659800544381,
      0.13449153117835522,
      0.07829692726954818,
      0.059170417953282595,
      0.05327770719304681,
      0.1313954652287066,
      0.1394721339456737,
      0.1302209971472621,
      0.06940733967348933,
      0.08457987429574132,
      0.05528730899095535,
      0.13750412221997976,
      0.15918734623119235,
      0.10541021218523383,
      0.0832162550650537,
      0.07845676084980369,
      0.07379783783107996
    ],
    [
      0.11659046309068799,
      0.11101637501269579,
      0.07517907675355673,
      0.05585274286568165,
      0.07385750720277429,
      0.10564712807536125,
      0.13905911101028323,
      0.13500001328065991,
      0.10814934503287077,
      0.07883613277226686,
      0.07786018820479512,
      0.05293707083910704,
      0.12987731210887432,
      0.11490476923063397,
      0.11325717810541391,
      0.10821365006268024,
      0.07838994357734919,
      0.0715638236142695,
      0.128814241848886,
      0.10607614321634173,
      0.13075042609125376,
      0.10667810495942831,
      0.07802200317382812,
      0.08122064312919974,
      0.07391755981370807,
      0.11417919676750898,
      0.1421057670377195,
      0.1055518789216876,
      0.10277079092338681,
      0.07933035399764776,
      0.07641233317553997,
      0.12492666486650705,
      0.13986978214234114,
      0.10668556904420257,
      0.10116876289248466,
      0.08549170708283782,
      0.08921645116060972,
      0.10122315399348736,
      0.13386112079024315,
      0.13232736103236675,
      0.10645657777786255,
      0.07945081777870655,
      0.07741826679557562,
      0.08317654579877853,
      0.10909196175634861,
      0.10958663141354918,
      0.10681311599910259,
      0.08817613078281283,
      0.08936524391174316,
      0.07826681016013026,
      0.14329658588394523,
      0.10741763561964035,
      0.10835326928645372,
      0.08989666402339935,
      0.07906404417008162,
      0.05713822320103645,
      0.1270405910909176,
      0.13752315286546946,
      0.13295712461695075,
      0.11636244226247072,
      0.08549421885982156,
      0.0869015408679843,
      0.0707615502178669,
      0.10319211799651384,
      0.12962838215753436,
      0.0945409550331533,
      0.0783693129196763,
      0.08955545024946332,
      0.05924379359930754,
      0.15948063507676125,
      0.11259668786078691,
      0.1336280251853168,
      0.11128329485654831,
      0.07792524294927716,
      0.07279220782220364,
      0.13382810913026333,
      0.10727962106466293,
      0.1175795579329133,
      0.11371570220217109,
      0.06553977588191628,
