{
  "implementation": "deepspeed_oneccl",
  "backend": "ccl",
  "operation": "allgather",
  "num_ranks": 4,
  "tensor_shape": {
    "batch": 32,
    "seq_len": 8192,
    "hidden_dim": 2048
  },
  "num_elements": 536870912,
  "tensor_size_bytes": 1073741824,
  "tensor_size_mb": 1024.0,
  "dtype": "bfloat16",
  "warmup_iterations": 10,
  "measurement_iterations": 100,
  "timing_method": "time.perf_counter()",
  "timings": [
    [
      1.541932217311114,
      1.4067120719701052,
      1.3676220360212028,
      1.65768125327304,
      1.6140609555877745,
      1.4642412387765944,
      1.2598532089032233,
      1.2839013393968344,
      1.3665692638605833,
      1.6046105339191854,
      1.6480749971233308,
      1.3509274180978537,
      1.6338504068553448,
      1.3109764368273318,
      1.4132194318808615,
      1.2897298731841147,
      1.303625658620149,
      1.6609946652315557,
      1.5545193208381534,
      1.3286311370320618,
      1.4163160058669746,
      1.3344789557158947,
      1.3433019840158522,
      1.4063392556272447,
      1.5165843646973372,
      1.3826594687998295,
      1.3085985593497753,
      1.553898657206446,
      1.3323586573824286,
      1.2534301038831472,
      1.407055779825896,
      1.3536069518886507,
      1.6227282946929336,
      1.0917880102060735,
      1.2423924440518022,
      1.2134564938023686,
      1.2348921741358936,
      1.4618230890482664,
      1.305224302224815,
      1.415538762230426,
      1.5895778010599315,
      1.665431868750602,
      1.662194972857833,
      1.1750207082368433,
      1.3121567661873996,
      1.339184693992138,
      1.3313677781261504,
      1.7080275090411305,
      1.4368752110749483,
      1.6455704811960459,
      1.584916265681386,
      1.3234010399319232,
      1.6979091027751565,
      1.6006520381197333,
      1.627495416905731,
      1.4668713808059692,
      1.5307311723008752,
      1.4256523116491735,
      1.6374051049351692,
      1.2766248239204288,
      1.4003438181243837,
      1.747205183841288,
      1.5949701913632452,
      1.5399592011235654,
      1.30778115009889,
      1.1842620112001896,
      1.4163375399075449,
      1.362649379298091,
      1.5807235981337726,
      1.3205141290090978,
      1.5676202620379627,
      1.5588841629214585,
      1.3582587339915335,
      1.3698771386407316,
      1.3900538203306496,
      1.1995966820977628,
      1.4203565400093794,
      1.2605159771628678,
      1.2857019929215312,
      1.3200423819944263,
      1.5470977160148323,
      1.3401004211045802,
      1.351805292069912,
      1.3155951527878642,
      1.6724513359367847,
      1.2791193220764399,
      1.582307192031294,
      1.390537432860583,
      1.3966781608760357,
      1.3857543719932437,
      1.6860193549655378,
      1.6621603560633957,
      1.6495759221725166,
      1.559364731889218,
      1.2942400220781565,
      1.5538349589332938,
      1.3811847968026996,
      1.5648870896548033,
      1.3672126419842243,
      1.4589531319215894
    ],
    [
      1.566873059142381,
      1.4067372549325228,
      1.6965963570401073,
      1.271996687632054,
      1.6742641646414995,
      1.5184765779413283,
      1.2556625492870808,
      1.6344093289226294,
      1.7598618539050221,
      1.6950858272612095,
      1.648055053781718,
      1.3376280907541513,
      1.3552025752142072,
      1.3080243971198797,
      1.803037284873426,
      1.7004096200689673,
      1.305070336908102,
      1.2765873800963163,
      1.3603022838942707,
      1.3286615032702684,
      1.7949000522494316,
      1.690753011032939,
      1.3433024510741234,
      1.8037847420200706,
      1.2436485942453146,
      1.352773176971823,
      1.3085933290421963,
      1.3941543088294566,
      1.6639555860310793,
      1.2404127968475223,
      1.407087666913867,
      1.3210150189697742,
      1.3442065427079797,
      1.296284617856145,
      1.279092586133629,
      1.2695584618486464,
      1.2887790040113032,
      1.439526196103543,
      1.5063381418585777,
      1.4120452012866735,
      1.6608981499448419,
      1.2632307489402592,
      1.673200927209109,
      1.4708545808680356,
      1.2720305481925607,
      1.6354388250038028,
      1.3230278491973877,
      1.6360923680476844,
      1.1684994637034833,
      1.6238086358644068,
      1.6560336160473526,
      1.3068517800420523,
      1.2962266108952463,
      1.624994101934135,
      1.2016659039072692,
      1.1354516446590424,
      1.3209714847616851,
      1.3679305422119796,
      1.6533040450885892,
      1.4705941299907863,
      1.3550286879763007,
      1.3287428859621286,
      1.2293377742171288,
      1.5616269973106682,
      1.2990443781018257,
      1.4551364560611546,
      1.1943755471147597,
      1.6813721642829478,
      1.3200698946602643,
      1.3205153997987509,
      1.5661875302903354,
      1.2589740278199315,
      1.7045890488661826,
      1.5406831107102334,
      1.3228026097640395,
      1.1930454540997744,
      1.7019667709246278,
      1.2485706168226898,
      1.2777095041237772,
      1.2701650988310575,
      1.2879008608870208,
      1.3396792891435325,
      1.1344626019708812,
      1.3132730186916888,
      1.688419232610613,
      1.2482994110323489,
      1.2946958299726248,
      1.6864614197984338,
      1.6355498796328902,
      1.3395659867674112,
      1.2464050478301942,
      1.628304080106318,
      1.2032103589735925,
      1.548526331782341,
      1.6784981321543455,
      1.2596197160892189,
      1.67100475076586,
      1.339901477098465,
      1.3798536891117692,
      1.6360356220975518
    ],
    [
      1.5668559269979596,
      1.406717459205538,
      1.685262274928391,
      1.2803469905629754,
      1.6742450213059783,
      1.518453004769981,
      1.2598511185497046,
      1.634401029907167,
      1.7598450067453086,
      1.695923157967627,
      1.6550216162577271,
      1.350926742888987,
      1.3552060229703784,
      1.308057809714228,
      1.802206997293979,
      1.6922714412212372,
      1.3036233419552445,
      1.2885886649601161,
      1.3602812099270523,
      1.3286281949840486,
      1.7948841727338731,
      1.690735945943743,
      1.343298401683569,
      1.7977282921783626,
      1.2436313680373132,
      1.3826472121290863,
      1.3085993938148022,
      1.3941443799994886,
      1.6639645001851022,
      1.266405635047704,
      1.4070551400072873,
      1.3536005541682243,
      1.3442184650339186,
      1.2862717579118907,
      1.2790776952169836,
      1.2695422400720417,
      1.2887645391747355,
      1.4289067122153938,
      1.5196563778445125,
      1.4245241908356547,
      1.6608820110559464,
      1.2580520496703684,
      1.6659520817920566,
      1.4922371269203722,
      1.312160556204617,
      1.6472442420199513,
      1.33649808075279,
      1.6340309218503535,
      1.166907283011824,
      1.6112538711167872,
      1.6391098890453577,
      1.3234037859365344,
      1.2977383150719106,
      1.6193665727041662,
      1.2092607957310975,
      1.1392059228383005,
      1.3209881377406418,
      1.4315020311623812,
      1.6532819801941514,
      1.483893800061196,
      1.4129917277023196,
      1.321410862263292,
      1.2309323255904019,
      1.561609537806362,
      1.314716398715973,
      1.4777179486118257,
      1.1943816519342363,
      1.6812427206896245,
      1.3659881399944425,
      1.3204974480904639,
      1.5661727488040924,
      1.2589445440098643,
      1.702290419023484,
      1.5562929813750088,
      1.4022452956996858,
      1.1995979971252382,
      1.7019434729591012,
      1.2605187762528658,
      1.2856970219872892,
      1.3200354329310358,
      1.2898650206625462,
      1.313296957872808,
      1.1338856969960034,
      1.3132414319552481,
      1.6883986350148916,
      1.2791219712235034,
      1.2946732747368515,
      1.686450581997633,
      1.6458949879743159,
      1.3957280558533967,
      1.24641285976395,
      1.6283858283422887,
