{
  "implementation": "deepspeed_oneccl",
  "backend": "ccl",
  "operation": "broadcast",
  "num_ranks": 4,
  "tensor_shape": {
    "batch": 16,
    "seq_len": 8192,
    "hidden_dim": 4096
  },
  "num_elements": 536870912,
  "tensor_size_bytes": 1073741824,
  "tensor_size_mb": 1024.0,
  "dtype": "bfloat16",
  "warmup_iterations": 10,
  "measurement_iterations": 100,
  "timing_method": "time.perf_counter()",
  "timings": [
    [
      0.29057183396071196,
      0.5094878328964114,
      0.25414973217993975,
      0.29653388215228915,
      0.4947712318971753,
      0.42152640502899885,
      0.3179157106205821,
      0.49778586626052856,
      0.45581787917762995,
      0.2957027889788151,
      0.5287079503759742,
      0.4288560999557376,
      0.303236342035234,
      0.5296391020528972,
      0.43566588405519724,
      0.3215253739617765,
      0.6248636548407376,
      0.43595251021906734,
      0.30308149894699454,
      0.5151687781326473,
      0.5289894500747323,
      0.3155346317216754,
      0.5498600290156901,
      0.4460482099093497,
      0.3207998969592154,
      0.5203364905901253,
      0.4468832821585238,
      0.3184762643650174,
      0.578864729963243,
      0.47182352375239134,
      0.3182172472588718,
      0.5762694049626589,
      0.5299243018962443,
      0.3504106909967959,
      0.47479162691161036,
      0.4517208952456713,
      0.35884781228378415,
      0.4971542111597955,
      0.44749254593625665,
      0.3466107277199626,
      0.5388932842761278,
      0.60984817892313,
      0.2972402321174741,
      0.4915729188360274,
      0.5310530504211783,
      0.3091306579299271,
      0.5081256958656013,
      0.5019803778268397,
      0.3215495189651847,
      0.5644819280132651,
      0.4496870203875005,
      0.2930627251043916,
      0.5832936209626496,
      0.49912195233628154,
      0.3220715909264982,
      0.5095216492190957,
      0.44543070904910564,
      0.3391446229070425,
      0.4751119501888752,
      0.42376982094720006,
      0.3293576966971159,
      0.5565640721470118,
      0.5037648230791092,
      0.30722344014793634,
      0.5795399649068713,
      0.5572178494185209,
      0.31283179204910994,
      0.5747399642132223,
      0.43678926583379507,
      0.3055715961381793,
      0.5498666283674538,
      0.4534297729842365,
      0.30828000186011195,
      0.5557051058858633,
      0.4260252411477268,
      0.30892445193603635,
      0.45824855798855424,
      0.44505581399425864,
      0.30719530396163464,
      0.4483614722266793,
      0.4581098547205329,
      0.31084673712030053,
      0.4849920398555696,
      0.4340859008952975,
      0.2769987042993307,
      0.5278344522230327,
      0.4499044311232865,
      0.2850458328612149,
      0.5744029371999204,
      0.44923604279756546,
      0.2889601909555495,
      0.49231571378186345,
      0.4301367891021073,
      0.32452100003138185,
      0.5375158381648362,
      0.5030585802160203,
      0.296789666172117,
      0.44172296579927206,
      0.5031318464316428,
      0.34472167678177357
    ],
    [
      0.29056992195546627,
      0.5049735209904611,
      0.2541460068896413,
      0.2224775291979313,
      0.4807826322503388,
      0.4075875859707594,
      0.3179200333543122,
      0.48380271811038256,
      0.4420018857344985,
      0.29569759266451,
      0.5279037496075034,
      0.42885672906413674,
      0.30323567194864154,
      0.527129904832691,
      0.4244438810274005,
      0.3215311821550131,
      0.62486343504861,
      0.44625217001885176,
      0.3030806011520326,
      0.5020502530969679,
      0.5194691983051598,
      0.23370421584695578,
      0.488371211104095,
      0.4139986541122198,
      0.3208071510307491,
      0.507393010891974,
      0.43112462665885687,
      0.31847963482141495,
      0.5783747816458344,
      0.4809079188853502,
      0.31821330171078444,
      0.5799634079448879,
      0.5206619049422443,
      0.26011735666543245,
      0.45473549515008926,
      0.40798655478283763,
      0.3588521918281913,
      0.49594119982793927,
      0.4450149331241846,
      0.3466109470464289,
      0.5494857239536941,
      0.6060123550705612,
      0.2972424039617181,
      0.44969259295612574,
      0.5237038400955498,
      0.30913460813462734,
      0.506047077011317,
      0.494559861253947,
      0.3215471380390227,
      0.5585403339937329,
      0.447526513133198,
      0.2930648010224104,
      0.5831887261010706,
      0.4962957901880145,
      0.3220661119557917,
      0.5090020429342985,
      0.39931344194337726,
      0.27768614469096065,
      0.4751185062341392,
      0.4334077127277851,
      0.3293611858971417,
      0.5565652139484882,
      0.4799751341342926,
      0.2298882883042097,
      0.46030398504808545,
      0.5512294438667595,
      0.31283360719680786,
      0.5747405341826379,
      0.4319294523447752,
      0.22736705793067813,
      0.5440823612734675,
      0.40388605603948236,
      0.30828499468043447,
      0.5557028446346521,
      0.42348808515816927,
      0.3089230628684163,
      0.45558670721948147,
      0.4231119258329272,
      0.30719886627048254,
      0.4472617139108479,
      0.45810722233727574,
      0.3108438719063997,
      0.4805465452373028,
      0.42013581888750196,
      0.27700518537312746,
      0.5278379041701555,
      0.4679617560468614,
      0.2850489430129528,
      0.498546133749187,
      0.42727874405682087,
      0.22389154229313135,
      0.4923230563290417,
      0.4301404496654868,
      0.3245260543189943,
      0.5266324738040566,
      0.5030524050816894,
      0.2967891748994589,
      0.4396417560055852,
      0.4967746799811721,
      0.34472540486603975
    ],
    [
      0.2905705007724464,
      0.5007298355922103,
      0.25414465134963393,
      0.29651576187461615,
      0.49345132196322083,
      0.41504299687221646,
      0.31791027914732695,
      0.48005391703918576,
      0.4010484772734344,
      0.23180013010278344,
      0.5287087322212756,
      0.4288505972363055,
      0.2314187572337687,
      0.5117609822191298,
      0.4257971318438649,
      0.23968897806480527,
      0.5088975741527975,
      0.425937213934958,
      0.23881003260612488,
      0.488188604824245,
      0.5194856133311987,
      0.31553509226068854,
      0.5498614022508264,
      0.4434676319360733,
      0.32080534705892205,
      0.5203391630202532,
      0.44688402209430933,
      0.2321718940511346,
      0.5180140910670161,
      0.4464722708798945,
      0.23289470188319683,
      0.5095320139080286,
      0.42983855633065104,
      0.3504136740230024,
      0.4482908402569592,
      0.45172289200127125,
      0.2696512849070132,
      0.45821901736781,
      0.4344924110919237,
      0.2614745059981942,
      0.47193149710074067,
      0.6060122800990939,
      0.2310244608670473,
      0.4891799809411168,
      0.5236983587965369,
      0.2350000119768083,
      0.4584491169080138,
      0.4449717798270285,
      0.3215502188540995,
      0.4556102082133293,
      0.44968639919534326,
      0.29306451510638,
      0.5832934542559087,
      0.4972728593274951,
      0.32206601509824395,
      0.5095251649618149,
      0.44489327212795615,
      0.33914562314748764,
      0.46217677975073457,
      0.4344467679038644,
      0.2671806653961539,
      0.5556848370470107,
      0.49381393380463123,
      0.3072144687175751,
      0.5795423090457916,
      0.5516463951207697,
      0.312829181086272,
      0.5747313019819558,
      0.436789823230356,
      0.3055698568932712,
      0.5446508768945932,
      0.4401554032228887,
      0.3082820698618889,
      0.5557003179565072,
      0.4209666387178004,
      0.3089270070195198,
      0.4454932059161365,
      0.44505497394129634,
      0.22488406067714095,
      0.44724887097254395,
      0.4581100312061608,
      0.22779416618868709,
      0.47244302090257406,
      0.43408747809007764,
      0.2190979989245534,
      0.46107805194333196,
      0.44266289193183184,
