{
  "implementation": "deepspeed_oneccl",
  "backend": "ccl",
  "operation": "gather",
  "num_ranks": 4,
  "tensor_shape": {
    "batch": 16,
    "seq_len": 2048,
    "hidden_dim": 4096
  },
  "num_elements": 134217728,
  "tensor_size_bytes": 268435456,
  "tensor_size_mb": 256.0,
  "dtype": "bfloat16",
  "warmup_iterations": 10,
  "measurement_iterations": 100,
  "timing_method": "time.perf_counter()",
  "timings": [
    [
      0.35473230201750994,
      0.35601392900571227,
      0.4133191555738449,
      0.35060591204091907,
      0.33635556185618043,
      0.37121180910617113,
      0.3755667479708791,
      0.3791506621055305,
      0.39039531582966447,
      0.34598395181819797,
      0.343125534709543,
      0.420030202716589,
      0.34167551482096314,
      0.34756856318563223,
      0.3964236336760223,
      0.36508469097316265,
      0.39294755877926946,
      0.4133234969340265,
      0.32829758897423744,
      0.3209095182828605,
      0.4204111429862678,
      0.3752407990396023,
      0.3397861742414534,
      0.38498502410948277,
      0.327316015958786,
      0.38536411989480257,
      0.4169078399427235,
      0.3187013980932534,
      0.3367917649447918,
      0.41854804288595915,
      0.37019693618640304,
      0.35077825793996453,
      0.38043507607653737,
      0.34708588710054755,
      0.4124539718031883,
      0.4145366819575429,
      0.35220546554774046,
      0.34580516442656517,
      0.3740492621436715,
      0.37411058228462934,
      0.36868161614984274,
      0.35835961997509,
      0.3508322690613568,
      0.352655447088182,
      0.4125498468056321,
      0.36122105829417706,
      0.3321852399967611,
      0.35766256507486105,
      0.3831162769347429,
      0.3889483748935163,
      0.4134305599145591,
      0.33763821609318256,
      0.3263176898472011,
      0.4044799469411373,
      0.40245012007653713,
      0.35782799683511257,
      0.3522633691318333,
      0.3618139591999352,
      0.3763994937762618,
      0.3814436770044267,
      0.3746516341343522,
      0.3342762147076428,
      0.3435545386746526,
      0.4159988439641893,
      0.37286629993468523,
      0.3383480370976031,
      0.38159726094454527,
      0.40495712123811245,
      0.3921833331696689,
      0.3630000092089176,
      0.33270627399906516,
      0.3451513289473951,
      0.42290912102907896,
      0.3621279401704669,
      0.35503343399614096,
      0.37217743787914515,
      0.36849306616932154,
      0.3626143280416727,
      0.396894009783864,
      0.34374393755570054,
      0.3355170441791415,
      0.44527824595570564,
      0.38745908811688423,
      0.3890032358467579,
      0.41464171512052417,
      0.37374029215425253,
      0.41566098062321544,
      0.3770273854024708,
      0.34882173500955105,
      0.3359774611890316,
      0.4133546040393412,
      0.3803839636966586,
      0.3493983750231564,
      0.375414352864027,
      0.3482928788289428,
      0.3785296152345836,
      0.4033107780851424,
      0.349370283074677,
      0.3496480421163142,
      0.4136338350363076
    ],
    [
      0.157323086168617,
      0.12340576201677322,
      0.3085436690598726,
      0.23773544002324343,
      0.23098058719187975,
      0.1586099020205438,
      0.15182496886700392,
      0.2622521207667887,
      0.30171596305444837,
      0.23104381281882524,
      0.21534218918532133,
      0.16365840611979365,
      0.2602881779894233,
      0.23916100431233644,
      0.2803833461366594,
      0.12938542291522026,
      0.291217346675694,
      0.3129461449570954,
      0.2231298196129501,
      0.2240276811644435,
      0.3101342157460749,
      0.2630070736631751,
      0.2374481623992324,
      0.27411771193146706,
      0.21561205200850964,
      0.1521606189198792,
      0.2749241660349071,
      0.132153513841331,
      0.14076860900968313,
      0.1299209021963179,
      0.2498335875570774,
      0.26072642859071493,
      0.23841259768232703,
      0.23643758008256555,
      0.18238568678498268,
      0.2628680970519781,
      0.1341845439746976,
      0.2187696537002921,
      0.21740254294127226,
      0.26163204899057746,
      0.2627760418690741,
      0.23106367699801922,
      0.26518854266032577,
      0.1110378042794764,
      0.2684474801644683,
      0.2567315991036594,
      0.23778061335906386,
      0.14238977385684848,
      0.15597985265776515,
      0.2662773518823087,
      0.2661907337605953,
      0.13668481074273586,
      0.22235631197690964,
      0.2710821288637817,
      0.16668830765411258,
      0.24756222497671843,
      0.22004026966169477,
      0.16354997968301177,
      0.2521171676926315,
      0.247644763905555,
      0.2639831807464361,
      0.25088823586702347,
      0.12962870905175805,
      0.2917501227930188,
      0.25695238169282675,
      0.2357390709221363,
      0.2791884858161211,
      0.14901678962633014,
      0.26565964380279183,
      0.2604824169538915,
      0.23780568921938539,
      0.23563183471560478,
      0.30290637630969286,
      0.25785341393202543,
      0.2519923187792301,
      0.18800894217565656,
      0.11669706599786878,
      0.2417952511459589,
      0.2956017549149692,
      0.24061281699687243,
      0.24643358727917075,
      0.20871575409546494,
      0.2665025400929153,
      0.14244301989674568,
      0.29291532188653946,
      0.2504702638834715,
      0.285412531811744,
      0.19465402094647288,
      0.22109377291053534,
      0.2344641932286322,
      0.1966594527475536,
      0.15559938363730907,
      0.1560152000747621,
      0.18188547203317285,
      0.1224681930616498,
      0.26482413662597537,
      0.31887715216726065,
      0.22029412724077702,
      0.22923756623640656,
      0.18269762909039855
    ],
    [
      0.250683821272105,
      0.21857726899906993,
      0.30233505461364985,
      0.2404960161074996,
      0.2333570970222354,
      0.2765361159108579,
      0.24962451914325356,
      0.2601215401664376,
      0.3017161278985441,
      0.2310434360988438,
      0.22271144995465875,
      0.31585966097190976,
      0.2530612628906965,
      0.26051555620506406,
      0.2700378713198006,
      0.23987505119293928,
      0.2759684403426945,
      0.3115597479045391,
      0.23904877807945013,
      0.22406470635905862,
      0.3101342339068651,
      0.2619071318767965,
      0.2374482350423932,
      0.2742062071338296,
      0.22401496255770326,
      0.2581136543303728,
      0.28703456884250045,
      0.23082420602440834,
      0.24372302601113915,
      0.24472156912088394,
      0.24384458223357797,
      0.2616086741909385,
      0.23874607495963573,
      0.23124720808118582,
      0.2890160037204623,
      0.2560017709620297,
      0.2594776996411383,
      0.21808560797944665,
      0.22199764801189303,
      0.2673503253608942,
      0.26425597071647644,
      0.23106400901451707,
      0.26113071013242006,
      0.24263203097507358,
      0.26845182105898857,
      0.2567963460460305,
      0.23945491993799806,
      0.24635019293054938,
      0.25397099694237113,
      0.2861689981073141,
      0.26594345830380917,
      0.23767014173790812,
      0.22241039108484983,
      0.27108024898916483,
      0.28759933123365045,
      0.24173333076760173,
      0.22004936495795846,
      0.2554181148298085,
      0.2568746511824429,
      0.2517790370620787,
      0.26699544582515955,
      0.2463156534358859,
      0.23303304379805923,
      0.3001498468220234,
      0.2569525199942291,
      0.2482490441761911,
      0.2769101387821138,
      0.2815956608392298,
      0.26168558187782764,
      0.24734854977577925,
      0.23971933033317327,
      0.23563563311472535,
      0.2987437779083848,
      0.262029399164021,
      0.2507451269775629,
      0.28504770202562213,
      0.23528568679466844,
      0.24179652985185385,
      0.28851853078231215,
      0.22337447199970484,
      0.24643360916525126,
      0.33549538208171725,
      0.27811900479719043,
      0.2603607648052275,
      0.29654663102701306,
