{
  "implementation": "deepspeed_oneccl",
  "backend": "ccl",
  "operation": "allreduce",
  "num_ranks": 4,
  "tensor_shape": {
    "batch": 32,
    "seq_len": 1,
    "hidden_dim": 4096
  },
  "num_elements": 131072,
  "tensor_size_bytes": 262144,
  "tensor_size_mb": 0.25,
  "dtype": "bfloat16",
  "warmup_iterations": 10,
  "measurement_iterations": 100,
  "timing_method": "time.perf_counter()",
  "timings": [
    [
      0.00010948814451694489,
      0.00010603200644254684,
      0.00010991794988512993,
      9.12221148610115e-05,
      0.00010606972500681877,
      0.00010473513975739479,
      9.696278721094131e-05,
      0.00010952912271022797,
      9.079603478312492e-05,
      0.000108382198959589,
      0.00011507794260978699,
      9.87127423286438e-05,
      0.00010918686166405678,
      0.00010727997869253159,
      0.000104585662484169,
      0.00010956916958093643,
      9.664567187428474e-05,
      0.00010260427370667458,
      0.00011108396574854851,
      9.555276483297348e-05,
      0.00010797474533319473,
      9.918119758367538e-05,
      0.0001048562116920948,
      0.00010503828525543213,
      0.00010140519589185715,
      0.00010609626770019531,
      0.00010322919115424156,
      0.00010446179658174515,
      0.00010166410356760025,
      9.422004222869873e-05,
      0.00010932981967926025,
      9.910482913255692e-05,
      0.00010583829134702682,
      9.740283712744713e-05,
      0.00010389788076281548,
      9.453203529119492e-05,
      0.00010915519669651985,
      0.00011987192556262016,
      9.538000449538231e-05,
      0.00010455213487148285,
      0.0001026596873998642,
      0.00010456237941980362,
      9.854789823293686e-05,
      9.605009108781815e-05,
      0.00010112300515174866,
      9.533204138278961e-05,
      9.771902114152908e-05,
      0.00010314257815480232,
      0.00010544480755925179,
      0.00010134512558579445,
      0.00010048970580101013,
      0.0001109568402171135,
      0.00010523106902837753,
      0.00010556494817137718,
      0.00010584387928247452,
      0.00010359380394220352,
      0.00010294001549482346,
      0.00010113418102264404,
      0.00010507181286811829,
      0.00010372092947363853,
      9.825266897678375e-05,
      9.932601824402809e-05,
      9.954161942005157e-05,
      0.00011203810572624207,
      0.00010127341374754906,
      0.00010651489719748497,
      9.673228487372398e-05,
      0.00010011997073888779,
      0.00010400591418147087,
      0.00010386807844042778,
      0.00010999618098139763,
      0.0001047295518219471,
      0.00010345689952373505,
      0.00010711513459682465,
      0.00010657822713255882,
      0.00011027511209249496,
      9.982986375689507e-05,
      0.00010293722152709961,
      0.0001054760068655014,
      9.80990007519722e-05,
      0.00010923808440566063,
      0.00011021504178643227,
      0.00010580895468592644,
      0.00011353427544236183,
      0.00010448182001709938,
      0.00010729394853115082,
      0.00011296430602669716,
      0.00011546909809112549,
      0.00011359155178070068,
      0.00010184803977608681,
      0.00011690007522702217,
      0.00010060938075184822,
      0.00010667508468031883,
      0.00010974099859595299,
      0.00010034814476966858,
      9.74433496594429e-05,
      0.00010083802044391632,
      9.694229811429977e-05,
      0.00010852375999093056,
      9.701773524284363e-05
    ],
    [
      0.00010799802839756012,
      0.00010561663657426834,
      0.00010942341759800911,
      9.219581261277199e-05,
      0.00010635377839207649,
      0.00010421033948659897,
      9.696884080767632e-05,
      0.00010405294597148895,
      9.095389395952225e-05,
      0.00010901223868131638,
      0.00011328514665365219,
      9.80687327682972e-05,
      0.00011075614020228386,
      0.0001056198962032795,
      0.00010358821600675583,
      0.00010984903201460838,
      9.720586240291595e-05,
      0.00010172463953495026,
      0.00011264486238360405,
      9.529292583465576e-05,
      0.00010904204100370407,
      0.00010069692507386208,
      0.00010361382737755775,
      0.00010571302846074104,
      0.00010286178439855576,
      0.00010532792657613754,
      0.00010357797145843506,
      0.00010466482490301132,
      0.00010245898738503456,
      9.33399423956871e-05,
      0.0001086648553609848,
      9.891623631119728e-05,
      0.00010602409020066261,
      9.813625365495682e-05,
      0.00010412000119686127,
      9.423680603504181e-05,
      0.00011016195639967918,
      0.0001189778558909893,
      9.481189772486687e-05,
      0.00010572606697678566,
      0.00010229507461190224,
      0.00010540196672081947,
      9.915791451931e-05,
      9.497907012701035e-05,
      0.00010238494724035263,
      9.577721357345581e-05,
      9.80631448328495e-05,
      0.00010486692190170288,
      0.00010492699220776558,
      0.00010048504918813705,
      0.00010033976286649704,
      0.00011064903810620308,
      0.00010658940300345421,
      0.00010622991248965263,
      0.00010699685662984848,
      0.00010399706661701202,
      0.000103748869150877,
      0.00010114721953868866,
      0.00010461593046784401,
      0.0001040860079228878,
      9.824614971876144e-05,
      9.983917698264122e-05,
      0.00010007107630372047,
      0.00011174194514751434,
      0.00010067317634820938,
      0.00010673981159925461,
      9.653670713305473e-05,
      9.995698928833008e-05,
      0.00010319193825125694,
      0.00010461080819368362,
      0.00010989699512720108,
      0.00010505411773920059,
      0.00010308297351002693,
      0.00010685902088880539,
      0.00010751001536846161,
      0.00011123577132821083,
      9.957700967788696e-05,
      0.00010251719504594803,
      0.0001057824119925499,
      9.665405377745628e-05,
      0.00010933913290500641,
      0.00011001806706190109,
      0.00010559987276792526,
      0.00011589797213673592,
      0.00010339263826608658,
      0.00010762922465801239,
      0.00011310400441288948,
      0.00011513708159327507,
      0.00011390401050448418,
      0.00010138889774680138,
      0.00011705886572599411,
      0.00010230718180537224,
      0.00010691815987229347,
      0.00010904204100370407,
      0.0001009153202176094,
      9.706104174256325e-05,
      0.000101426150649786,
      9.7678042948246e-05,
      0.00010796869173645973,
      9.659584611654282e-05
    ],
    [
      0.0001084720715880394,
      0.00010646600276231766,
      0.000109091866761446,
      9.24309715628624e-05,
      0.00010345503687858582,
      0.0001039658673107624,
      9.6901785582304e-05,
      0.00010866206139326096,
      9.05180349946022e-05,
      0.00010819733142852783,
      0.00011455314233899117,
      9.679002687335014e-05,
      0.00010944902896881104,
      0.00010633980855345726,
      0.00010494189336895943,
      0.00010831933468580246,
      9.681330993771553e-05,
      0.00010197609663009644,
      0.00011137500405311584,
      9.521981701254845e-05,
      0.00010773306712508202,
      0.00010033184662461281,
      0.00010365992784500122,
      0.00010442826896905899,
      0.00010165572166442871,
      0.00010595284402370453,
      0.00010351790115237236,
      0.00010470999404788017,
      0.00010179029777646065,
      9.324122220277786e-05,
      0.00010998500511050224,
      9.816978126764297e-05,
      0.00010614795610308647,
      9.69436950981617e-05,
      0.00010401196777820587,
      9.403983131051064e-05,
      0.0001091398298740387,
      0.00011954735964536667,
      9.431596845388412e-05,
      0.00010486505925655365,
      0.00010216608643531799,
      0.00010244501754641533,
      9.886873885989189e-05,
      9.542703628540039e-05,
      0.00010165013372898102,
      9.537208825349808e-05,
      9.765941649675369e-05,
      0.00010436819866299629,
      0.0001038452610373497,
      0.00010092509910464287,
      0.00010017678141593933,
      0.00011073611676692963,
      0.00010577403008937836,
      0.00010565202683210373,
      0.00010561011731624603,
