{
  "implementation": "deepspeed_oneccl",
  "backend": "ccl",
  "operation": "allgather",
  "num_ranks": 4,
  "tensor_shape": {
    "batch": 32,
    "seq_len": 1,
    "hidden_dim": 4096
  },
  "num_elements": 131072,
  "tensor_size_bytes": 262144,
  "tensor_size_mb": 0.25,
  "dtype": "bfloat16",
  "warmup_iterations": 10,
  "measurement_iterations": 100,
  "timing_method": "time.perf_counter()",
  "timings": [
    [
      0.00020277174189686775,
      0.00014106882736086845,
      0.00016483385115861893,
      0.000144291203469038,
      0.00014158617705106735,
      0.00014519179239869118,
      0.00013725785538554192,
      0.00015134923160076141,
      0.00015797186642885208,
      0.00013673212379217148,
      0.00014750100672245026,
      0.00015805521979928017,
      0.0001276060938835144,
      0.0001417691819369793,
      0.00015419302508234978,
      0.00012457603588700294,
      0.00015196390450000763,
      0.00015281978994607925,
      0.00014116382226347923,
      0.00013249507173895836,
      0.00014473963528871536,
      0.0001520891673862934,
      0.00013917963951826096,
      0.00017298897728323936,
      0.00012259790673851967,
      0.00013642525300383568,
      0.00012472597882151604,
      0.00014607515186071396,
      0.0001395968720316887,
      0.00012586498633027077,
      0.00013527879491448402,
      0.00013140076771378517,
      0.00013544969260692596,
      0.00016192719340324402,
      0.00014027580618858337,
      0.00014063483104109764,
      0.00013265898451209068,
      0.0001293029636144638,
      0.00015302607789635658,
      0.00012945430353283882,
      0.00014188000932335854,
      0.0001399470493197441,
      0.00014757318422198296,
      0.00011909520253539085,
      0.00014702323824167252,
      0.0001582801342010498,
      0.00013007409870624542,
      0.00012514274567365646,
      0.00014086300507187843,
      0.00014064880087971687,
      0.00011892011389136314,
      0.00013879500329494476,
      0.00013554375618696213,
      0.000154061708599329,
      0.0001336350105702877,
      0.0001433822326362133,
      0.00015405192971229553,
      0.00015897396951913834,
      0.0001317700371146202,
      0.00011885818094015121,
      0.0001632259227335453,
      0.00013375421985983849,
      0.00012285029515624046,
      0.00013685831800103188,
      0.00015166308730840683,
      0.00015082675963640213,
      0.00013674702495336533,
      0.00015514064580202103,
      0.00012088008224964142,
      0.00014671823009848595,
      0.00012409919872879982,
      0.0001277569681406021,
      0.00014026090502738953,
      0.00015451479703187943,
      0.00014915456995368004,
      0.00014820927754044533,
      0.00016786903142929077,
      0.00013971468433737755,
      0.0001204819418489933,
      0.00014778180047869682,
      0.00014079594984650612,
      0.00012695416808128357,
      0.00013561919331550598,
      0.00016334513202309608,
      0.00016600778326392174,
      0.00015156017616391182,
      0.00016820384189486504,
      0.0001358422450721264,
      0.00014217710122466087,
      0.00013445690274238586,
      0.00012636790052056313,
      0.00014084158465266228,
      0.000125017948448658,
      0.00013644294813275337,
      0.00013683782890439034,
      0.0001390199176967144,
      0.00014133984223008156,
      0.00015369383618235588,
      0.00012658489868044853,
      0.0001601683907210827
    ],
    [
      0.00020414544269442558,
      0.00014084484428167343,
      0.00016312208026647568,
      0.00014473823830485344,
      0.00014254311099648476,
      0.00014539994299411774,
      0.0001369626261293888,
      0.00014986936002969742,
      0.00015711504966020584,
      0.0001370469108223915,
      0.00014801695942878723,
      0.00015717791393399239,
      0.00012874091044068336,
      0.00014304602518677711,
      0.00015605799853801727,
      0.00012187892571091652,
      0.00015340512618422508,
      0.00015176692977547646,
      0.00014140689745545387,
      0.00013322709128260612,
      0.00014462880790233612,
      0.0001519802026450634,
      0.00013909488916397095,
      0.00017197616398334503,
      0.00012141093611717224,
      0.00013629812747240067,
      0.00012380769476294518,
      0.00014618504792451859,
      0.00013767695054411888,
      0.0001250780187547207,
      0.00013699708506464958,
      0.00012952787801623344,
      0.00013561313971877098,
      0.00016020238399505615,
      0.0001411321572959423,
      0.00014100037515163422,
      0.00013227807357907295,
      0.00012968666851520538,
      0.00015362724661827087,
      0.00012826872989535332,
      0.00014294078573584557,
      0.00013941293582320213,
      0.00014649191871285439,
      0.00011855410411953926,
      0.00014683324843645096,
      0.00015761656686663628,
      0.00013080378994345665,
      0.00012472504749894142,
      0.0001405780203640461,
      0.00013990094885230064,
      0.00011586211621761322,
      0.0001398497261106968,
      0.0001371493563055992,
      0.00015382468700408936,
      0.00013309018686413765,
      0.00014224927872419357,
      0.00015386473387479782,
      0.0001593809574842453,
      0.0001296759583055973,
      0.00011922698467969894,
      0.00016139540821313858,
      0.0001331767998635769,
      0.00012231478467583656,
      0.00013699661940336227,
      0.00014991918578743935,
      0.0001518712379038334,
      0.00013587623834609985,
      0.00015504611656069756,
      0.00012048007920384407,
      0.00014613289386034012,
      0.0001245606690645218,
      0.00012697698548436165,
      0.00014188699424266815,
      0.00015411200001835823,
      0.0001484910026192665,
      0.00014708703383803368,
      0.00016826996579766273,
      0.0001374678686261177,
      0.00012007914483547211,
      0.00014854688197374344,
      0.00014120666310191154,
      0.00012751668691635132,
      0.00013447506353259087,
      0.000162618700414896,
      0.00016680406406521797,
      0.00015107076615095139,
      0.00016626901924610138,
      0.0001349886879324913,
      0.00013957684859633446,
      0.00013416120782494545,
      0.00012481678277254105,
      0.00014118803665041924,
      0.0001248200424015522,
      0.00013666227459907532,
      0.00013707997277379036,
      0.00013852491974830627,
      0.0001409808173775673,
      0.00015299394726753235,
      0.00012550782412290573,
      0.00015855394303798676
    ],
    [
      0.00020239036530256271,
      0.00014105765148997307,
      0.0001642783172428608,
      0.00014497898519039154,
      0.0001432318240404129,
      0.00014636293053627014,
      0.00013700313866138458,
      0.0001509757712483406,
      0.00015780190005898476,
      0.00013626180589199066,
      0.00014871219173073769,
      0.0001582140102982521,
      0.0001283879391849041,
      0.00014206767082214355,
      0.00015491759404540062,
      0.0001249159686267376,
      0.0001521371304988861,
      0.00015366775915026665,
      0.00014050398021936417,
      0.00013236096128821373,
      0.00014453334733843803,
      0.0001513119786977768,
      0.00013850396499037743,
      0.00017304392531514168,
      0.0001228530891239643,
      0.00013546878471970558,
      0.00012488802894949913,
      0.00014623068273067474,
      0.0001390506513416767,
      0.0001248978078365326,
      0.00013592606410384178,
      0.000131228007376194,
      0.0001351442188024521,
      0.00016171112656593323,
      0.00014086300507187843,
      0.0001401687040925026,
      0.0001317639835178852,
      0.0001286286860704422,
      0.0001531168818473816,
      0.0001287907361984253,
      0.00014223763719201088,
      0.00014022085815668106,
      0.00014718389138579369,
      0.00011916784569621086,
      0.0001468290574848652,
      0.00015835696831345558,
      0.00012895185500383377,
      0.0001253490336239338,
      0.0001401272602379322,
      0.00014120806008577347,
      0.00011793617159128189,
      0.00013997405767440796,
      0.00013482710346579552,
      0.00015386100858449936,
