{
  "implementation": "deepspeed_oneccl",
  "backend": "ccl",
  "operation": "allreduce",
  "num_ranks": 4,
  "tensor_shape": {
    "batch": 1,
    "seq_len": 2048,
    "hidden_dim": 4096
  },
  "num_elements": 8388608,
  "tensor_size_bytes": 16777216,
  "tensor_size_mb": 16.0,
  "dtype": "bfloat16",
  "warmup_iterations": 10,
  "measurement_iterations": 100,
  "timing_method": "time.perf_counter()",
  "timings": [
    [
      0.005067155696451664,
      0.0061545600183308125,
      0.006113869138062,
      0.006280743051320314,
      0.005860439036041498,
      0.006196039263159037,
      0.006389713380485773,
      0.006065736059099436,
      0.0062777018174529076,
      0.006057527847588062,
      0.00592051399871707,
      0.0062208399176597595,
      0.006121701095253229,
      0.006015568971633911,
      0.00608725706115365,
      0.00617852620780468,
      0.006134796421974897,
      0.006021140143275261,
      0.0061179269105196,
      0.006029984913766384,
      0.006115520838648081,
      0.006189285311847925,
      0.006020030006766319,
      0.006118990946561098,
      0.0061058723367750645,
      0.0060569210909307,
      0.005981384310871363,
      0.0061370269395411015,
      0.005849640816450119,
      0.006119496189057827,
      0.00606599822640419,
      0.005997539032250643,
      0.006021947134286165,
      0.006146703846752644,
      0.005830711685121059,
      0.0061075701378285885,
      0.006204140838235617,
      0.005693071987479925,
      0.006147956941276789,
      0.006093531847000122,
      0.005982853006571531,
      0.0060896133072674274,
      0.006155016366392374,
      0.005985473748296499,
      0.0060647837817668915,
      0.00626184931024909,
      0.005843138787895441,
      0.00611951993778348,
      0.006082483101636171,
      0.006017322186380625,
      0.006267548073083162,
      0.0059936982579529285,
      0.005889906082302332,
      0.0062324427999556065,
      0.006019209045916796,
      0.006053554825484753,
      0.006015092134475708,
      0.006171936634927988,
      0.005873683374375105,
      0.0061838673427701,
      0.006350947078317404,
      0.0060338289476931095,
      0.006026833783835173,
      0.006202487740665674,
      0.006103347986936569,
      0.005917729809880257,
      0.006197198759764433,
      0.006059944164007902,
      0.006070849020034075,
      0.006255622021853924,
      0.005847540218383074,
      0.006189530715346336,
      0.006075950339436531,
      0.006051088683307171,
      0.006053136195987463,
      0.006137138698250055,
      0.005868074018508196,
      0.006123242899775505,
      0.006244997028261423,
      0.005754347890615463,
      0.006139406934380531,
      0.0061491262167692184,
      0.006013285834342241,
      0.006198983173817396,
      0.006297148764133453,
      0.0061779082752764225,
      0.00621368084102869,
      0.006231894250959158,
      0.006159371230751276,
      0.006225044373422861,
      0.006424394901841879,
      0.00618057232350111,
      0.00616309093311429,
      0.0060415188781917095,
      0.006064475979655981,
      0.005942741874605417,
      0.006297993939369917,
      0.005841524340212345,
      0.006254720035940409,
      0.006197925191372633
    ],
    [
      0.005054356995970011,
      0.006079502869397402,
      0.006109732203185558,
      0.0062608239240944386,
      0.0058602020144462585,
      0.006183043122291565,
      0.006390409078449011,
      0.005982272792607546,
      0.006262633949518204,
      0.00605760095641017,
      0.005883329082280397,
      0.006214483641088009,
      0.00612415699288249,
      0.005944911856204271,
      0.0060912566259503365,
      0.006179634016007185,
      0.006082314066588879,
      0.006021689623594284,
      0.006110086105763912,
      0.005952848121523857,
      0.006108046974986792,
      0.00617840513586998,
      0.005993627943098545,
      0.006104392930865288,
      0.006093054078519344,
      0.005978633649647236,
      0.0059875790029764175,
      0.006128096021711826,
      0.005856082774698734,
      0.006103837862610817,
      0.006069470196962357,
      0.0059247128665447235,
      0.006028319243341684,
      0.00613753916695714,
      0.005835223011672497,
      0.006087704095989466,
      0.006191844120621681,
      0.0056931329891085625,
      0.006130205933004618,
      0.0060928091406822205,
      0.005950166843831539,
      0.006068755406886339,
      0.0061455885879695415,
      0.0059211072511971,
      0.0060558258555829525,
      0.006246746983379126,
      0.005847570952028036,
      0.006110053975135088,
      0.006084604188799858,
      0.005940143018960953,
      0.006239855196326971,
      0.00599363399669528,
      0.005850161891430616,
      0.006208524107933044,
      0.006021466106176376,
      0.005984931252896786,
      0.006021703127771616,
      0.0061636921018362045,
      0.0058772871270775795,
      0.006165969651192427,
      0.006352148950099945,
      0.005957714281976223,
      0.006032348144799471,
      0.0061745052225887775,
      0.006071477197110653,
      0.005920428317040205,
      0.006186016835272312,
      0.005996316205710173,
      0.006050617899745703,
      0.006248377729207277,
      0.005853393580764532,
      0.006164704915136099,
      0.006078485865145922,
      0.005983653012663126,
      0.006059165112674236,
      0.006131169851869345,
      0.005873021669685841,
      0.006094140931963921,
      0.00622749887406826,
      0.005703201051801443,
      0.006126711145043373,
      0.00613228976726532,
      0.005983870010823011,
      0.006167380139231682,
      0.006301986984908581,
      0.006109314039349556,
      0.006206464022397995,
      0.006223327945917845,
      0.006134533789008856,
      0.0061979638412594795,
      0.006412769667804241,
      0.006119296886026859,
      0.006167349871248007,
      0.006033496931195259,
      0.006063875742256641,
      0.0059461770579218864,
      0.006278441287577152,
      0.005846529733389616,
      0.006244087126106024,
      0.006200497969985008
    ],
    [
      0.00504794716835022,
      0.006078100297600031,
      0.00607468793168664,
      0.006267320830374956,
      0.005856978241354227,
      0.006185521837323904,
      0.0063549550250172615,
      0.005992306862026453,
      0.006259595043957233,
      0.006042569875717163,
      0.0058769769966602325,
      0.006212342064827681,
      0.006108106579631567,
      0.005932871717959642,
      0.006058000959455967,
      0.006173856556415558,
      0.0061141448095440865,
      0.006012266967445612,
      0.0061060707084834576,
      0.005946157965809107,
      0.006096856202930212,
      0.006180129945278168,
      0.005966418422758579,
      0.006109834183007479,
      0.006077455822378397,
      0.005978918168693781,
      0.005964918993413448,
      0.0061060176230967045,
      0.005845064762979746,
      0.006104081869125366,
      0.00606723316013813,
      0.005910377949476242,
      0.00601255614310503,
      0.006113925017416477,
      0.005829218775033951,
      0.006099235732108355,
      0.006190621759742498,
      0.005690339021384716,
      0.006115471012890339,
      0.006064274813979864,
      0.005937124136835337,
      0.006054080091416836,
      0.0061382330022752285,
      0.0059008109383285046,
      0.006032447796314955,
      0.006258138921111822,
      0.005838083103299141,
      0.006110125221312046,
      0.006074183154851198,
      0.005932183936238289,
      0.006250872742384672,
      0.005991301033645868,
      0.005840124096721411,
      0.00623351102694869,
      0.006010246928781271,
      0.0059791142120957375,
      0.005987438838928938,
      0.006152892019599676,
      0.005864458158612251,
      0.0061715650372207165,
      0.006337731145322323,
      0.005933837965130806,
      0.006007933057844639,
      0.006165661849081516,
      0.00605927687138319,
      0.005910938140004873,
      0.006184824742376804,
      0.0059785982593894005,
      0.0060282819904387,
