{
  "implementation": "deepspeed_oneccl",
  "backend": "ccl",
  "operation": "broadcast",
  "num_ranks": 4,
  "tensor_shape": {
    "batch": 32,
    "seq_len": 8192,
    "hidden_dim": 4096
  },
  "num_elements": 1073741824,
  "tensor_size_bytes": 2147483648,
  "tensor_size_mb": 2048.0,
  "dtype": "bfloat16",
  "warmup_iterations": 10,
  "measurement_iterations": 100,
  "timing_method": "time.perf_counter()",
  "timings": [
    [
      1.103215707000345,
      0.9032668629661202,
      0.9628716511651874,
      0.872036961838603,
      0.8103930531069636,
      0.9868794656358659,
      0.8441540249623358,
      0.8608534829691052,
      1.0496019702404737,
      0.8517241887748241,
      0.8197580161504447,
      0.959753735922277,
      0.9729851977899671,
      0.8417479898780584,
      1.020078503061086,
      0.8801285047084093,
      0.9640079601667821,
      0.782726960722357,
      0.9082973366603255,
      0.9384718942455947,
      0.8697074661031365,
      0.8564988500438631,
      0.9773892010562122,
      0.8362588151358068,
      0.7694440870545805,
      0.6076533859595656,
      0.9077302431687713,
      0.9518902781419456,
      1.020617756061256,
      0.9668355719186366,
      0.9442772418260574,
      0.9446821669116616,
      0.9162286529317498,
      1.0024243388324976,
      0.9120649667456746,
      1.0077381189912558,
      0.9226136137731373,
      0.8930584210902452,
      0.9804860800504684,
      0.8419852307997644,
      0.9310333486646414,
      1.040685418061912,
      1.005250466056168,
      1.0810574162751436,
      0.9457825203426182,
      0.733750366140157,
      0.6315360111184418,
      0.5173666039481759,
      0.8267889842391014,
      1.0997567288577557,
      0.8075024909339845,
      0.9480269649066031,
      0.955609317868948,
      1.0648751868866384,
      0.870753871742636,
      0.9171360968612134,
      0.9095228002406657,
      0.9781281040050089,
      0.8366658720187843,
      0.9109630021266639,
      0.9206316680647433,
      0.8498195228166878,
      0.8872783691622317,
      1.0129379518330097,
      0.8854708927683532,
      1.2169417859986424,
      0.838124088011682,
      0.8626389289274812,
      0.9473962257616222,
      1.1215957701206207,
      0.9491866929456592,
      0.9405297529883683,
      1.048648471944034,
      0.9760862370021641,
      0.9831172497943044,
      0.9740323307923973,
      1.0112163247540593,
      0.9593427586369216,
      1.0278481929562986,
      1.1229322548024356,
      0.9506390108726919,
      0.9565760190598667,
      0.9834182159975171,
      1.0652132267132401,
      0.9997298480011523,
      1.0033788508735597,
      0.6623725057579577,
      0.6240507559850812,
      0.654608576092869,
      1.0992994490079582,
      0.9878125838004053,
      0.9931414220482111,
      0.5537173342891037,
      1.107033566571772,
      1.0979742067866027,
      0.9993997667916119,
      1.0344785079360008,
      0.9689595913514495,
      0.9532399573363364,
      0.9447082397527993
    ],
    [
      0.9004544182680547,
      0.87936707213521,
      0.940286812838167,
      0.8720414321869612,
      0.8103986289352179,
      0.9868762139230967,
      0.8354158909060061,
      0.8043013592250645,
      1.0469900271855295,
      0.8171389582566917,
      0.8037649309262633,
      0.9415945438668132,
      0.9806557199917734,
      0.8412408819422126,
      0.979415028821677,
      0.872990280855447,
      0.9503837521187961,
      0.762237851973623,
      0.9083001902326941,
      0.8695579180493951,
      0.8621165128424764,
      0.842680596280843,
      0.9426524098962545,
      0.833570059388876,
      0.76711101597175,
      0.607654188759625,
      0.8958395258523524,
      0.8934762589633465,
      1.01731956936419,
      0.9620203119702637,
      0.9442836521193385,
      0.8125494108535349,
      0.9087926470674574,
      1.0009469501674175,
      0.9194362289272249,
      0.8579836110584438,
      0.8937391149811447,
      0.8221826069056988,
      0.8992685093544424,
      0.7982277432456613,
      0.8827053038403392,
      0.8966115550138056,
      0.9969896641559899,
      1.074632186908275,
      0.9433725019916892,
      0.7205546409823,
      0.6315325312316418,
      0.5173650290817022,
      0.822347984649241,
      1.0997578939422965,
      0.8103358699008822,
      0.9476156458258629,
      0.8446311880834401,
      1.0560746933333576,
      0.8461866886354983,
      0.9159819739870727,
      0.9095174968242645,
      0.9520175731740892,
      0.8294904539361596,
      0.8829053840599954,
      0.9153443700633943,
      0.8498248578980565,
      0.8519739187322557,
      1.012941992841661,
      0.85320547176525,
      1.1957720969803631,
      0.8142564119771123,
      0.8573980843648314,
      0.8399463170208037,
      1.1208376516588032,
      0.9415807779878378,
      0.9075434538535774,
      1.0486563388258219,
      0.8632416492328048,
      0.9227193631231785,
      0.9624162772670388,
      0.996410733088851,
      0.9641274129971862,
      1.027238150127232,
      1.1210140031762421,
      0.9395723990164697,
      0.9267318709753454,
      0.9834220432676375,
      1.0596907469443977,
      0.9886525329202414,
      0.9990882319398224,
      0.6572804497554898,
      0.6240493110381067,
      0.6546046580187976,
      1.099297326989472,
      0.9252213919535279,
      0.9867539000697434,
      0.5537117039784789,
      1.097581627778709,
      1.097980733960867,
      0.999405425041914,
      1.0251586339436471,
      0.9457115172408521,
      0.9471744238398969,
      0.9144067913293839
    ],
    [
      1.1032186592929065,
      0.8059967937879264,
      0.9511821158230305,
      0.869266671128571,
      0.8103862009011209,
      0.9515284057706594,
      0.8441529059782624,
      0.8608540049754083,
      1.0496066152118146,
      0.8407866386696696,
      0.8181537766940892,
      0.9158701999112964,
      0.9338405588641763,
      0.8137492188252509,
      1.0200794520787895,
      0.8790587079711258,
      0.9640122461132705,
      0.7782040797173977,
      0.8942901440896094,
      0.920637265779078,
      0.8624911918304861,
      0.856493117287755,
      0.9720390839502215,
      0.8331780177541077,
      0.7694440730847418,
      0.6076494250446558,
      0.8721773331053555,
      0.9476847592741251,
      0.8713477388955653,
      0.9668373889289796,
      0.9270231570117176,
      0.9396242089569569,
      0.9162359130568802,
      0.9761215122416615,
      0.8808474871329963,
      1.0077386582270265,
      0.9115731730125844,
      0.8863549116067588,
      0.9804863561876118,
      0.8330349819734693,
      0.9310368979349732,
      1.0406815041787922,
      1.005250590853393,
      1.0746259321458638,
      0.9337217612192035,
      0.7337524313479662,
      0.45224174531176686,
      0.43137122597545385,
      0.8051808490417898,
      0.9292330741882324,
      0.7811727123335004,
      0.9409961509518325,
      0.9553111935965717,
      1.064878408331424,
      0.8600911451503634,
      0.9149284828454256,
      0.8179796668700874,
      0.9700762201100588,
      0.8343223030678928,
      0.9013194707222283,
      0.9153340710327029,
      0.8081865450367332,
      0.8845941750332713,
      0.9406966869719326,
      0.8781537162140012,
      1.2157936841249466,
      0.8381259739398956,
      0.8619177849031985,
      0.9418692351318896,
      1.1215443289838731,
      0.9479150832630694,
      0.9373840768821537,
      0.8850855636410415,
      0.9727579997852445,
      0.9831226291134953,
      0.9624160891398787,
      0.9724096790887415,
      0.9293498690240085,
      0.9912803368642926,
      1.1229328489862382,
      0.9485923009924591,
      0.9416681048460305,
      0.9804337550885975,
      1.0500000389292836,
      0.9880425618030131,
      0.9997012089006603,
      0.5931353182531893,
      0.624049118719995,
      0.6546088089235127,
      1.0932226097211242,
      0.9818378109484911,
