{
  "implementation": "deepspeed_oneccl",
  "backend": "ccl",
  "operation": "reduce",
  "num_ranks": 4,
  "tensor_shape": {
    "batch": 32,
    "seq_len": 8192,
    "hidden_dim": 2048
  },
  "num_elements": 536870912,
  "tensor_size_bytes": 1073741824,
  "tensor_size_mb": 1024.0,
  "dtype": "bfloat16",
  "warmup_iterations": 10,
  "measurement_iterations": 100,
  "timing_method": "time.perf_counter()",
  "timings": [
    [
      1.3584322482347488,
      1.4891178281977773,
      1.0421220771968365,
      1.2757447119802237,
      1.2616332829929888,
      1.3656208482570946,
      1.6681278450414538,
      1.0497642699629068,
      1.2227014508098364,
      1.2832076232880354,
      1.3076555337756872,
      1.5719624501653016,
      1.1045710947364569,
      1.2716487478464842,
      1.2971032550558448,
      1.2029786659404635,
      1.5086383670568466,
      1.0957966628484428,
      1.1785452980548143,
      1.2636405867524445,
      1.3466077442280948,
      1.3248657286167145,
      1.556295513175428,
      1.3233140064403415,
      1.3746785577386618,
      1.350200769957155,
      1.7001253790222108,
      1.7122434941120446,
      0.9989232709631324,
      0.8626312497071922,
      1.2144009242765605,
      1.3154456387273967,
      1.3713035020045936,
      1.306009293999523,
      1.3178944466635585,
      1.2689710068516433,
      1.501716447994113,
      1.1156972963362932,
      1.3327530049718916,
      1.220290478784591,
      1.3283686270006,
      1.4800155647099018,
      1.1444418309256434,
      1.2549515506252646,
      1.1949639399535954,
      0.8672145768068731,
      0.883674010168761,
      1.1038312278687954,
      0.8784910161048174,
      1.287043764255941,
      1.282081660348922,
      1.1189121347852051,
      1.6863533640280366,
      1.0761505751870573,
      1.3343395390547812,
      1.291031425818801,
      1.300563847180456,
      1.714370316825807,
      1.2697190656326711,
      1.2017407692037523,
      1.2330318568274379,
      1.372168233152479,
      1.5470051150768995,
      1.2938518542796373,
      1.1915803239680827,
      1.357432738877833,
      1.4737962731160223,
      1.1913242959417403,
      1.3646030249074101,
      1.2588501987047493,
      1.257263642270118,
      1.4721330660395324,
      1.155113989021629,
      1.2643010690808296,
      1.3082028571516275,
      1.247636390849948,
      1.6762895369902253,
      1.1100147203542292,
      1.1674469551071525,
      0.8689292650669813,
      0.8610734804533422,
      0.8617277732118964,
      1.2224507462233305,
      1.1024002050980926,
      1.2782538551837206,
      1.155381569173187,
      1.276319322641939,
      1.7248829151503742,
      1.168341230135411,
      1.296398906968534,
      1.3921955609694123,
      1.269564290996641,
      1.4439092366956174,
      1.2083662957884371,
      1.2932154177688062,
      1.2120809867046773,
      1.3374305930919945,
      1.3696104232221842,
      1.3696902650408447,
      1.2761306809261441
    ],
    [
      0.385009977966547,
      0.38466778909787536,
      0.3269243109971285,
      0.5673310928978026,
      0.3128944463096559,
      0.39136313693597913,
      0.5832860027439892,
      0.39698172081261873,
      0.3553406302817166,
      0.32085401099175215,
      0.4864520817063749,
      0.5164182791486382,
      0.3820248218253255,
      0.5501849413849413,
      0.48921898286789656,
      0.28868542378768325,
      0.42592285107821226,
      0.5209271544590592,
      0.29489422123879194,
      0.3634162312373519,
      0.5179564892314374,
      0.49044108390808105,
      0.687704592011869,
      0.47390649002045393,
      0.6004563090391457,
      0.37197750294581056,
      0.28475450072437525,
      0.6149985771626234,
      0.4057507780380547,
      0.2799436831846833,
      0.3717136927880347,
      0.4162952587939799,
      0.5902082719840109,
      0.4217202737927437,
      0.43750967690721154,
      0.4172013341449201,
      0.42277805879712105,
      0.4881282211281359,
      0.4420741619542241,
      0.3799180267378688,
      0.4530259403400123,
      0.4041416603140533,
      0.4747485388070345,
      0.4146060310304165,
      0.42474502185359597,
      0.28305486030876637,
      0.30483036395162344,
      0.3551544211804867,
      0.29230967396870255,
      0.4421626469120383,
      0.4645836311392486,
      0.3955363049171865,
      0.4218828580342233,
      0.3792697009630501,
      0.44467018311843276,
      0.41512304125353694,
      0.45147497905418277,
      0.48536427272483706,
      0.42514498997479677,
      0.3937350930646062,
      0.41866681491956115,
      0.45738359494134784,
      0.5747073721140623,
      0.3776139388792217,
      0.4422838748432696,
      0.4653845182619989,
      0.4479786716401577,
      0.5366377728059888,
      0.44927700981497765,
      0.4193211942911148,
      0.4178841686807573,
      0.4513210221193731,
      0.45687247766181827,
      0.41562483087182045,
      0.4237953331321478,
      0.3679282865487039,
      0.5045325313694775,
      0.3536707041785121,
      0.4438430150039494,
      0.283271640073508,
      0.3051467281766236,
      0.2796800909563899,
      0.3925758977420628,
      0.3832060028798878,
      0.38198139797896147,
      0.41955965012311935,
      0.44289508974179626,
      0.5100307008251548,
      0.4055484072305262,
      0.3883031811565161,
      0.49101846804842353,
      0.35110478894785047,
      0.5972749330103397,
      0.3219775790348649,
      0.44085037522017956,
      0.4062300128862262,
      0.42605514731258154,
      0.5373307229019701,
      0.5353277423419058,
      0.4397100708447397
    ],
    [
      1.0859689484350383,
      1.3060056348331273,
      0.6927372813224792,
      1.0029166010208428,
      1.0909031783230603,
      1.1545141353271902,
      1.4447520901449025,
      0.7851116941310465,
      1.039988380856812,
      1.0665721893310547,
      1.0096683148294687,
      1.246778229251504,
      0.769286816008389,
      0.9371521011926234,
      1.0376691799610853,
      1.0326368804089725,
      1.1982907308265567,
      0.9016607357189059,
      0.9855275736190379,
      1.0195210450328887,
      1.0056924219243228,
      0.9251699070446193,
      1.316068107727915,
      0.8944208831526339,
      1.019306861795485,
      1.05290952231735,
      1.2594870980829,
      1.345007163938135,
      0.8095630859024823,
      0.6734762950800359,
      0.9433780200779438,
      0.9553414359688759,
      1.143362820148468,
      1.0317899701185524,
      1.0070874290540814,
      0.9880386078730226,
      1.0730207869783044,
      0.9021293111145496,
      1.0369968190789223,
      0.9781701206229627,
      1.0502590690739453,
      1.0928596719168127,
      0.9431859441101551,
      0.95282450504601,
      0.9956442900002003,
      0.6781268417835236,
      0.706081320066005,
      0.879543328192085,
      0.6879272912628949,
      0.9689903650432825,
      1.0144154131412506,
      0.9162467001006007,
      1.225610600784421,
      0.888530258089304,
      1.0173727520741522,
      0.962875799741596,
      0.9986039781942964,
      1.2831885158084333,
      0.944582664873451,
      0.9602089379914105,
      0.9796381029300392,
      1.0332276499830186,
      1.269300146959722,
      0.9425308513455093,
      0.9988130498677492,
      1.0120347207412124,
      1.0186110991053283,
      0.9659607992507517,
      1.018459354992956,
      0.9790441850200295,
      1.052803919184953,
      1.0940132848918438,
      0.9712672950699925,
      0.9736462868750095,
      1.028139921836555,
      1.0387862781062722,
      1.3490262520499527,
      0.8604698260314763,
      0.9778761728666723,
      0.67968870094046,
      0.6908930339850485,
      0.6738239987753332,
      0.9344417280517519,
      0.8802253613248467,
      1.0410947618074715,
      0.9645691197365522,
      1.009273522067815,
      1.3299479000270367,
      0.9253499638289213,
      1.0137015776708722,
      1.0527464291080832,
