{
  "implementation": "deepspeed_oneccl",
  "backend": "ccl",
  "operation": "allreduce",
  "num_ranks": 4,
  "tensor_shape": {
    "batch": 32,
    "seq_len": 4096,
    "hidden_dim": 2048
  },
  "num_elements": 268435456,
  "tensor_size_bytes": 536870912,
  "tensor_size_mb": 512.0,
  "dtype": "bfloat16",
  "warmup_iterations": 10,
  "measurement_iterations": 100,
  "timing_method": "time.perf_counter()",
  "timings": [
    [
      0.23512328788638115,
      0.23451747884973884,
      0.23664402030408382,
      0.23641529073938727,
      0.23702653823420405,
      0.23679016064852476,
      0.23656606022268534,
      0.23603126499801874,
      0.23205491993576288,
      0.23556922329589725,
      0.23533543711528182,
      0.23365319427102804,
      0.23477194225415587,
      0.2360513019375503,
      0.23635778995230794,
      0.23663240997120738,
      0.236652378924191,
      0.23682015389204025,
      0.23708437336608768,
      0.2364005809649825,
      0.2355961068533361,
      0.23549576988443732,
      0.23539790092036128,
      0.2347813551314175,
      0.23450154112651944,
      0.23396159335970879,
      0.23401651298627257,
      0.23325907997787,
      0.23277799226343632,
      0.2325992970727384,
      0.2326032156124711,
      0.2323643579147756,
      0.23222956294193864,
      0.23271722998470068,
      0.23274697829037905,
      0.233149582054466,
      0.23349529830738902,
      0.233991171233356,
      0.23423043405637145,
      0.23466413700953126,
      0.23492729291319847,
      0.2355916458182037,
      0.23581576673313975,
      0.23682474438101053,
      0.23632624233141541,
      0.2366693476215005,
      0.23655332811176777,
      0.2352681951597333,
      0.2353754141367972,
      0.23589158710092306,
      0.23599672969430685,
      0.23637337097898126,
      0.23628618195652962,
      0.23671921389177442,
      0.22408599918708205,
      0.2369371447712183,
      0.23672258527949452,
      0.23604914965108037,
      0.23571684071794152,
      0.23525749193504453,
      0.23474286496639252,
      0.23518954077735543,
      0.23411114187911153,
      0.2265668879263103,
      0.23348521208390594,
      0.23293534386903048,
      0.2327663660980761,
      0.2330318372696638,
      0.23259611893445253,
      0.23227477306500077,
      0.2324952189810574,
      0.23273572977632284,
      0.22963289264589548,
      0.2348869158886373,
      0.23284688405692577,
      0.23113408032804728,
      0.23079287307336926,
      0.2329033650457859,
      0.23240025993436575,
      0.2321783876977861,
      0.23250107700005174,
      0.23200428299605846,
      0.2326013632118702,
      0.23244178388267756,
      0.23273920081555843,
      0.233704277779907,
      0.2335196239873767,
      0.23389118583872914,
      0.23401898611336946,
      0.23416134295985103,
      0.22761213965713978,
      0.22722433507442474,
      0.22775779711082578,
      0.22703123977407813,
      0.22740477183833718,
      0.2262702528387308,
      0.22584669990465045,
      0.22632294986397028,
      0.22600794676691294,
      0.22605630289763212
    ],
    [
      0.23471050104126334,
      0.23449700279161334,
      0.23646373394876719,
      0.23590306099504232,
      0.23683797800913453,
      0.23679050197824836,
      0.23642848804593086,
      0.23542463779449463,
      0.23199406638741493,
      0.23556697461754084,
      0.23511372413486242,
      0.23292646603658795,
      0.23461858974769711,
      0.23605147283524275,
      0.23619154980406165,
      0.2360691330395639,
      0.23651359975337982,
      0.23682697908952832,
      0.23679517908021808,
      0.23592285485938191,
      0.23544043581932783,
      0.23549252562224865,
      0.2351601137779653,
      0.23418579529970884,
      0.23438824526965618,
      0.23395673790946603,
      0.23380998522043228,
      0.23275318183004856,
      0.2326256982050836,
      0.23259551916271448,
      0.23247063672170043,
      0.2318137208931148,
      0.23207962606102228,
      0.2327145580202341,
      0.23188344622030854,
      0.23257346265017986,
      0.233401071280241,
      0.23398453276604414,
      0.23407622473314404,
      0.23410718562081456,
      0.2347727920860052,
      0.23559491708874702,
      0.2356577180325985,
      0.23626278107985854,
      0.23614357085898519,
      0.2355512143112719,
      0.2363813789561391,
      0.2346604228951037,
      0.23522298503667116,
      0.23588701616972685,
      0.23581127217039466,
      0.23579520266503096,
      0.2361041558906436,
      0.23671489814296365,
      0.22387400781735778,
      0.23639033595100045,
      0.23660697182640433,
      0.23604648280888796,
      0.23555947514250875,
      0.2347295107319951,
      0.23460566205903888,
      0.2351850220002234,
      0.23392922431230545,
      0.2257157890126109,
      0.2333288029767573,
      0.2329309838823974,
      0.23258972773328424,
      0.23252846067771316,
      0.23159181512892246,
      0.2322740820236504,
      0.23231275798752904,
      0.23219235194846988,
      0.2295410642400384,
      0.23489371314644814,
      0.23262997530400753,
      0.2305421056225896,
      0.23063809471204877,
      0.23290172405540943,
      0.23227559216320515,
      0.23160678893327713,
      0.23236712766811252,
      0.23200188297778368,
      0.2324301227927208,
      0.23186634900048375,
      0.23263082606717944,
      0.23370250221341848,
      0.23339246585965157,
      0.23331461427733302,
      0.233892978169024,
      0.23415737319737673,
      0.22735551185905933,
      0.22656355798244476,
      0.2276011649519205,
      0.22702822368592024,
      0.2272274997085333,
      0.22552968002855778,
      0.22569943871349096,
      0.2263203440234065,
      0.22579954797402024,
      0.22537592193111777
    ],
    [
      0.23462765011936426,
      0.23410880798473954,
      0.23611063789576292,
      0.2355969469062984,
      0.2365922536700964,
      0.23602740466594696,
      0.23596567381173372,
      0.23531569726765156,
      0.23164686001837254,
      0.23482893407344818,
      0.2347399489954114,
      0.23292864300310612,
      0.2342881099320948,
      0.2354267230257392,
      0.23579285107553005,
      0.23606581194326282,
      0.23616017820313573,
      0.23626718064770103,
      0.2364699738100171,
      0.23584986105561256,
      0.2350662793032825,
      0.23487237095832825,
      0.234849669970572,
      0.23418452870100737,
      0.23399830609560013,
      0.23342873621731997,
      0.23346340423449874,
      0.232698290143162,
      0.23230669321492314,
      0.23194727208465338,
      0.23211224097758532,
      0.23180336598306894,
      0.2317729969508946,
      0.23203235119581223,
      0.23226046888157725,
      0.23256167070940137,
      0.23287799209356308,
      0.23326579900458455,
      0.23357745679095387,
      0.23409975925460458,
      0.234343065880239,
      0.23492960771545768,
      0.235098407138139,
      0.2361411089077592,
      0.23545262403786182,
      0.23631744692102075,
      0.23595742881298065,
      0.23470081621780992,
      0.2348270327784121,
      0.23527352372184396,
      0.23536536004394293,
      0.2357796779833734,
      0.23574602464213967,
      0.2360634757205844,
      0.22384617663919926,
      0.23632993595674634,
      0.23630165727809072,
      0.23543778900057077,
      0.23521702410653234,
      0.23470001621171832,
      0.23431142698973417,
      0.23469333909451962,
      0.23365293582901359,
      0.22572281025350094,
      0.23311735410243273,
      0.23234130023047328,
      0.23238235712051392,
      0.23239981709048152,
      0.23214431526139379,
      0.23147176997736096,
      0.23202848061919212,
      0.23209182685241103,
      0.22938036592677236,
      0.2339743645861745,
      0.232301555108279,
      0.23054811963811517,
      0.23029148299247026,
      0.2322354782372713,
      0.23191102175042033,
      0.2315598288550973,
      0.23207389703020453,
      0.23122563585639,
