{
  "implementation": "deepspeed_oneccl",
  "backend": "ccl",
  "operation": "reduce",
  "num_ranks": 4,
  "tensor_shape": {
    "batch": 8,
    "seq_len": 8192,
    "hidden_dim": 2048
  },
  "num_elements": 134217728,
  "tensor_size_bytes": 268435456,
  "tensor_size_mb": 256.0,
  "dtype": "bfloat16",
  "warmup_iterations": 10,
  "measurement_iterations": 100,
  "timing_method": "time.perf_counter()",
  "timings": [
    [
      0.5243812338449061,
      0.487487617880106,
      0.48100258223712444,
      0.48746146308258176,
      0.4906417978927493,
      0.5090091060847044,
      0.49208383401855826,
      0.5560841611586511,
      0.4472996429540217,
      0.4793659350834787,
      0.5285770767368376,
      0.6027882150374353,
      0.4545352370478213,
      0.4551612571813166,
      0.44288292108103633,
      0.6850639088079333,
      0.49381159991025925,
      0.4968634541146457,
      0.47569541074335575,
      0.5223035332746804,
      0.44015585584565997,
      0.5069234427064657,
      0.48434648709371686,
      0.5319849383085966,
      0.48687466187402606,
      0.4740405990742147,
      0.5144429891370237,
      0.5281655299477279,
      0.4861182579770684,
      0.5084026250988245,
      0.49644635571166873,
      0.5362085588276386,
      0.5036298460327089,
      0.4765751529484987,
      0.4934496898204088,
      0.4368405998684466,
      0.5307584819383919,
      0.5292135728523135,
      0.5989458519034088,
      0.47707463428378105,
      0.4786061733029783,
      0.5182549357414246,
      0.5597292650490999,
      0.48613063571974635,
      0.4619100699201226,
      0.5013012066483498,
      0.4413132150657475,
      0.5414630584418774,
      0.5180081399157643,
      0.5566251520067453,
      0.4371965089812875,
      0.44332943484187126,
      0.5317289941012859,
      0.512315837200731,
      0.48793836310505867,
      0.5059018288739026,
      0.5496743409894407,
      0.4133111871778965,
      0.5403442191891372,
      0.5412971549667418,
      0.5905772559344769,
      0.4434392098337412,
      0.473158844280988,
      0.50092179980129,
      0.5518423803150654,
      0.5027573141269386,
      0.47368031181395054,
      0.5304419132880867,
      0.43623161083087325,
      0.5306323170661926,
      0.5099194492213428,
      0.5710658659227192,
      0.4388622147962451,
      0.4754091571085155,
      0.4937396734021604,
      0.5945522841066122,
      0.5325993988662958,
      0.4983836021274328,
      0.5335548571310937,
      0.48943843971937895,
      0.544715316966176,
      0.5326170451007783,
      0.5650206571444869,
      0.4570569349452853,
      0.4560608556494117,
      0.5503779021091759,
      0.588299916125834,
      0.4904705649241805,
      0.44839615002274513,
      0.5043051773682237,
      0.4684943067841232,
      0.5341918552294374,
      0.5611554933711886,
      0.5922887162305415,
      0.4726787223480642,
      0.45714539336040616,
      0.5380097660236061,
      0.5927726980298758,
      0.5352989030070603,
      0.44142515817657113
    ],
    [
      0.21395393973216414,
      0.1873427201062441,
      0.1611183611676097,
      0.14192580804228783,
      0.18941200291737914,
      0.15942953107878566,
      0.1846042382530868,
      0.19765461329370737,
      0.1424805517308414,
      0.14482376398518682,
      0.16720252903178334,
      0.18656143406406045,
      0.13358460878953338,
      0.16248160367831588,
      0.15926690865308046,
      0.22168947290629148,
      0.15491014998406172,
      0.18655137717723846,
      0.16127656400203705,
      0.19522936828434467,
      0.14537480985745788,
      0.1669504540041089,
      0.16648741625249386,
      0.21074642101302743,
      0.18723193695768714,
      0.13582547288388014,
      0.17790180910378695,
      0.22075672121718526,
      0.18178517511114478,
      0.17612628173083067,
      0.14317654399201274,
      0.2243565060198307,
      0.19540240056812763,
      0.15768647193908691,
      0.15258557489141822,
      0.1646411269903183,
      0.1533246897161007,
      0.1616709679365158,
      0.16414748318493366,
      0.13108226703479886,
      0.15775153832510114,
      0.1324238800443709,
      0.21205873973667622,
      0.1677807830274105,
      0.1717950413003564,
      0.1580445938743651,
      0.16308147879317403,
      0.18176021799445152,
      0.1594504569657147,
      0.16497574374079704,
      0.15546636376529932,
      0.19829404214397073,
      0.1609128899872303,
      0.2079863199032843,
      0.18780393293127418,
      0.16159836295992136,
      0.1694584176875651,
      0.13032323913648725,
      0.19645248586311936,
      0.18555140309035778,
      0.21206221915781498,
      0.14440898643806577,
      0.16329425713047385,
      0.1561463070102036,
      0.23497869493439794,
      0.18552223918959498,
      0.19758435105904937,
      0.17012727074325085,
      0.16281534917652607,
      0.17486157873645425,
      0.18200165266171098,
      0.14785701083019376,
      0.14527707220986485,
      0.1818548021838069,
      0.14070980809628963,
      0.22037324076518416,
      0.20008638827130198,
      0.1831490551121533,
      0.1609338610433042,
      0.17066584434360266,
      0.18470866093412042,
      0.19667499605566263,
      0.19377630529925227,
      0.13951560389250517,
      0.1706854859367013,
      0.18598818220198154,
      0.24563699727877975,
      0.18457296304404736,
      0.1592230717651546,
      0.18176064267754555,
      0.18116043088957667,
      0.19538400182500482,
      0.19443629402667284,
      0.179536540992558,
      0.15929440967738628,
      0.16245952202007174,
      0.1821449720300734,
      0.21701144613325596,
      0.19807272916659713,
      0.14071077480912209
    ],
    [
      0.4225171157158911,
      0.40559207182377577,
      0.37782545993104577,
      0.35686704562976956,
      0.38512248918414116,
      0.40381600614637136,
      0.4160097297281027,
      0.4240232640877366,
      0.34473263705149293,
      0.37504610419273376,
      0.4286900879815221,
      0.5000139460898936,
      0.36529540177434683,
      0.35167960403487086,
      0.3386362181045115,
      0.5767556861974299,
      0.4022018201649189,
      0.3900064928457141,
      0.3685667421668768,
      0.4208585429005325,
      0.3610434578731656,
      0.3950731847435236,
      0.3964987671934068,
      0.4395978688262403,
      0.3869068897329271,
      0.3547686100937426,
      0.39999274304136634,
      0.4431841769255698,
      0.39589346293359995,
      0.4130004709586501,
      0.36217382084578276,
      0.4366221600212157,
      0.3927389159798622,
      0.39026328222826123,
      0.36159096378833055,
      0.34515200508758426,
      0.41292246524244547,
      0.422125524841249,
      0.4822136629372835,
      0.37405153503641486,
      0.38987891003489494,
      0.4193661701865494,
      0.4564648438245058,
      0.3910634871572256,
      0.3770300289615989,
      0.37156289629638195,
      0.34748420771211386,
      0.43822319991886616,
      0.4162085889838636,
      0.459954131860286,
      0.3514335877262056,
      0.37362412828952074,
      0.42863683588802814,
      0.4131965530104935,
      0.3988828328438103,
      0.3957836078479886,
      0.4140246519818902,
      0.31603506626561284,
      0.4245271417312324,
      0.45078947208821774,
      0.5075338049791753,
      0.3380625140853226,
      0.3759399810805917,
      0.3922542738728225,
      0.4658838203176856,
      0.39931341260671616,
      0.36554595828056335,
      0.39433838799595833,
      0.3380038500763476,
      0.4190366808325052,
      0.4312397609464824,
      0.4574470282532275,
      0.3641025610268116,
      0.3751213578507304,
      0.3819308066740632,
      0.5078219966962934,
      0.42404548823833466,
      0.3964801519177854,
      0.40695801796391606,
      0.37014242401346564,
      0.4436161760240793,
      0.421323895920068,
      0.4775487049482763,
      0.3452632846310735,
      0.3767805313691497,
