{
  "implementation": "deepspeed_oneccl",
  "backend": "ccl",
  "operation": "reduce",
  "num_ranks": 4,
  "tensor_shape": {
    "batch": 32,
    "seq_len": 4096,
    "hidden_dim": 4096
  },
  "num_elements": 536870912,
  "tensor_size_bytes": 1073741824,
  "tensor_size_mb": 1024.0,
  "dtype": "bfloat16",
  "warmup_iterations": 10,
  "measurement_iterations": 100,
  "timing_method": "time.perf_counter()",
  "timings": [
    [
      1.1579344128258526,
      1.2706247419118881,
      1.23463202919811,
      1.2683666157536209,
      1.6925210361368954,
      0.8651170860975981,
      0.8940203860402107,
      0.8157899109646678,
      0.8938303501345217,
      1.0560106551274657,
      1.4412467791698873,
      1.182482859119773,
      1.08104666788131,
      1.389558320865035,
      1.354098588693887,
      1.355651952791959,
      1.2755319708958268,
      1.360553812701255,
      1.320338074117899,
      1.5395715618506074,
      1.080420037265867,
      1.3303605169057846,
      1.2871962822973728,
      1.1533505888655782,
      1.6411872170865536,
      1.0585708245635033,
      1.2575816866010427,
      1.278817558195442,
      1.3510270067490637,
      1.6845695967786014,
      1.2206131471320987,
      1.279212050139904,
      1.177848968654871,
      1.3067048280499876,
      1.5778925246559083,
      1.2499594129621983,
      1.17957973619923,
      1.3692938517779112,
      1.4379626559093595,
      0.9451790391467512,
      0.8995649521239102,
      0.8220398938283324,
      0.8950289618223906,
      1.2158680511638522,
      1.6317110620439053,
      1.1080397702753544,
      1.2021441217511892,
      1.201524157077074,
      1.3560113771818578,
      1.190841712988913,
      1.3438369808718562,
      1.4335048701614141,
      1.2073998120613396,
      1.4064277247525752,
      1.2419413421303034,
      1.247618265915662,
      1.6997704873792827,
      1.136834290344268,
      1.3527313410304487,
      1.141707694157958,
      1.3643381390720606,
      1.5236191297881305,
      1.2153425682336092,
      1.2931671468541026,
      1.3161964509636164,
      1.398454167880118,
      1.3376959688030183,
      1.320274688769132,
      1.2132425419986248,
      1.397701728157699,
      1.525715271010995,
      1.062022713944316,
      1.1963840778917074,
      1.336500566918403,
      0.9053162517957389,
      0.9188810531049967,
      1.0349571579135954,
      0.8514324170537293,
      0.8953619846142828,
      0.8631493537686765,
      0.8976794541813433,
      1.0067612519487739,
      1.226456768810749,
      1.2291017868556082,
      1.409578274935484,
      1.334139232058078,
      1.6075421310961246,
      1.0514928977936506,
      1.1702183904126287,
      1.2250162810087204,
      1.2766829580068588,
      1.396478099282831,
      1.3696845541708171,
      1.1807711557485163,
      1.2496930309571326,
      1.3767785001546144,
      1.4773751851171255,
      1.3087482219561934,
      1.0807644221931696,
      1.2158789280802011
    ],
    [
      0.35301711736246943,
      0.3949585477821529,
      0.4602673817425966,
      0.4146919259801507,
      0.5338439890183508,
      0.2772538843564689,
      0.3049418721348047,
      0.27978315111249685,
      0.30366065772250295,
      0.27984079997986555,
      0.5602257549762726,
      0.3705725013278425,
      0.3761343313381076,
      0.4357656608335674,
      0.4464572053402662,
      0.4910776629112661,
      0.4341424931772053,
      0.42779448023065925,
      0.4508542506955564,
      0.3922023973427713,
      0.36841175612062216,
      0.44107429403811693,
      0.449823503382504,
      0.35748659120872617,
      0.44818676402792335,
      0.3666632487438619,
      0.44400989869609475,
      0.3864036123268306,
      0.45483468612656,
      0.5036668251268566,
      0.3524311548098922,
      0.42715894198045135,
      0.40035809529945254,
      0.4205221370793879,
      0.58089693589136,
      0.39288117503747344,
      0.42089799884706736,
      0.42310990765690804,
      0.4410755643621087,
      0.3677967172116041,
      0.3017894676886499,
      0.2799153933301568,
      0.30490819504484534,
      0.3085376019589603,
      0.5602790378034115,
      0.3878380269743502,
      0.3187116989865899,
      0.4355967999435961,
      0.47839962830767035,
      0.3897656868211925,
      0.44662678614258766,
      0.39281546184793115,
      0.504214980173856,
      0.4706911672838032,
      0.40935820527374744,
      0.42074941378086805,
      0.5022740978747606,
      0.37171503622084856,
      0.4689267841167748,
      0.42508995719254017,
      0.477368641179055,
      0.5462315739132464,
      0.3435686859302223,
      0.4149474040605128,
      0.4609315381385386,
      0.3602590998634696,
      0.5662742517888546,
      0.4169103819876909,
      0.4002419742755592,
      0.45399257726967335,
      0.4225868182256818,
      0.3077731840312481,
      0.42838522233068943,
      0.41363660898059607,
      0.3070778730325401,
      0.28196259401738644,
      0.38956628600135446,
      0.26810634415596724,
      0.30474358471110463,
      0.2798444260843098,
      0.3048764276318252,
      0.28005272429436445,
      0.44158495077863336,
      0.4376178812235594,
      0.5522445281967521,
      0.5445068380795419,
      0.5508747841231525,
      0.4831675519235432,
      0.3012571739964187,
      0.40264011500403285,
      0.49495749082416296,
      0.5466340817511082,
      0.6947884000837803,
      0.2710540071129799,
      0.37124743591994047,
      0.5262561799027026,
      0.604084235150367,
      0.696553286164999,
      0.2940913727506995,
      0.4591806111857295
    ],
    [
      0.8925693221390247,
      0.9931440432555974,
      0.9756958852522075,
      0.987842904869467,
      1.3419797020033002,
      0.6613765172660351,
      0.7043826659210026,
      0.6450950810685754,
      0.7046282840892673,
      0.7259456068277359,
      1.1698535070754588,
      0.9234484978951514,
      0.8881874191574752,
      1.0210784659720957,
      0.9998029149137437,
      1.1678816094063222,
      1.0594742479734123,
      1.0109820952638984,
      0.9972553770057857,
      1.108939210884273,
      0.8597956793382764,
      0.993050810880959,
      1.0042604822665453,
      0.9499057112261653,
      1.2966030621901155,
      0.865617897361517,
      1.0416604499332607,
      0.9863059287890792,
      1.0051483251154423,
      1.299517922103405,
      0.8772149756550789,
      1.0003228108398616,
      0.9777575461193919,
      0.9680519248358905,
      1.2528634639456868,
      0.942907483316958,
      0.9824746772646904,
      1.004906615242362,
      1.0460006771609187,
      0.7612354443408549,
      0.7104878136888146,
      0.6513701942749321,
      0.7059186939150095,
      0.8779075788334012,
      1.2770673870109022,
      0.9150117682293057,
      0.8855767301283777,
      0.9983042730018497,
      0.9836840806528926,
      0.9924683650024235,
      1.0027646757662296,
      1.0307566677220166,
      0.9739921577274799,
      1.0564818321727216,
      1.0244362959638238,
      0.9325479799881577,
      1.2396054049022496,
      0.9279110808856785,
      1.0190086788497865,
      0.9525724239647388,
      1.0328150587156415,
      1.2577989879064262,
      0.9735512011684477,
      0.9856628649868071,
      1.0253551839850843,
      1.0493389409966767,
      1.0697175180539489,
      0.9974916279315948,
      0.9742677020840347,
      1.0435178931802511,
      1.150081843137741,
      0.7990634110756218,
      0.9998090113513172,
      0.9620893560349941,
      0.7135316361673176,
      0.6905769119039178,
      0.8536099968478084,
      0.658672675024718,
      0.7060212646611035,
      0.674049919936806,
      0.7086075809784234,
      0.7488052491098642,
      1.036992012988776,
      0.8487062421627343,
      0.9766458566300571,
      0.9509900067932904,
      1.1015692898072302,
      0.8763507641851902,
      0.9697427740320563,
      0.9453836092725396,
