{
  "implementation": "deepspeed_oneccl",
  "backend": "ccl",
  "operation": "gather",
  "num_ranks": 4,
  "tensor_shape": {
    "batch": 1,
    "seq_len": 1,
    "hidden_dim": 2048
  },
  "num_elements": 2048,
  "tensor_size_bytes": 4096,
  "tensor_size_mb": 0.00390625,
  "dtype": "bfloat16",
  "warmup_iterations": 10,
  "measurement_iterations": 100,
  "timing_method": "time.perf_counter()",
  "timings": [
    [
      0.025490973610430956,
      0.026651071850210428,
      0.02621709369122982,
      0.025792156346142292,
      0.026181776076555252,
      0.02616687398403883,
      0.02489014994353056,
      0.014760924968868494,
      9.884126484394073e-05,
      0.025009870063513517,
      0.025967846158891916,
      0.02672326099127531,
      0.025219131261110306,
      0.025883377995342016,
      0.026538226753473282,
      0.025851665996015072,
      0.02541418792679906,
      0.012875766027718782,
      0.026044840924441814,
      0.02641875110566616,
      0.013091095723211765,
      0.02594894915819168,
      0.026085095945745707,
      0.025360146071761847,
      0.02672829432412982,
      0.025171427056193352,
      0.025931645650416613,
      0.026619059033691883,
      0.02525675715878606,
      0.02626301208510995,
      0.026229940820485353,
      0.02537128096446395,
      0.025337735190987587,
      0.02596781263127923,
      0.025933737866580486,
      0.025939685758203268,
      0.026057572569698095,
      0.02575813978910446,
      0.02594598289579153,
      0.026506494730710983,
      0.02538803592324257,
      0.0139646059833467,
      0.026036883238703012,
      0.025943441782146692,
      0.02601847518235445,
      0.02662903442978859,
      0.02516557602211833,
      0.012605271302163601,
      0.025365351233631372,
      0.025984687265008688,
      0.02597214700654149,
      0.025733323767781258,
      0.025377288926392794,
      0.02639930695295334,
      0.02575169736519456,
      0.02621814887970686,
      0.02549556316807866,
      0.025822655763477087,
      0.02641411079093814,
      0.025981306098401546,
      0.025900613982230425,
      0.025789993815124035,
      0.026336106937378645,
      0.025475080125033855,
      0.026002165861427784,
      0.02601299900561571,
      0.025626875925809145,
      0.025930881034582853,
      0.025996793061494827,
      0.02606747578829527,
      0.02595451194792986,
      0.02610868774354458,
      0.026220559142529964,
      0.025728894397616386,
      0.014711515046656132,
      0.006052158307284117,
      0.025914128869771957,
      0.025951326824724674,
      0.026538086589425802,
      0.02535096788778901,
      0.026314985007047653,
      0.026221279986202717,
      0.025855480693280697,
      0.0259935618378222,
      0.025577891152352095,
      0.013857902958989143,
      0.025707471650093794,
      0.02669362397864461,
      0.02596254600211978,
      0.025283133145421743,
      0.025979246012866497,
      0.026117654982954264,
      0.026156771928071976,
      0.025570484809577465,
      0.02575420681387186,
      0.026639787945896387,
      0.02578698005527258,
      0.02538088895380497,
      0.02568507008254528,
      0.025549521204084158
    ],
    [
      0.012228359933942556,
      7.37607479095459e-05,
      4.953332245349884e-05,
      4.480639472603798e-05,
      5.392637103796005e-05,
      6.0780905187129974e-05,
      6.598560139536858e-05,
      0.008738569915294647,
      3.8049183785915375e-05,
      0.012007973156869411,
      8.508097380399704e-05,
      7.070740684866905e-05,
      5.204835906624794e-05,
      0.0009697857312858105,
      5.2969902753829956e-05,
      4.696473479270935e-05,
      5.01023605465889e-05,
      5.675526335835457e-05,
      5.6480057537555695e-05,
      0.0007512681186199188,
      5.534198135137558e-05,
      5.607679486274719e-05,
      5.450192838907242e-05,
      5.2549876272678375e-05,
      5.863513797521591e-05,
      5.322927609086037e-05,
      4.7340989112854004e-05,
      0.012844342738389969,
      3.7977006286382675e-05,
      4.336796700954437e-05,
      6.753066554665565e-05,
      5.331775173544884e-05,
      7.055327296257019e-05,
      5.959300324320793e-05,
      5.089491605758667e-05,
      5.310075357556343e-05,
      6.772810593247414e-05,
      7.061194628477097e-05,
      6.216717883944511e-05,
      5.997810512781143e-05,
      3.7890858948230743e-05,
      3.901217132806778e-05,
      0.009002591948956251,
      0.01299350243061781,
      5.4593198001384735e-05,
      4.983227699995041e-05,
      7.42841511964798e-05,
      7.457192987203598e-05,
      7.874099537730217e-05,
      4.6596862375736237e-05,
      0.0011825179681181908,
      0.012868116144090891,
      4.0090177208185196e-05,
      4.2756088078022e-05,
      3.8786791265010834e-05,
      5.385000258684158e-05,
      0.0008349879644811153,
      5.4706819355487823e-05,
      8.148001506924629e-05,
      7.169973105192184e-05,
      7.019843906164169e-05,
      4.812609404325485e-05,
      4.5672059059143066e-05,
      3.946060314774513e-05,
      5.991477519273758e-05,
      5.192309617996216e-05,
      6.229802966117859e-05,
      6.273621693253517e-05,
      4.8623885959386826e-05,
      4.962040111422539e-05,
      7.025804370641708e-05,
      6.350036710500717e-05,
      6.687408313155174e-05,
      6.376812234520912e-05,
      5.633896216750145e-05,
      4.676496610045433e-05,
      3.170128911733627e-05,
      4.787696525454521e-05,
      5.512312054634094e-05,
      4.20580618083477e-05,
      5.5375974625349045e-05,
      4.2572617530822754e-05,
      5.325814709067345e-05,
      6.084702908992767e-05,
      5.8025121688842773e-05,
      6.0271006077528e-05,
      7.613515481352806e-05,
      7.36401416361332e-05,
      7.080333307385445e-05,
      6.722379475831985e-05,
      5.855737254023552e-05,
      6.908224895596504e-05,
      6.353389471769333e-05,
      7.690209895372391e-05,
      7.331697270274162e-05,
      7.811235263943672e-05,
      7.815798744559288e-05,
      9.308988228440285e-05,
      8.614687249064445e-05,
      5.877623334527016e-05
    ],
    [
      5.525769665837288e-05,
      6.694020703434944e-05,
      5.344487726688385e-05,
      4.337914288043976e-05,
      5.647493526339531e-05,
      6.850715726613998e-05,
      6.605498492717743e-05,
      4.6656932681798935e-05,
      5.251402035355568e-05,
      0.00010979734361171722,
      0.01353747071698308,
      4.390021786093712e-05,
      9.271735325455666e-05,
      6.0249119997024536e-05,
      6.250711157917976e-05,
      5.921861156821251e-05,
      5.960790440440178e-05,
      7.840385660529137e-05,
      7.945625111460686e-05,
      6.484100595116615e-05,
      8.68719071149826e-05,
      7.711490616202354e-05,
      6.869621574878693e-05,
      7.108785212039948e-05,
      7.958617061376572e-05,
      6.878888234496117e-05,
      7.773470133543015e-05,
      4.9868132919073105e-05,
      4.744017496705055e-05,
      5.2148010581731796e-05,
      5.271611735224724e-05,
      7.188133895397186e-05,
      4.8986636102199554e-05,
      0.0007200241088867188,
      6.91940076649189e-05,
      7.472001016139984e-05,
      4.913005977869034e-05,
      4.786672070622444e-05,
      4.307599738240242e-05,
      4.204781726002693e-05,
      4.6543776988983154e-05,
      3.9735808968544006e-05,
      0.012998070102185011,
      6.066635251045227e-05,
      8.519506081938744e-05,
      7.754098623991013e-05,
      4.277890548110008e-05,
      4.475517198443413e-05,
      4.096841439604759e-05,
      7.056212052702904e-05,
      4.6677421778440475e-05,
      0.012742780148983002,
      5.434034392237663e-05,
      6.370525807142258e-05,
      5.374103784561157e-05,
      8.578086271882057e-05,
      4.924973472952843e-05,
      7.587485015392303e-05,
      8.129328489303589e-05,
      4.3721869587898254e-05,
      7.11553730070591e-05,
      6.648106500506401e-05,
      6.979797035455704e-05,
      5.6658871471881866e-05,
      3.887200728058815e-05,
