{
  "implementation": "deepspeed_oneccl",
  "backend": "ccl",
  "operation": "broadcast",
  "num_ranks": 4,
  "tensor_shape": {
    "batch": 32,
    "seq_len": 8192,
    "hidden_dim": 2048
  },
  "num_elements": 536870912,
  "tensor_size_bytes": 1073741824,
  "tensor_size_mb": 1024.0,
  "dtype": "bfloat16",
  "warmup_iterations": 10,
  "measurement_iterations": 100,
  "timing_method": "time.perf_counter()",
  "timings": [
    [
      0.4344854890368879,
      0.5627250410616398,
      0.45174375595524907,
      0.42967128474265337,
      0.4326679981313646,
      0.46512584993615746,
      0.4114613397978246,
      0.467897891998291,
      0.4491979759186506,
      0.45378741808235645,
      0.41537119122222066,
      0.4162893700413406,
      0.48884162213653326,
      0.5215073255822062,
      0.44983532698825,
      0.45983725041151047,
      0.4517175438813865,
      0.4234070647507906,
      0.4996710908599198,
      0.4506659572944045,
      0.4806233639828861,
      0.41869874205440283,
      0.33360966807231307,
      0.29068528581410646,
      0.3230539062060416,
      0.30879740975797176,
      0.28743942780420184,
      0.27332798205316067,
      0.29648706782609224,
      0.2387623032554984,
      0.3410373437218368,
      0.34035085514187813,
      0.4326372561044991,
      0.3992502740584314,
      0.4222128759138286,
      0.4870338821783662,
      0.4829286551102996,
      0.506333040073514,
      0.48317620484158397,
      0.40900611504912376,
      0.46852417290210724,
      0.5892056343145669,
      0.517407925799489,
      0.40127401100471616,
      0.4811016917228699,
      0.43090985296294093,
      0.47589479573071003,
      0.3146289335563779,
      0.28244169568642974,
      0.30978466337546706,
      0.4610004057176411,
      0.540142900776118,
      0.47437114967033267,
      0.5082649500109255,
      0.5341420779004693,
      0.42119088489562273,
      0.5815575239248574,
      0.47952057607471943,
      0.45631711883470416,
      0.5820009550079703,
      0.5724281007423997,
      0.3973230137489736,
      0.5085408827289939,
      0.5109866010025144,
      0.45177617808803916,
      0.5444069830700755,
      0.4581709331832826,
      0.4272046210244298,
      0.43561179703101516,
      0.5274958037771285,
      0.39574806904420257,
      0.4746415698900819,
      0.5083388327620924,
      0.4283344531431794,
      0.482410185970366,
      0.444534370675683,
      0.4439219278283417,
      0.4769947323948145,
      0.4768196069635451,
      0.4548040581867099,
      0.5112855089828372,
      0.5065926611423492,
      0.4047355162911117,
      0.47827012464404106,
      0.5474267620593309,
      0.47660885797813535,
      0.42626244900748134,
      0.45278252800926566,
      0.42255774792283773,
      0.4122646781615913,
      0.5270285722799599,
      0.48141387896612287,
      0.43762662820518017,
      0.5464917998760939,
      0.4771379013545811,
      0.4437709446065128,
      0.5537271508947015,
      0.42976970691233873,
      0.42511967942118645,
      0.46668923925608397
    ],
    [
      0.42443978507071733,
      0.5581024819985032,
      0.4481484033167362,
      0.3918999182060361,
      0.4291684930212796,
      0.47278213407844305,
      0.41146020498126745,
      0.46789667289704084,
      0.4717217516154051,
      0.4103517378680408,
      0.4032723968848586,
      0.40528002427890897,
      0.46823767479509115,
      0.4986454057507217,
      0.447754540015012,
      0.4163758740760386,
      0.45171699905768037,
      0.39431701274588704,
      0.4920907751657069,
      0.44615466287359595,
      0.4735764591023326,
      0.4017473659478128,
      0.29541536420583725,
      0.2906892066821456,
      0.32305275183171034,
      0.3087965059094131,
      0.28743788693100214,
      0.2733225799165666,
      0.2964854771271348,
      0.1998425223864615,
      0.3410318153910339,
      0.2565540159121156,
      0.4268143908120692,
      0.39828450279310346,
      0.4019562532193959,
      0.4754687212407589,
      0.4869684297591448,
      0.4923973670229316,
      0.4817198710516095,
      0.3916704929433763,
      0.4520673151127994,
      0.5799262439832091,
      0.5144061748869717,
      0.39654134307056665,
      0.4750975971110165,
      0.4133030083030462,
      0.475029184948653,
      0.31462600640952587,
      0.2824365491978824,
      0.3097780072130263,
      0.46291987504810095,
      0.5565766119398177,
      0.4792548529803753,
      0.5247169677168131,
      0.5253765149973333,
      0.39164328295737505,
      0.47081374609842896,
      0.4502886589616537,
      0.44730257196351886,
      0.5820046560838819,
      0.5584347080439329,
      0.3942964538000524,
      0.4974415199831128,
      0.5015954738482833,
      0.4505434553138912,
      0.42607039911672473,
      0.4496251679956913,
      0.42419731989502907,
      0.42532228445634246,
      0.508615399710834,
      0.38672460382804275,
      0.46825476782396436,
      0.5065910289995372,
      0.4248980851843953,
      0.48241290310397744,
      0.4436843851581216,
      0.3953229058533907,
      0.47372125601395965,
      0.4690451673232019,
      0.44874509423971176,
      0.4769369219429791,
      0.49962432589381933,
      0.4018446942791343,
      0.47808472299948335,
      0.54742495669052,
      0.4728210992179811,
      0.4240211467258632,
      0.4502403591759503,
      0.42255553463473916,
      0.40230392711237073,
      0.527028389275074,
      0.45558670023456216,
      0.44022673880681396,
      0.54648497980088,
      0.4764422383159399,
      0.44349794229492545,
      0.5537221077829599,
      0.4260549256578088,
      0.41321120923385024,
      0.42974133789539337
    ],
    [
      0.38416102016344666,
      0.5580903920345008,
      0.44853598810732365,
      0.4258465748280287,
      0.417815244756639,
      0.42730247881263494,
      0.40532985888421535,
      0.4558631139807403,
      0.41500935703516006,
      0.45378464879468083,
      0.3963089748285711,
      0.41628706920892,
      0.43289912678301334,
      0.4679823340848088,
      0.40725742699578404,
      0.4566472452133894,
      0.45171629916876554,
      0.39897947711870074,
      0.4948659581132233,
      0.45067069213837385,
      0.4275069120340049,
      0.4035708401352167,
      0.33361171185970306,
      0.2124639581888914,
      0.32305352995172143,
      0.22803577361628413,
      0.28743455559015274,
      0.27330876514315605,
      0.2964883712120354,
      0.2387639139778912,
      0.24729548208415508,
      0.34035367984324694,
      0.4196107438765466,
      0.3992429943755269,
      0.3966321866028011,
      0.4765334636904299,
      0.493658518884331,
      0.5049361232668161,
      0.4704689020290971,
      0.40396280819550157,
      0.46534845419228077,
      0.5522040231153369,
      0.5062528382986784,
      0.39438995625823736,
      0.452494400087744,
      0.42953999899327755,
      0.47589525673538446,
      0.3146255109459162,
      0.21822840021923184,
      0.2275826227851212,
      0.43936738511547446,
      0.40549719566479325,
      0.444783799815923,
      0.5039915340021253,
      0.46583262691274285,
      0.42117359722033143,
      0.5815598228946328,
      0.445028527174145,
      0.450121299829334,
      0.5819962220266461,
      0.46294376580044627,
      0.3973237657919526,
      0.4818118619732559,
      0.5006639482453465,
      0.45177842769771814,
      0.5048145069740713,
      0.4322317400947213,
      0.41792087396606803,
      0.4356122841127217,
      0.521232966799289,
      0.38272295938804746,
      0.46790062822401524,
      0.4464124469086528,
      0.42003800068050623,
      0.47391188284382224,
      0.4232852729037404,
      0.42310124915093184,
      0.4688965678215027,
      0.46893777698278427,
      0.435846951790154,
      0.5009751901961863,
      0.49000904290005565,
      0.39253544621169567,
      0.47807249892503023,
      0.5469782361760736,
      0.47168659418821335,
