{
  "implementation": "deepspeed_oneccl",
  "backend": "ccl",
  "operation": "allreduce",
  "num_ranks": 4,
  "tensor_shape": {
    "batch": 16,
    "seq_len": 8192,
    "hidden_dim": 4096
  },
  "num_elements": 536870912,
  "tensor_size_bytes": 1073741824,
  "tensor_size_mb": 1024.0,
  "dtype": "bfloat16",
  "warmup_iterations": 10,
  "measurement_iterations": 100,
  "timing_method": "time.perf_counter()",
  "timings": [
    [
      0.462688272818923,
      0.4476860580034554,
      0.46730190701782703,
      0.45232741395011544,
      0.46540791587904096,
      0.45792823703959584,
      0.46891654608771205,
      0.4597964040003717,
      0.43886726116761565,
      0.4600687250494957,
      0.46607237681746483,
      0.4531254139728844,
      0.46148680290207267,
      0.4606993249617517,
      0.4640001538209617,
      0.46773481322452426,
      0.46568975737318397,
      0.45088107511401176,
      0.47418257081881166,
      0.4728539790958166,
      0.47044617775827646,
      0.46809893613681197,
      0.4697487158700824,
      0.46531990403309464,
      0.46812621084973216,
      0.46233629900962114,
      0.4513442008756101,
      0.46165985707193613,
      0.4679160420782864,
      0.4621606171131134,
      0.46654399624094367,
      0.4660390052013099,
      0.4724951288662851,
      0.4712946740910411,
      0.4756177947856486,
      0.4560822048224509,
      0.4737933003343642,
      0.46924841590225697,
      0.46901819575577974,
      0.46718604816123843,
      0.4672844959422946,
      0.4670267147012055,
      0.4668478248640895,
      0.46624623984098434,
      0.44874066626653075,
      0.4680116749368608,
      0.4701689607463777,
      0.4650294128805399,
      0.4682746469043195,
      0.4732197462581098,
      0.47467138711363077,
      0.47595548909157515,
      0.4743618378415704,
      0.4547033281996846,
      0.47202038997784257,
      0.4666101108305156,
      0.4655120768584311,
      0.4663623762317002,
      0.4651696803048253,
      0.4665710423141718,
      0.46843310073018074,
      0.469580328091979,
      0.45123026985675097,
      0.4717002990655601,
      0.47397940792143345,
      0.4710608343593776,
      0.4737075469456613,
      0.47471934324130416,
      0.47301111090928316,
      0.47323325416073203,
      0.47117020888254046,
      0.44866631273180246,
      0.4667161898687482,
      0.47201626002788544,
      0.46743548987433314,
      0.4665766078978777,
      0.4678989420644939,
      0.4680041642859578,
      0.4669069857336581,
      0.4678147821687162,
      0.44576482521370053,
      0.46988406917080283,
      0.47139485785737634,
      0.4696818948723376,
      0.4713854296132922,
      0.47442286694422364,
      0.4757027281448245,
      0.4759259936399758,
      0.4766893219202757,
      0.45315607031807303,
      0.472184797283262,
      0.4701203261502087,
      0.4703063638880849,
      0.4686904647387564,
      0.46891164500266314,
      0.4680249588564038,
      0.469458200968802,
      0.4700548932887614,
      0.43746911780908704,
      0.45764366118237376
    ],
    [
      0.46161480573937297,
      0.4476879988797009,
      0.46730227302759886,
      0.45694214198738337,
      0.46540787909179926,
      0.45792461885139346,
      0.4689138410612941,
      0.45979228476062417,
      0.4388638879172504,
      0.45895328698679805,
      0.4596744957379997,
      0.45312598161399364,
      0.46148452116176486,
      0.46069998666644096,
      0.4655647100880742,
      0.46828191401436925,
      0.46484954794868827,
      0.4508789349347353,
      0.47418103413656354,
      0.472466389182955,
      0.47044431092217565,
      0.4683830151334405,
      0.46974377566948533,
      0.46531631983816624,
      0.4680427089333534,
      0.4617317118681967,
      0.44717460684478283,
      0.45927888341248035,
      0.46771704871207476,
      0.46215928392484784,
      0.46725658141076565,
      0.46872612508013844,
      0.4724944597110152,
      0.4695283039472997,
      0.47537732403725386,
      0.4558114130049944,
      0.47339126002043486,
      0.4692434733733535,
      0.46901581017300487,
      0.4671889920718968,
      0.4672832549549639,
      0.4670088938437402,
      0.4657307150773704,
      0.46530224522575736,
      0.44873824063688517,
      0.4680085852742195,
      0.46794307604432106,
      0.46724427631124854,
      0.46863092109560966,
      0.4732164670713246,
      0.4746686792932451,
      0.475610822904855,
      0.4743322441354394,
      0.45425191801041365,
      0.47116196900606155,
      0.4666070332750678,
      0.46550982212647796,
      0.4663573009893298,
      0.46516815992072225,
      0.46657090866938233,
      0.46812559803947806,
      0.4674788350239396,
      0.451923118904233,
      0.47122043976560235,
      0.47398330830037594,
      0.4710636646486819,
      0.4737056437879801,
      0.47472383035346866,
      0.4730066158808768,
      0.47276721615344286,
      0.47050653817132115,
      0.4485650430433452,
      0.4645389602519572,
      0.47176783299073577,
      0.4674343839287758,
      0.4665721789933741,
      0.4678979148156941,
      0.46800746815279126,
      0.4630179200321436,
      0.467050822917372,
      0.4451736197806895,
      0.4693763670511544,
      0.47007171995937824,
      0.46968609699979424,
      0.4713811408728361,
      0.47442168835550547,
      0.47569981729611754,
      0.475921930745244,
      0.4765196219086647,
      0.4503100048750639,
      0.4715829589404166,
      0.4695590347982943,
      0.4702214957214892,
      0.4685166026465595,
      0.46821147203445435,
      0.46734803821891546,
      0.46904838690534234,
      0.46997317485511303,
      0.43745906790718436,
      0.4576403880491853
    ],
    [
      0.46348460018634796,
      0.44957812363281846,
      0.4620303330011666,
      0.4569461769424379,
      0.4647083804011345,
      0.4617594932205975,
      0.46811791276559234,
      0.4553642841055989,
      0.4374855626374483,
      0.4573656148277223,
      0.4631488583981991,
      0.45282553927972913,
      0.45862418971955776,
      0.4598069153726101,
      0.4655724591575563,
      0.4682834488339722,
      0.4659178559668362,
      0.4516574847511947,
      0.4737023841589689,
      0.47246392630040646,
      0.4696848369203508,
      0.4683886170387268,
      0.4689693069085479,
      0.46546628372743726,
      0.4668928738683462,
      0.46079527167603374,
      0.44771197997033596,
      0.4592866110615432,
      0.4644003943540156,
      0.46118414076045156,
      0.4672654699534178,
      0.46873144898563623,
      0.4714171732775867,
      0.4732589148916304,
      0.4744757479056716,
      0.45468039717525244,
      0.4723176988773048,
      0.46865352895110846,
      0.4683966841548681,
      0.4667816776782274,
      0.4662677338346839,
      0.4661489762365818,
      0.4650370948947966,
      0.46252827486023307,
      0.4457419291138649,
      0.4653479605913162,
      0.4676981600932777,
      0.46724795643240213,
      0.46863718377426267,
      0.47305287001654506,
      0.474193271715194,
      0.4750166009180248,
      0.47333538392558694,
      0.45311126206070185,
      0.47045988496392965,
      0.4660056568682194,
      0.46475313790142536,
      0.4655328127555549,
      0.46493675699457526,
      0.465654076077044,
      0.46527752513065934,
      0.4674822143279016,
      0.45192528469488025,
      0.47122535528615117,
      0.47343654884025455,
      0.4706294615752995,
      0.47287952015176415,
      0.47398802218958735,
      0.47215333161875606,
      0.47202264005318284,
      0.46998422499746084,
      0.44703554501757026,
      0.46578588988631964,
      0.4708478576503694,
      0.46673013316467404,
      0.465939006768167,
      0.4668884207494557,
      0.4671318898908794,
      0.4654082269407809,
      0.46585861314088106,
      0.4429503181017935,
      0.4683178379200399,
      0.4694633116014302,
      0.46941844979301095,
      0.4671504572033882,
