{
  "implementation": "deepspeed_oneccl",
  "backend": "ccl",
  "operation": "gather",
  "num_ranks": 4,
  "tensor_shape": {
    "batch": 8,
    "seq_len": 1,
    "hidden_dim": 2048
  },
  "num_elements": 16384,
  "tensor_size_bytes": 32768,
  "tensor_size_mb": 0.03125,
  "dtype": "bfloat16",
  "warmup_iterations": 10,
  "measurement_iterations": 100,
  "timing_method": "time.perf_counter()",
  "timings": [
    [
      7.303198799490929e-05,
      6.887689232826233e-05,
      5.8445148169994354e-05,
      5.934014916419983e-05,
      5.92782162129879e-05,
      4.7328881919384e-05,
      5.473894998431206e-05,
      5.7206954807043076e-05,
      5.677295848727226e-05,
      5.446793511509895e-05,
      5.9073325246572495e-05,
      5.63599169254303e-05,
      5.971919745206833e-05,
      5.687214434146881e-05,
      5.786260589957237e-05,
      5.662534385919571e-05,
      5.892384797334671e-05,
      5.6653283536434174e-05,
      5.952781066298485e-05,
      5.644559860229492e-05,
      5.512917414307594e-05,
      5.9804413467645645e-05,
      5.83035871386528e-05,
      6.367871537804604e-05,
      5.728704854846001e-05,
      6.271200254559517e-05,
      5.61736524105072e-05,
      6.044423207640648e-05,
      5.442602559924126e-05,
      5.9687066823244095e-05,
      6.210897117853165e-05,
      5.7936180382966995e-05,
      5.490519106388092e-05,
      5.9167854487895966e-05,
      5.855690687894821e-05,
      5.788123235106468e-05,
      5.503511056303978e-05,
      5.8527104556560516e-05,
      5.537085235118866e-05,
      5.700578913092613e-05,
      5.9260986745357513e-05,
      6.244005635380745e-05,
      5.552778020501137e-05,
      5.8020930737257004e-05,
      5.405908450484276e-05,
      6.155716255307198e-05,
      5.696527659893036e-05,
      5.770102143287659e-05,
      5.6432094424963e-05,
      5.4937321692705154e-05,
      5.7555269449949265e-05,
      5.7992059737443924e-05,
      5.606096237897873e-05,
      5.9235841035842896e-05,
      5.583791062235832e-05,
      5.728378891944885e-05,
      5.788961425423622e-05,
      5.497690290212631e-05,
      5.664210766553879e-05,
      5.895690992474556e-05,
      5.7131052017211914e-05,
      5.675293505191803e-05,
      5.6632328778505325e-05,
      5.583697929978371e-05,
      5.7223252952098846e-05,
      6.001582369208336e-05,
      5.50542026758194e-05,
      5.532102659344673e-05,
      5.71543350815773e-05,
      5.578901618719101e-05,
      5.570286884903908e-05,
      6.163492798805237e-05,
      5.91580756008625e-05,
      5.731126293540001e-05,
      5.507189780473709e-05,
      6.0230959206819534e-05,
      5.4902397096157074e-05,
      5.855085328221321e-05,
      5.578715354204178e-05,
      5.6990887969732285e-05,
      5.417410284280777e-05,
      5.370238795876503e-05,
      5.671801045536995e-05,
      5.8169011026620865e-05,
      5.9081241488456726e-05,
      5.754409357905388e-05,
      5.885399878025055e-05,
      5.472218617796898e-05,
      5.398876965045929e-05,
      5.7999975979328156e-05,
      5.6088902056217194e-05,
      5.9383921325206757e-05,
      6.883731111884117e-05,
      5.899043753743172e-05,
      5.559995770454407e-05,
      5.5159907788038254e-05,
      5.77378086745739e-05,
      5.581090226769447e-05,
      5.443813279271126e-05,
      5.5658165365457535e-05
    ],
    [
      5.450798198580742e-05,
      4.37907874584198e-05,
      4.3740030378103256e-05,
      4.293210804462433e-05,
      4.324689507484436e-05,
      3.575393930077553e-05,
      4.1822902858257294e-05,
      4.120217636227608e-05,
      4.304293543100357e-05,
      4.2475759983062744e-05,
      4.292000085115433e-05,
      4.3394044041633606e-05,
      4.730699583888054e-05,
      4.205387085676193e-05,
      4.3099746108055115e-05,
      4.373770207166672e-05,
      4.259031265974045e-05,
      4.212372004985809e-05,
      4.252791404724121e-05,
      4.230532795190811e-05,
      4.1872262954711914e-05,
      4.2978208512067795e-05,
      4.13721427321434e-05,
      4.2572151869535446e-05,
      4.334002733230591e-05,
      4.450604319572449e-05,
      4.402594640851021e-05,
      4.291906952857971e-05,
      4.222989082336426e-05,
      4.5584049075841904e-05,
      4.8663001507520676e-05,
      4.323478788137436e-05,
      4.373490810394287e-05,
      4.38750721514225e-05,
      4.294794052839279e-05,
      4.227505996823311e-05,
      4.160171374678612e-05,
      4.5309774577617645e-05,
      4.177214577794075e-05,
      4.193698987364769e-05,
      4.300987347960472e-05,
      4.9064867198467255e-05,
      4.3190084397792816e-05,
      4.230998456478119e-05,
      4.209717735648155e-05,
      4.271417856216431e-05,
      4.229601472616196e-05,
      4.328368231654167e-05,
      4.2943283915519714e-05,
      4.318682476878166e-05,
      4.5276712626218796e-05,
      4.3408945202827454e-05,
      4.1454099118709564e-05,
      4.734937101602554e-05,
      4.134513437747955e-05,
      4.412000998854637e-05,
      4.267599433660507e-05,
      4.3517909944057465e-05,
      4.331860691308975e-05,
      4.245666787028313e-05,
      4.321243613958359e-05,
      4.3735839426517487e-05,
      4.21721488237381e-05,
      4.323199391365051e-05,
      4.17209230363369e-05,
      4.3676234781742096e-05,
      4.270579665899277e-05,
      4.318077117204666e-05,
      4.3377745896577835e-05,
      4.200683906674385e-05,
      4.2436178773641586e-05,
      4.874402657151222e-05,
      4.388904199004173e-05,
      4.146574065089226e-05,
      4.2448751628398895e-05,
      4.3285079300403595e-05,
      4.2978208512067795e-05,
      4.276679828763008e-05,
      4.3842941522598267e-05,
      4.3593812733888626e-05,
      4.14741225540638e-05,
      3.9040111005306244e-05,
      4.3344683945178986e-05,
      4.5034103095531464e-05,
      4.302617162466049e-05,
      4.093209281563759e-05,
      4.280777648091316e-05,
      4.2632222175598145e-05,
      4.223082214593887e-05,
      4.231184720993042e-05,
      4.405435174703598e-05,
      4.1904859244823456e-05,
      4.208507016301155e-05,
      4.690699279308319e-05,
      4.3635256588459015e-05,
      4.3387990444898605e-05,
      4.158914089202881e-05,
      4.234211519360542e-05,
      4.273233935236931e-05,
      4.490092396736145e-05
    ],
    [
      5.462300032377243e-05,
      4.6108849346637726e-05,
      4.2868778109550476e-05,
      4.200218245387077e-05,
      4.169810563325882e-05,
      4.2737927287817e-05,
      4.1584018617868423e-05,
      4.0871091187000275e-05,
      4.258006811141968e-05,
      4.24189493060112e-05,
      4.23649325966835e-05,
      4.284689202904701e-05,
      4.6076253056526184e-05,
      4.1828956454992294e-05,
      4.281895235180855e-05,
      4.3585896492004395e-05,
      4.200125113129616e-05,
      4.261871799826622e-05,
      4.118913784623146e-05,
      4.151882603764534e-05,
      4.130927845835686e-05,
      4.205619916319847e-05,
      4.1087158024311066e-05,
      4.229601472616196e-05,
      4.284875467419624e-05,
      4.481291398406029e-05,
      4.2463187128305435e-05,
      4.2308587580919266e-05,
      4.182197153568268e-05,
      4.528975114226341e-05,
      4.783878102898598e-05,
      4.254095256328583e-05,
      4.3357256799936295e-05,
      4.183966666460037e-05,
      4.233280196785927e-05,
      4.23588789999485e-05,
      4.0831975638866425e-05,
      4.422524943947792e-05,
      4.116212949156761e-05,
      4.093535244464874e-05,
      4.3970998376607895e-05,
      4.5132823288440704e-05,
      4.2300205677747726e-05,
      4.1950028389692307e-05,
      4.141312092542648e-05,
      4.274211823940277e-05,
      4.1279010474681854e-05,
      4.2838044464588165e-05,
      4.221731796860695e-05,
      4.2246654629707336e-05,
      4.408974200487137e-05,
      4.238961264491081e-05,
      4.1211023926734924e-05,
      4.343455657362938e-05,
      4.11253422498703e-05,
      4.290090873837471e-05,
      4.20459546148777e-05,
      4.233606159687042e-05,
