{
  "implementation": "deepspeed_oneccl",
  "backend": "ccl",
  "operation": "reduce",
  "num_ranks": 4,
  "tensor_shape": {
    "batch": 32,
    "seq_len": 8192,
    "hidden_dim": 4096
  },
  "num_elements": 1073741824,
  "tensor_size_bytes": 2147483648,
  "tensor_size_mb": 2048.0,
  "dtype": "bfloat16",
  "warmup_iterations": 10,
  "measurement_iterations": 100,
  "timing_method": "time.perf_counter()",
  "timings": [
    [
      2.1731181740760803,
      2.1782771069556475,
      2.5816148230805993,
      2.183315592817962,
      2.247934881132096,
      2.274284401908517,
      2.2986811799928546,
      2.201979592908174,
      2.1437726649455726,
      2.196692449040711,
      2.58189137885347,
      2.254598914179951,
      2.2898056600242853,
      2.5433461163192987,
      1.8614177871495485,
      2.189577450044453,
      2.9284535851329565,
      2.2472047582268715,
      2.4845036808401346,
      2.259552058763802,
      2.30888694524765,
      2.4605249781161547,
      1.9293243209831417,
      2.4522282448597252,
      2.3377071782015264,
      2.013135210145265,
      1.7636390081606805,
      1.5536918402649462,
      1.9813580280169845,
      1.6715218182653189,
      2.4605031297542155,
      2.227369206957519,
      2.184602013323456,
      2.329491265118122,
      2.2861399040557444,
      2.1203600708395243,
      2.3557867440395057,
      2.5342652071267366,
      2.3023391063325107,
      2.6180304610170424,
      2.3551419638097286,
      2.2187641859054565,
      2.7363918009214103,
      2.1259233257733285,
      2.253633299842477,
      2.442256696987897,
      2.311676783952862,
      2.459812054876238,
      2.070717071183026,
      2.190151675604284,
      2.2417561942711473,
      2.1675757099874318,
      2.370520052034408,
      2.6375304288230836,
      2.0068046520464122,
      2.281413006130606,
      2.401247739326209,
      2.0947284679859877,
      2.3281105421483517,
      2.7934255148284137,
      2.359931576065719,
      2.1402888176962733,
      2.5376415359787643,
      2.0223795538768172,
      1.7488493276759982,
      1.9930008170194924,
      1.6569332769140601,
      1.7928137890994549,
      2.0182593553327024,
      1.5713215391151607,
      1.8246417311020195,
      2.1420068833976984,
      2.563401365187019,
      2.396213096100837,
      2.2689318959601223,
      2.1327644330449402,
      2.6092643570154905,
      2.182452952954918,
      2.315175047609955,
      2.577713912818581,
      2.6616552039049566,
      2.220485679805279,
      2.587034741882235,
      2.5349214700981975,
      2.4792108037509024,
      2.473652998916805,
      2.531346512027085,
      3.0510707600042224,
      2.3824587441049516,
      2.4357184087857604,
      2.5381112047471106,
      2.0724134943448007,
      2.335457179695368,
      2.32829447183758,
      2.1745652430690825,
      2.183139391243458,
      2.5354018579237163,
      2.14598004007712,
      2.391919676680118,
      2.1938552339561284
    ],
    [
      0.5321694118902087,
      0.7843386270105839,
      0.9434714983217418,
      0.5289750569500029,
      0.6151499017141759,
      0.9226914667524397,
      0.8132905941456556,
      0.8305160133168101,
      0.8616742761805654,
      0.8293624799698591,
      0.8483772538602352,
      0.5725602339953184,
      0.5561517872847617,
      0.6822775383479893,
      0.5953281987458467,
      0.784305234439671,
      0.7935840212740004,
      0.7659518998116255,
      0.722578692715615,
      0.9917415799573064,
      0.878135371953249,
      0.7827344220131636,
      0.6295018373057246,
      0.6540439082309604,
      0.6761482250876725,
      0.7558705136179924,
      0.5335377519950271,
      0.4729105378501117,
      0.6784732099622488,
      0.4869560948573053,
      0.85125025594607,
      0.8183021959848702,
      0.5770383328199387,
      0.543893706984818,
      0.8869752809405327,
      0.7296716049313545,
      0.8490237896330655,
      0.9415427460335195,
      0.5793634210713208,
      0.6354877790436149,
      0.5790663897059858,
      0.5515362271107733,
      0.9275635150261223,
      0.6128789121285081,
      0.8160286112688482,
      0.8963645249605179,
      0.6608092109672725,
      0.7705816188827157,
      0.6807259246706963,
      0.5418564290739596,
      0.6515245051123202,
      0.8624252351000905,
      0.7959172548726201,
      0.728935023304075,
      0.5261848797090352,
      0.5487354709766805,
      0.731051922775805,
      0.7646981729194522,
      0.8337852181866765,
      0.7106132181361318,
      0.69939343072474,
      0.5247454941272736,
      1.0205186163075268,
      0.7199407001025975,
      0.5354577070102096,
      0.5650946791283786,
      0.5386733640916646,
      0.48542078491300344,
      0.5952736721374094,
      0.4911256851628423,
      0.529807647690177,
      0.5834701028652489,
      0.8393453620374203,
      0.9759587282314897,
      0.7828843900933862,
      0.7551595936529338,
      0.9882522122934461,
      0.5643077422864735,
      0.5910291657783091,
      0.8049872540868819,
      0.8827220252715051,
      0.9916229210793972,
      0.6614643125794828,
      0.827665104996413,
      1.0493672699667513,
      0.584356508217752,
      0.8538179369643331,
      1.0021820697002113,
      1.0375344357453287,
      0.5020796530880034,
      0.9636236089281738,
      0.9366371836513281,
      0.5717901797033846,
      1.0415982529520988,
      0.6506777629256248,
      0.6879755649715662,
      1.2914191326126456,
      0.5114041501656175,
      0.8308312259614468,
      1.140639956574887
    ],
    [
      1.6770169269293547,
      1.7938614231534302,
      2.062889392953366,
      1.5472209192812443,
      1.848571727052331,
      1.8926040208898485,
      1.9121428104117513,
      1.8385384771972895,
      1.7918814779259264,
      1.8394477921538055,
      1.9402788397856057,
      1.6371508478187025,
      1.6689364654012024,
      1.948759667109698,
      1.5180371892638505,
      1.803390088956803,
      2.419135049916804,
      1.7991349548101425,
      1.8701618337072432,
      1.8448469969443977,
      1.9177534822374582,
      1.7973596551455557,
      1.5986013268120587,
      1.8227156670764089,
      1.910906138829887,
      1.6713673672638834,
      1.3838313878513873,
      1.211827530991286,
      1.617362530902028,
      1.2920329230837524,
      1.880511007271707,
      1.748612450901419,
      1.6418298580683768,
      1.7501932363957167,
      1.9129970245994627,
      1.7622272721491754,
      1.8500733557157218,
      1.9402726762928069,
      1.6951232519932091,
      2.053636257071048,
      1.6861223261803389,
      1.7546594450250268,
      2.211725332774222,
      1.7042693211697042,
      1.8104383340105414,
      1.974615872837603,
      1.8760879640467465,
      1.8489033402875066,
      1.6380937700159848,
      1.5627841618843377,
      1.8613897720351815,
      1.8202948668040335,
      1.903122564777732,
      1.8133966280147433,
      1.5283096102066338,
      1.6384047348983586,
      1.8842822229489684,
      1.6710464777424932,
      1.8677753400988877,
      1.8789661866612732,
      1.7480397569015622,
      1.836166842840612,
      2.202926027122885,
      1.6813772018067539,
      1.3653142941184342,
      1.622102253139019,
      1.3147421414032578,
      1.4141757851466537,
      1.6713931132107973,
      1.228995196055621,
      1.483473485801369,
      1.7628284939564764,
      1.859579780139029,
      1.8354720110073686,
      1.9278320148587227,
      1.7281175339594483,
      2.0531053128652275,
      1.972852820996195,
      1.7488151341676712,
      1.5882916930131614,
      1.8437261739745736,
      1.8039007508195937,
      2.2466360200196505,
      1.7676157960668206,
      1.8906139670871198,
      2.2825686591677368,
      1.744344478007406,
      1.9973256043158472,
      1.9173641363158822,
      2.247158661019057,
      1.9865486971102655,
      1.7340627987869084,
      1.9678705246187747,
