{
  "implementation": "deepspeed_oneccl",
  "backend": "ccl",
  "operation": "reduce",
  "num_ranks": 4,
  "tensor_shape": {
    "batch": 32,
    "seq_len": 2048,
    "hidden_dim": 4096
  },
  "num_elements": 268435456,
  "tensor_size_bytes": 536870912,
  "tensor_size_mb": 512.0,
  "dtype": "bfloat16",
  "warmup_iterations": 10,
  "measurement_iterations": 100,
  "timing_method": "time.perf_counter()",
  "timings": [
    [
      0.8738589491695166,
      0.6615469688549638,
      0.7244595652446151,
      0.6639461126178503,
      0.867676273919642,
      0.5954738259315491,
      0.6300475266762078,
      0.6915949839167297,
      0.6731819971464574,
      0.6528898351825774,
      0.8894562562927604,
      0.6364666279405355,
      0.6755602359771729,
      0.5939891128800809,
      0.46339841187000275,
      0.5230024429038167,
      0.6830647671595216,
      0.6265056999400258,
      0.6282110689207911,
      0.6665705759078264,
      0.6776632661931217,
      0.8699173228815198,
      0.5808371850289404,
      0.6763518848456442,
      0.70634302822873,
      0.6845876942388713,
      0.9141814899630845,
      0.6059100148268044,
      0.6655137920752168,
      0.707386358641088,
      0.6615000199526548,
      0.5724244201555848,
      0.4646921060048044,
      0.613749576266855,
      0.6744128470309079,
      0.6896479912102222,
      0.7014003433287144,
      0.8485780339688063,
      0.6058426331728697,
      0.6779795922338963,
      0.702696402091533,
      0.695308409165591,
      0.9000117289833724,
      0.6063227113336325,
      0.7332389876246452,
      0.6658757613040507,
      0.6475163749419153,
      0.8544293032027781,
      0.4431367232464254,
      0.4605241371318698,
      0.4536408414132893,
      0.4566673063673079,
      0.6197462850250304,
      0.8243498732335865,
      0.6579805589281023,
      0.70100307604298,
      0.6567139201797545,
      0.6543206358328462,
      0.7859788257628679,
      0.6352919014170766,
      0.7053244020789862,
      0.6586370901204646,
      0.62238091789186,
      0.7424750127829611,
      0.6777130202390254,
      0.6620132732205093,
      0.653903020080179,
      0.6922241328284144,
      0.762553920969367,
      0.6426626378670335,
      0.6401807409711182,
      0.7084366381168365,
      0.6933065815828741,
      0.688862910028547,
      0.6687708902172744,
      0.6412171144038439,
      0.6414337339811027,
      0.742845918983221,
      0.7153536253608763,
      0.6264189979992807,
      0.6610570079647005,
      0.6773138702847064,
      0.458939665928483,
      0.5894773020409048,
      0.41035630088299513,
      0.465804873034358,
      0.6409347089938819,
      0.6525907800532877,
      0.7355499402619898,
      0.5906095700338483,
      0.6455722502432764,
      0.6920447861775756,
      0.7015885068103671,
      0.775920582935214,
      0.5797202582471073,
      0.7108456380665302,
      0.6646861950866878,
      0.6851720120757818,
      0.8489016559906304,
      0.561076810117811
    ],
    [
      0.30620432225987315,
      0.221241463907063,
      0.2472027949988842,
      0.22295753099024296,
      0.28000043984502554,
      0.20809236634522676,
      0.20935931289568543,
      0.24615515489131212,
      0.24371289601549506,
      0.2268157871440053,
      0.3155442448332906,
      0.21663237316533923,
      0.2536266800016165,
      0.23420321103185415,
      0.16011630184948444,
      0.154034742154181,
      0.2975575109012425,
      0.18419176805764437,
      0.2267266046255827,
      0.23485611472278833,
      0.23003309173509479,
      0.3147719092667103,
      0.20940032415091991,
      0.24521395890042186,
      0.24911178788170218,
      0.2572142328135669,
      0.2885364377871156,
      0.22188365971669555,
      0.2354830247350037,
      0.2425652090460062,
      0.218099526129663,
      0.16441646870225668,
      0.18840485531836748,
      0.2212989879772067,
      0.2423789012245834,
      0.23342213733121753,
      0.21695438120514154,
      0.3297853101976216,
      0.21261602034792304,
      0.2492566118016839,
      0.2420345153659582,
      0.2157850987277925,
      0.33827090496197343,
      0.21506864624097943,
      0.2585712750442326,
      0.23339239927008748,
      0.22489929804578424,
      0.2827306427061558,
      0.15376432472839952,
      0.16159674897789955,
      0.15607220772653818,
      0.15893167722970247,
      0.17364099714905024,
      0.30139899905771017,
      0.21827609185129404,
      0.2336308490484953,
      0.2246448127552867,
      0.22619638592004776,
      0.3054265030659735,
      0.1946861008182168,
      0.23319487879052758,
      0.2332130828872323,
      0.2098348098807037,
      0.3196957381442189,
      0.2217408469878137,
      0.2396139451302588,
      0.21090882597491145,
      0.23063765186816454,
      0.2933803852647543,
      0.2122211097739637,
      0.21734605310484767,
      0.22836056491360068,
      0.2284844438545406,
      0.3090140586718917,
      0.23706678999587893,
      0.22945481771603227,
      0.2258696141652763,
      0.23517373064532876,
      0.3020901009440422,
      0.21942880377173424,
      0.20505950087681413,
      0.22311790008097887,
      0.1587886093184352,
      0.20639228774234653,
      0.1502665658481419,
      0.1604342400096357,
      0.2246597222983837,
      0.23865926079452038,
      0.23891144432127476,
      0.23786556022241712,
      0.19832766382023692,
      0.23833414912223816,
      0.2221329533495009,
      0.25307173701003194,
      0.2356565068475902,
      0.2492762808687985,
      0.2347481739707291,
      0.2273346921429038,
      0.2289360472932458,
      0.18087957007810473
    ],
    [
      0.7514174319803715,
      0.5067256120964885,
      0.5684828250668943,
      0.5175901339389384,
      0.6928114327602088,
      0.4744492657482624,
      0.4922354300506413,
      0.5499546779319644,
      0.5577369378879666,
      0.5182770332321525,
      0.7671610279940069,
      0.4836871190927923,
      0.5544792339205742,
      0.5068552456796169,
      0.36747067514806986,
      0.38493943912908435,
      0.5649346341378987,
      0.48485291423276067,
      0.5040037580765784,
      0.5315266801044345,
      0.5463017742149532,
      0.7371001080609858,
      0.4612660398706794,
      0.5224169818684459,
      0.5735511519014835,
      0.5476752002723515,
      0.7149603422731161,
      0.4818812566809356,
      0.5144863869063556,
      0.5523502258583903,
      0.528878940269351,
      0.4353278181515634,
      0.38122575636953115,
      0.4852056950330734,
      0.505434094928205,
      0.5512247909791768,
      0.5615601199679077,
      0.7252781661227345,
      0.4750353810377419,
      0.5384421586059034,
      0.5552894230931997,
      0.563950658775866,
      0.7692678649909794,
      0.4761747852899134,
      0.5666923788376153,
      0.5230388748459518,
      0.5140337659977376,
      0.7110657230950892,
      0.35066039208322763,
      0.36610100604593754,
      0.3590325550176203,
      0.3617529049515724,
      0.4620043793693185,
      0.703330366872251,
      0.4620319060049951,
      0.5317728123627603,
      0.5024467390030622,
      0.5465446119196713,
      0.7011975580826402,
      0.5041596521623433,
      0.5463484902866185,
      0.5056939008645713,
      0.5085894879885018,
      0.6452384148724377,
      0.5082288160920143,
      0.5232485961169004,
      0.5048755370080471,
      0.5274638691917062,
      0.612943610176444,
      0.4903142689727247,
      0.5479375417344272,
      0.5272790240123868,
      0.5130652999505401,
      0.5830000438727438,
      0.5082938019186258,
      0.5026136222295463,
      0.5276570999994874,
      0.5263600735925138,
      0.5707221408374608,
      0.4910711948759854,
      0.5428715781308711,
      0.5254733031615615,
      0.3643908239901066,
      0.47564872493967414,
      0.3283175607211888,
      0.36240878514945507,
      0.5270684640854597,
      0.5504589900374413,
