{
  "implementation": "deepspeed_oneccl",
  "backend": "ccl",
  "operation": "allgather",
  "num_ranks": 4,
  "tensor_shape": {
    "batch": 32,
    "seq_len": 2048,
    "hidden_dim": 4096
  },
  "num_elements": 268435456,
  "tensor_size_bytes": 536870912,
  "tensor_size_mb": 512.0,
  "dtype": "bfloat16",
  "warmup_iterations": 10,
  "measurement_iterations": 100,
  "timing_method": "time.perf_counter()",
  "timings": [
    [
      0.6996415043249726,
      0.7878966969437897,
      0.9013238111510873,
      0.6056392770260572,
      0.5865057930350304,
      0.3722188472747803,
      0.6055312659591436,
      0.4134299191646278,
      0.5407459149137139,
      0.6171562620438635,
      0.5276205507107079,
      0.6142985518090427,
      0.5440804362297058,
      0.6844742340035737,
      0.735355680808425,
      0.7541125668212771,
      0.69847855810076,
      0.6719866241328418,
      0.7124172057956457,
      0.7032358441501856,
      0.8465127740055323,
      0.8586517046205699,
      0.8628112911246717,
      0.638819248881191,
      0.5727987261489034,
      0.7196979243308306,
      0.8877212591469288,
      0.9009722359478474,
      0.7132300538942218,
      0.6515274550765753,
      0.9037981983274221,
      0.6825272850692272,
      0.5541418553330004,
      0.6658629151061177,
      0.6772605627775192,
      0.7155580022372305,
      0.6115741012617946,
      0.6111506619490683,
      0.5749540771357715,
      0.6980062159709632,
      0.7214122670702636,
      0.6945056719705462,
      0.6764694340527058,
      0.6403130660764873,
      0.6353773530572653,
      0.8598149330355227,
      0.8376217479817569,
      0.8368097813799977,
      0.6333859306760132,
      0.812114296015352,
      0.6348163168877363,
      0.8226767932064831,
      0.7579435929656029,
      0.7847289680503309,
      0.6541198631748557,
      0.6410824540071189,
      0.8002859759144485,
      0.8340979809872806,
      0.6531127248890698,
      0.638294299133122,
      0.858271277975291,
      0.5458043213002384,
      0.703287404961884,
      0.7816363959573209,
      0.8417978920042515,
      0.8476174809038639,
      0.7493496523238719,
      0.8933022888377309,
      0.8674791459925473,
      0.9271484948694706,
      0.8428675336763263,
      0.6703208140097558,
      0.7456359788775444,
      0.872029721736908,
      0.5428739408962429,
      0.8679532087408006,
      0.5838654022663832,
      0.7170045031234622,
      0.7529729562811553,
      0.869617607910186,
      0.6711652702651918,
      0.6336316377855837,
      0.5944112772122025,
      0.6033985400572419,
      0.7375600547529757,
      0.5546362879686058,
      0.7669419860467315,
      0.6376578048802912,
      0.7517297412268817,
      0.6879685060121119,
      0.8399846912361681,
      0.9179670149460435,
      0.6312776291742921,
      0.9424420557916164,
      0.8579480410553515,
      0.6515575940720737,
      0.6510813622735441,
      0.5853618560358882,
      0.6890852400101721,
      0.6050808941945434
    ],
    [
      0.857493775896728,
      0.6909760604612529,
      0.7290029902942479,
      0.5806551030836999,
      0.49272831762209535,
      0.3722186558879912,
      0.5025240248069167,
      0.4134238790720701,
      0.646094046998769,
      0.5161787648685277,
      0.6306074736639857,
      0.512358978856355,
      0.6366091812960804,
      0.562409833073616,
      0.705948683898896,
      0.8348048985935748,
      0.6984761659987271,
      0.6719895577989519,
      0.8990628658793867,
      0.9038869747892022,
      0.9011087813414633,
      0.6428011520765722,
      0.6593024367466569,
      0.6575260139070451,
      0.6507836668752134,
      0.7196920430287719,
      0.6841155160218477,
      0.7106477529741824,
      0.9253847948275506,
      0.8528431607410312,
      0.9013272719457746,
      0.6825235770083964,
      0.5374490921385586,
      0.7358940541744232,
      0.7087309709750116,
      0.715592784807086,
      0.6115756649523973,
      0.6118116490542889,
      0.7625866653397679,
      0.5569633608683944,
      0.6558911870233715,
      0.6847500032745302,
      0.6764715299941599,
      0.8334947382099926,
      0.6351431389339268,
      0.6706581320613623,
      0.8319932566955686,
      0.6430392791517079,
      0.7963585578836501,
      0.6519528771750629,
      0.6380057781934738,
      0.6253752438351512,
      0.9729509009048343,
      0.5832155179232359,
      0.7621850110590458,
      0.6411236780695617,
      0.8002842888236046,
      0.644852994941175,
      0.830214343033731,
      0.6382930031977594,
      0.8121904442086816,
      0.5471091312356293,
      0.6560965650714934,
      0.7816358129493892,
      0.8373906649649143,
      0.840175969991833,
      0.7493493999354541,
      0.9430019240826368,
      0.8740590242668986,
      0.9257684960030019,
      0.9082532390020788,
      0.8446878986433148,
      0.7456457447260618,
      0.9148546564392745,
      0.5411537406034768,
      0.6787883173674345,
      0.6738322069868445,
      0.6904958519153297,
      0.6945705399848521,
      0.7128326478414237,
      0.8468084242194891,
      0.6334247258491814,
      0.6034492310136557,
      0.6033924291841686,
      0.7356772948987782,
      0.5546292862854898,
      0.572725844103843,
      0.6376579590141773,
      0.6780437678098679,
      0.6879643797874451,
      0.6467772992327809,
      0.7742437100969255,
      0.6312642032280564,
      0.9652997027151287,
      0.8359173056669533,
      0.8161690491251647,
      0.6510960711166263,
      0.7894716253504157,
      0.8783680559135973,
      0.5930754067376256
    ],
    [
      0.8574740099720657,
      0.699962598271668,
      0.7178218592889607,
      0.6056151050142944,
      0.4927310971543193,
      0.37221827497705817,
      0.5025249398313463,
      0.41342895617708564,
      0.6460765651427209,
      0.5161788850091398,
      0.6305962060578167,
      0.5123642748221755,
      0.6365904198028147,
      0.5624138242565095,
      0.7059531793929636,
      0.834784169215709,
      0.6984864580444992,
      0.6719861561432481,
      0.924432388972491,
      0.9030348807573318,
      0.9080782090313733,
      0.6427967119961977,
      0.6540226950310171,
      0.6388159389607608,
      0.6763383392244577,
      0.7196931303478777,
      0.684111719019711,
      0.7103352439589798,
      0.9253707742318511,
      0.8528198110871017,
      0.9013080010190606,
      0.6825191038660705,
      0.5541407652199268,
      0.7458488936536014,
      0.7317583030089736,
      0.7155624870210886,
      0.6115797241218388,
      0.5987645220011473,
      0.7625719946809113,
      0.56398805975914,
      0.6554735600948334,
      0.6944949529133737,
      0.6764714769087732,
      0.8334741592407227,
      0.6351426839828491,
      0.6706358711235225,
      0.8319676509127021,
      0.6489344779402018,
      0.7963411370292306,
      0.6519531942903996,
      0.634234732016921,
      0.6298098610714078,
      0.9729389231652021,
      0.5848233718425035,
      0.7659559119492769,
      0.6410855338908732,
      0.800294048152864,
      0.644856617320329,
      0.8301960472017527,
      0.6382975936867297,
      0.8121730601415038,
      0.5408216011710465,
      0.6630868650972843,
      0.7816338781267405,
      0.8363340459764004,
      0.8486699261702597,
      0.7493596030399203,
      0.9429897987283766,
      0.8631715211085975,
      0.9257416352629662,
      0.9082358540035784,
      0.8446697662584484,
      0.7456395886838436,
      0.9148404789157212,
      0.5585695197805762,
      0.6787680201232433,
      0.673810665961355,
      0.6917035290971398,
      0.6945553622208536,
      0.7209016620181501,
      0.8467905917204916,
      0.6335171652026474,
      0.598005567677319,
      0.6033919737674296,
      0.7375518484041095,
      0.5546344215981662,
      0.5727277011610568,
      0.6246593068353832,
      0.6910109729506075,
      0.6879659560509026,
      0.6467816708609462,
