{
  "implementation": "deepspeed_oneccl",
  "backend": "ccl",
  "operation": "gather",
  "num_ranks": 4,
  "tensor_shape": {
    "batch": 16,
    "seq_len": 1,
    "hidden_dim": 4096
  },
  "num_elements": 65536,
  "tensor_size_bytes": 131072,
  "tensor_size_mb": 0.125,
  "dtype": "bfloat16",
  "warmup_iterations": 10,
  "measurement_iterations": 100,
  "timing_method": "time.perf_counter()",
  "timings": [
    [
      0.013089491985738277,
      0.0261059389449656,
      0.00034910067915916443,
      0.013327368069440126,
      0.025899796281009912,
      0.008847482036799192,
      0.026072447188198566,
      0.00010162731632590294,
      0.000139657873660326,
      0.024053524248301983,
      0.02576594613492489,
      0.02592632081359625,
      0.024369501043111086,
      0.025914985220879316,
      0.0007342076860368252,
      0.00015783123672008514,
      0.013674918096512556,
      0.0001982441172003746,
      0.014048114884644747,
      0.00019480381160974503,
      0.013937408104538918,
      0.013704266864806414,
      0.013697972055524588,
      0.00018851691856980324,
      0.013696790672838688,
      0.0005673388950526714,
      0.00040283193811774254,
      0.00013602804392576218,
      0.00013313768431544304,
      0.000131318811327219,
      0.00013642478734254837,
      0.00014988798648118973,
      0.00013700081035494804,
      0.00014188000932335854,
      0.00014274194836616516,
      0.0001361072063446045,
      0.00015560723841190338,
      0.00014123227447271347,
      0.012993643060326576,
      0.0001476062461733818,
      0.00014041457325220108,
      0.0001397416926920414,
      0.00014317315071821213,
      0.0009495401754975319,
      0.00016735680401325226,
      0.012616969179362059,
      0.00015573203563690186,
      0.0001438269391655922,
      0.00013783667236566544,
      0.00013968069106340408,
      0.00014152098447084427,
      0.00014428840950131416,
      0.00014160200953483582,
      0.0001487918198108673,
      0.00014506187289953232,
      0.013580820988863707,
      0.00014157220721244812,
      0.00020207324996590614,
      0.00013693096116185188,
      0.00014393683522939682,
      0.00014093192294239998,
      0.00016704993322491646,
      0.012853645719587803,
      0.00015207473188638687,
      0.00016216188669204712,
      0.00015761330723762512,
      0.0001520649529993534,
      0.00014494406059384346,
      0.01269096415489912,
      0.00012172898277640343,
      0.00012045912444591522,
      0.00012182909995317459,
      0.00012024072930216789,
      0.0001270831562578678,
      0.00012670084834098816,
      0.0001236535608768463,
      0.00013082660734653473,
      0.008435878437012434,
      0.0003332500346004963,
      0.024212219286710024,
      0.02491143299266696,
      0.025910414289683104,
      0.0008105509914457798,
      0.0005283169448375702,
      0.00014921370893716812,
      0.00040999799966812134,
      0.00030044373124837875,
      0.00014832615852355957,
      0.0003499290905892849,
      0.0003806757740676403,
      0.00014877598732709885,
      0.00014769518747925758,
      0.00013843178749084473,
      0.00014896737411618233,
      0.00016396166756749153,
      0.00014016777276992798,
      0.00014258269220590591,
      0.00014016591012477875,
      0.00014482391998171806,
      0.0001450609415769577
    ],
    [
      0.0008017662912607193,
      0.0008273608982563019,
      8.872011676430702e-05,
      0.013268824201077223,
      0.00012091966345906258,
      0.008805792778730392,
      0.025998102966696024,
      0.025943666230887175,
      0.011077774688601494,
      0.011126008816063404,
      0.00010873982682824135,
      0.00010612001642584801,
      0.00011171586811542511,
      0.025568125303834677,
      0.02522133756428957,
      0.02588991727679968,
      0.02594298915937543,
      0.025934210047125816,
      0.02594838198274374,
      0.025942435953766108,
      0.01226053899154067,
      0.01219284301623702,
      0.02600342221558094,
      0.02594615938141942,
      0.025936424732208252,
      0.02595137106254697,
      0.02596285380423069,
      0.025307417381554842,
      0.025856205262243748,
      0.025975083000957966,
      0.02648813696578145,
      0.026116529945284128,
      0.02554024802520871,
      0.02622550493106246,
      0.025936983060091734,
      0.02558486396446824,
      0.025874563958495855,
      0.016030762810260057,
      0.02563288575038314,
      0.025326308328658342,
      0.025876495987176895,
      0.0262213540263474,
      0.026099226903170347,
      0.026036738883703947,
      0.02583630196750164,
      0.025876331143081188,
      0.025560172740370035,
      0.026273049879819155,
      0.02621156396344304,
      0.025549036916345358,
      0.026279648765921593,
      0.02555604698136449,
      0.02644773479551077,
      0.025279012974351645,
      0.02521943813189864,
      0.026204556692391634,
      0.025981839280575514,
      0.025652130134403706,
      0.02582929888740182,
      0.02564089186489582,
      0.02621959475800395,
      0.026237445883452892,
      0.02611666265875101,
      0.012711995746940374,
      0.02603805111721158,
      0.02519015921279788,
      0.013467457611113787,
      0.013359359931200743,
      0.01226758910343051,
      0.02599164005368948,
      0.025968980975449085,
      0.025967282243072987,
      0.025962922256439924,
      0.025963892694562674,
      0.025963803753256798,
      0.025966406799852848,
      0.025966369081288576,
      0.010316279251128435,
      0.00031566573306918144,
      0.011186949908733368,
      0.00011596689000725746,
      0.026004355866461992,
      0.02597546298056841,
      0.025895878206938505,
      0.026459319051355124,
      0.02549599204212427,
      0.02607123414054513,
      0.02643697615712881,
      0.025240855757147074,
      0.026729516685009003,
      0.02532771322876215,
      0.026248172856867313,
      0.02546852035447955,
      0.026307676918804646,
      0.02550685266032815,
      0.02572919800877571,
      0.025963496882468462,
      0.02532458584755659,
      0.026400012895464897,
      0.025649121031165123
    ],
    [
      0.012514190748333931,
      0.02593102166429162,
      0.02441262686625123,
      0.02640221407637,
      0.025692276190966368,
      0.005262324120849371,
      7.463479414582253e-05,
      0.013033317402005196,
      0.024822793900966644,
      0.00047774286940693855,
      8.210400119423866e-05,
      7.895613089203835e-05,
      8.01202841103077e-05,
      9.46209765970707e-05,
      0.012892646715044975,
      0.0009791217744350433,
      0.013614009134471416,
      0.00015872996300458908,
      0.013827720191329718,
      0.0011130613274872303,
      0.01393483579158783,
      0.012945170048624277,
      0.013693930115550756,
      0.00014839181676506996,
      0.013647552113980055,
      0.013149905949831009,
      0.00014386698603630066,
      0.0002865288406610489,
      0.0002844706177711487,
      0.0004362338222563267,
      0.00022662105038762093,
      0.00012515392154455185,
      0.00011498993262648582,
      0.00039437320083379745,
      0.00046687107533216476,
      0.00026510702446103096,
      0.0003325100988149643,
      0.0004757107235491276,
      0.012941231019794941,
      0.0004558698274195194,
      0.00031600380316376686,
      0.00018205586820840836,
      0.00017366604879498482,
      0.0009064781479537487,
      0.0018661771900951862,
      0.012567289639264345,
      0.0005458849482238293,
      0.000627364031970501,
      0.00014460179954767227,
      0.00014943676069378853,
      0.0001878952607512474,
      0.0005536186508834362,
      0.0008116052486002445,
      0.0001224493607878685,
      0.0005669933743774891,
      0.01353604020550847,
      0.0004990082234144211,
      0.0005073258653283119,
      0.0004963641986250877,
      0.0003297841176390648,
      0.0003843531012535095,
      0.0001345188356935978,
      0.012848611921072006,
      0.00011894293129444122,
