{
  "implementation": "deepspeed_oneccl",
  "backend": "ccl",
  "operation": "broadcast",
  "num_ranks": 4,
  "tensor_shape": {
    "batch": 1,
    "seq_len": 2048,
    "hidden_dim": 4096
  },
  "num_elements": 8388608,
  "tensor_size_bytes": 16777216,
  "tensor_size_mb": 16.0,
  "dtype": "bfloat16",
  "warmup_iterations": 10,
  "measurement_iterations": 100,
  "timing_method": "time.perf_counter()",
  "timings": [
    [
      0.013342360034584999,
      0.013012621086090803,
      0.012122989166527987,
      0.015619558747857809,
      0.015580084174871445,
      0.013148366007953882,
      0.01564526930451393,
      0.016047012992203236,
      0.013222030829638243,
      0.015350176021456718,
      0.015096240676939487,
      0.012719583697617054,
      0.015597431920468807,
      0.015800283756107092,
      0.013383748941123486,
      0.015808559022843838,
      0.015413417015224695,
      0.012650591786950827,
      0.01598880998790264,
      0.01567939482629299,
      0.013622153084725142,
      0.01458430103957653,
      0.015941177029162645,
      0.013878712430596352,
      0.015424441080540419,
      0.015259169973433018,
      0.013631250709295273,
      0.01577838324010372,
      0.01554974028840661,
      0.014317580033093691,
      0.014103990979492664,
      0.015610897913575172,
      0.013110670261085033,
      0.01521056704223156,
      0.01555676432326436,
      0.01344430586323142,
      0.01528557064011693,
      0.015733829233795404,
      0.006082070991396904,
      0.014321974013000727,
      0.01624421775341034,
      0.019702820107340813,
      0.015321080107241869,
      0.016627919860184193,
      0.019771226216107607,
      0.01599430013448,
      0.01709443563595414,
      0.019749226048588753,
      0.01587911695241928,
      0.0170647157356143,
      0.019415629096329212,
      0.01564364694058895,
      0.016672290861606598,
      0.019184473901987076,
      0.015269711147993803,
      0.016348378732800484,
      0.01454996783286333,
      0.015575679019093513,
      0.015833143144845963,
      0.01367562497034669,
      0.014856618363410234,
      0.016379672568291426,
      0.014222551137208939,
      0.01511240703985095,
      0.015848489943891764,
      0.014130517840385437,
      0.014546941965818405,
      0.015826985239982605,
      0.014391299802809954,
      0.014337082393467426,
      0.014894826803356409,
      0.013634858652949333,
      0.015415332280099392,
      0.015608679037541151,
      0.012820506002753973,
      0.014387170784175396,
      0.01544400118291378,
      0.01351838605478406,
      0.015455660875886679,
      0.015328498557209969,
      0.014480526093393564,
      0.015171471983194351,
      0.016516291070729494,
      0.01416384195908904,
      0.0149731389246881,
      0.014844285789877176,
      0.014555328991264105,
      0.01701992703601718,
      0.015276063233613968,
      0.013263482134789228,
      0.015802686102688313,
      0.01605453295633197,
      0.014070273842662573,
      0.01571538671851158,
      0.01522837020456791,
      0.014786669053137302,
      0.015401646960526705,
      0.01667962595820427,
      0.015168435871601105,
      0.015014444943517447
    ],
    [
      0.00216107489541173,
      0.0024056541733443737,
      0.0027714907191693783,
      0.015480190049856901,
      0.015581231098622084,
      0.012803971767425537,
      0.003079187124967575,
      0.01605054270476103,
      0.012757668271660805,
      0.015351567417383194,
      0.015098052099347115,
      0.012351550627499819,
      0.0025110412389039993,
      0.015554619021713734,
      0.01338184205815196,
      0.0030145817436277866,
      0.01541873998939991,
      0.012654175981879234,
      0.015992687083780766,
      0.015683970879763365,
      0.011765549890697002,
      0.002725569996982813,
      0.015946008265018463,
      0.013208409771323204,
      0.01542976824566722,
      0.015250511933118105,
      0.01096933614462614,
      0.0027387207373976707,
      0.0037897522561252117,
      0.01238131895661354,
      0.00281430222094059,
      0.015610808040946722,
      0.01276919012889266,
      0.015213781967759132,
      0.01551101915538311,
      0.013447448145598173,
      0.015289978124201298,
      0.015257200226187706,
      0.006086050067096949,
      0.0030275266617536545,
      0.0036880760453641415,
      0.0026814653538167477,
      0.0024740477092564106,
      0.0034280167892575264,
      0.002552174963057041,
      0.0026713740080595016,
      0.0036238147877156734,
      0.0025686551816761494,
      0.002704448066651821,
      0.0027090972289443016,
      0.002541583962738514,
      0.002483772113919258,
      0.0026777382008731365,
      0.0025595887564122677,
      0.0024826321750879288,
      0.0026647336781024933,
      0.014550378080457449,
      0.003233856987208128,
      0.015831415075808764,
      0.011780216824263334,
      0.002593174111098051,
      0.0027659479528665543,
      0.014225814025849104,
      0.015091869048774242,
      0.015852651093155146,
      0.011336951982229948,
      0.0025360658764839172,
      0.002619083970785141,
      0.012436079327017069,
      0.0031890543177723885,
      0.014898104127496481,
      0.012090169824659824,
      0.0034107319079339504,
      0.015209808014333248,
      0.012824147939682007,
      0.014389703050255775,
      0.014028219971805811,
      0.013522802852094173,
      0.015418583061546087,
      0.015082424972206354,
      0.01170814223587513,
      0.002643811982125044,
      0.0034791110083460808,
      0.013876335229724646,
      0.014975956175476313,
      0.013846943154931068,
      0.01311004301533103,
      0.0026692980900406837,
      0.003745640628039837,
      0.013061753939837217,
      0.01580530684441328,
      0.016058924607932568,
      0.012799196876585484,
      0.003028595820069313,
      0.015218867920339108,
      0.011922596953809261,
      0.002646057866513729,
      0.002811493817716837,
      0.014280587434768677,
      0.002735904883593321
    ],
    [
      0.013341205194592476,
      0.013011153787374496,
      0.011498111300170422,
      0.015619473066180944,
      0.015197510831058025,
      0.013146630022674799,
      0.015159416012465954,
      0.016042793169617653,
      0.013220520690083504,
      0.013890163041651249,
      0.002236428204923868,
      0.012718793004751205,
      0.014878130983561277,
      0.003326074220240116,
      0.012705570086836815,
      0.0029954947531223297,
      0.015414355788379908,
      0.01210692897439003,
      0.0155827971175313,
      0.015666681807488203,
      0.0136234643869102,
      0.014584620948880911,
      0.015819857828319073,
      0.01387970196083188,
      0.013819074258208275,
      0.0028581381775438786,
      0.013623856008052826,
      0.013810211792588234,
      0.003796636126935482,
      0.014319789130240679,
      0.014102908782660961,
      0.014942561276257038,
      0.013111246284097433,
      0.015032119583338499,
      0.015555518679320812,
      0.013441002927720547,
      0.014957652892917395,
      0.01573460502550006,
      0.0053280978463590145,
      0.0028926976956427097,
      0.003695884719491005,
      0.0026243729516863823,
      0.0026193689554929733,
      0.003424522001296282,
      0.00257248617708683,
      0.002513461746275425,
      0.00362921180203557,
      0.002573505975306034,
      0.0024694749154150486,
      0.00265762722119689,
      0.0025462713092565536,
      0.0024240328930318356,
      0.002607719972729683,
      0.002575947903096676,
      0.0023742257617413998,
      0.002589900977909565,
      0.0025296444073319435,
      0.0028652497567236423,
      0.015832459554076195,
      0.013676992151886225,
      0.014857207890599966,
      0.01543219294399023,
      0.014155113138258457,
      0.013544029090553522,
      0.0035316068679094315,
      0.014132217969745398,
      0.014549512881785631,
      0.01397792436182499,
      0.014392266049981117,
      0.014337158296257257,
