{
  "implementation": "deepspeed_oneccl",
  "backend": "ccl",
  "operation": "reduce",
  "num_ranks": 4,
  "tensor_shape": {
    "batch": 1,
    "seq_len": 8192,
    "hidden_dim": 2048
  },
  "num_elements": 16777216,
  "tensor_size_bytes": 33554432,
  "tensor_size_mb": 32.0,
  "dtype": "bfloat16",
  "warmup_iterations": 10,
  "measurement_iterations": 100,
  "timing_method": "time.perf_counter()",
  "timings": [
    [
      0.05065128533169627,
      0.08053476316854358,
      0.0798532459884882,
      0.10799119621515274,
      0.11062751524150372,
      0.0921307671815157,
      0.11234418815001845,
      0.047228108160197735,
      0.06364649115130305,
      0.06242297263815999,
      0.06780191510915756,
      0.06475783372297883,
      0.05500071868300438,
      0.06560094095766544,
      0.0596147938631475,
      0.062404336873441935,
      0.05960835563018918,
      0.06393055012449622,
      0.05719174724072218,
      0.06453973986208439,
      0.06194353522732854,
      0.058531180024147034,
      0.06336674094200134,
      0.06262578070163727,
      0.05775476107373834,
      0.061433956027030945,
      0.05839456571266055,
      0.0606252271682024,
      0.06463549705222249,
      0.05831997003406286,
      0.07273857109248638,
      0.06555371731519699,
      0.06500163534656167,
      0.04515520576387644,
      0.06945544015616179,
      0.08161535765975714,
      0.10566204786300659,
      0.09045862592756748,
      0.0634521278552711,
      0.060264084953814745,
      0.05743042891845107,
      0.05531953275203705,
      0.10453072795644403,
      0.078865772113204,
      0.08448968827724457,
      0.07992804003879428,
      0.08809596812352538,
      0.0786804580129683,
      0.08002215065062046,
      0.07985832309350371,
      0.08214782271534204,
      0.08095616102218628,
      0.08287062589079142,
      0.06057752622291446,
      0.07296235114336014,
      0.08861373458057642,
      0.08034303784370422,
      0.07999722892418504,
      0.08128826599568129,
      0.0871307859197259,
      0.08567818906158209,
      0.08533379808068275,
      0.08469660300761461,
      0.08441419713199139,
      0.06447397219017148,
      0.0408770008943975,
      0.05793620506301522,
      0.061319573782384396,
      0.06416067201644182,
      0.05647391080856323,
      0.07960108574479818,
      0.07796109421178699,
      0.07924915384501219,
      0.06524610100314021,
      0.06466966401785612,
      0.06234684633091092,
      0.0589689239859581,
      0.05683295428752899,
      0.06523497588932514,
      0.08224039478227496,
      0.07895653788000345,
      0.08870829874649644,
      0.08084190404042602,
      0.07895513903349638,
      0.08644099906086922,
      0.07879696693271399,
      0.08010046184062958,
      0.06527059292420745,
      0.060672709718346596,
      0.08768526883795857,
      0.10682113096117973,
      0.09173756605014205,
      0.07823392283171415,
      0.06188275711610913,
      0.06216357508674264,
      0.06009469600394368,
      0.056885615922510624,
      0.059748683124780655,
      0.05829940503463149,
      0.0611260118894279
    ],
    [
      0.011111449915915728,
      0.03866552282124758,
      0.03946114797145128,
      0.026484626810997725,
      0.029371044132858515,
      0.029492435976862907,
      0.031387181021273136,
      0.012095770332962275,
      0.026005803141742945,
      0.02600067900493741,
      0.03535054111853242,
      0.011283370200544596,
      0.01148658525198698,
      0.038237464148551226,
      0.02580179600045085,
      0.01127453614026308,
      0.025682896375656128,
      0.01239286595955491,
      0.011399098671972752,
      0.02709059091284871,
      0.025843721814453602,
      0.026891052722930908,
      0.035462896805256605,
      0.02636757679283619,
      0.012117055710405111,
      0.02701985789462924,
      0.02756377123296261,
      0.011558611877262592,
      0.025727596133947372,
      0.027065343223512173,
      0.02048160834237933,
      0.02567184017971158,
      0.02611012989655137,
      0.02655956195667386,
      0.011729356832802296,
      0.02751584490761161,
      0.029274596367031336,
      0.02816534088924527,
      0.03672003699466586,
      0.03855355316773057,
      0.026001805905252695,
      0.02566785318776965,
      0.023351379204541445,
      0.02669085143133998,
      0.026739247143268585,
      0.011741667985916138,
      0.02599888388067484,
      0.026009397115558386,
      0.026718802750110626,
      0.026010052300989628,
      0.026560017839074135,
      0.02650395128875971,
      0.026501148007810116,
      0.011722750030457973,
      0.026052174158394337,
      0.027064202819019556,
      0.026676989160478115,
      0.02602028986439109,
      0.026234610006213188,
      0.02694785362109542,
      0.026247903238981962,
      0.0283002438955009,
      0.029569663107395172,
      0.029715065844357014,
      0.029054549988359213,
      0.010949392803013325,
      0.02652441104874015,
      0.010076176840811968,
      0.025917382910847664,
      0.02627769112586975,
      0.0264171757735312,
      0.02585095213726163,
      0.025979539845138788,
      0.02686930727213621,
      0.023208987899124622,
      0.026087972801178694,
      0.026093099266290665,
      0.025187192019075155,
      0.02184559591114521,
      0.02621079795062542,
      0.025931993033736944,
      0.026577490847557783,
      0.026056588161736727,
      0.025696670170873404,
      0.02649778127670288,
      0.036016732919961214,
      0.03524380782619119,
      0.026008301880210638,
      0.012227711733430624,
      0.015528115909546614,
      0.02827096590772271,
      0.02731173997744918,
      0.02917687175795436,
      0.010454183910042048,
      0.02598911290988326,
      0.025579066947102547,
      0.026519123930484056,
      0.020197908859699965,
      0.026708170771598816,
      0.010800465010106564
    ],
    [
      0.043021058198064566,
      0.06140034692361951,
      0.05364221800118685,
      0.07906389888375998,
      0.08224117569625378,
      0.08016082691028714,
      0.08991398988291621,
      0.03724453179165721,
      0.057765429839491844,
      0.056761365849524736,
      0.061333670280873775,
      0.05886791925877333,
      0.03658016584813595,
      0.0520064658485353,
      0.05346960201859474,
      0.0567350247874856,
      0.05350693967193365,
      0.05796279525384307,
      0.038050543051213026,
      0.052274967078119516,
      0.056088064797222614,
      0.05265969131141901,
      0.05767248384654522,
      0.05445117084309459,
      0.05287059070542455,
      0.055936894845217466,
      0.03771267179399729,
      0.05198503192514181,
      0.05890887277200818,
      0.05250205006450415,
      0.05553080374374986,
      0.052939875051379204,
      0.059139180928468704,
      0.05028685135766864,
      0.05280930595472455,
      0.053272025659680367,
      0.07871019188314676,
      0.07800278905779123,
      0.0583254718221724,
      0.05495595606043935,
      0.05200921418145299,
      0.037316523026674986,
      0.08931804122403264,
      0.05239602690562606,
      0.06653886800631881,
      0.05187160288915038,
      0.07920640287920833,
      0.058413087856024504,
      0.05353514291346073,
      0.054449190851300955,
      0.055485846009105444,
      0.05493968492373824,
      0.05722089111804962,
      0.052007838152348995,
      0.0611405516974628,
      0.08850794518366456,
      0.0604666150175035,
      0.05398907512426376,
      0.05291419103741646,
      0.0799986058846116,
      0.06416117399930954,
      0.05871162191033363,
      0.05786639032885432,
      0.055818322114646435,
      0.054621041752398014,
      0.03543089376762509,
      0.054238755721598864,
      0.05582714267075062,
      0.05614510225132108,
      0.03740634210407734,
      0.05255426513031125,
      0.05319816526025534,
      0.05265783192589879,
      0.06612145062536001,
      0.05869774799793959,
      0.056887298822402954,
      0.053395068272948265,
