{
  "implementation": "deepspeed_oneccl",
  "backend": "ccl",
  "operation": "gather",
  "num_ranks": 4,
  "tensor_shape": {
    "batch": 16,
    "seq_len": 8192,
    "hidden_dim": 4096
  },
  "num_elements": 536870912,
  "tensor_size_bytes": 1073741824,
  "tensor_size_mb": 1024.0,
  "dtype": "bfloat16",
  "warmup_iterations": 10,
  "measurement_iterations": 100,
  "timing_method": "time.perf_counter()",
  "timings": [
    [
      1.5348294102586806,
      1.5193870989605784,
      1.5552180469967425,
      1.671196246985346,
      1.453709633089602,
      1.6542316609993577,
      1.5985942939296365,
      1.5300356321968138,
      1.6146570979617536,
      1.6053367662243545,
      1.540002177003771,
      1.5325190206058323,
      1.6922187325544655,
      1.4261619509197772,
      1.6185648450627923,
      1.5483385790139437,
      1.5134578431025147,
      1.5713540189899504,
      1.6281244391575456,
      1.5171283651143312,
      1.5160822309553623,
      1.6888799271546304,
      1.4428416946902871,
      1.6364329089410603,
      1.5963374320417643,
      1.5279722451232374,
      1.5626209378242493,
      1.5894375089555979,
      1.5293712089769542,
      1.550531298853457,
      1.6734316749498248,
      1.4221440786495805,
      1.6885482496581972,
      1.591872172895819,
      1.641175530385226,
      1.5551634938456118,
      1.5585171091370285,
      1.6140405149199069,
      1.423114491160959,
      1.6238310327753425,
      1.523047499358654,
      1.5660071251913905,
      1.5557171548716724,
      1.6110685761086643,
      1.4937682831659913,
      1.5618858453817666,
      1.6040235608816147,
      1.485480458009988,
      1.637809886597097,
      1.5186381908133626,
      1.6691739880479872,
      1.5286988401785493,
      1.6114724911749363,
      1.3933791127055883,
      1.4201385248452425,
      1.5706851873546839,
      1.5252143270336092,
      1.6238688509911299,
      1.4873659326694906,
      1.7262782133184373,
      1.6188778462819755,
      1.5716968211345375,
      1.5364158707670867,
      1.6451510111801326,
      1.510448170825839,
      1.6019799341447651,
      1.6441672057844698,
      1.5013094758614898,
      1.5979876057244837,
      1.5135685200802982,
      1.5948323141783476,
      1.5581610999070108,
      1.5690692840144038,
      1.5383289651945233,
      1.5715438928455114,
      1.6309802499599755,
      1.4392081899568439,
      1.7281647538766265,
      1.5954016190953553,
      1.6131595657207072,
      1.5609161332249641,
      1.6169166779145598,
      1.4914481039159,
      1.5628740340471268,
      1.6013678712770343,
      1.5518743363209069,
      1.6073360228911042,
      1.518823352176696,
      1.6605053516104817,
      1.497378357220441,
      1.5897978749126196,
      1.6013343278318644,
      1.4994312557391822,
      1.609959180932492,
      1.5151710780337453,
      1.5955898719839752,
      1.5133598516695201,
      1.6583307776600122,
      1.474073669873178,
      1.6004773187451065
    ],
    [
      0.5733575448393822,
      1.0738309249281883,
      0.6624194458127022,
      0.6046916898339987,
      0.5770172439515591,
      0.6366682308726013,
      1.0707034920342267,
      0.5583569989539683,
      0.7191032017581165,
      0.5848835702054203,
      0.6350700710900128,
      0.679150371812284,
      0.6709843561984599,
      0.5620403569191694,
      0.6903564278036356,
      0.6009353320114315,
      0.5695150573737919,
      0.6752162822522223,
      0.5949688800610602,
      0.6221888931468129,
      0.6660089981742203,
      0.6191983120515943,
      0.9865513001568615,
      0.7466429104097188,
      0.5872444747947156,
      0.5604263781569898,
      0.7113477187231183,
      0.5814518188126385,
      0.6239964892156422,
      0.6696629440411925,
      0.6529948459938169,
      0.5960010490380228,
      0.7114453269168735,
      0.6086527700535953,
      0.5654156222008169,
      0.6172848739661276,
      1.115822919178754,
      0.6224962058477104,
      1.0029483321122825,
      0.6971556437201798,
      0.5893139448016882,
      0.6000750069506466,
      0.715212618932128,
      0.5506567270494998,
      1.063666669651866,
      0.6794858863577247,
      0.6284170248545706,
      0.5711545599624515,
      0.729171390645206,
      0.5773937371559441,
      0.6370237031951547,
      0.6073560379445553,
      0.5906071797944605,
      0.5840165102854371,
      0.5435841740109026,
      0.675048291683197,
      1.092949298210442,
      0.6382006988860667,
      0.6197065939195454,
      0.6652860781177878,
      0.606808353215456,
      0.6080780820921063,
      0.6926730521954596,
      1.104368831962347,
      0.6451486889272928,
      0.6820488939993083,
      1.2374678351916373,
      0.5660654907114804,
      0.6989734782837331,
      1.0868918593041599,
      0.6303689531050622,
      0.6089988788589835,
      1.0421483973041177,
      0.6697913599200547,
      0.6091231675818563,
      0.6479744617827237,
      0.5643094899132848,
      0.7479560519568622,
      0.5974422027356923,
      1.1100539085455239,
      0.6931525431573391,
      0.5830079521983862,
      0.5889376807026565,
      0.67064114427194,
      0.6285530952736735,
      1.0042998418211937,
      0.6462220228277147,
      0.6906103980727494,
      0.5740330829285085,
      0.6079069231636822,
      1.1015788619406521,
      0.6218608729541302,
      0.5843498739413917,
      0.7149820933118463,
      0.5744897369295359,
      1.1157636381685734,
      0.64014664106071,
      0.5956100430339575,
      1.0044866013340652,
      0.6212215446867049
    ],
    [
      0.9901673751883209,
      1.0873150289990008,
      1.1169254030101001,
      1.0983103588223457,
      1.0076129557564855,
      1.1587448962964118,
      1.0767483143135905,
      1.0109369358979166,
      1.1755029782652855,
      1.0226714168675244,
      1.092254628892988,
      1.1286493469960988,
      1.1526749627664685,
      0.9868961749598384,
      1.1333669978193939,
      1.0432770331390202,
      1.0478332643397152,
      1.1641505029983819,
      1.0258708358742297,
      1.075885749887675,
      1.0966902510263026,
      1.1126411380246282,
      0.9865508461371064,
      1.1950053707696497,
      1.0829942030832171,
      1.0303779072128236,
      1.14567269384861,
      1.062684243079275,
      1.0952590079978108,
      1.0958441100083292,
      1.1954700136557221,
      1.0203873962163925,
      1.1991066229529679,
      1.1670084819197655,
      1.0559371151030064,
      1.1186985434032977,
      1.1094191591255367,
      1.0693937786854804,
      1.0045041129924357,
      1.1655357759445906,
      1.0188657729886472,
      1.0963677349500358,
      1.1337678860872984,
      1.0658160638995469,
      1.0641659079119563,
      1.0964680816978216,
      1.1523064663633704,
      1.019614434801042,
      1.1984381759539247,
      1.083004882093519,
      1.1230072467587888,
      1.0841219150461257,
      1.1690431060269475,
      0.9951402940787375,
      0.991818689275533,
      1.1263687876053154,
      1.1009457930922508,
      1.1338218948803842,
      1.0515133561566472,
      1.236583414953202,
      1.0630756788887084,
      1.1006567380391061,
      1.118524202145636,
      1.1043688161298633,
      1.0852228198200464,
      1.093571521807462,
      1.232297196984291,
      1.0091262119822204,
      1.1669927118346095,
      1.0880396082066,
      1.123996642883867,
      1.118521009106189,
      1.0366098526865244,
      1.1233346457593143,
      1.1223432808183134,
      1.10842617880553,
      1.0100737418979406,
      1.2413434158079326,
      1.0513845579698682,
      1.1016716700978577,
      1.1430114558897913,
      1.1896209167316556,
      1.010953949764371,
      1.1103442329913378,
      1.1715194983407855,
      1.0044233580119908,
      1.1417547957971692,
      1.0983643680810928,
      1.1076207249425352,
      1.0378718771971762,
      1.0966840870678425,
      1.14800941105932,
