{
  "implementation": "deepspeed_oneccl",
  "backend": "ccl",
  "operation": "broadcast",
  "num_ranks": 4,
  "tensor_shape": {
    "batch": 8,
    "seq_len": 1,
    "hidden_dim": 4096
  },
  "num_elements": 32768,
  "tensor_size_bytes": 65536,
  "tensor_size_mb": 0.0625,
  "dtype": "bfloat16",
  "warmup_iterations": 10,
  "measurement_iterations": 100,
  "timing_method": "time.perf_counter()",
  "timings": [
    [
      0.025948930997401476,
      0.025946159847080708,
      0.025953599717468023,
      0.022985902149230242,
      0.010899099055677652,
      0.012942283879965544,
      0.02597125479951501,
      0.025937777012586594,
      0.02595215616747737,
      0.025954816956073046,
      0.025953663978725672,
      0.0259571336209774,
      0.02594988700002432,
      0.025958034209907055,
      0.025944502092897892,
      0.025958075188100338,
      0.025953046046197414,
      0.025955535005778074,
      0.02595405699685216,
      0.025957946199923754,
      0.025955115910619497,
      0.02595076523721218,
      0.0259541068226099,
      0.02593806805089116,
      0.025952876079827547,
      0.02595439786091447,
      0.025956557132303715,
      0.025952721945941448,
      0.025960891973227262,
      0.012954975012689829,
      0.012944342102855444,
      0.013007799163460732,
      0.013008113950490952,
      0.012952250894159079,
      0.012983410153537989,
      0.013007211964577436,
      0.013007069937884808,
      0.01301280315965414,
      0.013006065972149372,
      0.013005964923650026,
      0.013010316994041204,
      0.013013260439038277,
      0.01300957566127181,
      0.013005381915718317,
      0.013010416645556688,
      0.013015293050557375,
      0.013011716771870852,
      0.013005249202251434,
      0.01301414705812931,
      0.01301294518634677,
      0.013011881615966558,
      0.013012143317610025,
      0.013012903742492199,
      0.013012181036174297,
      0.013014714233577251,
      0.013011354953050613,
      0.013010714203119278,
      0.013013009913265705,
      0.013004317879676819,
      0.013011287897825241,
      0.01301336009055376,
      0.01301142992451787,
      0.013010422699153423,
      0.013011028990149498,
      0.013007747940719128,
      0.013009243179112673,
      0.013013945892453194,
      0.013011401053518057,
      0.01301109604537487,
      0.013013354036957026,
      0.0020131561905145645,
      0.013006369583308697,
      0.012983205262571573,
      0.013009990099817514,
      0.01300977123901248,
      0.013011750765144825,
      0.013012191746383905,
      0.013015641830861568,
      0.013015439733862877,
      0.013011598959565163,
      0.01301607396453619,
      0.013013584073632956,
      0.013009719084948301,
      0.013014128897339106,
      0.013014726806432009,
      0.013009386602789164,
      0.013013842981308699,
      0.013014561962336302,
      0.013015195727348328,
      0.013010714203119278,
      0.01300790999084711,
      0.013006526976823807,
      0.013013123068958521,
      0.01301122922450304,
      0.013009077869355679,
      0.013012079987674952,
      0.013006535358726978,
      0.01301142480224371,
      0.013005055952817202,
      0.013010684866458178
    ],
    [
      3.372412174940109e-05,
      3.562727943062782e-05,
      4.1369814425706863e-05,
      4.229508340358734e-05,
      0.010900494176894426,
      3.664102405309677e-05,
      3.563426434993744e-05,
      3.647617995738983e-05,
      3.4431926906108856e-05,
      3.608502447605133e-05,
      3.7880148738622665e-05,
      4.106806591153145e-05,
      3.906199708580971e-05,
      3.382610157132149e-05,
      3.500189632177353e-05,
      4.207668825984001e-05,
      3.781123086810112e-05,
      3.5081058740615845e-05,
      3.4631695598363876e-05,
      3.9561185985803604e-05,
      4.32012602686882e-05,
      3.5114120692014694e-05,
      3.563007339835167e-05,
      3.739306703209877e-05,
      3.683893010020256e-05,
      3.664195537567139e-05,
      3.476301208138466e-05,
      3.505591303110123e-05,
      3.7589576095342636e-05,
      3.8782600313425064e-05,
      0.012944336980581284,
      0.02593900403007865,
      0.02595786564052105,
      4.020193591713905e-05,
      3.458606079220772e-05,
      0.025925572961568832,
      0.02594487089663744,
      0.025964894331991673,
      0.025951236952096224,
      0.025956072844564915,
      0.025957017205655575,
      0.02595979208126664,
      0.025954221840947866,
      0.025951835326850414,
      0.02595846401527524,
      0.025962319690734148,
      0.02595237921923399,
      0.0259474772028625,
      0.025965525303035975,
      0.025956896133720875,
      0.02595786703750491,
      0.02595595410093665,
      0.025955092161893845,
      0.025956694036722183,
      0.025955048855394125,
      0.02595055801793933,
      0.025957486126571894,
      0.025955146178603172,
      0.025952029041945934,
      0.025963200256228447,
      0.025960000231862068,
      0.025952748954296112,
      0.025951873045414686,
      0.02595552010461688,
      0.025954140815883875,
      0.02595788799226284,
      0.025958294048905373,
      0.025956671219319105,
      0.025957892183214426,
      0.02595449797809124,
      0.014957408420741558,
      4.2401254177093506e-05,
      3.747968003153801e-05,
      0.02593089919537306,
      0.02595745073631406,
      0.02595900697633624,
      0.025956475641578436,
      0.02595651289448142,
      0.02595255710184574,
      0.025952243246138096,
      0.02595924213528633,
      0.025951907970011234,
      0.02595664607360959,
      0.025959657970815897,
      0.025958547834306955,
      0.025948187801986933,
      0.025965373031795025,
      0.02595498599112034,
      0.025957752019166946,
      0.025941714644432068,
      0.025942286010831594,
      0.02595605794340372,
      0.025961786042898893,
      0.02595848310738802,
      0.02595402207225561,
      0.025957066100090742,
      0.025954173412173986,
      0.02596178511157632,
      0.02595209702849388,
      0.02596146985888481
    ],
    [
      3.6566052585840225e-05,
      3.696698695421219e-05,
      4.2451079934835434e-05,
      3.436300903558731e-05,
      0.010898076929152012,
      3.559701144695282e-05,
      3.536231815814972e-05,
      3.544287756085396e-05,
      3.5389792174100876e-05,
      3.470666706562042e-05,
      3.857119008898735e-05,
      4.0572602301836014e-05,
      3.9184000343084335e-05,
      3.413436934351921e-05,
      3.353133797645569e-05,
      4.0757935494184494e-05,
      3.759516403079033e-05,
      3.488687798380852e-05,
      3.316393122076988e-05,
      4.0051061660051346e-05,
      3.5360921174287796e-05,
      3.4611206501722336e-05,
      3.5762786865234375e-05,
      3.696512430906296e-05,
      3.579817712306976e-05,
      3.76356765627861e-05,
      3.460189327597618e-05,
      3.4267082810401917e-05,
      3.854697570204735e-05,
      3.2570213079452515e-05,
      3.352481871843338e-05,
      4.729581996798515e-05,
      4.02950681746006e-05,
      0.012951387092471123,
      3.524497151374817e-05,
      4.488183185458183e-05,
      4.45009209215641e-05,
      4.327995702624321e-05,
      4.2377039790153503e-05,
      5.4735224694013596e-05,
      4.4492073357105255e-05,
      4.087015986442566e-05,
      4.523620009422302e-05,
      3.656931221485138e-05,
      4.148995503783226e-05,
      3.938889130949974e-05,
      4.532095044851303e-05,
      4.6547967940568924e-05,
      4.255911335349083e-05,
      5.823560059070587e-05,
      4.250090569257736e-05,
      4.8182904720306396e-05,
      4.344712942838669e-05,
      3.717280924320221e-05,
      4.1564926505088806e-05,
      4.082685336470604e-05,
      4.1114166378974915e-05,
      4.579499363899231e-05,
      4.2397063225507736e-05,
      4.152115434408188e-05,
      4.0409155189991e-05,
      4.027225077152252e-05,
      5.6957826018333435e-05,
      3.5156961530447006e-05,
      4.0765851736068726e-05,
      4.284083843231201e-05,
      3.611994907259941e-05,
