{
  "implementation": "deepspeed_oneccl",
  "backend": "ccl",
  "operation": "broadcast",
  "num_ranks": 4,
  "tensor_shape": {
    "batch": 8,
    "seq_len": 4096,
    "hidden_dim": 2048
  },
  "num_elements": 67108864,
  "tensor_size_bytes": 134217728,
  "tensor_size_mb": 128.0,
  "dtype": "bfloat16",
  "warmup_iterations": 10,
  "measurement_iterations": 100,
  "timing_method": "time.perf_counter()",
  "timings": [
    [
      0.06433836603537202,
      0.08096553198993206,
      0.06415144493803382,
      0.044015971943736076,
      0.04313834197819233,
      0.04206453310325742,
      0.04030519863590598,
      0.03413508692756295,
      0.059877913910895586,
      0.058649479411542416,
      0.07781567005440593,
      0.05652943020686507,
      0.06005770107731223,
      0.061624934896826744,
      0.06443023728206754,
      0.05822397582232952,
      0.0398050588555634,
      0.03911459818482399,
      0.03911171527579427,
      0.03913725586608052,
      0.03437853092327714,
      0.07797992276027799,
      0.07823484297841787,
      0.06407930376008153,
      0.07880666991695762,
      0.07762853801250458,
      0.07774556986987591,
      0.07855856139212847,
      0.042759648989886045,
      0.04353779600933194,
      0.035833561792969704,
      0.03703685291111469,
      0.029836738016456366,
      0.03574512805789709,
      0.07673023082315922,
      0.07938700076192617,
      0.07800565892830491,
      0.07826685113832355,
      0.06471619009971619,
      0.06063126912340522,
      0.05798773467540741,
      0.039306946098804474,
      0.03851704299449921,
      0.039838043972849846,
      0.039040961768478155,
      0.036347176879644394,
      0.04310381505638361,
      0.06318503571674228,
      0.08054976118728518,
      0.10016951570287347,
      0.0787664889357984,
      0.05939382268115878,
      0.06009025126695633,
      0.05874047800898552,
      0.03777495911344886,
      0.03888088697567582,
      0.037934313993901014,
      0.03880569618195295,
      0.035309890285134315,
      0.08941786317154765,
      0.057102476712316275,
      0.0609862650744617,
      0.06504021491855383,
      0.05736392783001065,
      0.05782092688605189,
      0.05909792613238096,
      0.05172660434618592,
      0.039535550866276026,
      0.039129350800067186,
      0.038845830131322145,
      0.03773093223571777,
      0.037670733872801065,
      0.07831980520859361,
      0.0837880028411746,
      0.07826570607721806,
      0.07732399087399244,
      0.07826173026114702,
      0.06183362007141113,
      0.05622906796634197,
      0.03916739206761122,
      0.03887170320376754,
      0.03921143477782607,
      0.03828748082742095,
      0.030805885326117277,
      0.06380353588610888,
      0.06387217296287417,
      0.054976867977529764,
      0.0564596033655107,
      0.05978128081187606,
      0.06013692822307348,
      0.07847142405807972,
      0.04418438393622637,
      0.03969757258892059,
      0.03814921295270324,
      0.04422291601076722,
      0.030457170214504004,
      0.053897101897746325,
      0.0812606168910861,
      0.08107202500104904,
      0.07915188884362578
    ],
    [
      0.05730494484305382,
      0.05847793910652399,
      0.058148850686848164,
      0.044025024864822626,
      0.043135673739016056,
      0.0318554169498384,
      0.04030612902715802,
      0.026804154738783836,
      0.026455228216946125,
      0.058398314751684666,
      0.05253126611933112,
      0.056246678810566664,
      0.060059973038733006,
      0.06162586808204651,
      0.056448559276759624,
      0.05496760364621878,
      0.03980593802407384,
      0.0391140291467309,
      0.03910477412864566,
      0.03913049167022109,
      0.027731766924262047,
      0.06532271485775709,
      0.04141678800806403,
      0.05290072085335851,
      0.07332475390285254,
      0.06669430108740926,
      0.07757775159552693,
      0.05650552688166499,
      0.0427655978128314,
      0.04353646608069539,
      0.035831242334097624,
      0.03701383527368307,
      0.029798192903399467,
      0.03574076481163502,
      0.06653622491285205,
      0.06643961602821946,
      0.066639618948102,
      0.06326374411582947,
      0.06471885507926345,
      0.06035378575325012,
      0.05799006065353751,
      0.03930606925860047,
      0.038515822030603886,
      0.03983254078775644,
      0.03904507402330637,
      0.036345046013593674,
      0.04310456244274974,
      0.06319057382643223,
      0.08054925687611103,
      0.10749572375789285,
      0.08081214502453804,
      0.061167587991803885,
      0.059509874787181616,
      0.0535618863068521,
      0.03776174504309893,
      0.02995560457929969,
      0.03793259197846055,
      0.03880478534847498,
      0.03530821017920971,
      0.06602160213515162,
      0.05710309790447354,
      0.0609857146628201,
      0.06503573292866349,
      0.05736238416284323,
      0.05781992385163903,
      0.05909112421795726,
      0.04891028814017773,
      0.03060417203232646,
      0.029837071895599365,
      0.03883656673133373,
      0.03772618621587753,
      0.037665640003979206,
      0.0782768982462585,
      0.0837888726964593,
      0.06401580991223454,
      0.08052743086591363,
      0.08102734293788671,
      0.0535324327647686,
      0.05623486824333668,
      0.030096990056335926,
      0.03886951832100749,
      0.039208161644637585,
      0.03829312417656183,
      0.030813125893473625,
      0.0638015172444284,
      0.0604296512901783,
      0.050090374425053596,
      0.055820432025939226,
      0.052771606016904116,
      0.04829732095822692,
      0.05289754504337907,
      0.04419055487960577,
      0.03969338722527027,
      0.03814895823597908,
      0.03494980791583657,
      0.030454332940280437,
      0.04651598306372762,
      0.08054513297975063,
      0.0797477038577199,
      0.078657743986696
    ],
    [
      0.06433891225606203,
      0.06467175064608455,
      0.05513015203177929,
      0.033826395869255066,
      0.032734435983002186,
      0.04206626117229462,
      0.030750346835702658,
      0.03413692442700267,
      0.04001737292855978,
      0.0514598973095417,
      0.07767160888761282,
      0.05653253523632884,
      0.060045293997973204,
      0.061622440349310637,
      0.05696997465565801,
      0.05822368199005723,
      0.039805521722882986,
      0.03909858828410506,
      0.03911124495789409,
      0.03913715993985534,
      0.034373494796454906,
      0.07786764111369848,
      0.04761528875678778,
      0.05477134417742491,
      0.07331781974062324,
      0.055894860066473484,
      0.06023889686912298,
      0.059558261185884476,
      0.04274338996037841,
      0.04352579917758703,
      0.026199884712696075,
      0.03703724034130573,
      0.027226775884628296,
      0.03573812125250697,
      0.07673223689198494,
      0.060187181923538446,
      0.06373132020235062,
      0.0779948839917779,
      0.06376687716692686,
      0.06063170591369271,
      0.05797937698662281,
      0.039289096370339394,
      0.029451912734657526,
      0.03983699297532439,
      0.03903593868017197,
      0.036342508159577847,
      0.042601463850587606,
      0.0558557091280818,
      0.06512139411643147,
      0.08067455003038049,
      0.057953945361077785,
      0.058680123183876276,
      0.06009327620267868,
      0.05843076063320041,
      0.03777708625420928,
      0.03888131398707628,
      0.03793045273050666,
      0.038799531757831573,
      0.03529884805902839,
      0.08941812021657825,
      0.05483472207561135,
      0.054699214175343513,
      0.05462800804525614,
      0.05408654175698757,
      0.05781105998903513,
      0.05909937201067805,
      0.05172597710043192,
      0.03953079227358103,
      0.03912896104156971,
      0.02985969092696905,
      0.028730059042572975,
      0.03766947099938989,
      0.07827475294470787,
      0.08377652382478118,
      0.05564043717458844,
      0.0642549772746861,
      0.082777364179492,
      0.05232873512431979,
