{
  "implementation": "deepspeed_oneccl",
  "backend": "ccl",
  "operation": "broadcast",
  "num_ranks": 4,
  "tensor_shape": {
    "batch": 16,
    "seq_len": 1,
    "hidden_dim": 4096
  },
  "num_elements": 65536,
  "tensor_size_bytes": 131072,
  "tensor_size_mb": 0.125,
  "dtype": "bfloat16",
  "warmup_iterations": 10,
  "measurement_iterations": 100,
  "timing_method": "time.perf_counter()",
  "timings": [
    [
      6.62039965391159e-05,
      6.69253058731556e-05,
      6.685126572847366e-05,
      6.293179467320442e-05,
      6.243586540222168e-05,
      6.523681804537773e-05,
      6.832415238022804e-05,
      6.292108446359634e-05,
      7.085688412189484e-05,
      6.736395880579948e-05,
      5.981791764497757e-05,
      7.132906466722488e-05,
      6.924662739038467e-05,
      6.299186497926712e-05,
      6.812810897827148e-05,
      6.935466080904007e-05,
      6.374111399054527e-05,
      6.805267184972763e-05,
      6.500538438558578e-05,
      6.11073337495327e-05,
      6.817793473601341e-05,
      6.417697295546532e-05,
      6.0181133449077606e-05,
      6.949622184038162e-05,
      6.379932165145874e-05,
      6.436975672841072e-05,
      6.609596312046051e-05,
      5.962280556559563e-05,
      6.24372623860836e-05,
      6.74729235470295e-05,
      6.416579708456993e-05,
      6.522517651319504e-05,
      6.912089884281158e-05,
      6.560515612363815e-05,
      6.659980863332748e-05,
      6.872694939374924e-05,
      6.789201870560646e-05,
      6.110407412052155e-05,
      7.365178316831589e-05,
      6.227660924196243e-05,
      6.309803575277328e-05,
      6.503891199827194e-05,
      6.796373054385185e-05,
      6.139837205410004e-05,
      6.568804383277893e-05,
      6.294995546340942e-05,
      6.0276128351688385e-05,
      6.740307435393333e-05,
      7.118610665202141e-05,
      6.47599808871746e-05,
      7.74608924984932e-05,
      6.762798875570297e-05,
      6.238417699933052e-05,
      6.470968946814537e-05,
      6.414810195565224e-05,
      6.135087460279465e-05,
      7.067294791340828e-05,
      6.698397919535637e-05,
      6.263656541705132e-05,
      6.634090095758438e-05,
      6.374111399054527e-05,
      6.872881203889847e-05,
      7.036607712507248e-05,
      6.719119846820831e-05,
      5.9652142226696014e-05,
      7.006479427218437e-05,
      6.424309685826302e-05,
      6.474694237112999e-05,
      6.135087460279465e-05,
      6.154784932732582e-05,
      6.272504106163979e-05,
      7.105479016900063e-05,
      6.423098966479301e-05,
      6.33038580417633e-05,
      6.781704723834991e-05,
      6.571365520358086e-05,
      6.117811426520348e-05,
      6.296578794717789e-05,
      6.860587745904922e-05,
      6.43446110188961e-05,
      6.449129432439804e-05,
      0.0003512538969516754,
      5.715712904930115e-05,
      6.210384890437126e-05,
      6.661796942353249e-05,
      6.0366932302713394e-05,
      6.61793164908886e-05,
      6.33331947028637e-05,
      8.258316665887833e-05,
      7.349858060479164e-05,
      6.627431139349937e-05,
      6.306217983365059e-05,
      6.48200511932373e-05,
      6.950506940484047e-05,
      6.797304376959801e-05,
      6.537139415740967e-05,
      6.338395178318024e-05,
      6.713811308145523e-05,
      6.994092836976051e-05,
      6.174203008413315e-05
    ],
    [
      6.043585017323494e-05,
      6.345799192786217e-05,
      6.697699427604675e-05,
      6.110686808824539e-05,
      5.3258612751960754e-05,
      6.315670907497406e-05,
      6.779283285140991e-05,
      6.0380902141332626e-05,
      7.091881707310677e-05,
      6.669992581009865e-05,
      6.0309190303087234e-05,
      7.088715210556984e-05,
      6.927922368049622e-05,
      5.259178578853607e-05,
      6.315670907497406e-05,
      6.87669962644577e-05,
      5.6128017604351044e-05,
      6.833905354142189e-05,
      6.212899461388588e-05,
      5.347328260540962e-05,
      6.257882341742516e-05,
      5.6061893701553345e-05,
      5.444977432489395e-05,
      7.021799683570862e-05,
      6.141187623143196e-05,
      5.601812154054642e-05,
      6.330898031592369e-05,
      5.933595821261406e-05,
      5.8377161622047424e-05,
      6.320420652627945e-05,
      6.021186709403992e-05,
      6.404286250472069e-05,
      6.940914317965508e-05,
      6.474414840340614e-05,
      6.49280846118927e-05,
      6.833113729953766e-05,
      6.854208186268806e-05,
      5.981512367725372e-05,
      6.972579285502434e-05,
      6.09387643635273e-05,
      5.384301766753197e-05,
      6.506312638521194e-05,
      6.732996553182602e-05,
      5.4595060646533966e-05,
      6.129266694188118e-05,
      6.320001557469368e-05,
      5.513010546565056e-05,
      6.435113027691841e-05,
      6.954139098525047e-05,
      5.656201392412186e-05,
      7.525598630309105e-05,
      6.31227158010006e-05,
      5.4590869694948196e-05,
      6.206892430782318e-05,
      7.536588236689568e-05,
      6.005493924021721e-05,
      7.049273699522018e-05,
      6.146915256977081e-05,
      5.057221278548241e-05,
      6.640003994107246e-05,
      6.346264854073524e-05,
      6.758421659469604e-05,
      6.947899237275124e-05,
      6.65769912302494e-05,
      5.51929697394371e-05,
      7.039401680231094e-05,
      6.364798173308372e-05,
      6.482517346739769e-05,
      5.9810932725667953e-05,
      6.145099177956581e-05,
      6.186403334140778e-05,
      7.071811705827713e-05,
      6.0818158090114594e-05,
      6.290804594755173e-05,
      6.0022808611392975e-05,
      6.59511424601078e-05,
      5.40977343916893e-05,
      6.230780854821205e-05,
      6.664777174592018e-05,
      5.8542005717754364e-05,
      6.448989734053612e-05,
      5.225418135523796e-05,
      5.598645657300949e-05,
      5.339505150914192e-05,
      6.651412695646286e-05,
      5.934806540608406e-05,
      6.285402923822403e-05,
      6.200093775987625e-05,
      8.156802505254745e-05,
      7.20159150660038e-05,
      6.436090916395187e-05,
      5.305325612425804e-05,
      6.500817835330963e-05,
      6.790086627006531e-05,
      6.805220618844032e-05,
      6.217975169420242e-05,
      5.911290645599365e-05,
      6.690109148621559e-05,
      6.956234574317932e-05,
      6.008800119161606e-05
    ],
    [
      6.45010732114315e-05,
      6.609782576560974e-05,
      6.636092439293861e-05,
      6.286008283495903e-05,
      6.193621084094048e-05,
      6.374809890985489e-05,
      6.795069202780724e-05,
      6.295973435044289e-05,
      7.030600681900978e-05,
      6.66189007461071e-05,
      4.2706262320280075e-05,
      6.993301212787628e-05,
      6.878003478050232e-05,
      6.225612014532089e-05,
      6.808899343013763e-05,
      6.737280637025833e-05,
      6.294576451182365e-05,
      6.116693839430809e-05,
      6.367173045873642e-05,
      6.0552265495061874e-05,
      6.773462519049644e-05,
      6.280187517404556e-05,
      5.96391037106514e-05,
      6.863288581371307e-05,
      6.331270560622215e-05,
      6.367592141032219e-05,
      6.416207179427147e-05,
      5.88451512157917e-05,
      6.107520312070847e-05,
      6.633531302213669e-05,
      6.249826401472092e-05,
      6.401725113391876e-05,
      6.831809878349304e-05,
      6.396370008587837e-05,
      6.617698818445206e-05,
      6.726384162902832e-05,
      6.768200546503067e-05,
      5.094800144433975e-05,
      7.281778380274773e-05,
      4.9297232180833817e-05,
      6.274878978729248e-05,
      6.128381937742233e-05,
      6.446195766329765e-05,
      6.109429523348808e-05,
      6.509292870759964e-05,
      6.055785343050957e-05,
      6.022397428750992e-05,
      6.643636152148247e-05,
      6.570713594555855e-05,
      6.294203922152519e-05,
      7.490580901503563e-05,
      6.603309884667397e-05,
      6.138207390904427e-05,
      6.506405770778656e-05,
      7.628835737705231e-05,
      5.5404845625162125e-05,
      6.993208080530167e-05,
      6.677163764834404e-05,
      6.194785237312317e-05,
      6.558094173669815e-05,
