{
  "implementation": "deepspeed_oneccl",
  "backend": "ccl",
  "operation": "allgather",
  "num_ranks": 4,
  "tensor_shape": {
    "batch": 32,
    "seq_len": 2048,
    "hidden_dim": 2048
  },
  "num_elements": 134217728,
  "tensor_size_bytes": 268435456,
  "tensor_size_mb": 256.0,
  "dtype": "bfloat16",
  "warmup_iterations": 10,
  "measurement_iterations": 100,
  "timing_method": "time.perf_counter()",
  "timings": [
    [
      0.43442908534780145,
      0.38283805968239903,
      0.42738895397633314,
      0.33455900521948934,
      0.45549690490588546,
      0.4208467099815607,
      0.37368028284981847,
      0.3551376350224018,
      0.3514032941311598,
      0.21924214204773307,
      0.3188989316113293,
      0.23670227592810988,
      0.3053223988972604,
      0.21828174404799938,
      0.20337499864399433,
      0.23784936079755425,
      0.31238818168640137,
      0.2030931171029806,
      0.2314119776710868,
      0.24763166811317205,
      0.2805836098268628,
      0.3355898279696703,
      0.39159636199474335,
      0.3705147900618613,
      0.3068853663280606,
      0.3076524492353201,
      0.4063709028996527,
      0.37771521182730794,
      0.28054962772876024,
      0.34730883641168475,
      0.3533257758244872,
      0.32238773396238685,
      0.2829914311878383,
      0.3691039280965924,
      0.20848731603473425,
      0.35348475631326437,
      0.34366418374702334,
      0.4568834211677313,
      0.2804136499762535,
      0.3206973858177662,
      0.34037706116214395,
      0.33270149677991867,
      0.47368453070521355,
      0.46078779781237245,
      0.42133762827143073,
      0.27940624626353383,
      0.39606425166130066,
      0.2934560342691839,
      0.2800078890286386,
      0.3375376961193979,
      0.42690614331513643,
      0.2894014799967408,
      0.4282309450209141,
      0.31535498704761267,
      0.4011619919911027,
      0.30152738792821765,
      0.27425040677189827,
      0.37468782206997275,
      0.4531112010590732,
      0.4474630383774638,
      0.34874423732981086,
      0.34040422132238746,
      0.3073137099854648,
      0.3608962958678603,
      0.3527935720048845,
      0.28974733781069517,
      0.2829839917831123,
      0.3173752990551293,
      0.3659454807639122,
      0.4287119610235095,
      0.28101502591744065,
      0.2978698182851076,
      0.36573228100314736,
      0.43089031614363194,
      0.3233291213400662,
      0.4573527919128537,
      0.25258141988888383,
      0.2952415090985596,
      0.36681471206247807,
      0.34197091730311513,
      0.2809308599680662,
      0.31587388226762414,
      0.3284273138269782,
      0.39449302898719907,
      0.2952339840121567,
      0.2994010546244681,
      0.3530937870964408,
      0.38369261799380183,
      0.27388532971963286,
      0.2896872949786484,
      0.32759386394172907,
      0.39200477581471205,
      0.32340763602405787,
      0.29884703969582915,
      0.32598833786323667,
      0.38849245896562934,
      0.40580925485119224,
      0.2818675031885505,
      0.3025373271666467,
      0.41497582709416747
    ],
    [
      0.44535153405740857,
      0.3828326789662242,
      0.32270124927163124,
      0.33368294266983867,
      0.3683982063084841,
      0.31499069603160024,
      0.29511628579348326,
      0.3531224662438035,
      0.35141034005209804,
      0.21924452390521765,
      0.26344316313043237,
      0.2366981701925397,
      0.25353517290204763,
      0.21827827394008636,
      0.19454179238528013,
      0.2378470920957625,
      0.2607983280904591,
      0.20308711286634207,
      0.2314143399707973,
      0.2944494499824941,
      0.3579773651435971,
      0.3757592919282615,
      0.37419877108186483,
      0.36591384978964925,
      0.3068859400227666,
      0.3518890789709985,
      0.3765997951850295,
      0.36707749497145414,
      0.2805502638220787,
      0.34731202106922865,
      0.3533210498280823,
      0.33392494497820735,
      0.28299451991915703,
      0.3706738338805735,
      0.20848568622022867,
      0.35347946314141154,
      0.34044112591072917,
      0.3638722477480769,
      0.2700704839080572,
      0.32069093687459826,
      0.340356663800776,
      0.3349853837862611,
      0.36000495590269566,
      0.46044109435752034,
      0.33099434012547135,
      0.27900688303634524,
      0.38405778212472796,
      0.29345624009147286,
      0.28000050596892834,
      0.3375396393239498,
      0.4269061302766204,
      0.28939316188916564,
      0.3109911810606718,
      0.3055380331352353,
      0.3990562567487359,
      0.3015227569267154,
      0.2861696989275515,
      0.37065378203988075,
      0.34522393997758627,
      0.4409416066482663,
      0.3487380873411894,
      0.35076076397672296,
      0.3073131749406457,
      0.33202088810503483,
      0.45566079998388886,
      0.28968346398323774,
      0.28296811506152153,
      0.3173460830003023,
      0.36594083020463586,
      0.3405189150944352,
      0.2658807085826993,
      0.2978176400065422,
      0.36572830798104405,
      0.32500508101657033,
      0.4285888001322746,
      0.34447947796434164,
      0.25257968390360475,
      0.2952411971054971,
      0.37336013186722994,
      0.34195598401129246,
      0.2844401360489428,
      0.37812842382118106,
      0.32842118106782436,
      0.4323544502258301,
      0.2952371337451041,
      0.35114458994939923,
      0.3401124393567443,
      0.3836942743510008,
      0.27387088583782315,
      0.28968206513673067,
      0.32758527295663953,
      0.42823719000443816,
      0.32340385392308235,
      0.28585309302434325,
      0.3096597008407116,
      0.38843757612630725,
      0.30172668816521764,
      0.281859187874943,
      0.30252718226984143,
      0.3565889052115381
    ],
    [
      0.44533606991171837,
      0.3828310021199286,
      0.32766704075038433,
      0.31808531284332275,
      0.35540890600532293,
      0.3146577118895948,
      0.3067666250281036,
      0.35512542771175504,
      0.3514044969342649,
      0.21924308594316244,
      0.26344018755480647,
      0.23670366499572992,
      0.253533948212862,
      0.2182800997979939,
      0.20337493577972054,
      0.23785734316334128,
      0.26079731713980436,
      0.20309669803828,
      0.23141198325902224,
      0.29443435510620475,
      0.3579539000056684,
      0.40171571588143706,
      0.3742032493464649,
      0.3698561219498515,
      0.3164914879016578,
      0.3518686140887439,
      0.3766003968194127,
      0.3738100230693817,
      0.28800297621637583,
      0.34730992978438735,
      0.35331934597343206,
      0.32292730873450637,
      0.2829896258190274,
      0.36910470528528094,
      0.20848795026540756,
      0.3534837020561099,
      0.341102649923414,
      0.36386938858777285,
      0.2682646242901683,
      0.3206910681910813,
      0.3403368340805173,
      0.3326990990899503,
      0.3555727042257786,
      0.4716341239400208,
      0.3286937549710274,
      0.27901192381978035,
      0.3960643969476223,
      0.2934559239074588,
      0.2756250840611756,
      0.33753351401537657,
      0.42690620198845863,
      0.28939445689320564,
      0.30889805825427175,
      0.31529373163357377,
      0.40115741873160005,
      0.3119814940728247,
      0.2870901757851243,
      0.37467564223334193,
      0.33648878475651145,
      0.4409227892756462,
      0.3491749190725386,
      0.3507444001734257,
      0.30731384130194783,
      0.3608900001272559,
      0.4556399928405881,
      0.2898113369010389,
      0.2829657928086817,
      0.3173245768994093,
      0.36594657599925995,
      0.3405184498988092,
      0.2658868250437081,
      0.29781651869416237,
      0.3680135002359748,
      0.3250026130117476,
      0.42857520189136267,
      0.34447996504604816,
      0.2525800601579249,
      0.2952436958439648,
      0.3733418439514935,
      0.34195639193058014,
      0.2809247002005577,
      0.37811429612338543,
      0.3349026069045067,
      0.4323293836787343,
