{
  "implementation": "deepspeed_oneccl",
  "backend": "ccl",
  "operation": "allgather",
  "num_ranks": 4,
  "tensor_shape": {
    "batch": 16,
    "seq_len": 4096,
    "hidden_dim": 2048
  },
  "num_elements": 134217728,
  "tensor_size_bytes": 268435456,
  "tensor_size_mb": 256.0,
  "dtype": "bfloat16",
  "warmup_iterations": 10,
  "measurement_iterations": 100,
  "timing_method": "time.perf_counter()",
  "timings": [
    [
      0.22730302205309272,
      0.42423198418691754,
      0.39000106882303953,
      0.4337760712951422,
      0.35222267312929034,
      0.43549463618546724,
      0.358074689283967,
      0.3644125652499497,
      0.4453559457324445,
      0.36121922824531794,
      0.3583625443279743,
      0.42441061697900295,
      0.3809837568551302,
      0.3750457940623164,
      0.43642203509807587,
      0.3819280359894037,
      0.37777790892869234,
      0.4042191421613097,
      0.39361436991021037,
      0.3162241973914206,
      0.21930576814338565,
      0.35826997412368655,
      0.37297506304457784,
      0.43765425868332386,
      0.358446910046041,
      0.3338363617658615,
      0.33995030587539077,
      0.43658461421728134,
      0.3368345960043371,
      0.40667594596743584,
      0.3445107717998326,
      0.3559719240292907,
      0.34273042483255267,
      0.3471685219556093,
      0.4323087427765131,
      0.38412029296159744,
      0.36166178714483976,
      0.33817001432180405,
      0.2108608791604638,
      0.1998376678675413,
      0.20882048271596432,
      0.31967472610995173,
      0.4093017508275807,
      0.37456048326566815,
      0.41869750898331404,
      0.35951418802142143,
      0.40290124202147126,
      0.36955844704061747,
      0.3532094219699502,
      0.41711333906278014,
      0.34310124907642603,
      0.4163963799364865,
      0.3814802407287061,
      0.4152981019578874,
      0.3396929488517344,
      0.43920711800456047,
      0.32178545696660876,
      0.42843606090173125,
      0.3308252007700503,
      0.4290313911624253,
      0.3541037496179342,
      0.34345947997644544,
      0.34380232635885477,
      0.3941064770333469,
      0.374905523378402,
      0.37421460822224617,
      0.31118628894910216,
      0.3156714108772576,
      0.3486066609621048,
      0.3374935481697321,
      0.33283221581950784,
      0.3624859699048102,
      0.4159194463863969,
      0.36518226098269224,
      0.4163824990391731,
      0.3489405130967498,
      0.40489367581903934,
      0.3445563241839409,
      0.40398988500237465,
      0.3696045568212867,
      0.40421519288793206,
      0.443478642962873,
      0.37402260210365057,
      0.34536958299577236,
      0.36660219775512815,
      0.42515716422349215,
      0.3506159489043057,
      0.4128238232806325,
      0.384861018974334,
      0.3844275511801243,
      0.4067698339931667,
      0.38019720278680325,
      0.35247832629829645,
      0.4327535121701658,
      0.36256604501977563,
      0.3991177319549024,
      0.3933160281740129,
      0.3684182153083384,
      0.36122652888298035,
      0.39981144294142723
    ],
    [
      0.2273052828386426,
      0.413534726947546,
      0.3785343379713595,
      0.3489810102619231,
      0.34285533986985683,
      0.385181887075305,
      0.3580361879430711,
      0.3658627481199801,
      0.39979293290525675,
      0.44162878300994635,
      0.3583735441789031,
      0.4020822593010962,
      0.3697067219763994,
      0.375040334649384,
      0.381894251331687,
      0.3819300220347941,
      0.37137702479958534,
      0.40072723804041743,
      0.3935946119017899,
      0.2675118879415095,
      0.21929426630958915,
      0.3582224831916392,
      0.3730275579728186,
      0.33237797394394875,
      0.34644123911857605,
      0.3337819231674075,
      0.3398963110521436,
      0.32919531129300594,
      0.33681399188935757,
      0.312659471295774,
      0.3444919208995998,
      0.35593855706974864,
      0.3983482448384166,
      0.3471594350412488,
      0.3397631561383605,
      0.38405530294403434,
      0.36108073592185974,
      0.3029153379611671,
      0.21084597893059254,
      0.19983130833134055,
      0.20880983490496874,
      0.31967461202293634,
      0.3207239559851587,
      0.3745536608621478,
      0.3233426189981401,
      0.3595073278993368,
      0.3644024031236768,
      0.3685920462012291,
      0.3417713879607618,
      0.33609634591266513,
      0.3430736484006047,
      0.3566223322413862,
      0.38144603790715337,
      0.31922688987106085,
      0.3396689994260669,
      0.35147204995155334,
      0.29929271107539535,
      0.3309301850385964,
      0.42948719020932913,
      0.4159553190693259,
      0.3540825550444424,
      0.3434435431845486,
      0.33061236003413796,
      0.36573160206899047,
      0.3748977738432586,
      0.32866555685177445,
      0.30783834494650364,
      0.3943140488117933,
      0.3486221390776336,
      0.33749150997027755,
      0.3328235768713057,
      0.4513280149549246,
      0.3441347028128803,
      0.36515650525689125,
      0.32678305311128497,
      0.4154273010790348,
      0.4049036339856684,
      0.35683904495090246,
      0.36499791592359543,
      0.3697093026712537,
      0.40421273512765765,
      0.41598241589963436,
      0.3630022592842579,
      0.36198346177116036,
      0.35048659425228834,
      0.3482453231699765,
      0.4550158241763711,
      0.3909789640456438,
      0.43246571626514196,
      0.35835635010153055,
      0.4549872111529112,
      0.38985524559393525,
      0.352475015912205,
      0.36299933958798647,
      0.361579068005085,
      0.4334224029444158,
      0.39171109115704894,
      0.3640055791474879,
      0.36122557800263166,
      0.3625497301109135
    ],
    [
      0.2273046369664371,
      0.4135168520733714,
      0.3809966640546918,
      0.35891373408958316,
      0.3522009989246726,
      0.3851773110218346,
      0.3580356747843325,
      0.356803011149168,
      0.3997803581878543,
      0.4416206069290638,
      0.35841631470248103,
      0.40207970328629017,
      0.38269366789609194,
      0.37504075560718775,
      0.3707386860623956,
      0.38189789466559887,
      0.3776546432636678,
      0.40070443926379085,
      0.3935940442606807,
      0.26751720532774925,
      0.21929051773622632,
      0.3582212580367923,
      0.389707684982568,
      0.34382322803139687,
      0.35843123495578766,
      0.3337806458584964,
      0.3398971608839929,
      0.3291908917017281,
      0.33681166311725974,
      0.31265736697241664,
      0.3444988587871194,
      0.3559404732659459,
      0.3983360561542213,
      0.3471641540527344,
      0.3397659817710519,
      0.384058453142643,
      0.36165583366528153,
      0.3028973680920899,
      0.2108448240906,
      0.19983083894476295,
      0.2088110069744289,
      0.3196749812923372,
      0.3207288789562881,
      0.3745527141727507,
      0.32334209606051445,
      0.3595024161040783,
      0.37266232585534453,
      0.3695523180067539,
      0.3530742656439543,
      0.33699182234704494,
      0.34307645494118333,
      0.3688358752988279,
      0.38144887471571565,
      0.31922034826129675,
      0.3396715009585023,
      0.35147224413231015,
      0.32177329529076815,
      0.33637793408706784,
      0.429463311098516,
      0.4365842640399933,
      0.35408510407432914,
      0.3434440200217068,
      0.33061216585338116,
      0.3657113737426698,
      0.37489366391673684,
      0.32865341287106276,
      0.31116913119331,
      0.3883696598932147,
      0.3486195709556341,
      0.3374826735816896,
      0.33283192198723555,
      0.451306545175612,
      0.3441363819874823,
      0.36515903705731034,
      0.32678301399573684,
      0.4153635040856898,
      0.4049055650830269,
      0.34454636089503765,
      0.36499686632305384,
      0.3696045479737222,
      0.4042129162698984,
      0.4148792950436473,
      0.36464840080589056,
      0.362002482637763,
      0.36659179301932454,
      0.3452014490030706,
