{
  "implementation": "deepspeed_oneccl",
  "backend": "ccl",
  "operation": "allgather",
  "num_ranks": 4,
  "tensor_shape": {
    "batch": 1,
    "seq_len": 4096,
    "hidden_dim": 2048
  },
  "num_elements": 8388608,
  "tensor_size_bytes": 16777216,
  "tensor_size_mb": 16.0,
  "dtype": "bfloat16",
  "warmup_iterations": 10,
  "measurement_iterations": 100,
  "timing_method": "time.perf_counter()",
  "timings": [
    [
      0.013845321722328663,
      0.012701909989118576,
      0.010481026023626328,
      0.009770720731467009,
      0.011321036610752344,
      0.010881109163165092,
      0.009641623124480247,
      0.011100403033196926,
      0.010142043698579073,
      0.012257331982254982,
      0.011621133890002966,
      0.009603516198694706,
      0.012107289861887693,
      0.010911629069596529,
      0.009926611091941595,
      0.010249983984977007,
      0.009787692222744226,
      0.01152867591008544,
      0.01175453420728445,
      0.00961063802242279,
      0.01156798005104065,
      0.01068035326898098,
      0.009182405192404985,
      0.009162372909486294,
      0.009286258835345507,
      0.00877768499776721,
      0.010622850153595209,
      0.010129795875400305,
      0.010572775732725859,
      0.008892525918781757,
      0.010102353058755398,
      0.009161961264908314,
      0.011109871324151754,
      0.012431386858224869,
      0.012509665917605162,
      0.012432788964360952,
      0.011828265152871609,
      0.011784770991653204,
      0.01006224611774087,
      0.009194646030664444,
      0.010636469814926386,
      0.009360581170767546,
      0.009485658723860979,
      0.009374768938869238,
      0.009344738908112049,
      0.009412383195012808,
      0.00895692314952612,
      0.008936110883951187,
      0.009022958111017942,
      0.009014489129185677,
      0.008859493304044008,
      0.009045968297868967,
      0.008203469216823578,
      0.00823274627327919,
      0.008280128240585327,
      0.009118861984461546,
      0.010000857058912516,
      0.01037727203220129,
      0.008936614263802767,
      0.009558663237839937,
      0.009664575103670359,
      0.009440553840249777,
      0.009284784086048603,
      0.00998469302430749,
      0.009566443040966988,
      0.009848893154412508,
      0.009522997308522463,
      0.009286455810070038,
      0.009054306894540787,
      0.00916840834543109,
      0.010506642051041126,
      0.009023553226143122,
      0.009022428188472986,
      0.010025306604802608,
      0.009875266347080469,
      0.010358430910855532,
      0.010130864102393389,
      0.009272421710193157,
      0.009107313118875027,
      0.009582535829395056,
      0.008682541083544493,
      0.010479474905878305,
      0.009238495957106352,
      0.01007975498214364,
      0.010439945384860039,
      0.009021240286529064,
      0.009974488988518715,
      0.009951936081051826,
      0.009231619071215391,
      0.009979116264730692,
      0.009359654039144516,
      0.010576318949460983,
      0.010414133314043283,
      0.00918694818392396,
      0.009346665814518929,
      0.009785613976418972,
      0.010256279725581408,
      0.009083217941224575,
      0.009577339049428701,
      0.009239499922841787
    ],
    [
      0.013851567171514034,
      0.012706701643764973,
      0.010486811865121126,
      0.00977207999676466,
      0.011320357210934162,
      0.010882370173931122,
      0.011027831584215164,
      0.011094121728092432,
      0.010147131979465485,
      0.01225648308172822,
      0.011623116675764322,
      0.00960339605808258,
      0.012111482676118612,
      0.010915977880358696,
      0.009930653963238001,
      0.010251846630126238,
      0.009787638671696186,
      0.011527900118380785,
      0.011760092806071043,
      0.00961131788790226,
      0.011567859910428524,
      0.010682187974452972,
      0.009185160044580698,
      0.0091623580083251,
      0.009290129411965609,
      0.008777185808867216,
      0.010623020119965076,
      0.010137323290109634,
      0.010577098000794649,
      0.008897953201085329,
      0.010105198249220848,
      0.00916192214936018,
      0.011111696716398,
      0.012433386873453856,
      0.012514055706560612,
      0.01243286021053791,
      0.011828419752418995,
      0.011784753762185574,
      0.010061759036034346,
      0.009194939862936735,
      0.008785312063992023,
      0.00936143472790718,
      0.00948658399283886,
      0.009376247879117727,
      0.009344924706965685,
      0.009413073770701885,
      0.008959352038800716,
      0.008936774916946888,
      0.009023612830787897,
      0.009014327079057693,
      0.008859443012624979,
      0.009047734085470438,
      0.008206713944673538,
      0.008233455009758472,
      0.008282349910587072,
      0.00911942170932889,
      0.010002248920500278,
      0.010381861589848995,
      0.008940706960856915,
      0.009560226928442717,
      0.009668056387454271,
      0.009445766918361187,
      0.009284550324082375,
      0.009988273028284311,
      0.009568612091243267,
      0.00985152693465352,
      0.00952505599707365,
      0.009287143126130104,
      0.009056366980075836,
      0.009168919641524553,
      0.01050825696438551,
      0.009023088961839676,
      0.009023188147693872,
      0.010030731093138456,
      0.009881074074655771,
      0.01036129705607891,
      0.010130339302122593,
      0.009271624963730574,
      0.009109662845730782,
      0.009586775675415993,
      0.008684128988534212,
      0.01047915406525135,
      0.009239744395017624,
      0.010084378067404032,
      0.01044213492423296,
      0.009020755998790264,
      0.009976107627153397,
      0.009953130036592484,
      0.009231345262378454,
      0.009979217778891325,
      0.00936114601790905,
      0.010576386004686356,
      0.010415688157081604,
      0.010634778998792171,
      0.009347483050078154,
      0.009785583708435297,
      0.010256667155772448,
      0.009083591867238283,
      0.009577467106282711,
      0.009241004940122366
    ],
    [
      0.013846269343048334,
      0.01270223781466484,
      0.010480765253305435,
      0.009770085103809834,
      0.01132097840309143,
      0.01088116830214858,
      0.011008785106241703,
      0.011100253090262413,
      0.010146234184503555,
      0.012257281225174665,
      0.011621193028986454,
      0.009603350888937712,
      0.012107542250305414,
      0.010911671910434961,
      0.009926836006343365,
      0.010250330902636051,
      0.00978618673980236,
      0.011528620030730963,
      0.0117542939260602,
      0.00961121590808034,
      0.011568033136427402,
      0.010680245235562325,
      0.009182480163872242,
      0.009160771034657955,
      0.009286077227443457,
      0.008777257986366749,
      0.010623150039464235,
      0.010129889938980341,
      0.01057271333411336,
      0.008892681915313005,
      0.01010297192260623,
      0.00916179409250617,
      0.011109704151749611,
      0.012431250885128975,
      0.012509285937994719,
      0.012432734947651625,
      0.01182832708582282,
      0.011784743051975965,
      0.010061643086373806,
      0.00919471774250269,
      0.00878484407439828,
      0.009359726682305336,
      0.009485323913395405,
      0.009375235065817833,
      0.009344796650111675,
      0.009412840008735657,
      0.00895708380267024,
      0.008936747908592224,
      0.00902220793068409,
      0.00901474803686142,
      0.008859467227011919,
      0.009047260042279959,
      0.008203117176890373,
      0.008233143948018551,
      0.00828012591227889,
      0.009119083173573017,
      0.010000956710428,
      0.010377207305282354,
      0.008937898091971874,
      0.00955879595130682,
      0.009664840996265411,
      0.009440170135349035,
      0.009284837637096643,
      0.009985071141272783,
      0.009566526859998703,
      0.009848878718912601,
      0.009522194042801857,
      0.00928641576319933,
      0.009054393041878939,
      0.009168194141238928,
      0.010506462305784225,
