{
  "implementation": "deepspeed_oneccl",
  "backend": "ccl",
  "operation": "reduce",
  "num_ranks": 4,
  "tensor_shape": {
    "batch": 1,
    "seq_len": 4096,
    "hidden_dim": 2048
  },
  "num_elements": 8388608,
  "tensor_size_bytes": 16777216,
  "tensor_size_mb": 16.0,
  "dtype": "bfloat16",
  "warmup_iterations": 10,
  "measurement_iterations": 100,
  "timing_method": "time.perf_counter()",
  "timings": [
    [
      0.05311500793322921,
      0.04367584688588977,
      0.04584443010389805,
      0.05266781384125352,
      0.05541107803583145,
      0.06017131311818957,
      0.054212433751672506,
      0.033062892965972424,
      0.03461222816258669,
      0.03409627918154001,
      0.05420745583251119,
      0.05918357102200389,
      0.052806267980486155,
      0.05622693011537194,
      0.0442720428109169,
      0.050770380068570375,
      0.0546873458661139,
      0.053315354976803064,
      0.03453269833698869,
      0.03760970290750265,
      0.03900867886841297,
      0.058431029319763184,
      0.04279062012210488,
      0.04833438387140632,
      0.04615739779546857,
      0.05093255918473005,
      0.05010973196476698,
      0.03913477109745145,
      0.053301536943763494,
      0.03552715014666319,
      0.044822835829108953,
      0.0666104331612587,
      0.05449359072372317,
      0.06802333099767566,
      0.03554672282189131,
      0.05640178918838501,
      0.05267849285155535,
      0.057249662932008505,
      0.05298797879368067,
      0.037693762220442295,
      0.031816930044442415,
      0.042468773666769266,
      0.04958127439022064,
      0.03717551799491048,
      0.0373897198587656,
      0.058956877794116735,
      0.04728268971666694,
      0.038569935131818056,
      0.03762135887518525,
      0.028084502089768648,
      0.03613634314388037,
      0.032841704320162535,
      0.04411644209176302,
      0.0474572591483593,
      0.0376046490855515,
      0.05424465797841549,
      0.05253921588882804,
      0.0542570068500936,
      0.0372997778467834,
      0.05409501027315855,
      0.05343790305778384,
      0.054410407319664955,
      0.052855988033115864,
      0.05434253625571728,
      0.03828015411272645,
      0.05880469875410199,
      0.0455358549952507,
      0.048588529229164124,
      0.05316793126985431,
      0.052826181054115295,
      0.05735037010163069,
      0.04577079601585865,
      0.0563257266767323,
      0.05472996085882187,
      0.03856280818581581,
      0.03224508510902524,
      0.04722523782402277,
      0.057810720056295395,
      0.06006682524457574,
      0.05910083698108792,
      0.04397738119587302,
      0.06678410386666656,
      0.05956423841416836,
      0.041967607103288174,
      0.030925750732421875,
      0.04186043608933687,
      0.045500322710722685,
      0.03696125326678157,
      0.03447121102362871,
      0.03601492801681161,
      0.03704290697351098,
      0.03404542617499828,
      0.044759448152035475,
      0.02281410712748766,
      0.03792583802714944,
      0.03206001780927181,
      0.023355213925242424,
      0.03077848069369793,
      0.05177524592727423,
      0.03874670201912522
    ],
    [
      0.025990945752710104,
      0.025490595027804375,
      0.011237921193242073,
      0.026005977764725685,
      0.025989598128944635,
      0.025990914087742567,
      0.006707703694701195,
      0.006355104967951775,
      0.0067530530504882336,
      0.006456269882619381,
      0.03654312575235963,
      0.025984755251556635,
      0.0063790143467485905,
      0.026426420081406832,
      0.005727800074964762,
      0.025614806916564703,
      0.026942369993776083,
      0.010532093700021505,
      0.0063192169182002544,
      0.0061059934087097645,
      0.011678560171276331,
      0.026169098913669586,
      0.005744366906583309,
      0.006579290144145489,
      0.017258320935070515,
      0.03601006465032697,
      0.03852515807375312,
      0.026415079832077026,
      0.02111310325562954,
      0.006657282821834087,
      0.009628541301935911,
      0.03901189798489213,
      0.038311014883220196,
      0.007414713967591524,
      0.007878746371716261,
      0.007269856054335833,
      0.02662689797580242,
      0.026715031825006008,
      0.007883531972765923,
      0.03889711480587721,
      0.0053054047748446465,
      0.009882176294922829,
      0.02590592997148633,
      0.021688099950551987,
      0.026116520632058382,
      0.025988751091063023,
      0.03821145882830024,
      0.009054958820343018,
      0.02599948924034834,
      0.005738458130508661,
      0.026004008948802948,
      0.025699099060148,
      0.00540769612416625,
      0.03600255399942398,
      0.00908060697838664,
      0.025999189354479313,
      0.025987135712057352,
      0.025995064061135054,
      0.026448658667504787,
      0.037910087034106255,
      0.026068251579999924,
      0.0385159719735384,
      0.038869437761604786,
      0.0364068578928709,
      0.026083370205014944,
      0.025475078262388706,
      0.01455772714689374,
      0.0067006670869886875,
      0.008047775831073523,
      0.026623390149325132,
      0.025693205185234547,
      0.008203242905437946,
      0.022101982962340117,
      0.02621507504954934,
      0.03814423969015479,
      0.006181789096444845,
      0.00886448984965682,
      0.009027798194438219,
      0.007954373024404049,
      0.008545521646738052,
      0.007744051981717348,
      0.03900955989956856,
      0.026145581156015396,
      0.026551705319434404,
      0.005362358409911394,
      0.007083908189088106,
      0.005176784936338663,
      0.008985967375338078,
      0.0360607011243701,
      0.011755456682294607,
      0.02645621309056878,
      0.026314781047403812,
      0.01042921282351017,
      0.014041343703866005,
      0.02606035489588976,
      0.005339541006833315,
      0.02637921506538987,
      0.00551590183749795,
      0.005526264663785696,
      0.03844081377610564
    ],
    [
      0.05172163899987936,
      0.05148051120340824,
      0.051390893291682005,
      0.05164221907034516,
      0.03788287518545985,
      0.06451737880706787,
      0.03754438506439328,
      0.0382387419231236,
      0.030635527335107327,
      0.03609982691705227,
      0.037586540915071964,
      0.06229274673387408,
      0.0360023588873446,
      0.05199338123202324,
      0.05145054031163454,
      0.051985921803861856,
      0.038179546128958464,
      0.038553616032004356,
      0.026047809049487114,
      0.043184179812669754,
      0.026092114858329296,
      0.0645503681153059,
      0.052054852712899446,
      0.05355185316875577,
      0.052295112051069736,
      0.052445567678660154,
      0.053634685929864645,
      0.035830914974212646,
      0.03651899192482233,
      0.04027296416461468,
      0.052571041975170374,
      0.05183779913932085,
      0.026507927104830742,
      0.042092716321349144,
      0.025923927780240774,
      0.05165011575445533,
      0.03520388901233673,
      0.052421396132558584,
      0.03507745498791337,
      0.037344768177717924,
      0.03644876508042216,
      0.05137397721409798,
      0.052667517215013504,
      0.034451690036803484,
      0.03451322903856635,
      0.05210209405049682,
      0.051117331720888615,
      0.03568967105820775,
      0.03462329972535372,
      0.011825030203908682,
      0.036325108259916306,
      0.05169976595789194,
      0.05175336869433522,
      0.05174341984093189,
      0.03526579961180687,
      0.05096472520381212,
      0.03575244918465614,
      0.03814910678192973,
      0.03858878603205085,
      0.03745075827464461,
      0.04060862120240927,
      0.03809517016634345,
      0.03866369929164648,
      0.025987030006945133,
      0.026496923062950373,
      0.05203847214579582,
      0.051141196861863136,
      0.05140702333301306,
      0.036740250419825315,
      0.027045694179832935,
      0.05144159169867635,
      0.051733648870140314,
      0.0513324374333024,
      0.03855881793424487,
      0.03770834719762206,
