{
  "implementation": "deepspeed_oneccl",
  "backend": "ccl",
  "operation": "allgather",
  "num_ranks": 4,
  "tensor_shape": {
    "batch": 1,
    "seq_len": 8192,
    "hidden_dim": 2048
  },
  "num_elements": 16777216,
  "tensor_size_bytes": 33554432,
  "tensor_size_mb": 32.0,
  "dtype": "bfloat16",
  "warmup_iterations": 10,
  "measurement_iterations": 100,
  "timing_method": "time.perf_counter()",
  "timings": [
    [
      0.032412182074040174,
      0.02270297287032008,
      0.022645519115030766,
      0.0223964499309659,
      0.02311834879219532,
      0.02325422503054142,
      0.024818522855639458,
      0.023475860711187124,
      0.02466871403157711,
      0.02441989164799452,
      0.02335182623937726,
      0.025163382291793823,
      0.026065719313919544,
      0.02451077615842223,
      0.025269638746976852,
      0.02588164620101452,
      0.027909441851079464,
      0.02799114491790533,
      0.027349759824573994,
      0.02707409393042326,
      0.025041321758180857,
      0.027684766799211502,
      0.024395203217864037,
      0.029784000013023615,
      0.03233425924554467,
      0.029544421937316656,
      0.0287036020308733,
      0.023709191009402275,
      0.0272604008205235,
      0.023770966101437807,
      0.02581463474780321,
      0.02558995969593525,
      0.023604364600032568,
      0.022669155150651932,
      0.02576664462685585,
      0.02219100994989276,
      0.024995289742946625,
      0.023855471052229404,
      0.02297031693160534,
      0.027332072146236897,
      0.024027524050325155,
      0.022387009114027023,
      0.024187966249883175,
      0.022512221708893776,
      0.024027985986322165,
      0.024365592282265425,
      0.02616913616657257,
      0.02534818323329091,
      0.031266395933926105,
      0.033574908040463924,
      0.02804242307320237,
      0.02684622397646308,
      0.023978462908416986,
      0.02206031884998083,
      0.021681679878383875,
      0.0225238841958344,
      0.023787779733538628,
      0.02320151776075363,
      0.02252877177670598,
      0.02245102869346738,
      0.024669568985700607,
      0.024696238804608583,
      0.027780440170317888,
      0.022900077048689127,
      0.023636471945792437,
      0.024424560833722353,
      0.02414425415918231,
      0.023011025972664356,
      0.023426320869475603,
      0.02447763690724969,
      0.025118309073150158,
      0.025048268027603626,
      0.022182573098689318,
      0.027474911883473396,
      0.028998536057770252,
      0.02612517075613141,
      0.021603086963295937,
      0.021561309229582548,
      0.02112553222104907,
      0.0205207671970129,
      0.019878328777849674,
      0.021627599839121103,
      0.020087660755962133,
      0.020490332040935755,
      0.020698699168860912,
      0.020924279000610113,
      0.023008699994534254,
      0.021136281080543995,
      0.020181580912321806,
      0.020424073562026024,
      0.020614708308130503,
      0.02057340182363987,
      0.022695878986269236,
      0.021081697195768356,
      0.021446293219923973,
      0.023720689117908478,
      0.020293727051466703,
      0.021947147324681282,
      0.02071357797831297,
      0.021540496964007616
    ],
    [
      0.032409355975687504,
      0.02270222594961524,
      0.022649182938039303,
      0.026598998811095953,
      0.02311715902760625,
      0.023255571722984314,
      0.02482390822842717,
      0.02348015597090125,
      0.024661581963300705,
      0.024423787370324135,
      0.023347992915660143,
      0.025160592049360275,
      0.026057317852973938,
      0.024505892768502235,
      0.02526357537135482,
      0.025875979103147984,
      0.027904055081307888,
      0.027990804985165596,
      0.027344326954334974,
      0.027070356998592615,
      0.02503686910495162,
      0.027684953995049,
      0.024394758976995945,
      0.0297820083796978,
      0.032334358897060156,
      0.029540938325226307,
      0.028703282121568918,
      0.023706698324531317,
      0.021618817932903767,
      0.023770402651280165,
      0.02581458678469062,
      0.025590800680220127,
      0.02360421372577548,
      0.022666519042104483,
      0.02576620504260063,
      0.02219372196123004,
      0.024999009910970926,
      0.027347714640200138,
      0.022965041920542717,
      0.024919755291193724,
      0.02402255916967988,
      0.02238789899274707,
      0.024191174190491438,
      0.02251288713887334,
      0.024027508217841387,
      0.024365741293877363,
      0.02586079714819789,
      0.02535284496843815,
      0.03126660920679569,
      0.04051656788215041,
      0.028042905032634735,
      0.026847360655665398,
      0.023980635218322277,
      0.026717507746070623,
      0.021684368140995502,
      0.02252344973385334,
      0.023266036994755268,
      0.02318324102088809,
      0.022532681934535503,
      0.022447905968874693,
      0.024667616933584213,
      0.024692202918231487,
      0.027780470438301563,
      0.02290767291560769,
      0.02363866101950407,
      0.02442679973319173,
      0.024144004099071026,
      0.023007412906736135,
      0.023427722044289112,
      0.024475818034261465,
      0.025122805032879114,
      0.025048275012522936,
      0.022182823158800602,
      0.027474238071590662,
      0.028995614033192396,
      0.02612689509987831,
      0.02160421432927251,
      0.021559514105319977,
      0.021124632097780704,
      0.020520146004855633,
      0.01987845078110695,
      0.021627315785735846,
      0.020083785988390446,
      0.02048885729163885,
      0.020701072178781033,
      0.020924850832670927,
      0.02300833771005273,
      0.021134414244443178,
      0.020181445870548487,
      0.02042444981634617,
      0.02061365218833089,
      0.020573778077960014,
      0.02269420400261879,
      0.021079895086586475,
      0.021444028243422508,
      0.020369906909763813,
      0.020294554065912962,
      0.02194770984351635,
      0.02071574330329895,
      0.021540429908782244
    ],
    [
      0.032411528285592794,
      0.022701173089444637,
      0.022643903736025095,
      0.026577684096992016,
      0.02311702212318778,
      0.023247354198247194,
      0.024817703757435083,
      0.023475823923945427,
      0.02466089418157935,
      0.02441992610692978,
      0.02334792399778962,
      0.02516091102734208,
      0.026062102057039738,
      0.024506904650479555,
      0.02526338119059801,
      0.025876195169985294,
      0.027904735878109932,
      0.027991092298179865,
      0.02734403172507882,
      0.027070332784205675,
      0.025037093088030815,
      0.027684769593179226,
      0.024395668879151344,
      0.02978205820545554,
      0.032334430143237114,
      0.02954103797674179,
      0.028703780379146338,
      0.023706732783466578,
      0.021613627206534147,
      0.023770401254296303,
      0.025814353954046965,
      0.02559051988646388,
      0.023604278918355703,
      0.022666458040475845,
      0.02576678292825818,
      0.022190785966813564,
      0.024995373096317053,
      0.02732529630884528,
      0.02296522818505764,
      0.02491366071626544,
      0.02402261085808277,
      0.022386793978512287,
      0.02418794110417366,
      0.022512956988066435,
      0.024027786683291197,
      0.024365589953958988,
      0.025861164089292288,
      0.025348045863211155,
      0.03126675309613347,
      0.04049456212669611,
      0.028043166734278202,
      0.026847011875361204,
      0.02397705288603902,
      0.026693648658692837,
      0.021681112702935934,
      0.02252463484182954,
      0.023265948984771967,
      0.02318301424384117,
      0.022528294008225203,
      0.022447669878602028,
      0.02466732170432806,
      0.024692547973245382,
      0.027780801989138126,
      0.02290051570162177,
      0.023636414669454098,
      0.02442462509498,
      0.02414468629285693,
      0.023008654359728098,
      0.023426919244229794,
      0.024475899059325457,
      0.02511827414855361,
      0.025048495270311832,
      0.022182513028383255,
