{
  "implementation": "deepspeed_oneccl",
  "backend": "ccl",
  "operation": "reduce",
  "num_ranks": 4,
  "tensor_shape": {
    "batch": 8,
    "seq_len": 2048,
    "hidden_dim": 4096
  },
  "num_elements": 67108864,
  "tensor_size_bytes": 134217728,
  "tensor_size_mb": 128.0,
  "dtype": "bfloat16",
  "warmup_iterations": 10,
  "measurement_iterations": 100,
  "timing_method": "time.perf_counter()",
  "timings": [
    [
      0.18892828468233347,
      0.11915167793631554,
      0.11256489297375083,
      0.2638356005772948,
      0.29287749202921987,
      0.29486933862790465,
      0.29296255204826593,
      0.28916461393237114,
      0.34905164409428835,
      0.22548638191074133,
      0.24722810508683324,
      0.24017889611423016,
      0.22071798564866185,
      0.23633266473188996,
      0.2939060698263347,
      0.3320058467797935,
      0.24752392806112766,
      0.2498468360863626,
      0.2429333641193807,
      0.23819760791957378,
      0.26537837786599994,
      0.24658127781003714,
      0.31025908701121807,
      0.2369558080099523,
      0.2563826162368059,
      0.27566847763955593,
      0.2700300379656255,
      0.27908342191949487,
      0.27603266714140773,
      0.35013693384826183,
      0.2484718137420714,
      0.23033148096874356,
      0.23862850898876786,
      0.2440406228415668,
      0.24410213390365243,
      0.27217008685693145,
      0.3162327450700104,
      0.31906403694301844,
      0.2647587866522372,
      0.24650589795783162,
      0.24391671223565936,
      0.2611706671305001,
      0.26470319274812937,
      0.3123580636456609,
      0.29254116024821997,
      0.24963305378332734,
      0.28471763897687197,
      0.24448963766917586,
      0.25099359126761556,
      0.24609010200947523,
      0.2646071589551866,
      0.3258518888615072,
      0.22085221344605088,
      0.22098025307059288,
      0.24667863920331,
      0.213604886084795,
      0.27476163301616907,
      0.29035999393090606,
      0.3265132876113057,
      0.2959904670715332,
      0.24499759124591947,
      0.24338556826114655,
      0.23118770075961947,
      0.25075657200068235,
      0.24651623610407114,
      0.22582539590075612,
      0.33694429881870747,
      0.2481111059896648,
      0.26480871764943004,
      0.2652704040519893,
      0.25154585717245936,
      0.25019790697842836,
      0.24544653994962573,
      0.2966285329312086,
      0.27040183590725064,
      0.2428470109589398,
      0.22480915021151304,
      0.23813656903803349,
      0.297382028773427,
      0.2636585305444896,
      0.2904526279307902,
      0.3099514339119196,
      0.21753557585179806,
      0.21671778801828623,
      0.26115557411685586,
      0.24395727599039674,
      0.24446615716442466,
      0.22112656803801656,
      0.30391100887209177,
      0.3030736059881747,
      0.2609825637191534,
      0.2669731890782714,
      0.26795876398682594,
      0.2594751208089292,
      0.24732752796262503,
      0.2764668217860162,
      0.29089106200262904,
      0.23887482983991504,
      0.24236174067482352,
      0.29173516714945436
    ],
    [
      0.06179854366928339,
      0.04414503509178758,
      0.03984392201527953,
      0.06399992806836963,
      0.09507061308249831,
      0.12005899986252189,
      0.10636424273252487,
      0.10463310312479734,
      0.11147383879870176,
      0.07857895689085126,
      0.11662422493100166,
      0.08051530783995986,
      0.07943328516557813,
      0.07541393814608455,
      0.10403679730370641,
      0.10961621161550283,
      0.1040052711032331,
      0.08412540797144175,
      0.0814051697961986,
      0.08144779456779361,
      0.0838344949297607,
      0.08891314314678311,
      0.0822048638947308,
      0.10185064189136028,
      0.07657620403915644,
      0.1185779869556427,
      0.08296179911121726,
      0.0882249129936099,
      0.08647723402827978,
      0.11760043492540717,
      0.10750326933339238,
      0.07799996109679341,
      0.07933900784701109,
      0.0809849170036614,
      0.10117997694760561,
      0.10436915885657072,
      0.08636053325608373,
      0.11176682310178876,
      0.11997767118737102,
      0.08189445594325662,
      0.08208181988447905,
      0.08160693710669875,
      0.10796055989339948,
      0.10455040074884892,
      0.1337763499468565,
      0.07602759497240186,
      0.11496452568098903,
      0.08219313807785511,
      0.08424291294068098,
      0.08258226374164224,
      0.1158828279003501,
      0.10531314415857196,
      0.07741693500429392,
      0.06442197086289525,
      0.08002891903743148,
      0.05962549801915884,
      0.08359996322542429,
      0.08535567298531532,
      0.08363554812967777,
      0.11020817002281547,
      0.082930538803339,
      0.10492460383102298,
      0.06619331240653992,
      0.08107900898903608,
      0.08133459137752652,
      0.07860611891373992,
      0.1160839507356286,
      0.10631118202582002,
      0.08236559759825468,
      0.0827859709970653,
      0.08341813506558537,
      0.09714523889124393,
      0.07951283920556307,
      0.07946705305948853,
      0.10624662321060896,
      0.08848834270611405,
      0.07800523517653346,
      0.07864665100350976,
      0.08354970626533031,
      0.08338024187833071,
      0.08413122966885567,
      0.11190443811938167,
      0.07824686216190457,
      0.06451066909357905,
      0.11731246393173933,
      0.088943085167557,
      0.08204396162182093,
      0.07806333294138312,
      0.06448580790311098,
      0.11108179809525609,
      0.08008592063561082,
      0.0956703806295991,
      0.08348511578515172,
      0.08014206727966666,
      0.12002754537388682,
      0.08069270942360163,
      0.12055333005264401,
      0.10374863399192691,
      0.09192015416920185,
      0.10668631223961711
    ],
    [
      0.14749349979683757,
      0.09532028483226895,
      0.08940748171880841,
      0.20302938483655453,
      0.22440683702006936,
      0.23816195596009493,
      0.23399743065238,
      0.2338458439335227,
      0.263692244887352,
      0.1934433956630528,
      0.19137103483080864,
      0.18739832425490022,
      0.18395486986264586,
      0.18670512968674302,
      0.21838655369356275,
      0.2634559408761561,
      0.21142468322068453,
      0.21485348511487246,
      0.19233138719573617,
      0.1859644721262157,
      0.21215523593127728,
      0.19279681285843253,
      0.24761819280683994,
      0.18966981582343578,
      0.1956032789312303,
      0.22085440857335925,
      0.21217656321823597,
      0.2333890190348029,
      0.21529956720769405,
      0.271377544850111,
      0.20786704309284687,
      0.1787590030580759,
      0.1849099649116397,
      0.18632862530648708,
      0.2079633199609816,
      0.215880136936903,
      0.23690296011045575,
      0.2611162601970136,
      0.2084916909225285,
      0.19204828888177872,
      0.19072611397132277,
      0.19334865035489202,
      0.21081344597041607,
      0.2387517737224698,
      0.24491139082238078,
      0.19270401215180755,
      0.22926495224237442,
      0.19099071202799678,
      0.20776149723678827,
      0.2080102190375328,
      0.21450528595596552,
      0.2659506471827626,
      0.16046973876655102,
      0.17159682838246226,
      0.21386350877583027,
      0.16300340881571174,
      0.22240608045831323,
      0.23641131818294525,
      0.25647182390093803,
      0.23713815584778786,
      0.1893722265958786,
      0.19472578912973404,
      0.20044849114492536,
      0.21269018575549126,
      0.22098297625780106,
      0.18753949692472816,
      0.24982129596173763,
      0.21114095812663436,
      0.21362118609249592,
      0.21246615145355463,
      0.21380174299702048,
      0.20482009695842862,
      0.20785547187551856,
      0.22640058165416121,
      0.21186457620933652,
      0.19093501521274447,
      0.1740219732746482,
      0.1836423478089273,
      0.24623017711564898,
      0.2135125119239092,
      0.2121371040120721,
      0.2680102400481701,
