{
  "implementation": "deepspeed_oneccl",
  "backend": "ccl",
  "operation": "allreduce",
  "num_ranks": 4,
  "tensor_shape": {
    "batch": 16,
    "seq_len": 8192,
    "hidden_dim": 2048
  },
  "num_elements": 268435456,
  "tensor_size_bytes": 536870912,
  "tensor_size_mb": 512.0,
  "dtype": "bfloat16",
  "warmup_iterations": 10,
  "measurement_iterations": 100,
  "timing_method": "time.perf_counter()",
  "timings": [
    [
      0.22463249508291483,
      0.22572220908477902,
      0.2264932938851416,
      0.22548215184360743,
      0.23893076507374644,
      0.23483546916395426,
      0.23545045778155327,
      0.23340181168168783,
      0.23401277465745807,
      0.23236867412924767,
      0.23341957991942763,
      0.2319357180967927,
      0.2328717652708292,
      0.23173023527488112,
      0.23775477521121502,
      0.23571514943614602,
      0.23635261692106724,
      0.2345115328207612,
      0.2352719260379672,
      0.2338168011046946,
      0.23448192235082388,
      0.2328517148271203,
      0.2336599356494844,
      0.23209631722420454,
      0.2330293501727283,
      0.21570865018293262,
      0.23282005125656724,
      0.23194344202056527,
      0.23258265480399132,
      0.23164232773706317,
      0.2329824259504676,
      0.23265176126733422,
      0.23357004905119538,
      0.233105035033077,
      0.2227071449160576,
      0.2339919749647379,
      0.2347623403184116,
      0.2343532289378345,
      0.2355580311268568,
      0.23523814883083105,
      0.236325996927917,
      0.23600985575467348,
      0.2368947509676218,
      0.232232297770679,
      0.23690421087667346,
      0.23587817512452602,
      0.23587802704423666,
      0.23503222782164812,
      0.23547423304989934,
      0.2347677620127797,
      0.23641638085246086,
      0.23385443957522511,
      0.233822928275913,
      0.2330194958485663,
      0.23317910311743617,
      0.23167754989117384,
      0.23239969508722425,
      0.23173834197223186,
      0.2325042886659503,
      0.23162137903273106,
      0.23273392906412482,
      0.23253999603912234,
      0.2340855090878904,
      0.23377261217683554,
      0.2347622336819768,
      0.23447867017239332,
      0.2355692689307034,
      0.23508874978870153,
      0.23597677564248443,
      0.2357092471793294,
      0.23649533791467547,
      0.23612690810114145,
      0.23689432721585035,
      0.235975228715688,
      0.23614973109215498,
      0.23519721627235413,
      0.2354877619072795,
      0.2347422200255096,
      0.23480978375300765,
      0.234114037360996,
      0.21772193117067218,
      0.23345380602404475,
      0.23388716205954552,
      0.23259857762604952,
      0.2330335583537817,
      0.2327373269945383,
      0.2328749466687441,
      0.2318164617754519,
      0.23262644791975617,
      0.22034892393276095,
      0.23278146609663963,
      0.23245094111189246,
      0.23336804891005158,
      0.23288792511448264,
      0.23404304031282663,
      0.23449472384527326,
      0.23502881499007344,
      0.23430180409923196,
      0.2275108713656664,
      0.2350716250948608
    ],
    [
      0.2246305109001696,
      0.22536268271505833,
      0.22633572667837143,
      0.22547883493825793,
      0.23883277410641313,
      0.23448699107393622,
      0.23533799219876528,
      0.23339493619278073,
      0.2338647791184485,
      0.2319584097713232,
      0.23326211795210838,
      0.23193208081647754,
      0.23271284811198711,
      0.2314263773150742,
      0.23755893483757973,
      0.23571114987134933,
      0.23619464598596096,
      0.23417249275371432,
      0.234610996209085,
      0.23377860896289349,
      0.23432798823341727,
      0.23251094901934266,
      0.23349937982857227,
      0.23209427203983068,
      0.2328493115492165,
      0.21536151692271233,
      0.23271177802234888,
      0.23193963337689638,
      0.23242991184815764,
      0.23135567409917712,
      0.23275090707466006,
      0.232647601980716,
      0.2333767730742693,
      0.232698408421129,
      0.22254283726215363,
      0.23397246794775128,
      0.23462942009791732,
      0.23402206366881728,
      0.23530847392976284,
      0.2352328826673329,
      0.23611802700906992,
      0.23512787884101272,
      0.23666538298130035,
      0.2324105422012508,
      0.236720927990973,
      0.23557483730837703,
      0.23571649100631475,
      0.2350284750573337,
      0.23535050498321652,
      0.23439194960519671,
      0.23628344479948282,
      0.23384867096319795,
      0.23330092104151845,
      0.23264466086402535,
      0.2330516674555838,
      0.23167442996054888,
      0.23227845691144466,
      0.2313813380897045,
      0.23234163131564856,
      0.23161714989691973,
      0.23258844017982483,
      0.2322665899991989,
      0.2338341511785984,
      0.23376990482211113,
      0.23462922126054764,
      0.23417176585644484,
      0.23542268993332982,
      0.23508560471236706,
      0.2358018341474235,
      0.23538699513301253,
      0.236321235075593,
      0.2361240698955953,
      0.2367476811632514,
      0.23568986589089036,
      0.23596784286201,
      0.23450835281983018,
      0.2352965511381626,
      0.2344072530977428,
      0.23465198185294867,
      0.2341105341911316,
      0.2176021938212216,
      0.2331651789136231,
      0.23368124896660447,
      0.23259198712185025,
      0.23288482101634145,
      0.2324119359254837,
      0.23273420985788107,
      0.23181388713419437,
      0.23250188631936908,
      0.2200071020051837,
      0.23263683076947927,
      0.23244833387434483,
      0.23321311501786113,
      0.2325319810770452,
      0.23388773389160633,
      0.2344936802983284,
      0.23482817132025957,
      0.23395740473642945,
      0.22734053619205952,
      0.23507018014788628
    ],
    [
      0.2243245760910213,
      0.22537174727767706,
      0.2262555188499391,
      0.22524920292198658,
      0.2384402439929545,
      0.23439364600926638,
      0.2352413171902299,
      0.23288892023265362,
      0.23383708484470844,
      0.2318518841639161,
      0.23326576128602028,
      0.23154204105958343,
      0.23259749868884683,
      0.23124791402369738,
      0.23753101518377662,
      0.23519018618389964,
      0.23602932412177324,
      0.23406923888251185,
      0.23479768494144082,
      0.2333350102417171,
      0.23420255398377776,
      0.232389897108078,
      0.2334818127565086,
      0.23166624316945672,
      0.2327566253952682,
      0.21526441210880876,
      0.23271298920735717,
      0.2314495500177145,
      0.2323159179650247,
      0.23113988805562258,
      0.23245687875896692,
      0.23220063699409366,
      0.23292688792571425,
      0.23257323494181037,
      0.22212206199765205,
      0.23345237923786044,
      0.23416398093104362,
      0.23382092220708728,
      0.2349004251882434,
      0.23487722873687744,
      0.2357729198411107,
      0.2356181750074029,
      0.23625311581417918,
      0.23241534922271967,
      0.23607632983475924,
      0.23556156503036618,
      0.23537722090259194,
      0.23487714398652315,
      0.2350192116573453,
      0.2340504270978272,
      0.23609417164698243,
      0.2336979890242219,
      0.23341468628495932,
      0.2327407211996615,
      0.23280762787908316,
      0.23142059799283743,
      0.23200693912804127,
      0.23132303403690457,
      0.2321792528964579,
      0.23138050874695182,
      0.23231628397479653,
      0.2321795099414885,
      0.2335524340160191,
      0.23341860575601459,
      0.23434822214767337,
      0.2341182236559689,
      0.23510042671114206,
      0.23484782269224524,
      0.23557886062189937,
      0.23537923814728856,
      0.23604037892073393,
      0.2358258031308651,
      0.2364396806806326,
      0.2356631187722087,
      0.23562196409329772,
      0.2346925432793796,
      0.23493473418056965,
      0.23441104171797633,
      0.2343448782339692,
      0.2338672592304647,
      0.21763899410143495,
      0.23318157996982336,
      0.2335252920165658,
