{
  "implementation": "deepspeed_oneccl",
  "backend": "ccl",
  "operation": "allreduce",
  "num_ranks": 4,
  "tensor_shape": {
    "batch": 1,
    "seq_len": 4096,
    "hidden_dim": 2048
  },
  "num_elements": 8388608,
  "tensor_size_bytes": 16777216,
  "tensor_size_mb": 16.0,
  "dtype": "bfloat16",
  "warmup_iterations": 10,
  "measurement_iterations": 100,
  "timing_method": "time.perf_counter()",
  "timings": [
    [
      0.005829431116580963,
      0.006179676856845617,
      0.0060650440864264965,
      0.006048085168004036,
      0.0060071879997849464,
      0.006089096888899803,
      0.006030478980392218,
      0.005852323025465012,
      0.006065032910555601,
      0.006059826817363501,
      0.006078271195292473,
      0.006146795116364956,
      0.006069408729672432,
      0.005919507704675198,
      0.0060739158652722836,
      0.006047782953828573,
      0.006012005265802145,
      0.006117661949247122,
      0.006019406020641327,
      0.005875717382878065,
      0.006045876070857048,
      0.006076624151319265,
      0.006024244241416454,
      0.006152051035314798,
      0.006047725211828947,
      0.005943970754742622,
      0.006115227937698364,
      0.0061233737505972385,
      0.006035714875906706,
      0.006138290744274855,
      0.006034048739820719,
      0.005881086923182011,
      0.006064025219529867,
      0.006039313971996307,
      0.006002561189234257,
      0.0060982550494372845,
      0.006013739854097366,
      0.005874219350516796,
      0.006045431364327669,
      0.006034121382981539,
      0.005994110368192196,
      0.006105395965278149,
      0.006155495997518301,
      0.005861680954694748,
      0.0061147091910243034,
      0.006016214843839407,
      0.006012243684381247,
      0.006086105015128851,
      0.0062271663919091225,
      0.005961490795016289,
      0.006155593320727348,
      0.006051155738532543,
      0.00602926779538393,
      0.006092201918363571,
      0.0060119000263512135,
      0.005863707046955824,
      0.006091269198805094,
      0.006017564795911312,
      0.006029775831848383,
      0.0061180018819868565,
      0.006008001044392586,
      0.0060119167901575565,
      0.005971402395516634,
      0.005975245963782072,
      0.005978461820632219,
      0.00612268503755331,
      0.006021459121257067,
      0.006002440117299557,
      0.005962631199508905,
      0.0060840933583676815,
      0.005865930113941431,
      0.006090064067393541,
      0.006027344148606062,
      0.006026381626725197,
      0.006057885009795427,
      0.006048590876162052,
      0.0060704778879880905,
      0.0061105419881641865,
      0.006039706990122795,
      0.005841032136231661,
      0.006015039049088955,
      0.006122971884906292,
      0.005848950706422329,
      0.006102921906858683,
      0.006028593983501196,
      0.005884449928998947,
      0.006159672979265451,
      0.006012810859829187,
      0.005857436917722225,
      0.006141661666333675,
      0.006048562936484814,
      0.005875614006072283,
      0.0061014508828520775,
      0.006037343293428421,
      0.006060706917196512,
      0.006067536771297455,
      0.006066749803721905,
      0.00592363765463233,
      0.006024831905961037,
      0.006088041700422764
    ],
    [
      0.005754639394581318,
      0.00612176489084959,
      0.006072924006730318,
      0.005954728927463293,
      0.006013006903231144,
      0.00606679217889905,
      0.006098627112805843,
      0.0058153485879302025,
      0.006071798969060183,
      0.005967532750219107,
      0.00608478020876646,
      0.006128659937530756,
      0.006053498946130276,
      0.005883331876248121,
      0.006082396954298019,
      0.005961456336081028,
      0.006018931977450848,
      0.006097619887441397,
      0.00609775073826313,
      0.005839915946125984,
      0.006051843054592609,
      0.0059742252342402935,
      0.00602919515222311,
      0.006117730867117643,
      0.006123674102127552,
      0.005901852156966925,
      0.006118700839579105,
      0.0060156178660690784,
      0.006041444838047028,
      0.006112655624747276,
      0.006001614034175873,
      0.005852731876075268,
      0.006071600131690502,
      0.005946691147983074,
      0.006007826887071133,
      0.00606890395283699,
      0.006088860798627138,
      0.005838343407958746,
      0.0060498579405248165,
      0.005941617302596569,
      0.005999139044433832,
      0.006074564065784216,
      0.006161083932965994,
      0.005834827199578285,
      0.00612062169238925,
      0.005911916960030794,
      0.006016077008098364,
      0.006049433257430792,
      0.006179498974233866,
      0.005925570148974657,
      0.006155901122838259,
      0.0059441388584673405,
      0.00603483384475112,
      0.00605385284870863,
      0.0060814241878688335,
      0.005833895411342382,
      0.006093854084610939,
      0.005918240640312433,
      0.006033705081790686,
      0.006087522022426128,
      0.005917166825383902,
      0.006052864715456963,
      0.005973946303129196,
      0.005897318013012409,
      0.0059842197224497795,
      0.006088693160563707,
      0.005939996801316738,
      0.00604595011100173,
      0.005966071970760822,
      0.006136064883321524,
      0.005871618166565895,
      0.006077665835618973,
      0.005945743061602116,
      0.0060610100626945496,
      0.006061146035790443,
      0.005950729362666607,
      0.006076937075704336,
      0.006098246201872826,
      0.0061015961691737175,
      0.005817654076963663,
      0.006020645145326853,
      0.006161772180348635,
      0.005851341877132654,
      0.006090435665100813,
      0.00593758188188076,
      0.005866758059710264,
      0.006166662089526653,
      0.005921188276261091,
      0.005860893987119198,
      0.0061365701258182526,
      0.005961734801530838,
      0.00585201708599925,
      0.006118882447481155,
      0.005949754733592272,
      0.006067067850381136,
      0.006039061583578587,
      0.006119816098362207,
      0.0058984411880373955,
      0.006025303155183792,
      0.006112628150731325
    ],
    [
      0.00576923368498683,
      0.006124254781752825,
      0.006066489964723587,
      0.005958721041679382,
      0.006008181255310774,
      0.006091385148465633,
      0.006096628960222006,
      0.0058218990452587605,
      0.006063976790755987,
      0.005974641069769859,
      0.0060693309642374516,
      0.006157534662634134,
      0.0060501317493617535,
      0.0058817085810005665,
      0.006074331700801849,
      0.005961705930531025,
      0.0060093519277870655,
      0.00612613232806325,
      0.006094043143093586,
      0.005839747842401266,
      0.006042194087058306,
      0.005990087985992432,
      0.006025159731507301,
      0.006148291286081076,
      0.006118791177868843,
      0.005901702214032412,
      0.00611904077231884,
      0.006026033312082291,
      0.006035570055246353,
      0.006138481665402651,
      0.005998513195663691,
      0.005849890876561403,
      0.006061171181499958,
      0.005960080772638321,
      0.006003726739436388,
      0.006098838057368994,
      0.006083476357161999,
      0.005831429269164801,
      0.006047368980944157,
      0.005950537975877523,
      0.005986602045595646,
      0.0061051747761666775,
      0.006157368887215853,
      0.005830198060721159,
      0.006114556919783354,
      0.005941326729953289,
      0.006012445315718651,
      0.0060925851576030254,
      0.006176495924592018,
      0.0059252288192510605,
      0.006156214978545904,
      0.005968770012259483,
      0.0060287900269031525,
      0.006085192784667015,
      0.00607833219692111,
      0.005827325861901045,
      0.006084441673010588,
      0.0059350100345909595,
      0.006030508317053318,
      0.006120054982602596,
      0.005922672804445028,
      0.006048376206308603,
      0.00597201706841588,
      0.005901510827243328,
      0.005978226196020842,
      0.006124095991253853,
      0.005941825918853283,
      0.006041134241968393,
      0.005962749943137169,
