{
  "implementation": "deepspeed_oneccl",
  "backend": "ccl",
  "operation": "broadcast",
  "num_ranks": 4,
  "tensor_shape": {
    "batch": 16,
    "seq_len": 2048,
    "hidden_dim": 4096
  },
  "num_elements": 134217728,
  "tensor_size_bytes": 268435456,
  "tensor_size_mb": 256.0,
  "dtype": "bfloat16",
  "warmup_iterations": 10,
  "measurement_iterations": 100,
  "timing_method": "time.perf_counter()",
  "timings": [
    [
      0.07057532202452421,
      0.16635416820645332,
      0.13769189780578017,
      0.11231486313045025,
      0.11583889089524746,
      0.10856240009889007,
      0.13248603511601686,
      0.15960471611469984,
      0.07646955130621791,
      0.07665907731279731,
      0.07375295180827379,
      0.0719695845618844,
      0.07186910230666399,
      0.08206221787258983,
      0.08088012924417853,
      0.07674049912020564,
      0.07975415932014585,
      0.07926071109250188,
      0.08171572908759117,
      0.07958605699241161,
      0.07973348302766681,
      0.16422840394079685,
      0.1323144887574017,
      0.13657731702551246,
      0.12975381501019,
      0.11196109931915998,
      0.13200462516397238,
      0.11391473188996315,
      0.07987843314185739,
      0.07861474296078086,
      0.07869264669716358,
      0.08050595689564943,
      0.06961200991645455,
      0.09044729499146342,
      0.15928093809634447,
      0.13610764686018229,
      0.11999704176560044,
      0.12981083011254668,
      0.12951016472652555,
      0.1076514390297234,
      0.08101089205592871,
      0.08015747601166368,
      0.07887420523911715,
      0.08755143592134118,
      0.06188876274973154,
      0.07635811297222972,
      0.13255283329635859,
      0.14064701413735747,
      0.13555764593183994,
      0.14277624106034636,
      0.1157119837589562,
      0.12970901699736714,
      0.10679933475330472,
      0.09135555429384112,
      0.08833418088033795,
      0.08700286876410246,
      0.08494632737711072,
      0.07147520082071424,
      0.07106981612741947,
      0.10714169265702367,
      0.15719481091946363,
      0.11441877810284495,
      0.12970643490552902,
      0.12749640084803104,
      0.1319361124187708,
      0.13078931625932455,
      0.0910792606882751,
      0.09013917902484536,
      0.08644173899665475,
      0.08687167475000024,
      0.07191036082804203,
      0.0694958190433681,
      0.11117082694545388,
      0.11279819719493389,
      0.130642204079777,
      0.10815858375281096,
      0.11547400522977114,
      0.11566883092746139,
      0.1332299318164587,
      0.10383161203935742,
      0.08626335998997092,
      0.08588580321520567,
      0.0765959220007062,
      0.07491116411983967,
      0.06873012706637383,
      0.12945425929501653,
      0.11850838270038366,
      0.13536693016067147,
      0.13902582228183746,
      0.1579147414304316,
      0.13857439998537302,
      0.11205583298578858,
      0.0783421490341425,
      0.07364902785047889,
      0.07870614482089877,
      0.07957674423232675,
      0.0695488341152668,
      0.08974742935970426,
      0.11313755298033357,
      0.13846706971526146
    ],
    [
      0.07056916505098343,
      0.15737215615808964,
      0.1376955988816917,
      0.11085225595161319,
      0.10572525300085545,
      0.10132189188152552,
      0.11367832217365503,
      0.13782320404425263,
      0.07647506659850478,
      0.0766506539657712,
      0.054801275953650475,
      0.07197057409211993,
      0.07186717167496681,
      0.0820525111630559,
      0.060386259108781815,
      0.07673719897866249,
      0.07975201308727264,
      0.07925618486478925,
      0.08171298587694764,
      0.0795797761529684,
      0.0797316120006144,
      0.13340653479099274,
      0.12185853021219373,
      0.11150200013071299,
      0.1057002292945981,
      0.09040304692462087,
      0.10137934098020196,
      0.11391541315242648,
      0.0798717187717557,
      0.07861272804439068,
      0.07868846599012613,
      0.08050204114988446,
      0.05475090770050883,
      0.0904473289847374,
      0.18406891310587525,
      0.13610766036435962,
      0.1314181126654148,
      0.11977026192471385,
      0.12298742216080427,
      0.10823661601170897,
      0.08101834310218692,
      0.08015747368335724,
      0.0600966140627861,
      0.08754811808466911,
      0.0618873187340796,
      0.05545200128108263,
      0.12560830218717456,
      0.14064420526847243,
      0.1355573427863419,
      0.14277331111952662,
      0.1063653752207756,
      0.12116404622793198,
      0.1068021128885448,
      0.09135378198698163,
      0.08833333989605308,
      0.08699590293690562,
      0.08494008239358664,
      0.07147168181836605,
      0.07106671575456858,
      0.1071397252380848,
      0.1571896239183843,
      0.10441651986911893,
      0.11700044386088848,
      0.11805347679182887,
      0.13036318309605122,
      0.11736984923481941,
      0.09107483876869082,
      0.09013640601187944,
      0.06551543716341257,
      0.08686627727001905,
      0.0719068767502904,
      0.06949024181813002,
      0.1146114100702107,
      0.11280130501836538,
      0.13064410211518407,
      0.10763764614239335,
      0.10312673216685653,
      0.10515496740117669,
      0.13263241667300463,
      0.10383560415357351,
      0.08626024564728141,
      0.06653570011258125,
      0.05818072520196438,
      0.0563755570910871,
      0.06873148493468761,
      0.13213726412504911,
      0.10916818398982286,
      0.11877932911738753,
      0.13303061481565237,
      0.1579283094033599,
      0.1353434300981462,
      0.11205822601914406,
      0.07834061188623309,
      0.07364595495164394,
      0.0590919959358871,
      0.060301573015749454,
      0.053779627196490765,
      0.08298837207257748,
      0.11237867688760161,
      0.1384666166268289
    ],
    [
      0.07057644426822662,
      0.15736317401751876,
      0.137695481069386,
      0.10837456583976746,
      0.11583870276808739,
      0.10856425296515226,
      0.13003823813050985,
      0.11652832897379994,
      0.054636270739138126,
      0.055209956131875515,
      0.07375213922932744,
      0.0719616748392582,
      0.0718649891205132,
      0.06169312680140138,
      0.08088182285428047,
      0.07673671841621399,
      0.07975012622773647,
      0.07926088897511363,
      0.08171612909063697,
      0.059173252899199724,
      0.07973459688946605,
      0.16423050314188004,
      0.13230581488460302,
      0.13657889002934098,
      0.10730803199112415,
      0.10649619018658996,
      0.13113582227379084,
      0.10444919485598803,
      0.06047241622582078,
      0.07861412083730102,
      0.07869228813797235,
      0.08050224697217345,
      0.06961194518953562,
      0.055499195121228695,
      0.14040469424799085,
      0.12383465375751257,
      0.13063967507332563,
      0.1071512009948492,
      0.10457362281158566,
      0.10764876194298267,
      0.0610981616191566,
      0.05978949321433902,
      0.07887412793934345,
      0.08755126688629389,
      0.06187266390770674,
      0.07635134411975741,
      0.1325051998719573,
      0.14064766094088554,
      0.13556002359837294,
      0.1427703038789332,
      0.11570864729583263,
      0.11346766399219632,
      0.0911465878598392,
      0.09135602507740259,
      0.06871633185073733,
      0.08700476586818695,
      0.06487403996288776,
      0.0714664370752871,
      0.07106984918937087,
      0.0822160099633038,
      0.15719443326815963,
      0.11441046185791492,
      0.1107381647452712,
      0.10712538799270988,
      0.09928646218031645,
      0.0992632545530796,
      0.0910788788460195,
      0.09013326000422239,
      0.08643341669812799,
      0.0868738628923893,
      0.07191040785983205,
      0.052805231884121895,
      0.10891788173466921,
      0.10953637305647135,
      0.13035633321851492,
      0.10815981030464172,
      0.11546647176146507,
      0.10865374840795994,
      0.12207419890910387,
      0.08495097793638706,
      0.08626015717163682,
