{
  "implementation": "deepspeed_oneccl",
  "backend": "ccl",
  "operation": "broadcast",
  "num_ranks": 4,
  "tensor_shape": {
    "batch": 32,
    "seq_len": 2048,
    "hidden_dim": 4096
  },
  "num_elements": 268435456,
  "tensor_size_bytes": 536870912,
  "tensor_size_mb": 512.0,
  "dtype": "bfloat16",
  "warmup_iterations": 10,
  "measurement_iterations": 100,
  "timing_method": "time.perf_counter()",
  "timings": [
    [
      0.26759725576266646,
      0.2977104168385267,
      0.29397748596966267,
      0.255507443100214,
      0.23136580688878894,
      0.25526495883241296,
      0.2629346908070147,
      0.22468168707564473,
      0.27279186015948653,
      0.29964357893913984,
      0.2681565177626908,
      0.263160795904696,
      0.2684645988047123,
      0.26443877210840583,
      0.22606758400797844,
      0.24288810603320599,
      0.2200666442513466,
      0.2168803778477013,
      0.20405533909797668,
      0.24438377236947417,
      0.22560485871508718,
      0.22893733019009233,
      0.2540691290050745,
      0.24781728209927678,
      0.22644735919311643,
      0.20490839565172791,
      0.20678230002522469,
      0.20441923709586263,
      0.218491202685982,
      0.22467289492487907,
      0.1450642147101462,
      0.1401622691191733,
      0.1831103297881782,
      0.265781088732183,
      0.24679931020364165,
      0.2577125420793891,
      0.14773618197068572,
      0.24568389216437936,
      0.26704283338040113,
      0.2791594569571316,
      0.23680567275732756,
      0.25220064725726843,
      0.246841745916754,
      0.27951984433457255,
      0.24740854743868113,
      0.28707175189629197,
      0.24708634801208973,
      0.22026833472773433,
      0.22710264287889004,
      0.22340397397056222,
      0.2133163372054696,
      0.22949042404070497,
      0.2654460100457072,
      0.24817452114075422,
      0.2332831798121333,
      0.2519712522625923,
      0.22668359521776438,
      0.2202930748462677,
      0.29757596272975206,
      0.2281431588344276,
      0.22245817724615335,
      0.22030283603817225,
      0.2277708211913705,
      0.24568488681688905,
      0.279237752314657,
      0.27087934082373977,
      0.28606162406504154,
      0.23463421314954758,
      0.24706413596868515,
      0.21975740510970354,
      0.22319814283400774,
      0.23742374312132597,
      0.25606717774644494,
      0.14372952096164227,
      0.15848527615889907,
      0.15579798305407166,
      0.16094141686335206,
      0.19561573211103678,
      0.29226199677214026,
      0.26734231784939766,
      0.2733522802591324,
      0.24384099384769797,
      0.2709713829681277,
      0.21852555917575955,
      0.16683361819013953,
      0.19905122881755233,
      0.24268180318176746,
      0.27586815785616636,
      0.2931245337240398,
      0.26112543884664774,
      0.22684214683249593,
      0.2621873705647886,
      0.20434745401144028,
      0.21184546081349254,
      0.22503782995045185,
      0.22461032588034868,
      0.24111447483301163,
      0.3212889190763235,
      0.2476269113831222,
      0.2644881410524249
    ],
    [
      0.253868511877954,
      0.27288040705025196,
      0.2924902136437595,
      0.253751530777663,
      0.2313656290061772,
      0.25513668404892087,
      0.2606052686460316,
      0.21020674658939242,
      0.2652763440273702,
      0.21786352386698127,
      0.22331045614555478,
      0.2423434811644256,
      0.25479232612997293,
      0.25781892193481326,
      0.21515414118766785,
      0.22755774203687906,
      0.1973920757882297,
      0.206824307795614,
      0.20405870908871293,
      0.19554162910208106,
      0.1943176258355379,
      0.20786659326404333,
      0.2408140548504889,
      0.23968434194102883,
      0.2129163579083979,
      0.1938651232048869,
      0.19437554897740483,
      0.2044210722669959,
      0.2169054769910872,
      0.21797849796712399,
      0.10675402823835611,
      0.10584806790575385,
      0.18310858868062496,
      0.24230429902672768,
      0.23172473814338446,
      0.25769181409850717,
      0.10717611527070403,
      0.21492868289351463,
      0.25730638206005096,
      0.26409131893888116,
      0.2368073877878487,
      0.2424534191377461,
      0.24684163089841604,
      0.2596377059817314,
      0.23482675198465586,
      0.2854258781298995,
      0.20646509528160095,
      0.20986634213477373,
      0.2209672569297254,
      0.20888472301885486,
      0.21277960715815425,
      0.20511079067364335,
      0.26694805920124054,
      0.2247943370603025,
      0.22220165375620127,
      0.2519660838879645,
      0.22668594121932983,
      0.20907554496079683,
      0.29616431100293994,
      0.21434621512889862,
      0.2297498588450253,
      0.20314247673377395,
      0.2014758950099349,
      0.22572220582515,
      0.268593346234411,
      0.2539159678854048,
      0.2807636996731162,
      0.22830426366999745,
      0.2372572971507907,
      0.20878153713420033,
      0.21389893116429448,
      0.23742972500622272,
      0.2560687861405313,
      0.14372666226699948,
      0.11778660211712122,
      0.15578970592468977,
      0.16094060335308313,
      0.1457678247243166,
      0.2856729067862034,
      0.262780106626451,
      0.23169030295684934,
      0.24164653569459915,
      0.22404128080233932,
      0.20924588572233915,
      0.16683648200705647,
      0.11787904892116785,
      0.2305250922217965,
      0.22891050018370152,
      0.29280843771994114,
      0.2132165776565671,
      0.2103601787239313,
      0.2452486981637776,
      0.20053399493917823,
      0.20942096831277013,
      0.20840312587097287,
      0.21240187622606754,
      0.24111057398840785,
      0.3212863360531628,
      0.2731828656978905,
      0.24240693589672446
    ],
    [
      0.2676011216826737,
      0.2265020371414721,
      0.29244216391816735,
      0.20410283096134663,
      0.23039654735475779,
      0.2072839722968638,
      0.26293343771249056,
      0.20631088316440582,
      0.25392442708835006,
      0.28691312996670604,
      0.26000433834269643,
      0.25950015103444457,
      0.25221046805381775,
      0.20578097272664309,
      0.20961542194709182,
      0.2247641352005303,
      0.20217978581786156,
      0.2025417103432119,
      0.18636854505166411,
      0.23374973936006427,
      0.21796079818159342,
      0.2248391481116414,
      0.2357761817984283,
      0.22319497913122177,
      0.22634246293455362,
      0.20490557001903653,
      0.20336690405383706,
      0.19342785002663732,
      0.20917109912261367,
      0.20459180092439055,
      0.14506473578512669,
      0.14015641156584024,
      0.18260480789467692,
      0.24370194366201758,
      0.2272363379597664,
      0.2469384758733213,
      0.14773840317502618,
      0.2291972180828452,
      0.2563061653636396,
      0.21279342798516154,
      0.22737385472282767,
      0.2462499630637467,
      0.24087125808000565,
      0.2752851489931345,
      0.23395808739587665,
      0.2870762520469725,
      0.23898153798654675,
      0.2194844540208578,
      0.21626726631075144,
      0.2117477161809802,
      0.21331996424123645,
      0.21538692899048328,
      0.27849713480100036,
      0.24747858988121152,
      0.22450822312384844,
      0.21275575319305062,
      0.21542093716561794,
      0.21032179379835725,
      0.2961561977863312,
      0.2061126809567213,
      0.19335898011922836,
      0.2203002073802054,
      0.21406408213078976,
      0.23829354532063007,
      0.26619121013209224,
      0.2620233781635761,
      0.2626861766912043,
      0.20585152879357338,
      0.23392812814563513,
      0.20089229801669717,
      0.20713632181286812,
      0.23741842107847333,
      0.2560596661642194,
      0.10613416321575642,
      0.15849189599975944,
      0.11492404481396079,
      0.11401447094976902,
      0.1956214550882578,
      0.21686580684036016,
      0.26278168708086014,
      0.27335038501769304,
      0.20845454512163997,
      0.25894000101834536,
