{
  "implementation": "deepspeed_oneccl",
  "backend": "ccl",
  "operation": "gather",
  "num_ranks": 4,
  "tensor_shape": {
    "batch": 16,
    "seq_len": 4096,
    "hidden_dim": 4096
  },
  "num_elements": 268435456,
  "tensor_size_bytes": 536870912,
  "tensor_size_mb": 512.0,
  "dtype": "bfloat16",
  "warmup_iterations": 10,
  "measurement_iterations": 100,
  "timing_method": "time.perf_counter()",
  "timings": [
    [
      0.7052064510062337,
      0.8232125448994339,
      0.7780095022171736,
      0.7306050090119243,
      0.7911752499639988,
      0.7909155110828578,
      0.7720380560494959,
      0.7462646248750389,
      0.8615036099217832,
      0.6998063921928406,
      0.8378127757459879,
      0.7439271463081241,
      0.7080784430727363,
      0.6819931287318468,
      0.6989922886714339,
      0.7307191733270884,
      0.7338900920003653,
      0.7942614280618727,
      0.7162968488410115,
      0.8359032901935279,
      0.7332448018714786,
      0.8214186569675803,
      0.7684968351386487,
      0.7382366079837084,
      0.8720471621491015,
      0.6993807819671929,
      0.7762790056876838,
      0.7954679550603032,
      0.7199312932789326,
      0.7663757293485105,
      0.8307420411147177,
      0.7427382986061275,
      0.7580378619022667,
      0.8771020122803748,
      0.6905709048733115,
      0.8328840550966561,
      0.8063633269630373,
      0.8037657719105482,
      0.7672745031304657,
      0.7684784401208162,
      0.7533761621452868,
      0.5613530348055065,
      0.46116667054593563,
      0.37044684356078506,
      0.39006925374269485,
      0.3956116549670696,
      0.39838841231539845,
      0.39734833082184196,
      0.47398296603932977,
      0.38439601799473166,
      0.39234374882653356,
      0.401989733800292,
      0.3954252121038735,
      0.3937404132448137,
      0.39565105503425,
      0.4406820968724787,
      0.4241542308591306,
      0.3964819279499352,
      0.3886698139831424,
      0.3926492012105882,
      0.42406299291178584,
      0.42679873993620276,
      0.39051950071007013,
      0.3925288422033191,
      0.39385828375816345,
      0.4245052793994546,
      0.43567645410075784,
      0.38922992814332247,
      0.39389353431761265,
      0.39937769202515483,
      0.4141392461024225,
      0.48935350123792887,
      0.40668866969645023,
      0.41201845929026604,
      0.4242569673806429,
      0.4310052031651139,
      0.5176171367056668,
      0.41470147715881467,
      0.42365919006988406,
      0.6637387936934829,
      0.8556148437783122,
      0.710264999885112,
      0.7735498188994825,
      0.7994837113656104,
      0.7857322129420936,
      0.7933143223635852,
      0.8002433776855469,
      0.7368714320473373,
      0.8008180786855519,
      0.8014203091152012,
      0.7647239654324949,
      0.8225393169559538,
      0.6887834188528359,
      0.8196090031415224,
      0.8855189820751548,
      0.7187119857408106,
      0.7736880909651518,
      0.79161890828982,
      0.807613393291831,
      0.8514317069202662
    ],
    [
      0.28289931872859597,
      0.342847001273185,
      0.3056008513085544,
      0.5097086620517075,
      0.5633137612603605,
      0.3031450239941478,
      0.31489897472783923,
      0.5115722250193357,
      0.32816275488585234,
      0.291136187966913,
      0.33968589175492525,
      0.5386240216903389,
      0.26006261399015784,
      0.48446252290159464,
      0.2785085099749267,
      0.521497196983546,
      0.5184408128261566,
      0.5674901697784662,
      0.5014762398786843,
      0.36251423228532076,
      0.5109554170630872,
      0.5149550619535148,
      0.32915430096909404,
      0.4890237580984831,
      0.5879754079505801,
      0.2753420500084758,
      0.3032828690484166,
      0.5829092683270574,
      0.2579116183333099,
      0.5417464869096875,
      0.594396575819701,
      0.5384615482762456,
      0.5050493073649704,
      0.38753867521882057,
      0.2900874908082187,
      0.5862147407606244,
      0.5857475879602134,
      0.30073162307962775,
      0.5177573221735656,
      0.31443704618141055,
      0.524038553237915,
      0.4508513477630913,
      0.19809133606031537,
      0.16956547182053328,
      0.2838098490610719,
      0.287453246768564,
      0.2891340982168913,
      0.28910749685019255,
      0.36771705094724894,
      0.1715418859384954,
      0.28367532789707184,
      0.29218765161931515,
      0.2881288258358836,
      0.17901443503797054,
      0.286065564956516,
      0.3028970118612051,
      0.2143820491619408,
      0.2904052110388875,
      0.2824656111188233,
      0.28518385998904705,
      0.28826479706913233,
      0.21976339584216475,
      0.28420349676162004,
      0.28508329624310136,
      0.28624041099101305,
      0.28824471309781075,
      0.22817058628425002,
      0.2844012859277427,
      0.28684042021632195,
      0.29008778277784586,
      0.29181656893342733,
      0.2506427080370486,
      0.17906558280810714,
      0.29806039622053504,
      0.30671336594969034,
      0.1958389300853014,
      0.35679948376491666,
      0.307649043854326,
      0.3072303761728108,
      0.41556589771062136,
      0.561194967944175,
      0.4995810720138252,
      0.5665952931158245,
      0.33049990283325315,
      0.28269241703674197,
      0.32732404489070177,
      0.35784642584621906,
      0.5174720836803317,
      0.48779038386419415,
      0.33122954796999693,
      0.31432818807661533,
      0.588036369998008,
      0.47207303903996944,
      0.5391813521273434,
      0.6773145301267505,
      0.5029024598188698,
      0.2788201388902962,
      0.2935779388062656,
      0.3275564881041646,
      0.30117769865319133
    ],
    [
      0.49363632779568434,
      0.5971995959989727,
      0.5288233002647758,
      0.48733771592378616,
      0.5678887809626758,
      0.5126672578044236,
      0.5556801320053637,
      0.5239104609936476,
      0.6000216291286051,
      0.4829047848470509,
      0.6070073898881674,
      0.5390129880979657,
      0.48876373283565044,
      0.4663502690382302,
      0.4677640344016254,
      0.29669983498752117,
      0.5057042650878429,
      0.5675016320310533,
      0.5013772430829704,
      0.5954485349357128,
      0.5175525560043752,
      0.515361940022558,
      0.5369641669094563,
      0.49899298837408423,
      0.5874079358763993,
      0.4969830880872905,
      0.5433052172884345,
      0.57864805823192,
      0.4924547919072211,
      0.5428900672122836,
      0.5959737189114094,
      0.5304031050764024,
      0.5054042558185756,
      0.6678718067705631,
      0.4995585698634386,
      0.5909788189455867,
      0.5857481458224356,
      0.5485325600020587,
      0.5022375350818038,
      0.5428231661207974,
      0.5199287701398134,
      0.4543696609325707,
      0.3344729207456112,
      0.2714337771758437,
      0.2838096609339118,
      0.28745274618268013,
      0.28914056392386556,
      0.28910553781315684,
      0.36771697690710425,
      0.2773218657821417,
      0.28367166593670845,
      0.2921837670728564,
      0.2881231578066945,
      0.28633313486352563,
      0.28606276912614703,
      0.3028931892476976,
      0.31948088109493256,
      0.29040295211598277,
      0.28246099315583706,
      0.2851808541454375,
      0.288261282723397,
      0.3234733212739229,
      0.28420154796913266,
      0.28508197562769055,
      0.28623607382178307,
      0.2882405440323055,
      0.3323438661172986,
      0.2843991620466113,
      0.2868356010876596,
      0.2900818809866905,
      0.291811830829829,
      0.3795238402672112,
      0.28983807004988194,
      0.2980553503148258,
      0.30670939991250634,
      0.313410853035748,
      0.3567944406531751,
      0.30764239095151424,
      0.3072276823222637,
      0.4155609179288149,
      0.562352548353374,
      0.49400308076292276,
      0.5549962711520493,
      0.6094830562360585,
      0.5332399411126971,
      0.5535982539877295,
      0.5711931260302663,
