{
  "mpi_implementation": "deepspeed_oneccl",
  "operation": "broadcast",
  "num_ranks": 16,
  "data_size_name": "64KB",
  "num_elements": 16384,
  "dtype": "float16",
  "mean_time_us": 62.83518654527142,
  "median_time_us": 64.02400322258472,
  "min_time_us": 35.289209336042404,
  "max_time_us": 81.48141205310822,
  "std_dev_us": 7.41420183976907,
  "p95_time_us": 74.01632610708475,
  "p99_time_us": 78.38783320039511,
  "load_imbalance_percent": 10.631463149636875,
  "per_rank_means_us": [
    69.51548624783754,
    47.35583905130625,
    53.636953234672546,
    57.75110796093941,
    58.838711120188236,
    60.943206772208214,
    61.64792925119401,
    63.206292688846595,
    63.06136026978492,
    64.28706459701061,
    66.68426562100649,
    67.23244208842516,
    66.83045066893101,
    68.30685306340456,
    67.88179744035006,
    68.18322464823723
  ],
  "bandwidth_gbps": 5.992547719739399
}