{
  "mpi_implementation": "deepspeed_oneccl",
  "operation": "broadcast",
  "num_ranks": 16,
  "data_size_name": "1KB",
  "num_elements": 256,
  "dtype": "float16",
  "mean_time_us": 41.83039622148499,
  "median_time_us": 40.88599234819412,
  "min_time_us": 29.379967600107193,
  "max_time_us": 56.072138249874115,
  "std_dev_us": 5.405268464110494,
  "p95_time_us": 50.50334148108959,
  "p99_time_us": 52.4563854560256,
  "load_imbalance_percent": 5.256232100452815,
  "per_rank_means_us": [
    33.02250523120165,
    41.52959678322077,
    42.04103723168373,
    41.93892236799002,
    42.42165479809046,
    43.39703358709812,
    43.50485745817423,
    41.29935521632433,
    41.50434397161007,
    42.80478227883577,
    42.894063517451286,
    42.05045755952597,
    42.50332247465849,
    43.44327375292778,
    44.02909893542528,
    40.902034379541874
  ],
  "bandwidth_gbps": 0.13606391283405583
}