{
  "mpi_implementation": "deepspeed_oneccl",
  "operation": "reduce",
  "num_ranks": 16,
  "data_size_name": "1KB",
  "num_elements": 256,
  "dtype": "float16",
  "mean_time_us": 40.152033034246415,
  "median_time_us": 39.13394175469875,
  "min_time_us": 32.06590190529823,
  "max_time_us": 55.70286884903908,
  "std_dev_us": 3.522042108384043,
  "p95_time_us": 47.36417904496193,
  "p99_time_us": 52.61507350951433,
  "load_imbalance_percent": 15.83406611714796,
  "per_rank_means_us": [
    46.509732492268085,
    37.84419037401676,
    39.58890214562416,
    37.80051600188017,
    42.62251779437065,
    38.16576674580574,
    41.367062367498875,
    38.72459288686514,
    44.777439907193184,
    37.931851111352444,
    39.690700359642506,
    37.576123140752316,
    43.18433813750744,
    37.345606833696365,
    40.70641938596964,
    38.596768863499165
  ],
  "bandwidth_gbps": 0.13696591735564825
}