{
  "mpi_implementation": "deepspeed_oneccl",
  "operation": "reduce",
  "num_ranks": 16,
  "data_size_name": "16MB",
  "num_elements": 4194304,
  "dtype": "float16",
  "mean_time_us": 5621.878728561569,
  "median_time_us": 4539.727699011564,
  "min_time_us": 2917.7400283515453,
  "max_time_us": 12092.495802789927,
  "std_dev_us": 2925.3031880672356,
  "p95_time_us": 11714.788526296616,
  "p99_time_us": 11963.85258808732,
  "load_imbalance_percent": 110.30002068075729,
  "per_rank_means_us": [
    11822.812128812075,
    3148.4088115394115,
    6436.052448116243,
    3219.9871679767966,
    8887.778907082975,
    3102.506655268371,
    6159.793017432094,
    3157.0822140201926,
    10979.283642955124,
    3074.633036740124,
    6144.236642867327,
    3125.8743721991777,
    8374.682869762182,
    3068.925468251109,
    6129.479641094804,
    3118.522632867098
  ],
  "bandwidth_gbps": 10.336989322846039
}