{
  "mpi_implementation": "deepspeed_oneccl",
  "operation": "allgather",
  "num_ranks": 16,
  "data_size_name": "1KB",
  "num_elements": 256,
  "dtype": "float16",
  "mean_time_us": 111.87631433131173,
  "median_time_us": 111.47209443151951,
  "min_time_us": 94.07801553606987,
  "max_time_us": 133.25968757271767,
  "std_dev_us": 6.62354991260523,
  "p95_time_us": 123.27153235673903,
  "p99_time_us": 128.04786209017038,
  "load_imbalance_percent": 6.741149675959868,
  "per_rank_means_us": [
    110.17766781151295,
    109.22948829829693,
    110.55018752813339,
    111.37057095766068,
    119.4180641323328,
    118.08750685304403,
    110.40714103728533,
    117.31420643627644,
    113.10999281704426,
    109.93728879839182,
    113.66107501089573,
    110.95257010310888,
    116.19833298027515,
    105.16023263335228,
    106.8997010588646,
    107.54700284451246
  ],
  "bandwidth_gbps": 0.05725208178269788
}