{
  "mpi_implementation": "deepspeed_oneccl",
  "operation": "allgather",
  "num_ranks": 4,
  "data_size_name": "16MB",
  "num_elements": 4194304,
  "dtype": "float16",
  "mean_time_us": 3650.110240560025,
  "median_time_us": 3587.3178858309984,
  "min_time_us": 3548.052627593279,
  "max_time_us": 6002.089008688927,
  "std_dev_us": 265.92110161779,
  "p95_time_us": 3913.140133954584,
  "p99_time_us": 4410.830740816877,
  "load_imbalance_percent": 0.03557219471703401,
  "per_rank_means_us": [
    3650.6471782922745,
    3651.408664882183,
    3650.4414258524776,
    3647.943693213165
  ],
  "bandwidth_gbps": 5.206520588875128
}