{
  "mpi_implementation": "deepspeed_oneccl",
  "operation": "gather",
  "num_ranks": 16,
  "data_size_name": "64KB",
  "num_elements": 16384,
  "dtype": "float16",
  "mean_time_us": 6742.304643266834,
  "median_time_us": 125.09594671428204,
  "min_time_us": 41.97563976049423,
  "max_time_us": 677835.7969596982,
  "std_dev_us": 65885.9407664563,
  "p95_time_us": 204.8352500423789,
  "p99_time_us": 6658.812705421629,
  "load_imbalance_percent": 97.71312725524221,
  "per_rank_means_us": [
    13330.421359278262,
    48.13594277948141,
    50.13739690184593,
    64.07620385289192,
    74.02749266475439,
    86.03452239185572,
    98.08144997805357,
    6884.490023367107,
    6894.733482040465,
    6906.9550186395645,
    6917.152204550803,
    13283.05943403393,
    13293.050550855696,
    13304.55135088414,
    13315.327139571309,
    13326.64072047919
  ],
  "bandwidth_gbps": 0.0007203532952819716
}