{
  "mpi_implementation": "deepspeed_oneccl",
  "operation": "alltoall",
  "num_ranks": 8,
  "data_size_name": "1MB",
  "num_elements": 262144,
  "dtype": "float16",
  "mean_time_us": 352.45597537141293,
  "median_time_us": 324.58826899528503,
  "min_time_us": 227.89184004068375,
  "max_time_us": 683.5418753325939,
  "std_dev_us": 96.94324564938792,
  "p95_time_us": 520.8017071709037,
  "p99_time_us": 606.8099988624454,
  "load_imbalance_percent": 0.7528386323137612,
  "per_rank_means_us": [
    352.3145383223891,
    350.2749325707555,
    354.12893164902925,
    353.16625609993935,
    350.4769690334797,
    352.5834111496806,
    351.59336403012276,
    355.1094001159072
  ],
  "bandwidth_gbps": 5.714719377067161
}