{
  "mpi_implementation": "deepspeed_oneccl",
  "operation": "reduce",
  "num_ranks": 16,
  "data_size_name": "1MB",
  "num_elements": 262144,
  "dtype": "float16",
  "mean_time_us": 228.2393054338172,
  "median_time_us": 188.3010845631361,
  "min_time_us": 124.66311454772949,
  "max_time_us": 526.4719948172569,
  "std_dev_us": 112.06692217084158,
  "p95_time_us": 475.15134792774916,
  "p99_time_us": 488.7628694996238,
  "load_imbalance_percent": 111.19253637188449,
  "per_rank_means_us": [
    482.02437814325094,
    131.34090695530176,
    241.9452741742134,
    136.84813398867846,
    341.12705383449793,
    134.80526860803366,
    237.2329356148839,
    139.7852273657918,
    439.5487764850259,
    141.2383560091257,
    239.71544113010168,
    135.5068664997816,
    336.11055463552475,
    141.84096362441778,
    237.27098014205694,
    135.48776973038912
  ],
  "bandwidth_gbps": 14.839345828284348
}