{
  "mpi_implementation": "deepspeed_oneccl",
  "operation": "gather",
  "num_ranks": 16,
  "data_size_name": "1MB",
  "num_elements": 262144,
  "dtype": "float16",
  "mean_time_us": 5325.6315176258795,
  "median_time_us": 494.6610424667597,
  "min_time_us": 105.78008368611336,
  "max_time_us": 529187.6709088683,
  "std_dev_us": 45801.42495759536,
  "p95_time_us": 791.9173687696457,
  "p99_time_us": 403417.95857064426,
  "load_imbalance_percent": 89.93773645628985,
  "per_rank_means_us": [
    10115.383956581354,
    113.0759809166193,
    157.94854145497084,
    4246.648997068405,
    4293.571352027357,
    4343.682085163891,
    4391.31535589695,
    4439.305397681892,
    4487.5168753787875,
    4536.4041812717915,
    4584.905323572457,
    4633.119353093207,
    4680.656618438661,
    10012.549594976008,
    10060.942899435759,
    10113.077769055963
  ],
  "bandwidth_gbps": 0.014763193531289572
}