{
  "implementation": "deepspeed_oneccl",
  "operation": "allreduce",
  "num_ranks": 8,
  "hidden_dim": 2048,
  "seq_len": 2048,
  "batch": 8,
  "tensor_size_mb": 64.0,
  "num_elements": 33554432,
  "mean_time_ms": 79.87597419240046,
  "median_time_ms": 79.75196884945035,
  "min_time_ms": 75.97326720133424,
  "max_time_ms": 103.01586985588074
}