{
  "implementation": "deepspeed_oneccl",
  "operation": "allreduce",
  "num_ranks": 8,
  "hidden_dim": 4096,
  "seq_len": 4096,
  "batch": 16,
  "tensor_size_mb": 512.0,
  "num_elements": 268435456,
  "mean_time_ms": 649.9760685220826,
  "median_time_ms": 635.3753830771893,
  "min_time_ms": 590.9129893407226,
  "max_time_ms": 904.1703073307872
}