{
  "implementation": "deepspeed_oneccl",
  "operation": "allreduce",
  "num_ranks": 4,
  "hidden_dim": 4096,
  "seq_len": 2048,
  "batch": 16,
  "tensor_size_mb": 256.0,
  "num_elements": 134217728,
  "mean_time_ms": 193.2592005119659,
  "median_time_ms": 193.18501371890306,
  "min_time_ms": 180.16332807019353,
  "max_time_ms": 242.45345825329423
}