{
  "mpi_implementation": "intelmpi",
  "operation": "gather",
  "num_ranks": 4,
  "data_size_name": "1KB",
  "num_elements": 256,
  "dtype": "<class 'numpy.float16'>",
  "mean_time_us": 8.809010032564402,
  "median_time_us": 6.33695162832737,
  "min_time_us": 5.681999027729034,
  "max_time_us": 18.97895708680153,
  "std_dev_us": 4.35036747802678,
  "p95_time_us": 16.662082634866234,
  "p99_time_us": 17.214282415807244,
  "load_imbalance_percent": 85.12687260089426,
  "per_rank_means_us": [
    16.307844780385494,
    6.397818215191364,
    6.210762076079845,
    6.319615058600903
  ],
  "bandwidth_gbps": 0.10049807395048703
}