{
  "mpi_implementation": "intelmpi",
  "operation": "scatter",
  "num_ranks": 2,
  "data_size_name": "1MB",
  "num_elements": 262144,
  "dtype": "<class 'numpy.float16'>",
  "mean_time_us": 200.65687829628587,
  "median_time_us": 206.03416487574577,
  "min_time_us": 184.51828509569168,
  "max_time_us": 222.86223247647285,
  "std_dev_us": 9.652157831830761,
  "p95_time_us": 210.75238473713398,
  "p99_time_us": 214.92576692253346,
  "load_imbalance_percent": 4.170243179760924,
  "per_rank_means_us": [
    209.0247580781579,
    192.28899851441383
  ],
  "bandwidth_gbps": 4.381911143706657
}