{
  "mpi_implementation": "intelmpi",
  "operation": "allreduce",
  "num_ranks": 4,
  "data_size_name": "1KB",
  "num_elements": 256,
  "dtype": "<class 'numpy.float16'>",
  "mean_time_us": 35.552390618249774,
  "median_time_us": 34.296419471502304,
  "min_time_us": 32.02492371201515,
  "max_time_us": 137.40267604589462,
  "std_dev_us": 10.296655782713753,
  "p95_time_us": 37.4391907826066,
  "p99_time_us": 39.25265278667122,
  "load_imbalance_percent": 0.27572694842651835,
  "per_rank_means_us": [
    35.650418139994144,
    35.51787696778774,
    35.646623000502586,
    35.39464436471462
  ],
  "bandwidth_gbps": 0.013881451858880943
}