{
  "mpi_implementation": "intelmpi",
  "operation": "broadcast",
  "num_ranks": 4,
  "data_size_name": "16MB",
  "num_elements": 4194304,
  "dtype": "<class 'numpy.float16'>",
  "mean_time_us": 1233.8324112351984,
  "median_time_us": 1275.6932992488146,
  "min_time_us": 1114.984042942524,
  "max_time_us": 1362.4131679534912,
  "std_dev_us": 76.77187454575622,
  "p95_time_us": 1304.973382502794,
  "p99_time_us": 1357.0724334567785,
  "load_imbalance_percent": 0.04646083455585717,
  "per_rank_means_us": [
    1234.405660070479,
    1233.8364170864224,
    1233.5708644241095,
    1233.5167033597827
  ],
  "bandwidth_gbps": 22.93724160559991
}