{
  "mpi_implementation": "intelmpi",
  "operation": "reduce",
  "num_ranks": 16,
  "data_size_name": "64KB",
  "num_elements": 16384,
  "dtype": "<class 'numpy.float16'>",
  "mean_time_us": 242.12992371758446,
  "median_time_us": 240.5606210231781,
  "min_time_us": 33.94531086087227,
  "max_time_us": 518.8863724470139,
  "std_dev_us": 103.35269754682106,
  "p95_time_us": 441.3317423313856,
  "p99_time_us": 457.01341703534126,
  "load_imbalance_percent": 85.5758589404241,
  "per_rank_means_us": [
    449.334685690701,
    346.37410193681717,
    343.38411409407854,
    242.8793115541339,
    342.75264013558626,
    237.87769488990307,
    246.15374393761158,
    140.33482875674963,
    347.02498465776443,
    243.06077510118484,
    241.0127269104123,
    143.00346840173006,
    240.40525313466787,
    135.67605521529913,
    139.46359045803547,
    35.3408046066761
  ],
  "bandwidth_gbps": 0.9410176792605223
}