{
  "mpi_implementation": "intelmpi",
  "operation": "allreduce",
  "num_ranks": 4,
  "data_size_name": "16MB",
  "num_elements": 4194304,
  "dtype": "<class 'numpy.float16'>",
  "mean_time_us": 69654.0008240845,
  "median_time_us": 69345.98204679787,
  "min_time_us": 67495.14769762754,
  "max_time_us": 78136.87575981021,
  "std_dev_us": 1607.1874432422883,
  "p95_time_us": 71736.28315795213,
  "p99_time_us": 74040.33952392635,
  "load_imbalance_percent": 0.8020526896698096,
  "per_rank_means_us": [
    69391.73670485616,
    70167.00997017324,
    70212.6626111567,
    68844.59401015192
  ],
  "bandwidth_gbps": 0.39993920535114963
}