{
  "mpi_implementation": "intelmpi",
  "operation": "alltoall",
  "num_ranks": 8,
  "data_size_name": "64KB",
  "num_elements": 16384,
  "dtype": "<class 'numpy.float16'>",
  "mean_time_us": 63.86776047293097,
  "median_time_us": 63.214683905243874,
  "min_time_us": 60.66076457500458,
  "max_time_us": 74.2240808904171,
  "std_dev_us": 2.105849519655991,
  "p95_time_us": 68.57083644717932,
  "p99_time_us": 71.6425059363246,
  "load_imbalance_percent": 1.0183799663039979,
  "per_rank_means_us": [
    63.71840368956328,
    63.88972979038954,
    64.51817695051432,
    63.96835204213857,
    63.92998155206442,
    63.75797558575868,
    63.897850923240185,
    63.26161324977875
  ],
  "bandwidth_gbps": 3.289237429028514
}