{
  "mpi_implementation": "intelmpi",
  "operation": "alltoall",
  "num_ranks": 2,
  "data_size_name": "64KB",
  "num_elements": 16384,
  "dtype": "<class 'numpy.float16'>",
  "mean_time_us": 19.675311632454395,
  "median_time_us": 19.64508555829525,
  "min_time_us": 18.02900806069374,
  "max_time_us": 23.5140323638916,
  "std_dev_us": 0.6926126443329501,
  "p95_time_us": 20.536803640425205,
  "p99_time_us": 22.736825048923492,
  "load_imbalance_percent": 0.9465732250539013,
  "per_rank_means_us": [
    19.489070400595665,
    19.861552864313126
  ],
  "bandwidth_gbps": 2.5956907477820024
}