{
  "mpi_implementation": "intelmpi",
  "operation": "broadcast",
  "num_ranks": 16,
  "data_size_name": "1MB",
  "num_elements": 262144,
  "dtype": "<class 'numpy.float16'>",
  "mean_time_us": 74.49260650901124,
  "median_time_us": 74.01593029499054,
  "min_time_us": 73.27785715460777,
  "max_time_us": 84.5976173877716,
  "std_dev_us": 1.7942413697587198,
  "p95_time_us": 76.7601886764168,
  "p99_time_us": 83.70612747967242,
  "load_imbalance_percent": 0.5473067265702075,
  "per_rank_means_us": [
    74.90030955523252,
    74.77127481251955,
    74.65974893420935,
    74.54733829945326,
    74.55531507730484,
    74.45031311362982,
    74.5059410110116,
    74.44233633577824,
    74.41483903676271,
    74.43307433277369,
    74.37688298523426,
    74.3350014090538,
    74.43784736096859,
    74.37919732183218,
    74.33183491230011,
    74.3404496461153
  ],
  "bandwidth_gbps": 92.34893654498217
}