{
  "mpi_implementation": "intelmpi",
  "operation": "scatter",
  "num_ranks": 8,
  "data_size_name": "1MB",
  "num_elements": 262144,
  "dtype": "<class 'numpy.float16'>",
  "mean_time_us": 732.5514417607337,
  "median_time_us": 733.4752008318901,
  "min_time_us": 672.9862652719021,
  "max_time_us": 820.4998448491096,
  "std_dev_us": 30.68517649135168,
  "p95_time_us": 778.924347832799,
  "p99_time_us": 789.3424481153488,
  "load_imbalance_percent": 5.647081052176369,
  "per_rank_means_us": [
    773.919215425849,
    688.4278962388635,
    753.1542424112558,
    742.2063779085875,
    721.2595175951719,
    722.7120129391551,
    725.8268957957625,
    732.9053757712245
  ],
  "bandwidth_gbps": 4.760817475496734
}