{
  "mpi_implementation": "intelmpi",
  "operation": "scatter",
  "num_ranks": 4,
  "data_size_name": "1KB",
  "num_elements": 256,
  "dtype": "<class 'numpy.float16'>",
  "mean_time_us": 20.626470213755965,
  "median_time_us": 18.742401152849197,
  "min_time_us": 17.363112419843674,
  "max_time_us": 28.904061764478683,
  "std_dev_us": 3.247458814831695,
  "p95_time_us": 26.981206610798836,
  "p99_time_us": 28.583486564457413,
  "load_imbalance_percent": 4.942865175042577,
  "per_rank_means_us": [
    20.640003494918346,
    19.568102434277534,
    20.65176609903574,
    21.64600882679224
  ],
  "bandwidth_gbps": 0.06598894814003319
}