{
  "mpi_implementation": "intelmpi",
  "operation": "reduce",
  "num_ranks": 4,
  "data_size_name": "64KB",
  "num_elements": 16384,
  "dtype": "<class 'numpy.float16'>",
  "mean_time_us": 128.44698852859437,
  "median_time_us": 126.41912326216698,
  "min_time_us": 21.072570234537125,
  "max_time_us": 243.89196187257767,
  "std_dev_us": 74.92088400937594,
  "p95_time_us": 238.65182884037495,
  "p99_time_us": 240.928390994668,
  "load_imbalance_percent": 83.66756703574801,
  "per_rank_means_us": [
    235.9154587611556,
    130.43330516666174,
    123.17757587879898,
    24.261614307761192
  ],
  "bandwidth_gbps": 0.500509781309546
}