{
  "mpi_implementation": "intelmpi",
  "operation": "allgather",
  "num_ranks": 4,
  "data_size_name": "1KB",
  "num_elements": 256,
  "dtype": "<class 'numpy.float16'>",
  "mean_time_us": 18.34642724134028,
  "median_time_us": 17.89722591638565,
  "min_time_us": 15.669967979192734,
  "max_time_us": 29.280316084623337,
  "std_dev_us": 1.9537608384855598,
  "p95_time_us": 21.934020332992077,
  "p99_time_us": 26.07195638120173,
  "load_imbalance_percent": 3.7453501740954223,
  "per_rank_means_us": [
    17.624334432184696,
    19.033565185964108,
    17.759609036147594,
    18.96820031106472
  ],
  "bandwidth_gbps": 0.0651409850665564
}