{
  "mpi_implementation": "intelmpi",
  "operation": "gather",
  "num_ranks": 16,
  "data_size_name": "64KB",
  "num_elements": 16384,
  "dtype": "<class 'numpy.float16'>",
  "mean_time_us": 22.28803641628474,
  "median_time_us": 16.74611121416092,
  "min_time_us": 13.774260878562927,
  "max_time_us": 112.1307723224163,
  "std_dev_us": 21.85061445878482,
  "p95_time_us": 105.61577510088682,
  "p99_time_us": 108.29952545464039,
  "load_imbalance_percent": 379.39435717241497,
  "per_rank_means_us": [
    106.84758890420198,
    16.53505489230156,
    16.76991581916809,
    16.491604037582874,
    16.388841904699802,
    16.92602876573801,
    17.248429358005524,
    16.835429705679417,
    15.580994077026844,
    16.632601618766785,
    16.78174827247858,
    16.787750646471977,
    16.407775692641735,
    16.79636538028717,
    16.48728270083666,
    17.091170884668827
  ],
  "bandwidth_gbps": 4.354569578777321
}