{
  "mpi_implementation": "intelmpi",
  "operation": "allgather",
  "num_ranks": 8,
  "data_size_name": "1KB",
  "num_elements": 256,
  "dtype": "<class 'numpy.float16'>",
  "mean_time_us": 29.41011160146445,
  "median_time_us": 28.93339842557907,
  "min_time_us": 24.63255077600479,
  "max_time_us": 41.69857129454613,
  "std_dev_us": 2.943078565845671,
  "p95_time_us": 35.036494955420494,
  "p99_time_us": 37.68655005842447,
  "load_imbalance_percent": 0.8491378935837757,
  "per_rank_means_us": [
    29.30180635303259,
    29.659844003617764,
    29.581221751868725,
    29.415860772132874,
    29.306234791874886,
    29.484662227332592,
    29.40394915640354,
    29.127313755452633
  ],
  "bandwidth_gbps": 0.09148268507040995
}