{
  "mpi_implementation": "intelmpi",
  "operation": "allgather",
  "num_ranks": 2,
  "data_size_name": "1MB",
  "num_elements": 262144,
  "dtype": "<class 'numpy.float16'>",
  "mean_time_us": 190.61851780861616,
  "median_time_us": 193.08808259665966,
  "min_time_us": 184.29942429065704,
  "max_time_us": 203.85021343827248,
  "std_dev_us": 4.902147728223785,
  "p95_time_us": 197.17495888471603,
  "p99_time_us": 201.61478314548728,
  "load_imbalance_percent": 2.2363641493718758,
  "per_rank_means_us": [
    194.8814420029521,
    186.35559361428022
  ],
  "bandwidth_gbps": 4.790588557787855
}