{
  "mpi_implementation": "intelmpi",
  "operation": "gather",
  "num_ranks": 2,
  "data_size_name": "64KB",
  "num_elements": 16384,
  "dtype": "<class 'numpy.float16'>",
  "mean_time_us": 13.89775425195694,
  "median_time_us": 14.036661013960838,
  "min_time_us": 9.363982826471329,
  "max_time_us": 20.61808481812477,
  "std_dev_us": 3.5908638401821142,
  "p95_time_us": 17.845770344138145,
  "p99_time_us": 18.34240742027759,
  "load_imbalance_percent": 25.685168804363855,
  "per_rank_means_us": [
    17.467415891587734,
    10.328092612326145
  ],
  "bandwidth_gbps": 2.9602728278790345
}