{
  "mpi_implementation": "intelmpi",
  "operation": "sendrecv",
  "num_ranks": 2,
  "data_size_name": "64KB",
  "num_elements": 16384,
  "dtype": "<class 'numpy.float16'>",
  "mean_time_us": 5.153766833245754,
  "median_time_us": 5.143461748957634,
  "min_time_us": 4.026107490062714,
  "max_time_us": 7.615890353918076,
  "std_dev_us": 0.27872586985003567,
  "p95_time_us": 5.3342897444963455,
  "p99_time_us": 5.440413951873764,
  "load_imbalance_percent": 0.5904606496603025,
  "per_rank_means_us": [
    5.184197798371315,
    5.1233358681201935
  ],
  "bandwidth_gbps": 8.014185264445123
}