{
  "mpi_implementation": "intelmpi",
  "operation": "alltoall",
  "num_ranks": 2,
  "data_size_name": "1MB",
  "num_elements": 262144,
  "dtype": "<class 'numpy.float16'>",
  "mean_time_us": 102.35829744488001,
  "median_time_us": 101.886922493577,
  "min_time_us": 100.32858699560165,
  "max_time_us": 113.50680142641068,
  "std_dev_us": 1.782720985189097,
  "p95_time_us": 105.44860269874334,
  "p99_time_us": 109.50271971523759,
  "load_imbalance_percent": 0.38520509977649675,
  "per_rank_means_us": [
    102.75258682668209,
    101.96400806307793
  ],
  "bandwidth_gbps": 8.603559326205929
}