{
  "mpi_implementation": "intelmpi",
  "operation": "allreduce",
  "num_ranks": 16,
  "data_size_name": "64KB",
  "num_elements": 16384,
  "dtype": "<class 'numpy.float16'>",
  "mean_time_us": 478.9569234708324,
  "median_time_us": 460.68313531577587,
  "min_time_us": 447.65742495656013,
  "max_time_us": 592.8575992584229,
  "std_dev_us": 43.75902730943285,
  "p95_time_us": 582.7373592182994,
  "p99_time_us": 588.7521617114544,
  "load_imbalance_percent": 0.10503490155395317,
  "per_rank_means_us": [
    479.45999540388584,
    479.2132368311286,
    479.1242629289627,
    478.9335001260042,
    479.1916999965906,
    478.87467313557863,
    479.030255228281,
    479.0116660296917,
    478.74661162495613,
    478.80320344120264,
    479.0444206446409,
    478.7325393408537,
    478.90092711895704,
    478.9238655939698,
    478.734471835196,
    478.5854462534189
  ],
  "bandwidth_gbps": 0.8236062936711406
}