{
  "mpi_implementation": "intelmpi",
  "operation": "allreduce",
  "num_ranks": 16,
  "data_size_name": "1KB",
  "num_elements": 256,
  "dtype": "<class 'numpy.float16'>",
  "mean_time_us": 57.6351402560249,
  "median_time_us": 56.00880831480026,
  "min_time_us": 48.93960431218147,
  "max_time_us": 84.21577513217926,
  "std_dev_us": 7.3162783370234585,
  "p95_time_us": 74.46603849530219,
  "p99_time_us": 80.47990500926971,
  "load_imbalance_percent": 1.0474050984898708,
  "per_rank_means_us": [
    55.523570626974106,
    56.62309471517801,
    57.82375577837229,
    57.47322924435139,
    57.59410560131073,
    57.73276090621948,
    58.17342083901167,
    57.51175805926323,
    57.76465404778719,
    58.10824688524008,
    58.238813653588295,
    57.710292749106884,
    57.9990865662694,
    58.20698104798794,
    57.836296036839485,
    57.84217733889818
  ],
  "bandwidth_gbps": 0.09059341339880123
}