{
  "mpi_implementation": "intelmpi",
  "operation": "reduce",
  "num_ranks": 8,
  "data_size_name": "1KB",
  "num_elements": 256,
  "dtype": "<class 'numpy.float16'>",
  "mean_time_us": 26.44610940478742,
  "median_time_us": 27.90871076285839,
  "min_time_us": 17.517246305942535,
  "max_time_us": 38.916245102882385,
  "std_dev_us": 4.543526751810006,
  "p95_time_us": 33.88968762010336,
  "p99_time_us": 35.65330523997545,
  "load_imbalance_percent": 28.37052018452232,
  "per_rank_means_us": [
    33.94900821149349,
    29.000239446759224,
    29.16351892054081,
    23.76670017838478,
    29.176585376262665,
    23.90335313975811,
    24.07524734735489,
    18.5342226177454
  ],
  "bandwidth_gbps": 0.09802326137940937
}