{
  "mpi_implementation": "intelmpi",
  "operation": "sendrecv",
  "num_ranks": 16,
  "data_size_name": "1MB",
  "num_elements": 262144,
  "dtype": "<class 'numpy.float16'>",
  "mean_time_us": 49.98461896320805,
  "median_time_us": 49.16824400424957,
  "min_time_us": 45.93469202518463,
  "max_time_us": 70.85083052515984,
  "std_dev_us": 3.1580367915145082,
  "p95_time_us": 56.48478399962187,
  "p99_time_us": 64.23259619623421,
  "load_imbalance_percent": 1.5259461039764433,
  "per_rank_means_us": [
    50.28195679187775,
    50.491197034716606,
    50.396258011460304,
    49.83712453395128,
    49.75265357643366,
    49.29137881845236,
    49.20903127640486,
    49.904235638678074,
    49.67889282852411,
    49.43266976624727,
    50.49190949648619,
    50.74735730886459,
    50.41503347456455,
    50.03014113754034,
    49.9509833753109,
    49.84308034181595
  ],
  "bandwidth_gbps": 110.26687961301602
}