{
  "mpi_implementation": "intelmpi",
  "operation": "allgather",
  "num_ranks": 16,
  "data_size_name": "1MB",
  "num_elements": 262144,
  "dtype": "<class 'numpy.float16'>",
  "mean_time_us": 3332.511852204334,
  "median_time_us": 3197.1486750990152,
  "min_time_us": 2772.2716331481934,
  "max_time_us": 7672.256790101528,
  "std_dev_us": 525.2343019741347,
  "p95_time_us": 4198.279930278658,
  "p99_time_us": 6851.8784223124385,
  "load_imbalance_percent": 1.392290866033896,
  "per_rank_means_us": [
    3378.910110332072,
    3309.754068031907,
    3301.1660911142826,
    3302.0437927916646,
    3292.9692743346095,
    3332.7096700668335,
    3344.44816224277,
    3325.724108144641,
    3333.787703886628,
    3357.3559438809752,
    3359.497548080981,
    3338.856832124293,
    3340.7549746334553,
    3319.3127997219563,
    3322.4469469860196,
    3360.4516088962555
  ],
  "bandwidth_gbps": 1.0182792643332024
}