{
  "mpi_implementation": "intelmpi",
  "operation": "alltoall",
  "num_ranks": 16,
  "data_size_name": "1MB",
  "num_elements": 262144,
  "dtype": "<class 'numpy.float16'>",
  "mean_time_us": 246.7880045878701,
  "median_time_us": 245.64890190958977,
  "min_time_us": 234.73147302865982,
  "max_time_us": 281.037762761116,
  "std_dev_us": 5.71019496782144,
  "p95_time_us": 257.21045676618814,
  "p99_time_us": 270.4734727740288,
  "load_imbalance_percent": 1.6411444113022917,
  "per_rank_means_us": [
    247.20043875277042,
    247.79272731393573,
    247.33684025704858,
    245.01892738044262,
    245.7920927554369,
    246.0147021338344,
    250.83815213292834,
    248.02357889711854,
    245.77711708843705,
    246.49810045957565,
    246.30266707390544,
    249.5629852637649,
    246.36533111333847,
    248.09503462165594,
    240.96396751701832,
    247.02541064471006
  ],
  "bandwidth_gbps": 27.79875531047647
}