{
  "mpi_implementation": "intelmpi",
  "operation": "sendrecv",
  "num_ranks": 16,
  "data_size_name": "64KB",
  "num_elements": 16384,
  "dtype": "<class 'numpy.float16'>",
  "mean_time_us": 3.90316650737077,
  "median_time_us": 3.8885045796632767,
  "min_time_us": 3.6121346056461334,
  "max_time_us": 7.2158873081207275,
  "std_dev_us": 0.1396133206941005,
  "p95_time_us": 4.103081300854683,
  "p99_time_us": 4.271054640412331,
  "load_imbalance_percent": 2.692604631748215,
  "per_rank_means_us": [
    3.954116255044937,
    4.008263349533081,
    3.9951968938112263,
    3.87351494282484,
    3.9306981489062314,
    3.7750275805592537,
    3.851186484098435,
    3.9007421582937245,
    3.868103958666325,
    3.8801506161689754,
    3.9645563811063766,
    3.9314571768045425,
    3.879074938595295,
    3.895871341228485,
    3.870446234941482,
    3.87225765734911
  ],
  "bandwidth_gbps": 67.66752710376872
}