{
  "mpi_implementation": "intelmpi",
  "operation": "broadcast",
  "num_ranks": 16,
  "data_size_name": "1KB",
  "num_elements": 256,
  "dtype": "<class 'numpy.float16'>",
  "mean_time_us": 1.323305768892169,
  "median_time_us": 1.2353993952274323,
  "min_time_us": 0.5951151251792908,
  "max_time_us": 6.011221557855606,
  "std_dev_us": 0.4942486211087393,
  "p95_time_us": 1.8181046470999715,
  "p99_time_us": 2.1029775962233286,
  "load_imbalance_percent": 40.19077848283336,
  "per_rank_means_us": [
    1.8551526591181755,
    1.4643976464867592,
    1.3888441026210785,
    1.5794392675161362,
    1.3220775872468948,
    1.2535694986581802,
    1.2457696720957756,
    1.2613041326403618,
    1.1902349069714546,
    1.208069734275341,
    1.158975064754486,
    1.1298898607492447,
    1.2637348845601082,
    1.3677123934030533,
    1.3261334970593452,
    1.157587394118309
  ],
  "bandwidth_gbps": 1.2691920365636378
}