implementation,operation,num_ranks,hidden_dim,seq_len,batch,tensor_size_mb,num_elements,mean_time_ms,median_time_ms,min_time_ms,max_time_ms
deepspeed_oneccl,allreduce,8,2048,2048,8,64.0,33554432,37.10832002921961,37.07103501074016,35.83378903567791,41.390255093574524
deepspeed_oneccl,allreduce,8,2048,2048,16,128.0,67108864,69.78291486331727,70.09126548655331,68.07222962379456,73.34431679919362
deepspeed_oneccl,allreduce,8,2048,4096,8,128.0,67108864,69.08341195376124,68.95299605093896,67.7791596390307,84.52460123226047
deepspeed_oneccl,allreduce,8,2048,4096,16,256.0,134217728,136.52944680361543,135.46284288167953,133.1975543871522,150.47298511490226
deepspeed_oneccl,allreduce,8,4096,2048,8,128.0,67108864,69.88087220757734,68.8112243078649,67.15115485712886,80.20786987617612
deepspeed_oneccl,allreduce,8,4096,2048,16,256.0,134217728,135.20447417686228,134.6300703007728,132.47076235711575,149.77843081578612
deepspeed_oneccl,allreduce,8,4096,4096,8,256.0,134217728,134.49530786601827,134.6388712991029,132.22942408174276,136.11570373177528
deepspeed_oneccl,allreduce,8,4096,4096,16,512.0,268435456,264.37337767565623,264.03778069652617,260.1734879426658,269.5285049267113
