{
  "implementation": "deepspeed_oneccl",
  "operation": "allreduce",
  "num_ranks": 8,
  "hidden_dim": 2048,
  "seq_len": 2048,
  "batch": 8,
  "tensor_size_mb": 64.0,
  "num_elements": 33554432,
  "mean_time_ms": 156.36360896984115,
  "median_time_ms": 155.9861775022,
  "min_time_ms": 154.63177673518658,
  "max_time_ms": 163.0676118656993
}