{
  "implementation": "deepspeed_oneccl",
  "operation": "allreduce",
  "num_ranks": 4,
  "hidden_dim": 2048,
  "seq_len": 2048,
  "batch": 8,
  "tensor_size_mb": 64.0,
  "num_elements": 33554432,
  "mean_time_ms": 51.71998138539493,
  "median_time_ms": 51.729475148022175,
  "min_time_ms": 50.463113002479076,
  "max_time_ms": 53.201450034976006
}