{
  "implementation": "deepspeed_oneccl",
  "operation": "allreduce",
  "num_ranks": 4,
  "hidden_dim": 4096,
  "seq_len": 4096,
  "batch": 8,
  "tensor_size_mb": 256.0,
  "num_elements": 134217728,
  "mean_time_ms": 197.5814128795173,
  "median_time_ms": 202.05605146475136,
  "min_time_ms": 180.8748827315867,
  "max_time_ms": 205.98717173561454
}