{
  "mpi_implementation": "deepspeed_gloo",
  "operation": "gather",
  "num_ranks": 16,
  "data_size_name": "1KB",
  "num_elements": 256,
  "dtype": "float16",
  "mean_time_us": 142.96455163275823,
  "median_time_us": 136.67880557477474,
  "min_time_us": 19.39712092280388,
  "max_time_us": 376.08807906508446,
  "std_dev_us": 65.68486054219446,
  "p95_time_us": 267.8313991054892,
  "p99_time_us": 308.6842503398657,
  "load_imbalance_percent": 78.90005473060019,
  "per_rank_means_us": [
    255.76366111636162,
    101.72901675105095,
    108.79007168114185,
    113.09786699712276,
    119.77259535342455,
    120.46972289681435,
    121.006122790277,
    127.43048835545778,
    141.1883719265461,
    144.39948368817568,
    150.10283328592777,
    148.0070548132062,
    153.6395214498043,
    161.31993383169174,
    159.75115355104208,
    160.96492763608694
  ],
  "bandwidth_gbps": 0.02028619080460055
}