{
  "mpi_implementation": "deepspeed_gloo",
  "operation": "reduce",
  "num_ranks": 4,
  "data_size_name": "1KB",
  "num_elements": 256,
  "dtype": "float16",
  "mean_time_us": 195.89210278354585,
  "median_time_us": 192.37142987549305,
  "min_time_us": 139.9889588356018,
  "max_time_us": 289.6762453019619,
  "std_dev_us": 23.015422872082418,
  "p95_time_us": 240.3332386165857,
  "p99_time_us": 257.16988835483784,
  "load_imbalance_percent": 9.891244748359385,
  "per_rank_means_us": [
    215.2682701125741,
    184.3688078224659,
    191.63188058882952,
    192.2994526103139
  ],
  "bandwidth_gbps": 0.006584415062492465
}