{
  "mpi_implementation": "deepspeed_gloo",
  "operation": "allreduce",
  "num_ranks": 2,
  "data_size_name": "1KB",
  "num_elements": 256,
  "dtype": "float16",
  "mean_time_us": 103.51148433983326,
  "median_time_us": 102.04198770225048,
  "min_time_us": 88.15526962280273,
  "max_time_us": 124.8382031917572,
  "std_dev_us": 7.07503690776173,
  "p95_time_us": 116.90298561006783,
  "p99_time_us": 122.2940208390355,
  "load_imbalance_percent": 0.11552517031639609,
  "per_rank_means_us": [
    103.39190252125263,
    103.63106615841389
  ],
  "bandwidth_gbps": 0.0076392826236161265
}