{
  "mpi_implementation": "deepspeed_gloo",
  "operation": "broadcast",
  "num_ranks": 8,
  "data_size_name": "16MB",
  "num_elements": 4194304,
  "dtype": "float16",
  "mean_time_us": 5506.940504419617,
  "median_time_us": 5082.005634903908,
  "min_time_us": 1205.1756493747234,
  "max_time_us": 26493.56657639146,
  "std_dev_us": 2811.426495836884,
  "p95_time_us": 7468.572654761373,
  "p99_time_us": 21091.708289459337,
  "load_imbalance_percent": 11.023468847090902,
  "per_rank_means_us": [
    5746.410274878144,
    5399.3819281458855,
    4799.396344460547,
    6021.446189843118,
    4713.313793763518,
    5951.56364608556,
    5310.015482828021,
    6113.996375352144
  ],
  "bandwidth_gbps": 2.359063277486167
}