{
  "mpi_implementation": "deepspeed_gloo",
  "operation": "allreduce",
  "num_ranks": 4,
  "data_size_name": "1MB",
  "num_elements": 262144,
  "dtype": "float16",
  "mean_time_us": 724.9901967588812,
  "median_time_us": 718.2445842772722,
  "min_time_us": 679.4999353587627,
  "max_time_us": 1017.1160101890564,
  "std_dev_us": 45.826031948668195,
  "p95_time_us": 782.731920480728,
  "p99_time_us": 959.4632172957063,
  "load_imbalance_percent": 0.3605068369017795,
  "per_rank_means_us": [
    726.2747595086694,
    727.6038359850645,
    721.9687709584832,
    724.1134205833077
  ],
  "bandwidth_gbps": 1.9202578471230267
}