{
  "mpi_implementation": "deepspeed_gloo",
  "operation": "gather",
  "num_ranks": 16,
  "data_size_name": "64KB",
  "num_elements": 16384,
  "dtype": "float16",
  "mean_time_us": 276.7692619818263,
  "median_time_us": 277.37137861549854,
  "min_time_us": 180.50987273454666,
  "max_time_us": 434.38002467155457,
  "std_dev_us": 31.568310071442028,
  "p95_time_us": 333.4683366119861,
  "p99_time_us": 357.8458447009325,
  "load_imbalance_percent": 24.733365766607054,
  "per_rank_means_us": [
    345.2236158773303,
    240.68872909992933,
    243.9908031374216,
    247.8239592164755,
    245.8723122254014,
    252.91838217526671,
    254.92738466709852,
    259.14146564900875,
    275.9256539866328,
    286.3408485427499,
    287.69141994416714,
    288.896425627172,
    295.02668883651495,
    300.15100724995136,
    300.5281649529934,
    303.1613305211067
  ],
  "bandwidth_gbps": 1.1240877164395426
}