{
  "mpi_implementation": "deepspeed_gloo",
  "operation": "allreduce",
  "num_ranks": 2,
  "data_size_name": "1MB",
  "num_elements": 262144,
  "dtype": "float16",
  "mean_time_us": 615.2976467274129,
  "median_time_us": 416.21364653110504,
  "min_time_us": 392.2409377992153,
  "max_time_us": 16905.04513680935,
  "std_dev_us": 1556.0112791065585,
  "p95_time_us": 521.1039213463664,
  "p99_time_us": 8470.914592035073,
  "load_imbalance_percent": 6.272715761355702,
  "per_rank_means_us": [
    653.893519192934,
    576.7017742618918
  ],
  "bandwidth_gbps": 0.057767518045462964
}