{
  "mpi_implementation": "deepspeed_gloo",
  "operation": "reduce",
  "num_ranks": 4,
  "data_size_name": "64KB",
  "num_elements": 16384,
  "dtype": "float16",
  "mean_time_us": 211.77836693823338,
  "median_time_us": 212.36552856862545,
  "min_time_us": 154.14878726005554,
  "max_time_us": 282.22380205988884,
  "std_dev_us": 23.93930823814568,
  "p95_time_us": 250.1499373465776,
  "p99_time_us": 267.6714025437832,
  "load_imbalance_percent": 7.526455363257521,
  "per_rank_means_us": [
    227.71777119487524,
    199.7429272159934,
    209.66326352208853,
    209.98950581997633
  ],
  "bandwidth_gbps": 0.43253018210737687
}