{
  "mpi_implementation": "deepspeed_gloo",
  "operation": "broadcast",
  "num_ranks": 2,
  "data_size_name": "1MB",
  "num_elements": 262144,
  "dtype": "float16",
  "mean_time_us": 158.63946406170726,
  "median_time_us": 160.19423492252827,
  "min_time_us": 81.78083226084709,
  "max_time_us": 198.1058157980442,
  "std_dev_us": 12.114634822800753,
  "p95_time_us": 176.04825552552936,
  "p99_time_us": 185.36750692874188,
  "load_imbalance_percent": 3.9983764029161386,
  "per_rank_means_us": [
    152.29646116495132,
    164.9824669584632
  ],
  "bandwidth_gbps": 4.929499399429752
}