{
  "mpi_implementation": "deepspeed_gloo",
  "operation": "scatter",
  "num_ranks": 16,
  "data_size_name": "64KB",
  "num_elements": 16384,
  "dtype": "float16",
  "mean_time_us": 255.40695089148358,
  "median_time_us": 255.10508567094803,
  "min_time_us": 129.69179078936577,
  "max_time_us": 416.8851301074028,
  "std_dev_us": 55.208352284671946,
  "p95_time_us": 345.8329709246754,
  "p99_time_us": 375.43041165918106,
  "load_imbalance_percent": 19.94408009563655,
  "per_rank_means_us": [
    232.62666072696447,
    206.82514645159245,
    208.46749190241098,
    212.55985833704472,
    223.38227834552526,
    234.71977096050978,
    246.19560223072767,
    253.8511762395501,
    259.5555130392313,
    271.75212278962135,
    280.0785517320037,
    284.1024426743388,
    282.3816193267703,
    288.12908567488194,
    295.5383760854602,
    306.34551774710417
  ],
  "bandwidth_gbps": 1.1712608935564655
}