{
  "mpi_implementation": "deepspeed_gloo",
  "operation": "gather",
  "num_ranks": 16,
  "data_size_name": "1MB",
  "num_elements": 262144,
  "dtype": "float16",
  "mean_time_us": 1268.8830902334303,
  "median_time_us": 1226.126914843917,
  "min_time_us": 685.0282661616802,
  "max_time_us": 2933.794166892767,
  "std_dev_us": 304.4250226727703,
  "p95_time_us": 1773.2429318130014,
  "p99_time_us": 2544.906255789101,
  "load_imbalance_percent": 69.23108719519675,
  "per_rank_means_us": [
    2147.344648838043,
    1200.0041548162699,
    1173.8454084843397,
    1207.786649465561,
    1156.947622075677,
    1215.1527591049671,
    1186.5284340456128,
    1234.1081211343408,
    1161.8745187297463,
    1237.9435589537024,
    1199.3111670017242,
    1240.8333271741867,
    1193.7115713953972,
    1255.0577381625772,
    1227.5496078655124,
    1264.1301564872265
  ],
  "bandwidth_gbps": 2.6629339195511306
}