{
  "mpi_implementation": "deepspeed_gloo",
  "operation": "allreduce",
  "num_ranks": 16,
  "data_size_name": "1MB",
  "num_elements": 262144,
  "dtype": "float16",
  "mean_time_us": 2077.207691327203,
  "median_time_us": 2070.5664064735174,
  "min_time_us": 1729.730051010847,
  "max_time_us": 2584.198024123907,
  "std_dev_us": 179.641725253511,
  "p95_time_us": 2371.6543335467572,
  "p99_time_us": 2510.699345730245,
  "load_imbalance_percent": 2.114347273595094,
  "per_rank_means_us": [
    2111.0786078497767,
    2028.7803886458278,
    2103.894231840968,
    2058.341074734926,
    2088.0720810964704,
    2071.26441411674,
    2077.3200830444694,
    2092.699189670384,
    2036.8555188179016,
    2111.4327758550644,
    2024.5044399052856,
    2121.1270755156875,
    2035.1667935028672,
    2087.6043708994985,
    2071.986338123679,
    2115.195677615702
  ],
  "bandwidth_gbps": 3.023181632006931
}