{
  "mpi_implementation": "deepspeed_gloo",
  "operation": "allgather",
  "num_ranks": 16,
  "data_size_name": "1KB",
  "num_elements": 256,
  "dtype": "float16",
  "mean_time_us": 763.7370095471852,
  "median_time_us": 751.8639322370291,
  "min_time_us": 676.098745316267,
  "max_time_us": 1048.8149709999561,
  "std_dev_us": 54.561495095455726,
  "p95_time_us": 924.6715577319264,
  "p99_time_us": 983.0522816628219,
  "load_imbalance_percent": 2.0544844153726127,
  "per_rank_means_us": [
    766.5610173717141,
    765.0963217020035,
    768.9365092664957,
    760.5137722566724,
    758.0520212650299,
    762.8138829022646,
    761.4598516374826,
    763.975977897644,
    750.4404010251164,
    779.4278673827648,
    776.2571983039379,
    775.3178710117936,
    748.9374093711376,
    752.0481199026108,
    765.1459099724889,
    764.8080214858055
  ],
  "bandwidth_gbps": 0.00727429979758586
}