{
  "mpi_implementation": "deepspeed_gloo",
  "operation": "allgather",
  "num_ranks": 2,
  "data_size_name": "16MB",
  "num_elements": 4194304,
  "dtype": "float16",
  "mean_time_us": 4283.855746034533,
  "median_time_us": 4101.620055735111,
  "min_time_us": 3825.9970024228096,
  "max_time_us": 11189.531069248915,
  "std_dev_us": 744.3518541187392,
  "p95_time_us": 5354.2649140581425,
  "p99_time_us": 7678.172253072252,
  "load_imbalance_percent": 0.6218952310924627,
  "per_rank_means_us": [
    4310.496840626001,
    4257.214651443064
  ],
  "bandwidth_gbps": 1.396394531933572
}