{
  "mpi_implementation": "deepspeed_gloo",
  "operation": "reduce",
  "num_ranks": 4,
  "data_size_name": "1MB",
  "num_elements": 262144,
  "dtype": "float16",
  "mean_time_us": 593.4588692616671,
  "median_time_us": 585.9381053596735,
  "min_time_us": 535.8722992241383,
  "max_time_us": 789.0891283750534,
  "std_dev_us": 40.23757293596689,
  "p95_time_us": 683.6748681962488,
  "p99_time_us": 746.1789203807712,
  "load_imbalance_percent": 6.472115930108114,
  "per_rank_means_us": [
    631.868215277791,
    565.8208625391126,
    600.4079198464751,
    575.7384793832898
  ],
  "bandwidth_gbps": 2.4751639957605414
}