{
  "mpi_implementation": "deepspeed_gloo",
  "operation": "reduce",
  "num_ranks": 16,
  "data_size_name": "1MB",
  "num_elements": 262144,
  "dtype": "float16",
  "mean_time_us": 1298.5746437334456,
  "median_time_us": 1298.0878818780184,
  "min_time_us": 1097.4900797009468,
  "max_time_us": 1882.5149163603783,
  "std_dev_us": 88.7821523347778,
  "p95_time_us": 1433.4802515804768,
  "p99_time_us": 1608.9257877320051,
  "load_imbalance_percent": 6.2977707867684325,
  "per_rank_means_us": [
    1380.3558982908726,
    1232.2171730920672,
    1235.9329778701067,
    1277.7035823091865,
    1274.3295263499022,
    1265.251119621098,
    1286.800680682063,
    1314.7355895489454,
    1264.6008329465985,
    1320.7580475136638,
    1319.6730567142367,
    1293.9415592700243,
    1317.2713248059154,
    1300.1253316178918,
    1349.1029618307948,
    1344.394637271762
  ],
  "bandwidth_gbps": 4.150033517452575
}