{
  "mpi_implementation": "deepspeed_gloo",
  "operation": "scatter",
  "num_ranks": 2,
  "data_size_name": "1KB",
  "num_elements": 256,
  "dtype": "float16",
  "mean_time_us": 42.14099608361721,
  "median_time_us": 40.2047298848629,
  "min_time_us": 28.80394458770752,
  "max_time_us": 77.37288251519203,
  "std_dev_us": 8.601007600453132,
  "p95_time_us": 58.733508922159665,
  "p99_time_us": 66.37079175561664,
  "load_imbalance_percent": 9.015979517575698,
  "per_rank_means_us": [
    38.341572508215904,
    45.94041965901852
  ],
  "bandwidth_gbps": 0.012325691966032126
}