{
  "mpi_implementation": "deepspeed_gloo",
  "operation": "scatter",
  "num_ranks": 16,
  "data_size_name": "1MB",
  "num_elements": 262144,
  "dtype": "float16",
  "mean_time_us": 1143.406520714052,
  "median_time_us": 1125.214621424675,
  "min_time_us": 253.07806208729744,
  "max_time_us": 2461.132127791643,
  "std_dev_us": 529.091561458419,
  "p95_time_us": 2133.9987637475133,
  "p99_time_us": 2203.2184759154916,
  "load_imbalance_percent": 61.764875943950216,
  "per_rank_means_us": [
    1849.6301397681236,
    930.2974911406636,
    907.7937575057149,
    1054.1659826412797,
    902.8880996629596,
    1095.0729297474027,
    1120.2731961384416,
    1285.4134291410446,
    1010.279655456543,
    1083.3308706060052,
    1151.2080393731594,
    1180.4107623174787,
    1128.900465555489,
    1157.2298407554626,
    1184.349856339395,
    1253.259815275669
  ],
  "bandwidth_gbps": 3.1743521250970392
}