implementation,operation,num_ranks,hidden_dim,seq_len,batch,tensor_size_mb,num_elements,mean_time_ms,median_time_ms,min_time_ms,max_time_ms
deepspeed_oneccl,allreduce,8,2048,2048,8,64.0,33554432,38.15104359877296,38.16407127305865,37.168970331549644,39.117041043937206
deepspeed_oneccl,allreduce,8,2048,2048,16,128.0,67108864,73.77475744113326,73.81512084975839,70.44557482004166,76.4162428677082
deepspeed_oneccl,allreduce,8,2048,4096,8,128.0,67108864,73.56704149278812,73.56220297515392,72.18851894140244,75.26322174817324
deepspeed_oneccl,allreduce,8,2048,4096,16,256.0,134217728,143.39906308799982,143.56525242328644,135.38844138383865,146.55738975852728
deepspeed_oneccl,allreduce,8,4096,2048,8,128.0,67108864,73.5252178623341,73.55752447620034,70.78654691576958,75.92347729951143
deepspeed_oneccl,allreduce,8,4096,2048,16,256.0,134217728,143.58475677552633,143.64396128803492,140.67602064460516,145.39995044469833
deepspeed_oneccl,allreduce,8,4096,4096,8,256.0,134217728,143.20442306809127,143.3672597631812,137.45352532714605,146.12200297415257
deepspeed_oneccl,allreduce,8,4096,4096,16,512.0,268435456,277.2622721712105,277.9544647783041,264.0803987160325,286.1886415630579
