{
  "implementation": "deepspeed_oneccl",
  "operation": "allreduce",
  "num_ranks": 8,
  "hidden_dim": 2048,
  "seq_len": 2048,
  "batch": 8,
  "tensor_size_mb": 64.0,
  "num_elements": 33554432,
  "mean_time_ms": 38.15104359877296,
  "median_time_ms": 38.16407127305865,
  "min_time_ms": 37.168970331549644,
  "max_time_ms": 39.117041043937206
}