{
  "implementation": "deepspeed_oneccl",
  "operation": "allreduce",
  "num_ranks": 8,
  "hidden_dim": 4096,
  "seq_len": 4096,
  "batch": 8,
  "tensor_size_mb": 256.0,
  "num_elements": 134217728,
  "mean_time_ms": 143.20442306809127,
  "median_time_ms": 143.3672597631812,
  "min_time_ms": 137.45352532714605,
  "max_time_ms": 146.12200297415257
}