{
  "implementation": "deepspeed_oneccl",
  "operation": "allreduce",
  "num_ranks": 8,
  "hidden_dim": 2048,
  "seq_len": 4096,
  "batch": 8,
  "tensor_size_mb": 128.0,
  "num_elements": 67108864,
  "mean_time_ms": 73.56704149278812,
  "median_time_ms": 73.56220297515392,
  "min_time_ms": 72.18851894140244,
  "max_time_ms": 75.26322174817324
}