{
  "implementation": "deepspeed_oneccl",
  "operation": "allreduce",
  "num_ranks": 8,
  "hidden_dim": 2048,
  "seq_len": 4096,
  "batch": 8,
  "tensor_size_mb": 128.0,
  "num_elements": 67108864,
  "mean_time_ms": 189.77243853034452,
  "median_time_ms": 196.06390642002225,
  "min_time_ms": 147.6351940073073,
  "max_time_ms": 205.0907276570797
}