{
  "implementation": "deepspeed_oneccl",
  "operation": "allreduce",
  "num_ranks": 4,
  "hidden_dim": 2048,
  "seq_len": 2048,
  "batch": 16,
  "tensor_size_mb": 128.0,
  "num_elements": 67108864,
  "mean_time_ms": 125.38717026356608,
  "median_time_ms": 127.99372081644833,
  "min_time_ms": 101.72603838145733,
  "max_time_ms": 142.02903024852276
}