{
  "mpi_implementation": "openmpi",
  "operation": "allgather",
  "num_ranks": 4,
  "data_size_name": "1KB",
  "num_elements": 256,
  "dtype": "<class 'numpy.float16'>",
  "mean_time_us": 17.904330000080293,
  "median_time_us": 17.719999998888625,
  "min_time_us": 16.448000000224283,
  "max_time_us": 23.942000000332087,
  "std_dev_us": 0.9833675285592012,
  "p95_time_us": 19.577700000539256,
  "p99_time_us": 22.38632999940648,
  "load_imbalance_percent": 0.8258896033624394,
  "per_rank_means_us": [
    17.69162000005764,
    18.04004000007353,
    17.833460000087342,
    18.05220000010266
  ],
  "bandwidth_gbps": 0.07966538437833282
}