{
  "mpi_implementation": "openmpi",
  "operation": "scatter",
  "num_ranks": 8,
  "data_size_name": "16MB",
  "num_elements": 4194304,
  "dtype": "<class 'numpy.float16'>",
  "mean_time_us": 58847.114777500006,
  "median_time_us": 58848.86649999999,
  "min_time_us": 52342.40900000131,
  "max_time_us": 85577.99600000138,
  "std_dev_us": 3898.3970320106355,
  "p95_time_us": 64883.80525000145,
  "p99_time_us": 68777.73987999924,
  "load_imbalance_percent": 8.886979900839089,
  "per_rank_means_us": [
    64076.846040000135,
    54180.68235999996,
    55496.135290000086,
    56747.05307000018,
    58030.853239999946,
    59337.364039999935,
    60691.84337999971,
    62216.14080000005
  ],
  "bandwidth_gbps": 0.7303279221448349
}