{
  "mpi_implementation": "openmpi",
  "operation": "allreduce",
  "num_ranks": 4,
  "data_size_name": "1MB",
  "num_elements": 262144,
  "dtype": "<class 'numpy.float16'>",
  "mean_time_us": 3332.614209999994,
  "median_time_us": 3344.828000000022,
  "min_time_us": 2888.4670000000056,
  "max_time_us": 3647.022,
  "std_dev_us": 69.92101793531191,
  "p95_time_us": 3379.1832000000577,
  "p99_time_us": 3401.4549899999843,
  "load_imbalance_percent": 0.33405246747712325,
  "per_rank_means_us": [
    3343.7468899999926,
    3333.5308499999996,
    3316.0945299999867,
    3337.0845699999973
  ],
  "bandwidth_gbps": 0.5355396814167833
}