{
  "mpi_implementation": "openmpi",
  "operation": "sendrecv",
  "num_ranks": 56,
  "data_size_name": "1MB",
  "num_elements": 262144,
  "dtype": "<class 'numpy.float16'>",
  "mean_time_us": 31.032071428721714,
  "median_time_us": 30.7389999818497,
  "min_time_us": 26.734000016404025,
  "max_time_us": 137.9220000217174,
  "std_dev_us": 4.501267481284659,
  "p95_time_us": 34.04604999843741,
  "p99_time_us": 36.822150026978306,
  "load_imbalance_percent": 9.163418494281899,
  "per_rank_means_us": [
    32.312320001324224,
    31.032839996782972,
    30.71634000036738,
    30.309219998798653,
    33.66998000103649,
    33.87567000117997,
    32.19314999682865,
    30.41973999700076,
    29.961120000052688,
    29.682510000839102,
    29.843430003211324,
    30.068830000118396,
    29.128679997825202,
    28.962299998624985,
    28.68079000393209,
    29.66942999762523,
    29.741850004256776,
    29.094390000068415,
    30.39569000065967,
    30.61700999921868,
    30.619820003039422,
    30.48674000126539,
    30.06271999765886,
    30.665929999713626,
    32.49862999894049,
    30.601740001543476,
    29.830360001597,
    29.517079999550333,
    30.434270000228025,
    31.23768999955701,
    32.016530002465515,
    31.85230000042338,
    30.29240999921967,
    29.972460000067258,
    29.161049998265298,
    31.005060002371465,
    32.16690000044764,
    33.60492000410886,
    33.459120000998155,
    31.51858999672186,
    31.730960001254974,
    32.31505999622186,
    30.639240001733015,
    30.969709999340008,
    30.15306999770928,
    32.28210000486342,
    32.27297999956136,
    32.40482000023803,
    32.10317999958079,
    32.10678999948868,
    32.118149999291745,
    31.039119999718427,
    31.344940000508355,
    31.456009998009904,
    31.220559998814675,
    32.25970000414691
  ],
  "bandwidth_gbps": 198.25517318262797
}