{
  "mpi_implementation": "openmpi",
  "operation": "gather",
  "num_ranks": 16,
  "data_size_name": "1KB",
  "num_elements": 256,
  "dtype": "<class 'numpy.float16'>",
  "mean_time_us": 10.6783793750731,
  "median_time_us": 8.33800000066276,
  "min_time_us": 5.53699999983337,
  "max_time_us": 69.3560000044613,
  "std_dev_us": 9.894918711443026,
  "p95_time_us": 46.938099997007036,
  "p99_time_us": 48.611340000164205,
  "load_imbalance_percent": 353.96701406592325,
  "per_rank_means_us": [
    48.47631999965074,
    6.333940000189386,
    6.284839999466385,
    9.590090000131113,
    6.662930000587153,
    9.86129000025926,
    9.82440000015572,
    8.54653000040173,
    7.507499999945821,
    10.061000000405329,
    8.432859999629727,
    9.120059999645491,
    7.537150000587189,
    8.27898000039795,
    7.129819999676101,
    7.20636000004049
  ],
  "bandwidth_gbps": 0.11000338154967476
}