{
  "mpi_implementation": "openmpi",
  "operation": "allgather",
  "num_ranks": 16,
  "data_size_name": "64KB",
  "num_elements": 16384,
  "dtype": "<class 'numpy.float16'>",
  "mean_time_us": 278.93639562504234,
  "median_time_us": 288.9455000012475,
  "min_time_us": 173.7799999972367,
  "max_time_us": 333.83300000267013,
  "std_dev_us": 29.67564939416076,
  "p95_time_us": 308.45385000155545,
  "p99_time_us": 313.7676599979855,
  "load_imbalance_percent": 2.328937520199361,
  "per_rank_means_us": [
    283.6488000000159,
    280.8909500000567,
    279.152069999995,
    276.18047000022017,
    285.43265000024576,
    280.12577999998456,
    280.5495600000185,
    281.383659999932,
    282.6156100000077,
    277.41750999997095,
    275.23971000004366,
    271.375589999856,
    281.5614700000424,
    276.3581900001455,
    275.94627000020466,
    275.10403999993827
  ],
  "bandwidth_gbps": 1.4626512357858406
}