{
  "mpi_implementation": "openmpi",
  "operation": "alltoall",
  "num_ranks": 32,
  "data_size_name": "1KB",
  "num_elements": 256,
  "dtype": "<class 'numpy.float16'>",
  "mean_time_us": 510.4376506252883,
  "median_time_us": 227.70450000564324,
  "min_time_us": 211.47200001792044,
  "max_time_us": 32431.917999986126,
  "std_dev_us": 2812.1612163770565,
  "p95_time_us": 240.78915001837228,
  "p99_time_us": 624.6530299690406,
  "load_imbalance_percent": 7.730426884890916,
  "per_rank_means_us": [
    510.83969000188745,
    508.63018000029575,
    508.4448799991037,
    511.0051000008298,
    509.31424000111747,
    507.951659999435,
    510.29176000156434,
    507.83205000016096,
    508.1655500021043,
    509.8250200001076,
    507.94755999845614,
    510.3272500002732,
    509.80894000019816,
    509.212770000147,
    508.1391800001711,
    508.2620399997495,
    508.30098999853135,
    507.24616000024986,
    511.36328999859876,
    508.89631000046614,
    511.6740400015374,
    549.8966599998312,
    508.64173000093155,
    508.79784999779076,
    509.2879800017158,
    509.7322500009227,
    509.20521999984203,
    511.01492000213966,
    508.73864999999796,
    508.21731000183945,
    509.5545699995796,
    507.4390199996515
  ],
  "bandwidth_gbps": 0.0004704867921319525
}