{
  "mpi_implementation": "openmpi",
  "operation": "alltoall",
  "num_ranks": 56,
  "data_size_name": "1KB",
  "num_elements": 256,
  "dtype": "<class 'numpy.float16'>",
  "mean_time_us": 532.1615092852941,
  "median_time_us": 506.6155000008621,
  "min_time_us": 478.57499998826825,
  "max_time_us": 51189.85100000373,
  "std_dev_us": 794.675508356858,
  "p95_time_us": 548.7916999925346,
  "p99_time_us": 692.9766800061545,
  "load_imbalance_percent": 92.07794854847357,
  "per_rank_means_us": [
    517.20945999989,
    510.8965100004071,
    509.0280200033703,
    505.4983900004118,
    513.3549799984394,
    508.85091999532506,
    1022.1649099997876,
    509.2254600009482,
    511.14521999750195,
    509.0711699995154,
    508.7649300014618,
    511.18723999991295,
    508.61236999594433,
    508.0910499998481,
    512.9930499998636,
    510.19465999502245,
    510.75598000068106,
    524.974060001,
    517.4806300016144,
    509.33562000011534,
    508.27331999812486,
    520.9714100010387,
    752.9064999999946,
    509.9000100000239,
    518.7013199991952,
    514.5350999998755,
    514.8306899974386,
    517.4098899988167,
    514.5898899996837,
    511.67345999942876,
    514.9907999998504,
    517.1840099961855,
    652.4239899965778,
    514.6244800010891,
    512.2447799999463,
    518.8489700003629,
    520.028340001204,
    514.0903600010915,
    518.7792600003149,
    510.6842299989012,
    516.5258800019501,
    518.0825299999015,
    509.86989999671556,
    511.534320003193,
    515.0948699969149,
    511.03971000031834,
    513.9798399989104,
    512.9294599993273,
    515.4808899970931,
    519.715530002145,
    517.4206199967557,
    512.8379799998584,
    525.1019400014911,
    653.8546299992731,
    515.7992500005548,
    515.2517300018644
  ],
  "bandwidth_gbps": 0.0005216440434525401
}