{
  "mpi_implementation": "openmpi",
  "operation": "reduce",
  "num_ranks": 56,
  "data_size_name": "16MB",
  "num_elements": 4194304,
  "dtype": "<class 'numpy.float16'>",
  "mean_time_us": 129352.16533732119,
  "median_time_us": 128922.84649998942,
  "min_time_us": 29948.162000039247,
  "max_time_us": 233991.9560000112,
  "std_dev_us": 40149.12277533581,
  "p95_time_us": 192492.34704999483,
  "p99_time_us": 218115.60053995214,
  "load_imbalance_percent": 69.23470197745509,
  "per_rank_means_us": [
    218908.75151000044,
    193113.65328000195,
    189527.721759996,
    160483.17171000122,
    190338.27799999926,
    162005.14502000032,
    160994.12721999784,
    125956.58592000064,
    189932.62354000137,
    158816.444390003,
    157527.3050699951,
    127588.92289000357,
    156362.74531000026,
    128189.52464999995,
    125356.98486000285,
    89263.18721999564,
    190779.9242499965,
    161718.21724999917,
    158457.2655999989,
    129730.58961000164,
    158107.15734000155,
    129370.80213999594,
    128784.64530999906,
    91504.41699999988,
    124139.2413699964,
    94992.06890000096,
    94051.14695000235,
    62868.0843099977,
    92627.0404499968,
    63153.36724999952,
    62413.28118000183,
    30721.708569997758,
    190233.00192000193,
    162102.67441000155,
    158914.17215000332,
    129333.76558000021,
    158463.10624000183,
    130067.0759399975,
    129090.76238000125,
    94840.94764000189,
    158129.30361999918,
    126589.83220000153,
    125532.58380999921,
    96190.35471999837,
    124066.35696999729,
    95846.8345900036,
    94435.0445899994,
    61296.09845999823,
    159621.67526000086,
    130001.30693000132,
    128226.51609000219,
    97532.48765999672,
    126485.40705000072,
    98145.79854999295,
    97234.06518000217,
    63557.95711999747
  ],
  "bandwidth_gbps": 1.8697223933628686
}