{
  "mpi_implementation": "openmpi",
  "operation": "reduce",
  "num_ranks": 16,
  "data_size_name": "16MB",
  "num_elements": 4194304,
  "dtype": "<class 'numpy.float16'>",
  "mean_time_us": 79716.61389812498,
  "median_time_us": 80576.79299999875,
  "min_time_us": 29965.689000007955,
  "max_time_us": 140236.35600000262,
  "std_dev_us": 24583.635218489984,
  "p95_time_us": 125105.81509999455,
  "p99_time_us": 134015.40299999525,
  "load_imbalance_percent": 61.774254755486055,
  "per_rank_means_us": [
    128960.95804999993,
    105569.62958999953,
    98282.86646000002,
    79460.0350299995,
    105196.56151999904,
    81666.35497000016,
    79203.68454999903,
    55322.41024000058,
    105063.78420999972,
    82136.62067000037,
    75216.72703000029,
    54310.54027999906,
    82333.25917000123,
    57637.683850000205,
    54892.98842000032,
    30211.718330000822
  ],
  "bandwidth_gbps": 0.8913523109513604
}