{
  "mpi_implementation": "openmpi",
  "operation": "scatter",
  "num_ranks": 16,
  "data_size_name": "16MB",
  "num_elements": 4194304,
  "dtype": "<class 'numpy.float16'>",
  "mean_time_us": 122722.35998812494,
  "median_time_us": 122343.10749999722,
  "min_time_us": 109309.03799999924,
  "max_time_us": 163129.27399999922,
  "std_dev_us": 7657.647145386602,
  "p95_time_us": 135421.79570000066,
  "p99_time_us": 140660.49939999435,
  "load_imbalance_percent": 11.310656202519322,
  "per_rank_means_us": [
    136603.06420999987,
    111571.63037999951,
    113029.60233999975,
    114479.26630000048,
    115942.92825999921,
    117386.34373000024,
    118830.74385000029,
    120338.78508000022,
    121698.74284000002,
    123192.55984999928,
    124639.35108000052,
    126046.76897999959,
    127647.64597000081,
    129159.13552999948,
    130674.30768999991,
    132316.8837199998
  ],
  "bandwidth_gbps": 0.7662634482146999
}