{
  "mpi_implementation": "openmpi",
  "operation": "reduce",
  "num_ranks": 56,
  "data_size_name": "64KB",
  "num_elements": 16384,
  "dtype": "<class 'numpy.float16'>",
  "mean_time_us": 503.6150498212676,
  "median_time_us": 504.16950003295824,
  "min_time_us": 96.6050000101859,
  "max_time_us": 889.2309999737336,
  "std_dev_us": 155.3853979892919,
  "p95_time_us": 751.1171499913871,
  "p99_time_us": 852.0397900048238,
  "load_imbalance_percent": 69.73534851723807,
  "per_rank_means_us": [
    854.8127599993904,
    744.489289993453,
    742.8854400001228,
    624.8431799991749,
    738.4775900027307,
    627.2218899988502,
    621.7726299996684,
    497.61249000141555,
    740.548599998192,
    626.7159299960667,
    616.4355399999977,
    504.89596000034,
    611.4766100017732,
    500.3572400033817,
    496.86604999862993,
    374.72706999835736,
    737.2119699982704,
    614.3669200002932,
    623.9764100007505,
    502.0651499995665,
    613.0655899988824,
    501.92594000236573,
    500.0182099996664,
    374.1232999988142,
    481.59095000016805,
    367.9458399972191,
    365.328490003094,
    243.58369000026414,
    358.9066700033072,
    241.4938399994071,
    236.61821000303007,
    112.66927000008309,
    733.5115199970232,
    619.3139600003406,
    618.674569998916,
    499.21663000077393,
    613.5610299975269,
    501.2842200011391,
    497.1107700049516,
    372.14754000274297,
    614.6936899978073,
    500.91456000131984,
    494.2946400029769,
    378.9646699925697,
    487.9470000020092,
    376.0065500006249,
    374.2012300034503,
    249.57080000262974,
    611.1971699965579,
    496.0018500014485,
    498.521790000268,
    376.054089997524,
    492.0011099972043,
    376.0610899968242,
    374.45289000345383,
    247.7106999941725
  ],
  "bandwidth_gbps": 1.921867743084171
}