{
  "mpi_implementation": "openmpi",
  "operation": "broadcast",
  "num_ranks": 16,
  "data_size_name": "64KB",
  "num_elements": 16384,
  "dtype": "<class 'numpy.float16'>",
  "mean_time_us": 26.640903124999227,
  "median_time_us": 27.29200000217702,
  "min_time_us": 9.263000002590616,
  "max_time_us": 52.58600000246361,
  "std_dev_us": 8.200188237547195,
  "p95_time_us": 40.618899999955715,
  "p99_time_us": 44.28128000093068,
  "load_imbalance_percent": 50.3314276265841,
  "per_rank_means_us": [
    14.94121999996878,
    25.462339999862138,
    23.656930000015564,
    34.27210999966235,
    20.33932000010452,
    30.840410000010365,
    29.30560000002913,
    40.049650000426595,
    10.746419999634327,
    23.534759999890298,
    21.31054000038546,
    32.056029999978364,
    20.151139999953216,
    30.625030000166472,
    29.107850000116287,
    39.85509999978376
  ],
  "bandwidth_gbps": 9.2853848928826
}