{
  "mpi_implementation": "openmpi",
  "operation": "broadcast",
  "num_ranks": 16,
  "data_size_name": "1MB",
  "num_elements": 262144,
  "dtype": "<class 'numpy.float16'>",
  "mean_time_us": 270.20926625006774,
  "median_time_us": 268.69899999937275,
  "min_time_us": 112.14200000608798,
  "max_time_us": 447.1809999984089,
  "std_dev_us": 86.3011102324357,
  "p95_time_us": 410.96534999880413,
  "p99_time_us": 423.69805999697974,
  "load_imbalance_percent": 51.3728102946871,
  "per_rank_means_us": [
    145.7248500000219,
    280.286460000454,
    222.34994000008612,
    363.31555000018056,
    182.45687000039368,
    321.99357000003204,
    265.2098000005765,
    409.0233599993809,
    121.07338000028278,
    270.6821800001791,
    213.8410499997434,
    349.4662299996776,
    182.2774999996568,
    321.7977700003871,
    265.0249100000934,
    408.82483999993724
  ],
  "bandwidth_gbps": 17.47055442880578
}