{
  "mpi_implementation": "openmpi",
  "operation": "allgather",
  "num_ranks": 56,
  "data_size_name": "16MB",
  "num_elements": 4194304,
  "dtype": "<class 'numpy.float16'>",
  "mean_time_us": 980347.6419814286,
  "median_time_us": 1005120.1540000037,
  "min_time_us": 588247.2180000065,
  "max_time_us": 1435585.5549999888,
  "std_dev_us": 118807.49927424117,
  "p95_time_us": 1143402.3791999987,
  "p99_time_us": 1247833.697650004,
  "load_imbalance_percent": 8.370808516732865,
  "per_rank_means_us": [
    1017335.6743999997,
    1037684.0318200005,
    1041821.7338900013,
    990264.2765200003,
    1048367.3343400002,
    1022868.4364400004,
    1026388.3852899986,
    1024877.9222800002,
    1028909.3095999997,
    1024634.7133599998,
    1062410.6658899998,
    1032884.17315,
    980540.8208700009,
    1014817.3071899993,
    1012409.6170400017,
    995011.655309998,
    1022977.7609399997,
    1021056.1002699998,
    997606.5963100008,
    1018866.6159100004,
    1021786.1259699988,
    1021186.3486600011,
    1001971.3162800004,
    1008529.1458200011,
    1031885.1856099991,
    1026801.84504,
    1010219.5583000013,
    1002594.6069900002,
    1013574.2490100004,
    1034740.6527000007,
    1037804.0584500001,
    1033952.5367500004,
    1011986.5052400015,
    999870.9017700002,
    998184.5979899989,
    1001741.5117500002,
    1007035.364840001,
    1036189.6642199995,
    978869.3514500005,
    922339.7049499996,
    869360.864099999,
    910525.1557800006,
    873712.7506000001,
    848855.2991700007,
    836670.5858500001,
    831101.4107799985,
    727042.0356599996,
    854572.7956800002,
    887280.6134499994,
    816708.9783099986,
    929769.84792,
    966643.3810100016,
    923393.9555000004,
    974644.1003900009,
    1004507.5399299996,
    1021682.2742199998
  ],
  "bandwidth_gbps": 0.3047536933457118
}