{
  "mpi_implementation": "openmpi",
  "operation": "gather",
  "num_ranks": 16,
  "data_size_name": "64KB",
  "num_elements": 16384,
  "dtype": "<class 'numpy.float16'>",
  "mean_time_us": 54.55416500005139,
  "median_time_us": 51.616500002182875,
  "min_time_us": 19.425999994382437,
  "max_time_us": 171.0230000000479,
  "std_dev_us": 27.27675003400791,
  "p95_time_us": 131.16749999930732,
  "p99_time_us": 142.93511000296633,
  "load_imbalance_percent": 149.3788512756659,
  "per_rank_means_us": [
    136.04655000015953,
    21.040150000004587,
    24.51690000022211,
    29.079290000098013,
    32.527620000166735,
    37.35349000017152,
    40.73204000029307,
    45.3652099995594,
    48.8393199998427,
    53.58835000023987,
    56.89629999970691,
    61.5485500001256,
    64.83412000022781,
    69.778049999627,
    73.06367000012415,
    77.65703000025326
  ],
  "bandwidth_gbps": 2.855061892259306
}