{
  "mpi_implementation": "openmpi",
  "operation": "broadcast",
  "num_ranks": 32,
  "data_size_name": "16MB",
  "num_elements": 4194304,
  "dtype": "<class 'numpy.float16'>",
  "mean_time_us": 3610.1208462500886,
  "median_time_us": 3447.5604999997245,
  "min_time_us": 1162.2870000138619,
  "max_time_us": 6054.176999995775,
  "std_dev_us": 1194.32529627882,
  "p95_time_us": 5260.400549998678,
  "p99_time_us": 5494.711340007399,
  "load_imbalance_percent": 43.54795229037008,
  "per_rank_means_us": [
    1444.2026300000066,
    1444.3088500000556,
    1432.1647599997789,
    1414.367400000458,
    3082.7096000001575,
    2882.4675899998906,
    2973.902620000928,
    3082.9296200008116,
    3153.508000000755,
    2977.3347200003286,
    3136.5048199988623,
    3103.230219999773,
    2864.8751700005446,
    2749.8338100005526,
    2858.11331000005,
    2862.8957400006525,
    3939.136659999889,
    3896.9831099991834,
    3803.024429999056,
    3819.475980000533,
    4948.210990000774,
    4691.768350000274,
    4916.911509999693,
    4928.52533999951,
    4707.806349999543,
    4591.833700000337,
    4698.534060001265,
    4707.876130000699,
    5181.585779999551,
    4959.947149998811,
    5182.254549999782,
    5086.644130000337
  ],
  "bandwidth_gbps": 41.29380426111996
}