{
  "mpi_implementation": "openmpi",
  "operation": "allreduce",
  "num_ranks": 32,
  "data_size_name": "64KB",
  "num_elements": 16384,
  "dtype": "<class 'numpy.float16'>",
  "mean_time_us": 632.7509059375021,
  "median_time_us": 638.546499999948,
  "min_time_us": 592.2689999999786,
  "max_time_us": 679.6799999999603,
  "std_dev_us": 19.051488623504753,
  "p95_time_us": 658.4848500000184,
  "p99_time_us": 668.9510399998921,
  "load_imbalance_percent": 1.413490518711244,
  "per_rank_means_us": [
    626.3007700000035,
    624.7261100000046,
    623.9434400000055,
    625.305519999988,
    629.7515499999928,
    628.0957400000142,
    628.4904800000057,
    628.7019100000024,
    632.8335900000015,
    631.1809199999963,
    631.7087499999908,
    632.0348700000067,
    636.4896199999826,
    634.4851300000088,
    635.1309400000016,
    635.4750400000241,
    630.4015799999885,
    628.3780800000116,
    628.5247200000055,
    629.7998200000121,
    636.1318399999916,
    634.6335800000124,
    634.9911200000035,
    634.7000400000003,
    637.5743299999948,
    636.1788499999955,
    637.5518700000171,
    635.9720099999965,
    641.6947799999883,
    637.4892200000048,
    638.9063100000159,
    640.4464600000038
  ],
  "bandwidth_gbps": 1.4367974635123248
}