{
  "mpi_implementation": "openmpi",
  "operation": "allgather",
  "num_ranks": 56,
  "data_size_name": "64KB",
  "num_elements": 16384,
  "dtype": "<class 'numpy.float16'>",
  "mean_time_us": 1581.6913637500045,
  "median_time_us": 1579.4835000022545,
  "min_time_us": 1391.2909999973522,
  "max_time_us": 1940.3830000044309,
  "std_dev_us": 73.73357016384504,
  "p95_time_us": 1686.835449997659,
  "p99_time_us": 1862.4141800042082,
  "load_imbalance_percent": 2.7447912560579555,
  "per_rank_means_us": [
    1625.1054900000383,
    1604.8832400001345,
    1591.5677700001395,
    1586.4583699995903,
    1586.7113600006633,
    1580.9598099993848,
    1583.5132100001204,
    1597.00791999974,
    1583.13758999995,
    1580.1606999995954,
    1576.342870000218,
    1589.7805299998424,
    1573.0142400006032,
    1554.2777000002418,
    1581.4604000003385,
    1577.7873499998664,
    1573.206299999512,
    1600.3076500002323,
    1594.8883899996247,
    1584.3495699999721,
    1569.8070300001632,
    1582.3863000002093,
    1554.8113800007002,
    1572.8124399999642,
    1574.701110000305,
    1585.6436399994323,
    1581.1896699997162,
    1569.3629700002987,
    1576.5354499999519,
    1567.100400000072,
    1571.1618700002105,
    1567.9101199998513,
    1561.0553799997717,
    1555.4593999997478,
    1562.9326999995642,
    1572.8889799999736,
    1581.7750000000074,
    1571.3751999999204,
    1586.2756399999967,
    1571.5872100000183,
    1574.4010100000594,
    1582.6650399999664,
    1565.3731500002266,
    1581.1699900000774,
    1570.8640700000842,
    1584.7214600003667,
    1595.2992200001147,
    1593.176399999763,
    1587.4622000001182,
    1584.563079999768,
    1591.4577699996357,
    1587.9848699998433,
    1601.6809799999266,
    1597.9524000002955,
    1606.0508500000026,
    1608.201530000315
  ],
  "bandwidth_gbps": 0.8807459017091458
}