{
  "mpi_implementation": "openmpi",
  "operation": "reduce",
  "num_ranks": 32,
  "data_size_name": "1KB",
  "num_elements": 256,
  "dtype": "<class 'numpy.float16'>",
  "mean_time_us": 47.372281562374496,
  "median_time_us": 48.110500003417656,
  "min_time_us": 32.50799997545073,
  "max_time_us": 74.412999993001,
  "std_dev_us": 6.068463084338491,
  "p95_time_us": 57.58860000355526,
  "p99_time_us": 60.67322000717467,
  "load_imbalance_percent": 26.743441565429173,
  "per_rank_means_us": [
    60.0412600002187,
    54.83965000053104,
    54.8809400004302,
    49.82533000031708,
    55.180729998483,
    50.29725999946777,
    49.655590001975725,
    44.50099999928625,
    55.32060999854593,
    50.230169999281316,
    50.127599999996164,
    44.80915999749868,
    50.24632999976575,
    44.825829998274,
    44.37843999966162,
    39.18561999967096,
    54.88311000078738,
    49.83986999974377,
    50.01616000015474,
    44.83308000175157,
    50.316040000382145,
    45.250450000082765,
    44.68850000080238,
    39.437599999132544,
    50.167949999888606,
    45.148670000401125,
    45.043960001009964,
    39.72331999960943,
    45.18275999970456,
    39.722889999040945,
    39.25172000009525,
    34.06140999999252
  ],
  "bandwidth_gbps": 0.2050554212830444
}