{
  "mpi_implementation": "openmpi",
  "operation": "gather",
  "num_ranks": 56,
  "data_size_name": "1MB",
  "num_elements": 262144,
  "dtype": "<class 'numpy.float16'>",
  "mean_time_us": 2489.881519107244,
  "median_time_us": 2300.240499991446,
  "min_time_us": 183.819000000085,
  "max_time_us": 25014.85799999159,
  "std_dev_us": 1789.587207691987,
  "p95_time_us": 4394.105299989804,
  "p99_time_us": 9643.265110009643,
  "load_imbalance_percent": 215.51286636387542,
  "per_rank_means_us": [
    7855.89654999967,
    217.5373999995145,
    301.05093999821975,
    388.4917799990717,
    470.2009199996837,
    553.8986700005921,
    630.0234000028127,
    710.984720000738,
    791.8696600012254,
    871.0337800019374,
    957.092140000384,
    1039.4043099964279,
    1115.930449998359,
    1189.8991599997544,
    1269.1594499997905,
    1342.414570001722,
    1420.8267499984117,
    1494.0735199988353,
    1581.2520999998014,
    1665.0242100013202,
    1740.8091999979547,
    1816.4656300004367,
    1896.7634200024008,
    1970.0225199986219,
    2049.76916000021,
    2132.4505699988094,
    2209.365460001038,
    2291.138940000508,
    2372.4295600018763,
    2452.878190000831,
    2539.1932099989845,
    2619.823520001887,
    2702.537299998653,
    2779.266139997958,
    2861.96320000073,
    2943.652200002589,
    3026.0518399992975,
    3107.472710000252,
    3195.110219999151,
    3275.9392500020112,
    3353.857540001002,
    3436.4844100002756,
    3517.051699999172,
    3599.351770000112,
    3683.7980599997877,
    3766.6627400005837,
    3845.782319999671,
    3928.082250000955,
    4012.9603399975626,
    4093.8540799999146,
    4178.584979999016,
    4263.378470000703,
    4349.392770000691,
    4433.731250001642,
    4517.738560002158,
    4603.487109999946
  ],
  "bandwidth_gbps": 1.0931003486011872
}