{
  "mpi_implementation": "openmpi",
  "operation": "gather",
  "num_ranks": 16,
  "data_size_name": "1MB",
  "num_elements": 262144,
  "dtype": "<class 'numpy.float16'>",
  "mean_time_us": 636.6099631250278,
  "median_time_us": 611.3575000021854,
  "min_time_us": 134.27300000046216,
  "max_time_us": 5219.451999998626,
  "std_dev_us": 393.1136952745057,
  "p95_time_us": 1560.3387000005853,
  "p99_time_us": 1591.4322200018205,
  "load_imbalance_percent": 154.82398233870586,
  "per_rank_means_us": [
    1622.2348600001624,
    140.61742000031074,
    201.21618999972668,
    266.18804000023033,
    327.36730000031855,
    386.9402800000188,
    444.8595099996311,
    509.3053999998886,
    564.7840999994713,
    630.7911400000421,
    691.9721900004561,
    755.9321299999766,
    817.7329699997671,
    879.2112700000843,
    941.8467100004335,
    1004.7598999999253
  ],
  "bandwidth_gbps": 1.4968046453922856
}