{
  "mpi_implementation": "openmpi",
  "operation": "scatter",
  "num_ranks": 32,
  "data_size_name": "1MB",
  "num_elements": 262144,
  "dtype": "<class 'numpy.float16'>",
  "mean_time_us": 7279.634916874916,
  "median_time_us": 7956.378999992353,
  "min_time_us": 2557.2619999962853,
  "max_time_us": 12527.456000000824,
  "std_dev_us": 3944.9685701199533,
  "p95_time_us": 11784.676550004036,
  "p99_time_us": 12057.290229994067,
  "load_imbalance_percent": 14.30126956932081,
  "per_rank_means_us": [
    8320.715129999599,
    6620.528770000788,
    6664.894230000015,
    6704.110280000037,
    6746.062719999201,
    6785.572830000603,
    6826.036299999316,
    6869.564629999872,
    6910.513730000361,
    6951.098640000168,
    6993.87846000036,
    7036.632739999788,
    7077.7859599994035,
    7119.641219999835,
    7162.285019999786,
    7203.5410800002355,
    7244.822979999981,
    7286.005869999741,
    7330.1831900001,
    7372.061019999023,
    7412.749539999624,
    7446.19613999987,
    7491.557470000174,
    7533.106419999598,
    7578.183860000251,
    7619.852050000589,
    7663.6855000002415,
    7705.456989999533,
    7747.326549998661,
    7791.284920000124,
    7839.436330000353,
    7893.546770000058
  ],
  "bandwidth_gbps": 1.2472604174382231
}