{
  "mpi_implementation": "openmpi",
  "operation": "alltoall",
  "num_ranks": 32,
  "data_size_name": "64KB",
  "num_elements": 16384,
  "dtype": "<class 'numpy.float16'>",
  "mean_time_us": 241.4595468749603,
  "median_time_us": 243.31350000750263,
  "min_time_us": 225.0729999957457,
  "max_time_us": 292.04000000504493,
  "std_dev_us": 7.799817095128328,
  "p95_time_us": 252.37320002275965,
  "p99_time_us": 260.9610899844483,
  "load_imbalance_percent": 1.0961890549148194,
  "per_rank_means_us": [
    241.9332800005236,
    241.24195000041482,
    241.0520900016877,
    244.1063999998505,
    241.57004000159077,
    239.89851999857592,
    242.65923000115208,
    240.47834999890938,
    240.21247999939987,
    241.61221999861482,
    240.34101000182773,
    243.65749999788022,
    242.17607000139196,
    241.75709999951778,
    240.78457000001663,
    241.61547999852928,
    240.12208000044666,
    240.5764100009833,
    242.48839000051703,
    240.48507000060226,
    243.10852999917643,
    240.89999999972633,
    240.11745999899858,
    241.07834999796296,
    241.90814999883514,
    242.28338000057192,
    242.33962000039355,
    242.56842999818673,
    241.69428000021753,
    240.0976700010915,
    241.35861000104342,
    240.48278000009304
  ],
  "bandwidth_gbps": 3.3439340500723533
}