{
  "mpi_implementation": "openmpi",
  "operation": "allgather",
  "num_ranks": 2,
  "data_size_name": "64KB",
  "num_elements": 16384,
  "dtype": "<class 'numpy.float16'>",
  "mean_time_us": 24.593549999991637,
  "median_time_us": 24.54149999930877,
  "min_time_us": 22.778000000833742,
  "max_time_us": 27.298000000008926,
  "std_dev_us": 0.6100538316117184,
  "p95_time_us": 25.602449999784223,
  "p99_time_us": 27.06989999971654,
  "load_imbalance_percent": 0.8822638453611708,
  "per_rank_means_us": [
    24.37657000005089,
    24.810529999932385
  ],
  "bandwidth_gbps": 2.235883810168512
}