{
  "mpi_implementation": "openmpi",
  "operation": "alltoall",
  "num_ranks": 32,
  "data_size_name": "1MB",
  "num_elements": 262144,
  "dtype": "<class 'numpy.float16'>",
  "mean_time_us": 524.2286190627432,
  "median_time_us": 523.0875000137303,
  "min_time_us": 471.3140000092153,
  "max_time_us": 714.2119999912211,
  "std_dev_us": 22.70446285771583,
  "p95_time_us": 554.0967500010652,
  "p99_time_us": 577.9852500091916,
  "load_imbalance_percent": 2.6574113718050345,
  "per_rank_means_us": [
    522.2769800005267,
    513.5623700016367,
    509.22036999992315,
    515.1384699999539,
    506.16025999971725,
    519.2091200004256,
    524.4724300015946,
    519.3278400000167,
    528.572270000609,
    520.6737400001771,
    523.7801900017303,
    536.1769099997105,
    510.3712199991151,
    518.7513900003182,
    528.3227299992177,
    529.6297500001401,
    528.076550001515,
    513.306740000985,
    527.7244400002701,
    529.2492999984688,
    527.0531199994366,
    532.8913300004956,
    518.9769700015745,
    532.3826599999393,
    538.1595299999731,
    529.6969799991302,
    533.8587700001085,
    533.6275300004445,
    527.1872199998029,
    529.0317600019989,
    528.9812099999835,
    519.4656599988434
  ],
  "bandwidth_gbps": 21.877257733266955
}