{
  "mpi_implementation": "openmpi",
  "operation": "broadcast",
  "num_ranks": 16,
  "data_size_name": "16MB",
  "num_elements": 4194304,
  "dtype": "<class 'numpy.float16'>",
  "mean_time_us": 2237.1881981248885,
  "median_time_us": 2279.4610000005378,
  "min_time_us": 1730.5019999938054,
  "max_time_us": 2716.0299999948734,
  "std_dev_us": 196.41592082364537,
  "p95_time_us": 2473.9251999974954,
  "p99_time_us": 2642.515899997875,
  "load_imbalance_percent": 6.210300143347256,
  "per_rank_means_us": [
    2201.890819999903,
    2300.886430000162,
    2359.548069999562,
    2376.1242999999863,
    2138.7411400002775,
    2182.4208700003564,
    2317.3266899993905,
    2020.2611899997435,
    2202.882639999757,
    2301.3277600001916,
    2360.243920000187,
    2374.969449999895,
    2138.879779999314,
    2182.413669999832,
    2317.099759999763,
    2019.9946799998968
  ],
  "bandwidth_gbps": 46.02305571007535
}