{
  "mpi_implementation": "openmpi",
  "operation": "scatter",
  "num_ranks": 16,
  "data_size_name": "1KB",
  "num_elements": 256,
  "dtype": "<class 'numpy.float16'>",
  "mean_time_us": 63.63060187501101,
  "median_time_us": 63.398500000033664,
  "min_time_us": 54.05599999619426,
  "max_time_us": 92.32800000091856,
  "std_dev_us": 5.355413554859582,
  "p95_time_us": 71.72810000461993,
  "p99_time_us": 80.71043999883898,
  "load_imbalance_percent": 11.005754964913308,
  "per_rank_means_us": [
    70.63363000007428,
    56.57659999961595,
    57.77107000035642,
    58.45412999995858,
    59.6414500004272,
    60.40729999995165,
    61.457310000321286,
    62.151830000019,
    63.46296999986123,
    64.08862000021998,
    65.0064899996039,
    65.85107000013579,
    66.86999999956811,
    67.67972999980998,
    68.66955999967672,
    69.3678700005762
  ],
  "bandwidth_gbps": 0.08263359469688605
}