{
  "mpi_implementation": "openmpi",
  "operation": "broadcast",
  "num_ranks": 32,
  "data_size_name": "1KB",
  "num_elements": 256,
  "dtype": "<class 'numpy.float16'>",
  "mean_time_us": 4.208910937459898,
  "median_time_us": 4.178500006446484,
  "min_time_us": 1.7259999935959058,
  "max_time_us": 7.381000003192639,
  "std_dev_us": 1.0205573547946487,
  "p95_time_us": 6.105150010426995,
  "p99_time_us": 6.685060002382668,
  "load_imbalance_percent": 34.85673811761696,
  "per_rank_means_us": [
    2.5968899988981775,
    3.8139999999486918,
    3.77976999970997,
    4.632989999890924,
    3.7229500006219496,
    4.661290000598228,
    4.144570000335079,
    5.142620000242459,
    3.615949999868917,
    4.483570000815007,
    4.482470000368721,
    5.229759999565431,
    4.234979999182542,
    5.125010000028851,
    4.662289999686209,
    5.676000000534032,
    2.272369999190005,
    3.3334300000831263,
    3.217840000644401,
    4.414449999643466,
    3.219130000218229,
    4.444860000489825,
    3.8243899996359683,
    4.964800000237801,
    3.017469999946343,
    4.178699999215496,
    4.17918000039208,
    5.043800000095189,
    3.9663099991571475,
    4.807080000546193,
    4.361939999597553,
    5.434289999328712
  ],
  "bandwidth_gbps": 2.067306470112429
}