{
  "mpi_implementation": "openmpi",
  "operation": "allreduce",
  "num_ranks": 56,
  "data_size_name": "64KB",
  "num_elements": 16384,
  "dtype": "<class 'numpy.float16'>",
  "mean_time_us": 872.3991950000014,
  "median_time_us": 871.8180000000242,
  "min_time_us": 837.6459999999142,
  "max_time_us": 934.7819999998563,
  "std_dev_us": 10.581739400269043,
  "p95_time_us": 888.223900000007,
  "p99_time_us": 916.4866199998568,
  "load_imbalance_percent": 1.5442924612053375,
  "per_rank_means_us": [
    861.5321900000205,
    859.648040000005,
    859.7638799999929,
    859.8318599999999,
    872.0422099999992,
    869.5477600000112,
    870.4289200000081,
    870.3500600000158,
    873.5368700000067,
    870.4027299999995,
    872.3333200000161,
    872.2842499999839,
    872.245679999999,
    869.859549999994,
    870.9245499999918,
    870.8951699999857,
    869.0669199999945,
    866.4563199999753,
    866.8970100000051,
    866.6499699999974,
    872.3702399999934,
    870.2793899999995,
    871.168060000036,
    871.0710900000106,
    878.614080000002,
    877.5959599999971,
    878.3442899999993,
    876.152069999998,
    884.8236700000145,
    880.9445400000283,
    881.8310900000314,
    883.2893400000153,
    865.1347100000083,
    863.3308199999944,
    863.9069899999674,
    863.5925200000472,
    874.1412699999973,
    870.5778000000031,
    872.0663399999573,
    872.6066300000213,
    874.1936299999909,
    873.4072700000129,
    874.4959000000208,
    872.0232000000028,
    878.297459999997,
    873.2300799999982,
    875.4446199999633,
    876.950489999988,
    873.2638799999926,
    871.7348000000013,
    872.7716199999769,
    870.5556300000117,
    885.8715900000025,
    879.6927800000099,
    882.400559999974,
    883.4832500000101
  ],
  "bandwidth_gbps": 1.8282170334904424
}