{
  "mpi_implementation": "openmpi",
  "operation": "alltoall",
  "num_ranks": 56,
  "data_size_name": "1MB",
  "num_elements": 262144,
  "dtype": "<class 'numpy.float16'>",
  "mean_time_us": 1122.0021194638718,
  "median_time_us": 1097.9060000124718,
  "min_time_us": 919.2090000169628,
  "max_time_us": 1636.449000045559,
  "std_dev_us": 119.84157086259057,
  "p95_time_us": 1338.8513500046886,
  "p99_time_us": 1398.591799981546,
  "load_imbalance_percent": 3.3559562751230794,
  "per_rank_means_us": [
    1159.6560199990336,
    1095.9957999978087,
    1109.6869699991885,
    1092.8679200009128,
    1125.3147400032049,
    1100.8520199976601,
    1103.049700004135,
    1130.6112499988785,
    1086.028959996952,
    1101.0523000004468,
    1106.236660000377,
    1130.6301100012206,
    1106.6903499983027,
    1093.0937100010851,
    1131.1689200022101,
    1119.9508899994726,
    1115.325309997388,
    1096.0502199986877,
    1135.8518200017897,
    1109.2993599970669,
    1119.443960001263,
    1146.848189995353,
    1132.1784799991974,
    1134.3386999931226,
    1155.8598300001677,
    1133.5251500025834,
    1143.3614600031206,
    1120.2647499976592,
    1129.063439999527,
    1121.3604000005262,
    1138.55560999923,
    1139.5494299978282,
    1125.4302499980895,
    1108.6060900032635,
    1135.4037199953382,
    1129.978079999887,
    1130.0868199975866,
    1129.3393099998639,
    1142.7005099989174,
    1124.542930001553,
    1128.5614800010535,
    1117.2185500009846,
    1118.1881400011662,
    1103.4902400024293,
    1138.3219399994005,
    1111.8366700003435,
    1123.6207199993942,
    1129.7680099994523,
    1139.9844099997836,
    1101.4385300012464,
    1120.5631899952095,
    1125.7352099994478,
    1139.310239998963,
    1096.1561199974312,
    1114.9685300011924,
    1133.106569999427
  ],
  "bandwidth_gbps": 16.709197780828333
}