{
  "mpi_implementation": "openmpi",
  "operation": "allreduce",
  "num_ranks": 16,
  "data_size_name": "16MB",
  "num_elements": 4194304,
  "dtype": "<class 'numpy.float16'>",
  "mean_time_us": 132220.44565,
  "median_time_us": 132499.6969999992,
  "min_time_us": 117656.23199999986,
  "max_time_us": 153273.8130000002,
  "std_dev_us": 6057.719313471205,
  "p95_time_us": 140544.88094999947,
  "p99_time_us": 146868.54554999922,
  "load_imbalance_percent": 0.8174848486452567,
  "per_rank_means_us": [
    130834.60563999997,
    131307.0767300001,
    131376.43495000002,
    132861.47895,
    131154.16683000006,
    132650.65148000006,
    132831.08551000006,
    133126.69100000002,
    130241.35597,
    132698.3224200001,
    132730.42182999995,
    133301.32776000001,
    132435.24570999984,
    133147.06114999996,
    133297.44986000008,
    131533.75461000015
  ],
  "bandwidth_gbps": 0.8155339620865296
}