{
  "mpi_implementation": "openmpi",
  "operation": "allreduce",
  "num_ranks": 16,
  "data_size_name": "1KB",
  "num_elements": 256,
  "dtype": "<class 'numpy.float16'>",
  "mean_time_us": 56.163826249997214,
  "median_time_us": 51.738999999995094,
  "min_time_us": 48.674999999942514,
  "max_time_us": 349.08399999977746,
  "std_dev_us": 29.21044594265278,
  "p95_time_us": 56.392550000117225,
  "p99_time_us": 266.76567000011084,
  "load_imbalance_percent": 11.31091696234326,
  "per_rank_means_us": [
    55.61149999999016,
    56.5245300000039,
    53.883559999994276,
    54.0929999999884,
    62.51647000000915,
    56.68813999998745,
    56.8430099999917,
    60.054839999990065,
    55.806839999998914,
    54.98265999999363,
    54.40045000000948,
    54.65944999999195,
    55.761460000012256,
    57.12426999999298,
    54.742619999998965,
    54.9284200000022
  ],
  "bandwidth_gbps": 0.021855468973813935
}