{
  "implementation": "deepspeed_oneccl",
  "backend": "ccl",
  "operation": "allreduce",
  "num_ranks": 4,
  "tensor_shape": {
    "batch": 8,
    "seq_len": 2048,
    "hidden_dim": 4096
  },
  "num_elements": 67108864,
  "tensor_size_bytes": 134217728,
  "tensor_size_mb": 128.0,
  "dtype": "bfloat16",
  "warmup_iterations": 10,
  "measurement_iterations": 100,
  "timing_method": "time.perf_counter()",
  "timings": [
    [
      0.05422439984977245,
      0.05711951898410916,
      0.05452841380611062,
      0.05628226976841688,
      0.054692401085048914,
      0.05582732241600752,
      0.05486284289509058,
      0.055893830955028534,
      0.05468792421743274,
      0.05559438606724143,
      0.05472503928467631,
      0.05576622625812888,
      0.054758316837251186,
      0.05578632140532136,
      0.0547040281817317,
      0.05568662425503135,
      0.054840522818267345,
      0.05556969717144966,
      0.05489813024178147,
      0.05542956106364727,
      0.05489428713917732,
      0.05556684173643589,
      0.05489256978034973,
      0.05556422797963023,
      0.054723404347896576,
      0.05553981103003025,
      0.05485122324898839,
      0.055631652008742094,
      0.054640624206513166,
      0.05560663668438792,
      0.05490608373656869,
      0.05542947677895427,
      0.054842064157128334,
      0.054069026838988066,
      0.05488270800560713,
      0.055548534262925386,
      0.054872528184205294,
      0.05555917974561453,
      0.05470505077391863,
      0.055546415969729424,
      0.054865216836333275,
      0.05555348098278046,
      0.05479855090379715,
      0.0555770481005311,
      0.05469867121428251,
      0.05550778936594725,
      0.05483906576409936,
      0.055439766962081194,
      0.05489461589604616,
      0.055363754741847515,
      0.05492099467664957,
      0.05545438779518008,
      0.054860221687704325,
      0.055533808656036854,
      0.05494334828108549,
      0.05556005099788308,
      0.054811709094792604,
      0.05523519217967987,
      0.05493739666417241,
      0.05556679703295231,
      0.05480265663936734,
      0.055494474712759256,
      0.054741387721151114,
      0.055472816340625286,
      0.05463247187435627,
      0.05553363589569926,
      0.05475477874279022,
      0.05551525671035051,
      0.05474903481081128,
      0.055546574760228395,
      0.05482057435438037,
      0.05552750825881958,
      0.054866835940629244,
      0.055388713255524635,
      0.05474209692329168,
      0.055547311902046204,
      0.05461477395147085,
      0.0554746980778873,
      0.05477689299732447,
      0.05549263395369053,
      0.05484358919784427,
      0.05546574620530009,
      0.05413531372323632,
      0.055628669913858175,
      0.054645209107548,
      0.05599034111946821,
      0.05448669567704201,
      0.055543245282024145,
      0.05472107604146004,
      0.05529820220544934,
      0.054868511855602264,
      0.055404117330908775,
      0.05486614676192403,
      0.055475293193012476,
      0.05472596501931548,
      0.055466379038989544,
      0.05473477300256491,
      0.05554194701835513,
      0.054639052134007215,
      0.05547486711293459
    ],
    [
      0.053893140982836485,
      0.05714035965502262,
      0.054243044927716255,
      0.055870682932436466,
      0.054785531014204025,
      0.05547721404582262,
      0.054496420081704855,
      0.05593673279508948,
      0.05437051085755229,
      0.05566812492907047,
      0.05442358599975705,
      0.055829644203186035,
      0.05444002989679575,
      0.055860064923763275,
      0.05437475722283125,
      0.055790831334888935,
      0.05490395659580827,
      0.05527310585603118,
      0.054980653803795576,
      0.05511159123852849,
      0.054979476146399975,
      0.055667712818831205,
      0.05496928375214338,
      0.05562750622630119,
      0.05442551616579294,
      0.05563654797151685,
      0.05494385724887252,
      0.05571045959368348,
      0.05472751380875707,
      0.05571125401183963,
      0.05500657204538584,
      0.05512144323438406,
      0.05491816299036145,
      0.05413470324128866,
      0.05458701867610216,
      0.05561550334095955,
      0.05496545787900686,
      0.055655078031122684,
      0.05463667493313551,
      0.0556441992521286,
      0.0548551669344306,
      0.055549466982483864,
      0.05443602101877332,
      0.05567436292767525,
      0.054376326967030764,
      0.05519326590001583,
      0.054923654068261385,
      0.0550706940703094,
      0.054936929140239954,
      0.05503040226176381,
      0.05501801194623113,
      0.055542388930916786,
      0.05485073430463672,
      0.055594104807823896,
      0.05501716723665595,
      0.05565034784376621,
      0.05488957790657878,
      0.055317494086921215,
      0.055015267338603735,
      0.05565163819119334,
      0.05488285468891263,
      0.05557527532801032,
      0.054250253830105066,
      0.055562905967235565,
      0.054373504128307104,
      0.0555919399484992,
      0.05483872024342418,
      0.055600172840058804,
      0.05474163731560111,
      0.05562211433425546,
      0.05481897387653589,
      0.055596185848116875,
      0.054848380386829376,
      0.05547646898776293,
      0.05449987202882767,
      0.05562694603577256,
      0.054688454139977694,
      0.05554204899817705,
      0.054630308877676725,
      0.05557082360610366,
      0.054908576887100935,
      0.05553753674030304,
      0.054528049658983946,
      0.055501850321888924,
      0.05434933491051197,
      0.055599918123334646,
      0.054558263160288334,
      0.0550658437423408,
      0.05484509980306029,
      0.05502467416226864,
      0.0549496179446578,
      0.05547982640564442,
      0.054965756833553314,
      0.05555150145664811,
      0.054801356978714466,
      0.05556644080206752,
      0.05484482180327177,
      0.05542312702164054,
      0.05436151335015893,
      0.055563139729201794
    ],
    [
      0.053852375131100416,
      0.056954262778162956,
      0.05420284019783139,
      0.05574085330590606,
      0.05458527011796832,
      0.055315219797194004,
      0.05439727799966931,
      0.0556646641343832,
      0.05427775904536247,
      0.05546064209192991,
      0.05430308589711785,
      0.055543006863445044,
      0.054302372969686985,
      0.05564886191859841,
      0.05429118778556585,
      0.05557917384430766,
      0.05471464013680816,
      0.05519243702292442,
      0.054771739058196545,
      0.05502447532489896,
      0.0548287620767951,
      0.05546201393008232,
      0.05475891474634409,
      0.05544782988727093,
      0.054306958336383104,
      0.055474726017564535,
      0.054790552239865065,
      0.055516643449664116,
      0.0545290638692677,
      0.05548502504825592,
      0.054798660799860954,
      0.054987440817058086,
      0.05471055908128619,
      0.053872374817728996,
      0.05443438421934843,
      0.055334878619760275,
      0.054693288169801235,
      0.0554512613452971,
      0.05455732299014926,
      0.055355535354465246,
      0.054780331905931234,
      0.05533350119367242,
      0.054339822847396135,
      0.05542315123602748,
      0.05423481576144695,
      0.05507099162787199,
      0.05472004599869251,
      0.05500607704743743,
      0.05471144011244178,
      0.05493267113342881,
      0.05481049930676818,
      0.055338399950414896,
      0.05465177912265062,
      0.05534079670906067,
      0.05478052329272032,
      0.05545815685763955,
      0.0546451429836452,
      0.05514751374721527,
      0.05477927578613162,
      0.05543494829908013,
      0.05463858833536506,
      0.055320148821920156,
      0.05423458758741617,
      0.05530237406492233,
      0.05425388226285577,
      0.05539261410012841,
      0.05468620313331485,
      0.05540072685107589,
      0.05459738336503506,
      0.05542511958628893,
      0.05478035332635045,
      0.055371382273733616,
      0.05475628096610308,
      0.05526514630764723,
      0.05447959387674928,
      0.05542014120146632,
