{
  "mpi_implementation": "openmpi",
  "operation": "allgather",
  "num_ranks": 4,
  "tensor_shape": {
    "batch": 32,
    "seq_len": 1,
    "hidden_dim": 4096
  },
  "num_elements": 131072,
  "tensor_size_bytes": 262144,
  "tensor_size_mb": 0.25,
  "dtype": "bfloat16",
  "dtype_note": "Generated as bf16, converted to fp32 for MPI, size reported as bf16",
  "warmup_iterations": 10,
  "measurement_iterations": 100,
  "timing_method": "time.perf_counter()",
  "timings": [
    [
      0.0005183950997889042,
      0.0005345079116523266,
      0.0005182479508221149,
      0.0005386201664805412,
      0.0005218582227826118,
      0.0005334019660949707,
      0.0005171420052647591,
      0.0005277222953736782,
      0.0004149908199906349,
      0.0005253269337117672,
      0.0004131300374865532,
      0.0005230419337749481,
      0.00041332608088850975,
      0.0005197152495384216,
      0.0004129251465201378,
      0.0005208798684179783,
      0.00041436590254306793,
      0.0005229399539530277,
      0.00041499827057123184,
      0.0005249329842627048,
      0.0005200090818107128,
      0.0005145990289747715,
      0.0004116739146411419,
      0.0005170549266040325,
      0.0005272068083286285,
      0.0005171820521354675,
      0.00043419236317276955,
      0.0005196733400225639,
      0.0004226122982800007,
      0.000516949687153101,
      0.0004250379279255867,
      0.0005168477073311806,
      0.0004242728464305401,
      0.0005172062665224075,
      0.0004211440682411194,
      0.0005163210444152355,
      0.00041865697130560875,
      0.0005153040401637554,
      0.0004227268509566784,
      0.0005165222100913525,
      0.00042232172563672066,
      0.0005166670307517052,
      0.0005195778794586658,
      0.0005164449103176594,
      0.0005190800875425339,
      0.0005152239464223385,
      0.0004210858605802059,
      0.0005151699297130108,
      0.0004258672706782818,
      0.000523099210113287,
      0.00041564879938960075,
      0.0005189348012208939,
      0.0004130881279706955,
      0.0005247266963124275,
      0.00041400501504540443,
      0.0005249949172139168,
      0.0005166432820260525,
      0.0005200100131332874,
      0.0004141833633184433,
      0.0005179769359529018,
      0.0005154251120984554,
      0.0005181990563869476,
      0.0004148939624428749,
      0.0005219909362494946,
      0.0004131849855184555,
      0.0005214917473495007,
      0.0004134918563067913,
      0.0005187811329960823,
      0.0005126758478581905,
      0.0005253436975181103,
      0.0004132757894694805,
      0.0005217776633799076,
      0.00041330093517899513,
      0.0005233441479504108,
      0.0005147242918610573,
      0.0005163419991731644,
      0.0005224598571658134,
      0.0005198153667151928,
      0.00041199009865522385,
      0.0005164169706404209,
      0.0005230070091784,
      0.0005167052149772644,
      0.0005156230181455612,
      0.0005149398930370808,
      0.0005230410024523735,
      0.000516233965754509,
      0.0004263976588845253,
      0.0005147559568285942,
      0.00041870493441820145,
      0.0005155662074685097,
      0.00051894411444664,
      0.0005132448859512806,
      0.0005189753137528896,
      0.0005166810005903244,
      0.00042251916602253914,
      0.0005145459435880184,
      0.0005165445618331432,
      0.0005164449103176594,
      0.000519133172929287,
      0.0005156076513230801
    ],
    [
      0.0005241767503321171,
      0.0005268468521535397,
      0.000523038674145937,
      0.0005293581634759903,
      0.0005222107283771038,
      0.0005322899669408798,
      0.000517421867698431,
      0.0005209059454500675,
      0.0005062147974967957,
      0.000520066823810339,
      0.0005042431876063347,
      0.0005184081383049488,
      0.000505183357745409,
      0.0005242452025413513,
      0.0005039041861891747,
      0.000524470116943121,
      0.0005044667050242424,
      0.0005274391733109951,
      0.0005047121085226536,
      0.0005291798152029514,
      0.0005234219133853912,
      0.0005189199000597,
      0.0005063610151410103,
      0.0005185157060623169,
      0.0005196873098611832,
      0.0005195080302655697,
      0.0005061761476099491,
      0.0005212463438510895,
      0.0005070129409432411,
      0.0005187126807868481,
      0.0005066599696874619,
      0.0005182572640478611,
      0.0005057677626609802,
      0.0005183089524507523,
      0.0005080439150333405,
      0.0005199429579079151,
      0.0005056271329522133,
      0.0005192873068153858,
      0.000508215744048357,
      0.0005194484256207943,
      0.0005067433230578899,
      0.0005193757824599743,
      0.0005218107253313065,
      0.0005203373730182648,
      0.0005214451812207699,
      0.0005193552933633327,
      0.0005104360170662403,
      0.0005185753107070923,
      0.000514437910169363,
      0.0005218470469117165,
      0.0005035889334976673,
      0.00052246218547225,
      0.0005038636736571789,
      0.0005181129090487957,
      0.0005038101226091385,
      0.0005196896381676197,
      0.0005188751965761185,
      0.0005201320163905621,
      0.0005043121054768562,
      0.0005216486752033234,
      0.000519690103828907,
      0.0005199816077947617,
      0.0005040289834141731,
      0.0005185399204492569,
      0.000503108836710453,
      0.0005198121070861816,
      0.000502697192132473,
      0.0005206158384680748,
      0.0005180509760975838,
      0.0005205171182751656,
      0.0005033700726926327,
      0.0005239318124949932,
      0.0005040881223976612,
      0.0005253483541309834,
      0.0005178707651793957,
      0.0005218470469117165,
      0.0005208966322243214,
      0.0005228999070823193,
      0.0005042268894612789,
      0.0005179098807275295,
      0.0005183657631278038,
      0.0005172262899577618,
      0.0005178186111152172,
      0.0005189459770917892,
      0.0005186079069972038,
      0.0005195192061364651,
      0.0005057896487414837,
      0.0005192491225898266,
      0.0005059586837887764,
      0.0005187899805605412,
      0.000521589070558548,
      0.000520272646099329,
      0.0005219196900725365,
      0.0005200542509555817,
      0.0005073118954896927,
      0.0005187960341572762,
      0.0005211220122873783,
      0.0005197483114898205,
      0.0005224402993917465,
      0.0005203988403081894
    ],
    [
      0.0005094450898468494,
      0.0005092751234769821,
      0.0005071470513939857,
      0.0005093622021377087,
      0.0005056089721620083,
      0.0005128872580826283,
      0.0005011027678847313,
      0.0005003632977604866,
      0.0004880339838564396,
      0.0004996028728783131,
      0.0004864111542701721,
      0.0005005667917430401,
      0.000486613716930151,
      0.0005030687898397446,
      0.0004854458384215832,
      0.000504164956510067,
      0.000486547127366066,
      0.0005073235370218754,
      0.0004866519011557102,
      0.0005092942155897617,
      0.0005068373866379261,
      0.00049944082275033,
      0.0004888791590929031,
      0.0004985900595784187,
      0.0005038129165768623,
      0.0004994487389922142,
      0.000489301048219204,
      0.0005009765736758709,
      0.0004898370243608952,
      0.0004986911080777645,
      0.0004890803247690201,
      0.0004990771412849426,
      0.0004878947511315346,
      0.0004975078627467155,
      0.0004905099049210548,
      0.0004990240558981895,
      0.0004879878833889961,
      0.000499136745929718,
      0.0004905392415821552,
      0.0004993476904928684,
      0.0004888381808996201,
      0.0005001090466976166,
      0.0005041584372520447,
      0.0005005039274692535,
      0.0005056946538388729,
      0.000499773770570755,
      0.0004935460165143013,
      0.0004983707331120968,
      0.0004960587248206139,
      0.0005042059347033501,
      0.0004859892651438713,
      0.0005044178105890751,
      0.00048650940880179405,
      0.0005001048557460308,
      0.00048638787120580673,
      0.000501059927046299,
      0.0005027279257774353,
      0.0005022482946515083,
      0.00048602698370814323,
