{
  "mpi_implementation": "openmpi",
  "operation": "broadcast",
  "num_ranks": 4,
  "tensor_shape": {
    "batch": 8,
    "seq_len": 4096,
    "hidden_dim": 2048
  },
  "num_elements": 67108864,
  "tensor_size_bytes": 134217728,
  "tensor_size_mb": 128.0,
  "dtype": "bfloat16",
  "dtype_note": "Generated as bf16, converted to fp32 for MPI, size reported as bf16",
  "warmup_iterations": 10,
  "measurement_iterations": 100,
  "timing_method": "time.perf_counter()",
  "timings": [
    [
      0.05735730566084385,
      0.03824476012960076,
      0.0380449160002172,
      0.03817184083163738,
      0.03793637780472636,
      0.037897405214607716,
      0.03783926600590348,
      0.037827364169061184,
      0.03778995294123888,
      0.03780664596706629,
      0.037756976671516895,
      0.037705622147768736,
      0.037699592765420675,
      0.037670289631932974,
      0.037681275978684425,
      0.03770977584645152,
      0.03764480398967862,
      0.037629873026162386,
      0.03761726291850209,
      0.03765568509697914,
      0.03764126915484667,
      0.0375900799408555,
      0.03761485870927572,
      0.03762466786429286,
      0.03758520632982254,
      0.037575216963887215,
      0.03757378505542874,
      0.037580518051981926,
      0.03752889297902584,
      0.03757705120369792,
      0.037538534961640835,
      0.03754013171419501,
      0.03751012682914734,
      0.0375565979629755,
      0.0375381289049983,
      0.03750412771478295,
      0.03750826511532068,
      0.037492034025490284,
      0.03746840124949813,
      0.037493682000786066,
      0.037484874948859215,
      0.03748793574050069,
      0.03750531980767846,
      0.03746390203014016,
      0.03751492826268077,
      0.037472572177648544,
      0.03748465469107032,
      0.037465478759258986,
      0.03744444716721773,
      0.037584145087748766,
      0.03764496278017759,
      0.03752474533393979,
      0.03744497802108526,
      0.03743035392835736,
      0.03741585789248347,
      0.03740028804168105,
      0.03740590298548341,
      0.03739646589383483,
      0.03745951456949115,
      0.03738433914259076,
      0.03734094277024269,
      0.03736584400758147,
      0.03738135797902942,
      0.03737192414700985,
      0.03736000182107091,
      0.03739918675273657,
      0.03737867111340165,
      0.03735631797462702,
      0.03751536691561341,
      0.03746759705245495,
      0.037456237245351076,
      0.037462797947227955,
      0.03746689762920141,
      0.03746648505330086,
      0.03744303993880749,
      0.037459406070411205,
      0.037442613393068314,
      0.037475605960935354,
      0.03740884084254503,
      0.03742925124242902,
      0.03747101221233606,
      0.0374324070289731,
      0.0374288740567863,
      0.03740716818720102,
      0.03746032388880849,
      0.03741960786283016,
      0.037444246001541615,
      0.03749590925872326,
      0.037427693139761686,
      0.03740883804857731,
      0.03742985287681222,
      0.037449617870152,
      0.03741726605221629,
      0.0374239319935441,
      0.03744366206228733,
      0.037456467282027006,
      0.037406828720122576,
      0.037433396093547344,
      0.037338717840611935,
      0.037374475970864296
    ],
    [
      0.11308445315808058,
      0.07514098519459367,
      0.07464791322126985,
      0.07466472079977393,
      0.07427315693348646,
      0.07415839517489076,
      0.07407545484602451,
      0.07398383971303701,
      0.07389420736581087,
      0.07390036713331938,
      0.07381086330860853,
      0.07371979020535946,
      0.07374025601893663,
      0.0736714769154787,
      0.07365928264334798,
      0.07364754471927881,
      0.0735963936895132,
      0.0735624129883945,
      0.07350901421159506,
      0.07355451816692948,
      0.07353968871757388,
      0.07349075004458427,
      0.0734679619781673,
      0.073509706184268,
      0.07341106282547116,
      0.07342235185205936,
      0.07336812419816852,
      0.07340317498892546,
      0.07337139314040542,
      0.07341856602579355,
      0.07336029130965471,
      0.07332299882546067,
      0.07329660374671221,
      0.07338190311565995,
      0.07329215575009584,
      0.07327571511268616,
      0.0732483733445406,
      0.07322671636939049,
      0.073234838899225,
      0.07324125478044152,
      0.07321946090087295,
      0.07322709588333964,
      0.07324703922495246,
      0.0732109691016376,
      0.07323760911822319,
      0.07318719988688827,
      0.0732115930877626,
      0.07318636681884527,
      0.07315320894122124,
      0.0733520369976759,
      0.07358097797259688,
      0.07336541404947639,
      0.07319302903488278,
      0.073147127404809,
      0.07313269609585404,
      0.07312499405816197,
      0.07313634222373366,
      0.07308932906016707,
      0.07312775263562799,
      0.07306362735107541,
      0.07301651313900948,
      0.0730223492719233,
      0.07308661891147494,
      0.07304089609533548,
      0.0730353738181293,
      0.07310829032212496,
      0.07306780992075801,
      0.07299843011423945,
      0.07317820098251104,
      0.07311700889840722,
      0.07307670125737786,
      0.07308546174317598,
      0.07312431978061795,
      0.07311988295987248,
      0.07310116197913885,
      0.0731121483258903,
      0.07307430589571595,
      0.07308668084442616,
      0.07302421797066927,
      0.0730228666216135,
      0.07311834441497922,
      0.07304485887289047,
      0.07302608527243137,
      0.07300192071124911,
      0.0730293677188456,
      0.07298799324780703,
      0.07306818990036845,
      0.0731524620205164,
      0.07303552608937025,
      0.07301862211897969,
      0.07302631111815572,
      0.07306583784520626,
      0.07301689079031348,
      0.07302924618124962,
      0.07302465289831161,
      0.07305539771914482,
      0.07297689281404018,
      0.0730649889446795,
      0.0729705411940813,
      0.07343846373260021
    ],
    [
      0.16917183389887214,
      0.11042970232665539,
      0.10991583531722426,
      0.10992202023044229,
      0.10954581433907151,
      0.10949729988351464,
      0.1094020688906312,
      0.10931267635896802,
      0.10924592986702919,
      0.10934261791408062,
      0.10924630658701062,
      0.10914344293996692,
      0.10920010507106781,
      0.10919214971363544,
      0.10915935784578323,
      0.10912921000272036,
      0.10915250703692436,
      0.10907860798761249,
      0.10906995786353946,
      0.10910723591223359,
      0.10903745796531439,
      0.10905909491702914,
      0.10899506090208888,
      0.10913706291466951,
      0.10907509876415133,
      0.10904304729774594,
      0.1089602867141366,
      0.1090513919480145,
      0.10906011331826448,
      0.10910422401502728,
      0.10897766007110476,
      0.10896689305081964,
      0.10890862112864852,
      0.10900227213278413,
      0.1089436081238091,
      0.10893707303330302,
      0.10891348915174603,
      0.10887645604088902,
      0.10889732697978616,
      0.10888301907107234,
      0.10891265608370304,
      0.10894283698871732,
      0.10895079420879483,
      0.10886140912771225,
      0.10890005808323622,
      0.10886743012815714,
      0.10892947390675545,
      0.10891476785764098,
      0.10882377531379461,
      0.10911785298958421,
      0.10960375983268023,
      0.10930159082636237,
      0.10901269409805536,
      0.10900701582431793,
      0.10895027685910463,
      0.10894570965319872,
      0.10893272515386343,
      0.10892068687826395,
      0.10895204124972224,
      0.10885526519268751,
      0.10885818675160408,
      0.10883027920499444,
      0.1089169499464333,
      0.10884598083794117,
      0.10888807103037834,
      0.1089995289221406,
      0.10887890728190541,
      0.10882437601685524,
      0.1090302737429738,
      0.10892033204436302,
      0.108917071018368,
      0.10890272911638021,
      0.1090397690422833,
      0.108934769872576,
      0.10896278824657202,
      0.10895084077492356,
      0.10890594404190779,
