{
  "mpi_implementation": "openmpi",
  "operation": "allreduce",
  "num_ranks": 4,
  "tensor_shape": {
    "batch": 8,
    "seq_len": 2048,
    "hidden_dim": 4096
  },
  "num_elements": 67108864,
  "tensor_size_bytes": 134217728,
  "tensor_size_mb": 128.0,
  "dtype": "bfloat16",
  "dtype_note": "Generated as bf16, converted to fp32 for MPI, size reported as bf16",
  "warmup_iterations": 10,
  "measurement_iterations": 100,
  "timing_method": "time.perf_counter()",
  "timings": [
    [
      1.3925265045836568,
      1.405556839890778,
      1.4066173708997667,
      1.4055404351092875,
      1.4102445300668478,
      1.4027477293275297,
      1.4078351692296565,
      1.40488401055336,
      1.4079658510163426,
      1.4088176959194243,
      1.409955119714141,
      1.4038237729109824,
      1.4100598110817373,
      1.4069487280212343,
      1.4005756326951087,
      1.3982693878933787,
      1.4049062919802964,
      1.4026654660701752,
      1.4096503546461463,
      1.411428770981729,
      1.4038095930591226,
      1.4011037140153348,
      1.405706204008311,
      1.4051887299865484,
      1.4100932641886175,
      1.4035935499705374,
      1.4099983093328774,
      1.4057394908741117,
      1.4098972072824836,
      1.4043771917931736,
      1.4112262916751206,
      1.399460454005748,
      1.4090366261079907,
      1.401489962823689,
      1.4218340208753943,
      1.4154094266705215,
      1.3980537778697908,
      1.403957637026906,
      1.403558513149619,
      1.4024462942034006,
      1.404162754304707,
      1.4070813730359077,
      1.4062611050903797,
      1.4033751701936126,
      1.4039342268370092,
      1.4021103507839143,
      1.4078296129591763,
      1.4014399820007384,
      1.4072135649621487,
      1.4050423121079803,
      1.4141413210891187,
      1.4146283669397235,
      1.4080650680698454,
      1.406282028183341,
      1.4197598891332746,
      1.407730670645833,
      1.409454750828445,
      1.407651485875249,
      1.40661138901487,
      1.4037694889120758,
      1.40818393509835,
      1.4080490353517234,
      1.4113699537701905,
      1.4028723421506584,
      1.405431811697781,
      1.407718252390623,
      1.4072275198996067,
      1.4179222667589784,
      1.4110193359665573,
      1.4075109399855137,
      1.4061994939111173,
      1.4030448156408966,
      1.4058555741794407,
      1.4061461328528821,
      1.409935501869768,
      1.4096927298232913,
      1.4090207517147064,
      1.4026355687528849,
      1.4068849589675665,
      1.4076766041107476,
      1.418598413001746,
      1.4097193102352321,
      1.4089337131008506,
      1.4107456668280065,
      1.4088486921973526,
      1.405855180695653,
      1.413512708619237,
      1.4083380489610136,
      1.4143228940665722,
      1.4103521746583283,
      1.4048292231746018,
      1.40434477198869,
      1.407107435632497,
      1.4131312682293355,
      1.4070728067308664,
      1.4094279548153281,
      1.4089163737371564,
      1.4075328651815653,
      1.412993969861418,
      1.4081314387731254
    ],
    [
      1.484237513039261,
      1.4943756121210754,
      1.4948429740034044,
      1.4884602762758732,
      1.4967832900583744,
      1.493929693941027,
      1.4967496902681887,
      1.493501436430961,
      1.4971899036318064,
      1.4940935079939663,
      1.4993231557309628,
      1.4916725386865437,
      1.4987604059278965,
      1.5052116001024842,
      1.4959972160868347,
      1.491777905728668,
      1.4928532941266894,
      1.493106421083212,
      1.49771932605654,
      1.503104385919869,
      1.4971749493852258,
      1.4899530578404665,
      1.49690831778571,
      1.4938387558795512,
      1.4992884821258485,
      1.492070060223341,
      1.4969909503124654,
      1.4955415385775268,
      1.4983037379570305,
      1.4935379452072084,
      1.508654735982418,
      1.4874929343350232,
      1.499843938741833,
      1.4901368720456958,
      1.5071000419557095,
      1.5020127422176301,
      1.487403070088476,
      1.5011253049597144,
      1.4915978251956403,
      1.4935934753157198,
      1.4935161881148815,
      1.4972124877385795,
      1.4973700088448822,
      1.4899340909905732,
      1.494628339074552,
      1.4907985529862344,
      1.4978731777518988,
      1.4913694318383932,
      1.4956299308687449,
      1.4951483020558953,
      1.5035445718094707,
      1.502853932324797,
      1.4981394303031266,
      1.4931887770071626,
      1.5051187667995691,
      1.494582454673946,
      1.4986893059685826,
      1.4983888929709792,
      1.4957489557564259,
      1.4939723070710897,
      1.4955461621284485,
      1.494877273682505,
      1.5007122652605176,
      1.4914499470032752,
      1.4964125817641616,
      1.4953451324254274,
      1.4976220671087503,
      1.50074363918975,
      1.4991640970110893,
      1.4966893359087408,
      1.4938552719540894,
      1.493425142019987,
      1.4951863903552294,
      1.496501493267715,
      1.4986333339475095,
      1.4968560356646776,
      1.4987935959361494,
      1.4920746879652143,
      1.4966928157955408,
      1.4974189880304039,
      1.506082630250603,
      1.4996627229265869,
      1.4969417601823807,
      1.4983312799595296,
      1.4984273700974882,
      1.494068305939436,
      1.500284434761852,
      1.4958984958939254,
      1.5017010918818414,
      1.4982275697402656,
      1.4928529178723693,
      1.4949970501475036,
      1.4959862441755831,
      1.5006454372778535,
      1.4970247666351497,
      1.496447325218469,
      1.4987766277045012,
      1.496055772062391,
      1.5029264017939568,
      1.496595867909491
    ],
    [
      1.576034721918404,
      1.5876791151240468,
      1.5887116086669266,
      1.5818912629038095,
      1.5896467757411301,
      1.5863000112585723,
      1.5900501068681479,
      1.5871321181766689,
      1.5916659841313958,
      1.5884492667391896,
      1.5934711089357734,
      1.5852572079747915,
      1.594266267027706,
      1.5910460529848933,
      1.5844339607283473,
      1.5820353217422962,
      1.585303341038525,
      1.5871570776216686,
      1.591115450952202,
      1.5946465348824859,
      1.5884817061014473,
      1.581539946142584,
      1.590787495020777,
      1.5876507349312305,
      1.5940317809581757,
      1.5876274253241718,
      1.5921303941868246,
      1.5930042271502316,
      1.5938508729450405,
      1.5874925418756902,
      1.595489347819239,
      1.5813357941806316,
      1.5932099781930447,
      1.5838686148636043,
      1.6029773368500173,
      1.5963096348568797,
      1.5814293609000742,
      1.588081659283489,
      1.5845710313878953,
      1.5862086680717766,
      1.5865239659324288,
      1.5908546238206327,
      1.5908401729539037,
      1.5828584651462734,
      1.587931183166802,
      1.583774199243635,
      1.5916025750339031,
      1.5860368898138404,
      1.5901375212706625,
      1.5895722890272737,
      1.597227024845779,
      1.594770148396492,
      1.5911854291334748,
      1.5882480889558792,
      1.6019307123497128,
      1.5897624287754297,
      1.592974940314889,
      1.5956115340813994,
      1.590408321004361,
      1.5886485599912703,
      1.5896380101330578,
      1.5889552989974618,
      1.5956754619255662,
      1.5855087242089212,
      1.590650174766779,
      1.5897131250239909,
      1.591642647050321,
      1.594694103114307,
      1.593742064666003,
      1.5906581189483404,
      1.5876323250122368,
      1.5866870530880988,
      1.5893021668307483,
      1.5909090819768608,
      1.5932793710380793,
      1.5914070513099432,
      1.592852536123246,
      1.5855679879896343,
      1.5923315999098122,
      1.592201855033636,
      1.6012973268516362,
      1.5944632277823985,
      1.5919441222213209,
      1.5929982513189316,
      1.5943497284315526,
      1.5900766453705728,
      1.5963665088638663,
      1.590899232774973,
      1.5976718491874635,
      1.5934436419047415,
