{
  "mpi_implementation": "openmpi",
  "operation": "allgather",
  "num_ranks": 4,
  "tensor_shape": {
    "batch": 8,
    "seq_len": 1,
    "hidden_dim": 4096
  },
  "num_elements": 32768,
  "tensor_size_bytes": 65536,
  "tensor_size_mb": 0.0625,
  "dtype": "bfloat16",
  "dtype_note": "Generated as bf16, converted to fp32 for MPI, size reported as bf16",
  "warmup_iterations": 10,
  "measurement_iterations": 100,
  "timing_method": "time.perf_counter()",
  "timings": [
    [
      0.00015466473996639252,
      0.00013900594785809517,
      0.00013162801042199135,
      0.00014467909932136536,
      0.0001423708163201809,
      0.0001405668444931507,
      0.00013487879186868668,
      0.00013680802658200264,
      0.0001314147375524044,
      0.00010595377534627914,
      0.0001305188052356243,
      0.00010577775537967682,
      0.0001292601227760315,
      0.0001300000585615635,
      0.00012872088700532913,
      0.00011282181367278099,
      0.0001286771148443222,
      0.0001293993555009365,
      0.00012843217700719833,
      0.00010492885485291481,
      0.00010478496551513672,
      0.00012756604701280594,
      0.00010787975043058395,
      0.00010480405762791634,
      0.00010523619130253792,
      0.0001290440559387207,
      0.00010396027937531471,
      0.00010374700650572777,
      0.00012872600927948952,
      0.00010384898632764816,
      0.0001370878890156746,
      0.00010525807738304138,
      0.00012751389294862747,
      0.0001292480155825615,
      0.00010299775749444962,
      0.00010422011837363243,
      0.00010315701365470886,
      0.0001348629593849182,
      0.00013133324682712555,
      0.00010468903928995132,
      0.0001293742097914219,
      0.00012875115498900414,
      0.00010384898632764816,
      0.00010419823229312897,
      0.00012887222692370415,
      0.00013213418424129486,
      0.00012874696403741837,
      0.00012883590534329414,
      0.0001279008574783802,
      0.00012820493429899216,
      0.00010394956916570663,
      0.00010385317727923393,
      0.00012887176126241684,
      0.0001342971809208393,
      0.00012929178774356842,
      0.00010473513975739479,
      0.00012862170115113258,
      0.00010495772585272789,
      0.00010333489626646042,
      0.00010277796536684036,
      0.00010985322296619415,
      0.00012896070256829262,
      0.00012765312567353249,
      0.00010370137169957161,
      0.00010519195348024368,
      0.00010339124128222466,
      0.00010371115058660507,
      0.00010356400161981583,
      0.00011005997657775879,
      0.000128856860101223,
      0.00012751901522278786,
      0.00010443432256579399,
      0.00012845313176512718,
      0.00012890063226222992,
      0.00010364316403865814,
      0.00010368600487709045,
      0.0001478581689298153,
      0.0001361793838441372,
      0.00013055792078375816,
      0.00012859096750617027,
      0.00010448461398482323,
      0.00010382011532783508,
      0.00012937001883983612,
      0.00010849721729755402,
      0.00012847315520048141,
      0.0001282142475247383,
      0.0001281113363802433,
      0.00010318169370293617,
      0.00012812623754143715,
      0.00010441616177558899,
      0.00010430393740534782,
      0.00013952422887086868,
      0.00010538380593061447,
      0.00010479893535375595,
      0.00012852298095822334,
      0.00010440219193696976,
      0.00012778537347912788,
      0.0001272270455956459,
      0.00010895403102040291,
      0.00012925919145345688
    ],
    [
      0.00014260690659284592,
      0.00014695292338728905,
      0.00013499800115823746,
      0.00014673825353384018,
      0.000135163776576519,
      0.00013383431360125542,
      0.00013379985466599464,
      0.00013378914445638657,
      0.00012788595631718636,
      0.00013001728802919388,
      0.00012900307774543762,
      0.00013056164607405663,
      0.00012845033779740334,
      0.00012969598174095154,
      0.00012749386951327324,
      0.00013709021732211113,
      0.0001267869956791401,
      0.00012704497203230858,
      0.0001275511458516121,
      0.0001303860917687416,
      0.00012974394485354424,
      0.00012683914974331856,
      0.0001281299628317356,
      0.00013129226863384247,
      0.00012955814599990845,
      0.0001272931694984436,
      0.00012845592573285103,
      0.00012975838035345078,
      0.00012664217501878738,
      0.00013038190081715584,
      0.0001307348720729351,
      0.00013041077181696892,
      0.00012687314301729202,
      0.00012831995263695717,
      0.00012908736243844032,
      0.00012872181832790375,
      0.00012928061187267303,
      0.00012972485274076462,
      0.00012883730232715607,
      0.0001290859654545784,
      0.00012798700481653214,
      0.00012802425771951675,
      0.00012869806960225105,
      0.00013000285252928734,
      0.00012693088501691818,
      0.0001265951432287693,
      0.0001269732601940632,
      0.00012816069647669792,
      0.00012746499851346016,
      0.00012795813381671906,
      0.00013019097968935966,
      0.0001298859715461731,
      0.00012714462354779243,
      0.0001330873928964138,
      0.00012690480798482895,
      0.00013093184679746628,
      0.00012776115909218788,
      0.0001307162456214428,
      0.0001308610662817955,
      0.00013019796460866928,
      0.0001336471177637577,
      0.00012876885011792183,
      0.0001270710490643978,
      0.00012867525219917297,
      0.00012990180402994156,
      0.00013043265789747238,
      0.00012955116108059883,
      0.0001300130970776081,
      0.00013095606118440628,
      0.00012888573110103607,
      0.0001266198232769966,
      0.00013083219528198242,
      0.00012731412425637245,
      0.00012921402230858803,
      0.00013060634955763817,
      0.00012973882257938385,
      0.000140440184623003,
      0.00013032928109169006,
      0.00012749386951327324,
      0.00012840982526540756,
      0.0001294356770813465,
      0.00013071298599243164,
      0.00012833485379815102,
      0.0001295437105000019,
      0.0001269192434847355,
      0.000127370934933424,
      0.00012715207412838936,
      0.00013052113354206085,
      0.0001260889694094658,
      0.00012928294017910957,
      0.00012977421283721924,
      0.00013405922800302505,
      0.000129729975014925,
      0.0001289770007133484,
      0.00012654811143875122,
      0.000129608903080225,
      0.00012807082384824753,
      0.00012792879715561867,
      0.00013322895392775536,
      0.00012863567098975182
    ],
    [
      0.00014973198994994164,
      0.00013730907812714577,
      0.00013122893869876862,
      0.0001392657868564129,
      0.00014009512960910797,
      0.0001388699747622013,
      0.0001353919506072998,
      0.00013250485062599182,
      0.00012931227684020996,
      0.00010302383452653885,
      0.00012837396934628487,
      0.00010291207581758499,
      0.0001276121474802494,
      0.00012622494250535965,
      0.0001261131837964058,
      0.00010861782357096672,
      0.000125776045024395,
      0.00012668920680880547,
      0.00012662773951888084,
      0.00010212510824203491,
      0.00010294094681739807,
      0.00012576999142766,
      0.00010587787255644798,
      0.00010243384167551994,
      0.00010287901386618614,
      0.00012593204155564308,
      0.00010207900777459145,
      0.00010100472718477249,
      0.0001266063190996647,
      0.00010138144716620445,
      0.00013345712795853615,
      0.00010231416672468185,
      0.00012597301974892616,
      0.00012654531747102737,
      0.00010260799899697304,
      0.0001018238253891468,
      0.00010140193626284599,
      0.0001272270455956459,
      0.00012863799929618835,
      0.00010196398943662643,
      0.00012727826833724976,
      0.00012540491297841072,
      0.00010211300104856491,
      0.00010179216042160988,
      0.0001267879270017147,
      0.0001287073828279972,
      0.0001258128322660923,
      0.00012621982023119926,
      0.0001265648752450943,
      0.00012578396126627922,
      0.000102293211966753,
      0.0001019500195980072,
