{
  "mpi_implementation": "openmpi",
  "operation": "allreduce",
  "num_ranks": 4,
  "tensor_shape": {
    "batch": 8,
    "seq_len": 1,
    "hidden_dim": 2048
  },
  "num_elements": 16384,
  "tensor_size_bytes": 32768,
  "tensor_size_mb": 0.03125,
  "dtype": "bfloat16",
  "dtype_note": "Generated as bf16, converted to fp32 for MPI, size reported as bf16",
  "warmup_iterations": 10,
  "measurement_iterations": 100,
  "timing_method": "time.perf_counter()",
  "timings": [
    [
      9.293714538216591e-05,
      9.339628741145134e-05,
      9.278999641537666e-05,
      9.305588901042938e-05,
      9.335903450846672e-05,
      9.174179285764694e-05,
      9.0824905782938e-05,
      8.986983448266983e-05,
      9.105587378144264e-05,
      9.3845184892416e-05,
      9.48081724345684e-05,
      8.981674909591675e-05,
      9.022559970617294e-05,
      8.996808901429176e-05,
      9.306101128458977e-05,
      8.957227692008018e-05,
      9.423680603504181e-05,
      8.900603279471397e-05,
      8.973898366093636e-05,
      9.075412526726723e-05,
      9.366590529680252e-05,
      9.015388786792755e-05,
      9.141676127910614e-05,
      9.10591334104538e-05,
      9.447801858186722e-05,
      9.034387767314911e-05,
      8.969474583864212e-05,
      8.845003321766853e-05,
      9.428896009922028e-05,
      9.064795449376106e-05,
      9.302888065576553e-05,
      9.283330291509628e-05,
      9.04640182852745e-05,
      8.744793012738228e-05,
      9.166775271296501e-05,
      8.810125291347504e-05,
      9.283237159252167e-05,
      8.997693657875061e-05,
      9.100930765271187e-05,
      9.168684482574463e-05,
      9.348522871732712e-05,
      9.142095223069191e-05,
      8.558016270399094e-05,
      8.795689791440964e-05,
      9.298184886574745e-05,
      8.572125807404518e-05,
      9.628990665078163e-05,
      8.923327550292015e-05,
      9.462470188736916e-05,
      9.358720853924751e-05,
      9.172409772872925e-05,
      9.040907025337219e-05,
      9.694276377558708e-05,
      8.873920887708664e-05,
      8.806586265563965e-05,
      9.175576269626617e-05,
      9.186100214719772e-05,
      8.596107363700867e-05,
      9.723100811243057e-05,
      8.732732385396957e-05,
      9.246217086911201e-05,
      8.724909275770187e-05,
      9.083421900868416e-05,
      9.886082261800766e-05,
      8.72989185154438e-05,
      8.954526856541634e-05,
      9.345682337880135e-05,
      9.430898353457451e-05,
      9.103771299123764e-05,
      9.115180000662804e-05,
      9.413808584213257e-05,
      9.091012179851532e-05,
      9.246077388525009e-05,
      9.221211075782776e-05,
      8.646305650472641e-05,
      8.763466030359268e-05,
      9.733857586979866e-05,
      9.060371667146683e-05,
      9.689386934041977e-05,
      9.229779243469238e-05,
      9.33697447180748e-05,
      8.918484672904015e-05,
      9.26177017390728e-05,
      8.91820527613163e-05,
      9.599700570106506e-05,
      8.925376459956169e-05,
      9.400816634297371e-05,
      9.106006473302841e-05,
      9.435368701815605e-05,
      9.076297283172607e-05,
      9.054597467184067e-05,
      8.74917022883892e-05,
      8.473498746752739e-05,
      9.251665323972702e-05,
      9.04398038983345e-05,
      8.889706805348396e-05,
      8.545303717255592e-05,
      9.149685502052307e-05,
      9.796209633350372e-05,
      8.971896022558212e-05
    ],
    [
      9.17147845029831e-05,
      8.892687037587166e-05,
      8.739344775676727e-05,
      9.007984772324562e-05,
      8.994201198220253e-05,
      8.910894393920898e-05,
      8.458923548460007e-05,
      8.699111640453339e-05,
      8.822791278362274e-05,
      8.590007200837135e-05,
      9.406823664903641e-05,
      8.401786908507347e-05,
      8.918158710002899e-05,
      8.744467049837112e-05,
      8.64323228597641e-05,
      8.518528193235397e-05,
      9.335298091173172e-05,
      8.105160668492317e-05,
      8.807843551039696e-05,
      8.554011583328247e-05,
      8.881837129592896e-05,
      8.381297811865807e-05,
      8.808588609099388e-05,
      8.60476866364479e-05,
      9.335391223430634e-05,
      8.750800043344498e-05,
      8.846400305628777e-05,
      8.604861795902252e-05,
      9.13604162633419e-05,
      8.862186223268509e-05,
      9.197508916258812e-05,
      9.0758316218853e-05,
      8.186325430870056e-05,
      8.465908467769623e-05,
      8.746795356273651e-05,
      8.341390639543533e-05,
      9.010313078761101e-05,
      8.536502718925476e-05,
      8.74791294336319e-05,
      8.933804929256439e-05,
      9.015388786792755e-05,
      8.646165952086449e-05,
      8.100178092718124e-05,
      8.410774171352386e-05,
      9.068986400961876e-05,
      7.683970034122467e-05,
      9.02349129319191e-05,
      8.487794548273087e-05,
      9.195506572723389e-05,
      9.1558787971735e-05,
      8.89892689883709e-05,
      8.78162682056427e-05,
      9.132875129580498e-05,
      8.628098294138908e-05,
      8.436990901827812e-05,
      8.767005056142807e-05,
      9.026797488331795e-05,
      7.916660979390144e-05,
      9.562168270349503e-05,
      8.337525650858879e-05,
      9.16849821805954e-05,
      8.106790482997894e-05,
      8.801789954304695e-05,
      9.704194962978363e-05,
      8.510379120707512e-05,
      8.408213034272194e-05,
      8.980883285403252e-05,
      9.19201411306858e-05,
      8.645094931125641e-05,
      8.890219032764435e-05,
      9.217532351613045e-05,
      8.492963388562202e-05,
      9.048404172062874e-05,
      9.010219946503639e-05,
      8.275685831904411e-05,
      8.52770172059536e-05,
      9.357091039419174e-05,
      8.824095129966736e-05,
      9.119417518377304e-05,
      8.929194882512093e-05,
      8.396012708544731e-05,
      8.394476026296616e-05,
      9.139906615018845e-05,
      8.692406117916107e-05,
      9.300420060753822e-05,
      8.654827252030373e-05,
      9.264610707759857e-05,
      8.9266337454319e-05,
      9.323284029960632e-05,
      8.798204362392426e-05,
      8.59391875565052e-05,
      8.52709636092186e-05,
      7.905811071395874e-05,
      9.040115401148796e-05,
      8.555687963962555e-05,
      8.595269173383713e-05,
      8.318014442920685e-05,
      8.289096876978874e-05,
      9.595463052392006e-05,
      8.70521180331707e-05
    ],
    [
      9.11378301680088e-05,
      9.087473154067993e-05,
      8.808309212327003e-05,
      9.03732143342495e-05,
      9.153410792350769e-05,
      8.954713121056557e-05,
      8.939206600189209e-05,
      8.68719071149826e-05,
      8.979486301541328e-05,
      9.130407124757767e-05,
      9.319931268692017e-05,
      8.754711598157883e-05,
      8.737808093428612e-05,
      8.71908850967884e-05,
      9.220791980624199e-05,
      8.755503222346306e-05,
      9.098323062062263e-05,
      8.66129994392395e-05,
      8.849194273352623e-05,
      8.850172162055969e-05,
      9.252503514289856e-05,
      8.751172572374344e-05,
      9.023118764162064e-05,
      8.841697126626968e-05,
      9.289011359214783e-05,
      8.700694888830185e-05,
      8.641509339213371e-05,
      8.468935266137123e-05,
      9.332504123449326e-05,
      8.789077401161194e-05,
      9.173573926091194e-05,
      8.849892765283585e-05,
      8.889101445674896e-05,
      8.059479296207428e-05,
      9.001698344945908e-05,
      8.526910096406937e-05,
      9.150616824626923e-05,
      8.722906932234764e-05,
      8.96090641617775e-05,
      8.681695908308029e-05,
      9.25157219171524e-05,
      8.869403973221779e-05,
      8.314521983265877e-05,
      8.55540856719017e-05,
      8.57100822031498e-05,
      8.360622450709343e-05,
      9.34358686208725e-05,
      8.6913350969553e-05,
      8.549215272068977e-05,
      9.109685197472572e-05,
      8.956016972661018e-05,
      8.823396638035774e-05,
      9.558815509080887e-05,
      8.671311661601067e-05,
      8.700881153345108e-05,
      8.92900861799717e-05,
      9.088916704058647e-05,
      8.345302194356918e-05,
      9.587500244379044e-05,
      8.521229028701782e-05,
