{
  "mpi_implementation": "openmpi",
  "operation": "allgather",
  "num_ranks": 4,
  "tensor_shape": {
    "batch": 1,
    "seq_len": 1,
    "hidden_dim": 4096
  },
  "num_elements": 4096,
  "tensor_size_bytes": 8192,
  "tensor_size_mb": 0.0078125,
  "dtype": "bfloat16",
  "dtype_note": "Generated as bf16, converted to fp32 for MPI, size reported as bf16",
  "warmup_iterations": 10,
  "measurement_iterations": 100,
  "timing_method": "time.perf_counter()",
  "timings": [
    [
      3.370968624949455e-05,
      4.072114825248718e-05,
      4.0656886994838715e-05,
      3.608502447605133e-05,
      3.926688805222511e-05,
      3.8990285247564316e-05,
      3.9983075112104416e-05,
      3.532273694872856e-05,
      3.936002030968666e-05,
      3.825221210718155e-05,
      3.9845239371061325e-05,
      3.583123907446861e-05,
      3.9758626371622086e-05,
      3.92119400203228e-05,
      3.935396671295166e-05,
      3.5013072192668915e-05,
      4.436774179339409e-05,
      3.7808436900377274e-05,
      3.942009061574936e-05,
      3.4735072404146194e-05,
      3.9516016840934753e-05,
      4.000263288617134e-05,
      3.8141850382089615e-05,
      3.4949276596307755e-05,
      3.997189924120903e-05,
      3.863265737891197e-05,
      3.925478085875511e-05,
      3.978703171014786e-05,
      3.7732068449258804e-05,
      3.807712346315384e-05,
      3.907177597284317e-05,
      3.4757889807224274e-05,
      3.812462091445923e-05,
      3.99160198867321e-05,
      3.815116360783577e-05,
      3.4193042665719986e-05,
      3.959285095334053e-05,
      3.788340836763382e-05,
      3.90736386179924e-05,
      3.932509571313858e-05,
      4.118867218494415e-05,
      3.648502752184868e-05,
      4.0411949157714844e-05,
      3.4356024116277695e-05,
      3.896886482834816e-05,
      3.7946272641420364e-05,
      3.870902583003044e-05,
      3.438163548707962e-05,
      3.9233826100826263e-05,
      3.869226202368736e-05,
      3.835512325167656e-05,
      3.4708064049482346e-05,
      4.02950681746006e-05,
      3.798678517341614e-05,
      3.955978900194168e-05,
      3.414414823055267e-05,
      4.047714173793793e-05,
      3.828061744570732e-05,
      3.843894228339195e-05,
      3.442307934165001e-05,
      4.023080691695213e-05,
      3.6144163459539413e-05,
      3.94526869058609e-05,
      3.727199509739876e-05,
      3.697536885738373e-05,
      3.9200298488140106e-05,
      3.7773046642541885e-05,
      3.514578565955162e-05,
      3.457395359873772e-05,
      3.7181656807661057e-05,
      3.854278475046158e-05,
      3.423821181058884e-05,
      4.0458980947732925e-05,
      3.928132355213165e-05,
      3.841612488031387e-05,
      3.4570228308439255e-05,
      3.92901711165905e-05,
      3.830390051007271e-05,
      4.00240533053875e-05,
      3.464706242084503e-05,
      3.9534177631139755e-05,
      3.912812098860741e-05,
      3.810320049524307e-05,
      3.4314580261707306e-05,
      4.068668931722641e-05,
      3.8729049265384674e-05,
      4.475703462958336e-05,
      3.8463156670331955e-05,
      3.6611221730709076e-05,
      3.718305379152298e-05,
      3.911089152097702e-05,
      3.503309562802315e-05,
      3.965012729167938e-05,
      4.010414704680443e-05,
      3.803987056016922e-05,
      3.4051015973091125e-05,
      4.1081104427576065e-05,
      3.791274502873421e-05,
      3.869738429784775e-05,
      3.385217860341072e-05
    ],
    [
      4.116911441087723e-05,
      3.865780308842659e-05,
      4.275701940059662e-05,
      3.985874354839325e-05,
      4.24971804022789e-05,
      3.886595368385315e-05,
      4.504295065999031e-05,
      4.1025225073099136e-05,
      4.2273662984371185e-05,
      3.998260945081711e-05,
      4.321197047829628e-05,
      4.20999713242054e-05,
      4.302198067307472e-05,
      4.2242929339408875e-05,
      4.158215597271919e-05,
      4.072161391377449e-05,
      4.05777245759964e-05,
      3.769528120756149e-05,
      4.383409395813942e-05,
      4.1117891669273376e-05,
      4.123011603951454e-05,
      4.2522791773080826e-05,
      4.104571416974068e-05,
      4.259776324033737e-05,
      4.1224993765354156e-05,
      3.8634054362773895e-05,
      4.416005685925484e-05,
      3.9800070226192474e-05,
      4.346901550889015e-05,
      3.944477066397667e-05,
      4.440080374479294e-05,
      4.124687984585762e-05,
      4.297308623790741e-05,
      3.9597973227500916e-05,
      4.436774179339409e-05,
      3.963802009820938e-05,
      4.374701529741287e-05,
      3.859028220176697e-05,
      4.4242944568395615e-05,
      4.597799852490425e-05,
      4.16790135204792e-05,
      4.0531158447265625e-05,
      4.27919439971447e-05,
      4.100799560546875e-05,
      4.162034019827843e-05,
      3.7954188883304596e-05,
      4.342617467045784e-05,
      4.177400842308998e-05,
      4.0269456803798676e-05,
      4.06741164624691e-05,
      4.352722316980362e-05,
      4.12939116358757e-05,
      4.266807809472084e-05,
      4.036771133542061e-05,
      4.377635195851326e-05,
      4.179961979389191e-05,
      4.2197760194540024e-05,
      4.0335580706596375e-05,
      4.238169640302658e-05,
      4.049297422170639e-05,
      4.370696842670441e-05,
      3.981729969382286e-05,
      4.469463601708412e-05,
      4.1389837861061096e-05,
      4.1783787310123444e-05,
      3.930600360035896e-05,
      4.5217107981443405e-05,
      3.936607390642166e-05,
      3.5324133932590485e-05,
      4.1964929550886154e-05,
      4.192115738987923e-05,
      3.813114017248154e-05,
      4.2182859033346176e-05,
      4.195189103484154e-05,
      4.453584551811218e-05,
      3.961287438869476e-05,
      3.985408693552017e-05,
      4.0310900658369064e-05,
      4.5454129576683044e-05,
      3.875512629747391e-05,
      3.978190943598747e-05,
      4.0770042687654495e-05,
      4.2309053242206573e-05,
      4.15104441344738e-05,
      4.404596984386444e-05,
      4.0016137063503265e-05,
      4.982808604836464e-05,
      4.079798236489296e-05,
      4.254421219229698e-05,
      4.110485315322876e-05,
      4.1670165956020355e-05,
      3.868108615279198e-05,
      4.345690831542015e-05,
      4.0255021303892136e-05,
      4.551280289888382e-05,
      3.9573293179273605e-05,
      4.308018833398819e-05,
      4.1454099118709564e-05,
      4.157889634370804e-05,
      4.2525120079517365e-05
    ],
    [
      3.3556018024683e-05,
      4.068901762366295e-05,
      3.8675032556056976e-05,
      3.5046134144067764e-05,
      3.7738122045993805e-05,
      3.72142530977726e-05,
      3.9353035390377045e-05,
      3.479979932308197e-05,
      3.868294879794121e-05,
      3.824802115559578e-05,
      3.894418478012085e-05,
      3.511691465973854e-05,
      3.833789378404617e-05,
      3.830110654234886e-05,
      3.949599340558052e-05,
      3.41879203915596e-05,
      3.728410229086876e-05,
      3.73409129679203e-05,
      3.8230326026678085e-05,
      3.384239971637726e-05,
      3.7029851227998734e-05,
      3.894185647368431e-05,
      3.698887303471565e-05,
      3.42661514878273e-05,
      3.729667514562607e-05,
      3.751087933778763e-05,
      3.860006108880043e-05,
      3.865594044327736e-05,
      3.737630322575569e-05,
      3.799004480242729e-05,
      3.838399425148964e-05,
      3.2918062061071396e-05,
      3.6185141652822495e-05,
      3.94769012928009e-05,
      3.7363264709711075e-05,
      3.411620855331421e-05,
      3.7428922951221466e-05,
      3.763660788536072e-05,
      3.8424041122198105e-05,
      3.753975033760071e-05,
      3.948621451854706e-05,
      3.6454759538173676e-05,
      4.0121376514434814e-05,
      3.400072455406189e-05,
      3.70219349861145e-05,
      3.7949997931718826e-05,
      3.90373170375824e-05,
      3.390619531273842e-05,
      3.6907847970724106e-05,
      3.8533005863428116e-05,
      3.782100975513458e-05,
      3.4179072827100754e-05,
      3.664800897240639e-05,
      3.7774909287691116e-05,
      3.8471072912216187e-05,
      3.361515700817108e-05,
