{
  "mpi_implementation": "openmpi",
  "operation": "broadcast",
  "num_ranks": 4,
  "tensor_shape": {
    "batch": 1,
    "seq_len": 4096,
    "hidden_dim": 2048
  },
  "num_elements": 8388608,
  "tensor_size_bytes": 16777216,
  "tensor_size_mb": 16.0,
  "dtype": "bfloat16",
  "dtype_note": "Generated as bf16, converted to fp32 for MPI, size reported as bf16",
  "warmup_iterations": 10,
  "measurement_iterations": 100,
  "timing_method": "time.perf_counter()",
  "timings": [
    [
      0.005938967689871788,
      0.0032904241234064102,
      0.0031950101256370544,
      0.0031443359330296516,
      0.0031243041157722473,
      0.0031050462275743484,
      0.0031078429892659187,
      0.0030994112603366375,
      0.0030904640443623066,
      0.0030995821580290794,
      0.003083392046391964,
      0.003094339743256569,
      0.0030882488936185837,
      0.0030827182345092297,
      0.0030884048901498318,
      0.003076713066548109,
      0.003083552233874798,
      0.003083871677517891,
      0.0030768830329179764,
      0.003081242088228464,
      0.003072732128202915,
      0.0030668778344988823,
      0.003067829180508852,
      0.003076468128710985,
      0.0030702389776706696,
      0.003072542604058981,
      0.003075342159718275,
      0.0030726389959454536,
      0.00307089788839221,
      0.003068104386329651,
      0.0030778469517827034,
      0.003080054186284542,
      0.003073696047067642,
      0.003084623720496893,
      0.003083012066781521,
      0.003086268436163664,
      0.003072999883443117,
      0.0030761579982936382,
      0.0030799112282693386,
      0.0030711437575519085,
      0.0030772341415286064,
      0.0030862130224704742,
      0.0030811610631644726,
      0.0030821599066257477,
      0.0030790972523391247,
      0.0030881832353770733,
      0.0030883452855050564,
      0.0030860058031976223,
      0.003084286116063595,
      0.003077387809753418,
      0.0030784416012465954,
      0.0031258617527782917,
      0.0031115678139030933,
      0.0031084930524230003,
      0.0030977148562669754,
      0.0030930018983781338,
      0.003092831000685692,
      0.0030915727838873863,
      0.0030919485725462437,
      0.003097448032349348,
      0.0030844747088849545,
      0.0030944659374654293,
      0.0030840300023555756,
      0.003080381080508232,
      0.003081419039517641,
      0.0030864919535815716,
      0.0030845534056425095,
      0.003085303120315075,
      0.0030923611484467983,
      0.0030935248360037804,
      0.003099716268479824,
      0.0030903401784598827,
      0.0030909390188753605,
      0.0030942000448703766,
      0.0030869259499013424,
      0.0030934629030525684,
      0.0031503839418292046,
      0.003098555374890566,
      0.003095265943557024,
      0.0031241588294506073,
      0.0031073740683496,
      0.00311835203319788,
      0.003108622971922159,
      0.0031047556549310684,
      0.003094945102930069,
      0.003085887059569359,
      0.0030892728827893734,
      0.0030955499969422817,
      0.0030885175801813602,
      0.003087625838816166,
      0.00309435511007905,
      0.0030914447270333767,
      0.003091402817517519,
      0.003083640243858099,
      0.003091139253228903,
      0.00309023167937994,
      0.0030929693020880222,
      0.0030886619351804256,
      0.0030823969282209873,
      0.003087547142058611
    ],
    [
      0.011940955650061369,
      0.006570212077349424,
      0.006330808158963919,
      0.00618596700951457,
      0.006112329661846161,
      0.006060380954295397,
      0.006049023009836674,
      0.006017985753715038,
      0.005980520974844694,
      0.005980252288281918,
      0.005950785242021084,
      0.005964420270174742,
      0.0059700291603803635,
      0.005925405770540237,
      0.005927743390202522,
      0.005892951041460037,
      0.005898543167859316,
      0.005898518953472376,
      0.005894368048757315,
      0.0058802212588489056,
      0.005866000894457102,
      0.005860315635800362,
      0.0058572180569171906,
      0.00586684001609683,
      0.005846091080456972,
      0.005859167315065861,
      0.005842847283929586,
      0.005839867051690817,
      0.0058327969163656235,
      0.005832004826515913,
      0.005829129833728075,
      0.00583222508430481,
      0.00581850903108716,
      0.005831554997712374,
      0.005829195957630873,
      0.005829568952322006,
      0.005812968127429485,
      0.005817087832838297,
      0.005812988616526127,
      0.005802509840577841,
      0.005808680783957243,
      0.005821633152663708,
      0.005802416242659092,
      0.005812621209770441,
      0.005805501714348793,
      0.005811538081616163,
      0.0058071608655154705,
      0.005810002330690622,
      0.005812759045511484,
      0.00579663272947073,
      0.005793233867734671,
      0.005864409264177084,
      0.005861465819180012,
      0.00584209430962801,
      0.005818616133183241,
      0.005811701063066721,
      0.0057993181981146336,
      0.0057954005897045135,
      0.005799390841275454,
      0.0058000339195132256,
      0.005791393108665943,
      0.0057965531013906,
      0.005788736045360565,
      0.00578146381303668,
      0.00577496737241745,
      0.0057803248055279255,
      0.005782242864370346,
      0.005787597969174385,
      0.005783904809504747,
      0.005787948612123728,
      0.005803256761282682,
      0.0057771410793066025,
      0.005791806150227785,
      0.005786031950265169,
      0.005777791142463684,
      0.005787882022559643,
      0.0058408379554748535,
      0.005789099261164665,
      0.005788292735815048,
      0.005842048209160566,
      0.005840320140123367,
      0.005821919068694115,
      0.00580876599997282,
      0.00579933961853385,
      0.0057815187610685825,
      0.005774796940386295,
      0.005778973922133446,
      0.005782480351626873,
      0.005771018099039793,
      0.005767399910837412,
      0.005780727136880159,
      0.00578049523755908,
      0.005769392009824514,
      0.0057646180503070354,
      0.005767571274191141,
      0.0057635181583464146,
      0.005759714171290398,
      0.005753620993345976,
      0.005752495024353266,
      0.005776739679276943
    ],
    [
      0.018196094781160355,
      0.01007193373516202,
      0.009749061893671751,
      0.009499951731413603,
      0.00937378779053688,
      0.009319932665675879,
      0.00929293129593134,
      0.00927797332406044,
      0.009196536149829626,
      0.009181892964988947,
      0.009146852884441614,
      0.009159224107861519,
      0.00919001130387187,
      0.0091131292283535,
      0.009103646036237478,
      0.009067007806152105,
      0.00905976165086031,
      0.009057609364390373,
      0.009053418412804604,
      0.009034625720232725,
      0.009007124230265617,
      0.009008431807160378,
      0.009008044842630625,
      0.009012716822326183,
      0.008982751984149218,
      0.009008863009512424,
      0.00898914085701108,
      0.008982063736766577,
      0.00897218706086278,
      0.008956713136285543,
      0.00895644910633564,
      0.008957734797149897,
      0.008942689746618271,
      0.00896762777119875,
      0.008954177610576153,
      0.0089595140889287,
      0.008934054989367723,
      0.00894943717867136,
      0.008938814047724009,
      0.008934440091252327,
      0.008930905256420374,
      0.008947263937443495,
      0.008925063069909811,
      0.008937392849475145,
      0.008927804883569479,
      0.00893040420487523,
      0.008928332012146711,
      0.00893878098577261,
      0.008930322248488665,
      0.008918531704694033,
      0.008910043630748987,
      0.009003118146210909,
      0.009015301242470741,
      0.008975751232355833,
      0.008952256757766008,
      0.008938957937061787,
      0.00891503319144249,
      0.00891007762402296,
      0.008915231097489595,
      0.008913544937968254,
      0.008892035111784935,
      0.008901639841496944,
      0.008897772990167141,
      0.008874508086591959,
      0.008876537904143333,
      0.008880545850843191,
