{
  "mpi_implementation": "openmpi",
  "operation": "broadcast",
  "num_ranks": 4,
  "tensor_shape": {
    "batch": 8,
    "seq_len": 2048,
    "hidden_dim": 2048
  },
  "num_elements": 33554432,
  "tensor_size_bytes": 67108864,
  "tensor_size_mb": 64.0,
  "dtype": "bfloat16",
  "dtype_note": "Generated as bf16, converted to fp32 for MPI, size reported as bf16",
  "warmup_iterations": 10,
  "measurement_iterations": 100,
  "timing_method": "time.perf_counter()",
  "timings": [
    [
      0.028345522936433554,
      0.018316531088203192,
      0.018128699157387018,
      0.01806516107171774,
      0.018024918157607317,
      0.01801977213472128,
      0.018004285637289286,
      0.017971775960177183,
      0.017942203674465418,
      0.017939224373549223,
      0.017935908865183592,
      0.017911880277097225,
      0.017902253195643425,
      0.017961534671485424,
      0.01796276494860649,
      0.01789724361151457,
      0.017880922183394432,
      0.017850595992058516,
      0.017842048779129982,
      0.017874564044177532,
      0.017823702190071344,
      0.017823740374296904,
      0.017845090944319963,
      0.01782285701483488,
      0.017814400605857372,
      0.017794624902307987,
      0.017814083956182003,
      0.01782693015411496,
      0.01781556336209178,
      0.01782820001244545,
      0.01780847879126668,
      0.017805958166718483,
      0.017793459817767143,
      0.017789798323065042,
      0.017787942197173834,
      0.017796268220990896,
      0.017801876179873943,
      0.017803980968892574,
      0.01785793900489807,
      0.017793475184589624,
      0.01777474069967866,
      0.017788718920201063,
      0.017766982316970825,
      0.01778108160942793,
      0.017766575794667006,
      0.017777138389647007,
      0.017776966094970703,
      0.017796588130295277,
      0.017784136813133955,
      0.01777498284354806,
      0.017774248030036688,
      0.017786331940442324,
      0.017824997194111347,
      0.017795531079173088,
      0.01776945497840643,
      0.01779586775228381,
      0.017780953086912632,
      0.017875736113637686,
      0.017785249277949333,
      0.017753183841705322,
      0.017774431966245174,
      0.017790724989026785,
      0.017777428962290287,
      0.01777028478682041,
      0.01776977116242051,
      0.01782211009413004,
      0.017767028883099556,
      0.017765753902494907,
      0.017774698324501514,
      0.017746861558407545,
      0.01777862384915352,
      0.017795512918382883,
      0.017797933891415596,
      0.017767575103789568,
      0.017768256831914186,
      0.01778604695573449,
      0.01776240486651659,
      0.017779812216758728,
      0.017774280160665512,
      0.017812211997807026,
      0.017784413881599903,
      0.017768026795238256,
      0.017735693138092756,
      0.017776990309357643,
      0.01795994397252798,
      0.017869715113192797,
      0.017820001114159822,
      0.017754849046468735,
      0.01777890184894204,
      0.017771554179489613,
      0.017841316759586334,
      0.017874552868306637,
      0.017853478901088238,
      0.017847931012511253,
      0.01777174323797226,
      0.01774049922823906,
      0.017861888278275728,
      0.017747180070728064,
      0.017737580928951502,
      0.017753442749381065
    ],
    [
      0.055270060896873474,
      0.03536039683967829,
      0.034919070079922676,
      0.03475892497226596,
      0.03466697409749031,
      0.03463491005823016,
      0.03457961464300752,
      0.03451281180605292,
      0.034445698373019695,
      0.034428664948791265,
      0.03439027909189463,
      0.03437870182096958,
      0.03437248803675175,
      0.03451526304706931,
      0.03448943793773651,
      0.034358836244791746,
      0.03432731609791517,
      0.03429438406601548,
      0.034268131013959646,
      0.034301626961678267,
      0.0342328161932528,
      0.034248902928084135,
      0.034253536723554134,
      0.03419216861948371,
      0.03419847507029772,
      0.034174416679888964,
      0.03418915392830968,
      0.0341962780803442,
      0.034169057849794626,
      0.034225220791995525,
      0.03419033717364073,
      0.03415937814861536,
      0.03414481319487095,
      0.03414304321631789,
      0.034116140101104975,
      0.03414019709452987,
      0.03415533900260925,
      0.03418317483738065,
      0.03421608917415142,
      0.03414367139339447,
      0.034117299132049084,
      0.03411896713078022,
      0.034098110161721706,
      0.03411552915349603,
      0.034093004651367664,
      0.03410686319693923,
      0.03411255031824112,
      0.03412941796705127,
      0.03413257887586951,
      0.03410563198849559,
      0.03410396119579673,
      0.03412359207868576,
      0.03417109977453947,
      0.034104589838534594,
      0.0340932859107852,
      0.034100600983947515,
      0.03410350903868675,
      0.034178714733570814,
      0.0341016435995698,
      0.034054181072860956,
      0.03407795075327158,
      0.034111490938812494,
      0.03407168481498957,
      0.034083998296409845,
      0.03408004716038704,
      0.03416892560198903,
      0.0341108376160264,
      0.034062220714986324,
      0.03408954106271267,
      0.034042193088680506,
      0.03408970916643739,
      0.03411799483001232,
      0.03410081984475255,
      0.03408082202076912,
      0.03407801780849695,
      0.03408505208790302,
      0.03406472271308303,
      0.03412088518962264,
      0.034068566747009754,
      0.034145580139011145,
      0.03410129528492689,
      0.034062706865370274,
      0.03404206968843937,
      0.03413744689896703,
      0.03443085541948676,
      0.034280940890312195,
      0.034180100075900555,
      0.03409810271114111,
      0.03413327084854245,
      0.034080464858561754,
      0.03433069586753845,
      0.03430192591622472,
      0.034257147926837206,
      0.03419549809768796,
      0.0340986019000411,
      0.03406794182956219,
      0.034163441974669695,
      0.034074532333761454,
      0.034039069432765245,
      0.0342013300396502
    ],
    [
      0.08284506062045693,
      0.05235001631081104,
      0.05194065719842911,
      0.05180532392114401,
      0.051723002921789885,
      0.05181905720382929,
      0.05172800179570913,
      0.05167826497927308,
      0.051607852801680565,
      0.05161739606410265,
      0.05157925561070442,
      0.051572777796536684,
      0.051616794895380735,
      0.05186296300962567,
      0.05182343488559127,
      0.05168188223615289,
      0.051647794898599386,
      0.05158596113324165,
      0.051558288279920816,
      0.05162399681285024,
      0.051531797740608454,
      0.05160592216998339,
      0.05159229692071676,
      0.0514927520416677,
      0.05153533071279526,
      0.05148901231586933,
      0.0515104872174561,
      0.0515205399133265,
      0.05148796131834388,
      0.05159598495811224,
      0.05155305610969663,
      0.051523517817258835,
      0.05150290485471487,
      0.05150253791362047,
      0.051475235261023045,
      0.051479488145560026,
      0.05151515360921621,
      0.05153986718505621,
      0.051573102828115225,
      0.051508654840290546,
      0.051492094062268734,
      0.051471078768372536,
      0.05144904740154743,
      0.05145767889916897,
      0.05146360117942095,
      0.05147296003997326,
      0.05148582020774484,
      0.05147401196882129,
      0.05147755518555641,
      0.05148282693699002,
      0.05151759600266814,
      0.05154319806024432,
      0.05159640684723854,
      0.051503400318324566,
      0.051465601194649935,
      0.051472384948283434,
      0.05146170128136873,
      0.05158238159492612,
      0.05145438713952899,
      0.05143732810392976,
      0.05143627384677529,
      0.0514875678345561,
      0.05142275104299188,
      0.05146540887653828,
      0.05144474236294627,
      0.051565421279519796,
      0.051484869327396154,
      0.05144569789990783,
      0.05147755425423384,
      0.051428898237645626,
      0.05149125820025802,
      0.05150551116093993,
