{
  "mpi_implementation": "openmpi",
  "operation": "broadcast",
  "num_ranks": 4,
  "tensor_shape": {
    "batch": 8,
    "seq_len": 2048,
    "hidden_dim": 4096
  },
  "num_elements": 67108864,
  "tensor_size_bytes": 134217728,
  "tensor_size_mb": 128.0,
  "dtype": "bfloat16",
  "dtype_note": "Generated as bf16, converted to fp32 for MPI, size reported as bf16",
  "warmup_iterations": 10,
  "measurement_iterations": 100,
  "timing_method": "time.perf_counter()",
  "timings": [
    [
      0.05705419881269336,
      0.038186632096767426,
      0.038026823196560144,
      0.038038456812500954,
      0.03804534114897251,
      0.03796226670965552,
      0.03792967787012458,
      0.03795283706858754,
      0.0379159334115684,
      0.037848774809390306,
      0.03784858621656895,
      0.03783597098663449,
      0.03783117514103651,
      0.037808196153491735,
      0.03776169614866376,
      0.037807924672961235,
      0.037951153703033924,
      0.037765732035040855,
      0.037666331976652145,
      0.03764466289430857,
      0.03767758421599865,
      0.03762849606573582,
      0.03758016927167773,
      0.03759222896769643,
      0.03761397302150726,
      0.03763614362105727,
      0.03764004819095135,
      0.03755033714696765,
      0.037567611783742905,
      0.03756805695593357,
      0.037525414023548365,
      0.03749559028074145,
      0.03749741381034255,
      0.037527876906096935,
      0.037509695161134005,
      0.037517691031098366,
      0.03752414230257273,
      0.037520499899983406,
      0.037492383271455765,
      0.03751561976969242,
      0.03747739875689149,
      0.03762698080390692,
      0.03752223402261734,
      0.03749480098485947,
      0.03754322184249759,
      0.03750655008479953,
      0.037522629369050264,
      0.037528364919126034,
      0.037488271947950125,
      0.03746241796761751,
      0.03752373484894633,
      0.03746023401618004,
      0.03747549885883927,
      0.03747975826263428,
      0.037575141061097383,
      0.037539827171713114,
      0.03753951983526349,
      0.03784751100465655,
      0.03786848299205303,
      0.037597957998514175,
      0.037406283896416426,
      0.03733950620517135,
      0.03736612480133772,
      0.0373388659209013,
      0.037342281080782413,
      0.03734099119901657,
      0.037338933907449245,
      0.03731811884790659,
      0.03732647420838475,
      0.037282605189830065,
      0.03727708198130131,
      0.03726510610431433,
      0.03727936698123813,
      0.037307682912796736,
      0.037323358934372663,
      0.03730701794847846,
      0.0372949312441051,
      0.03732726816087961,
      0.03729663696140051,
      0.037314855959266424,
      0.03724299976602197,
      0.03728122776374221,
      0.03728632163256407,
      0.03772080363705754,
      0.037415392231196165,
      0.03723629377782345,
      0.037151078693568707,
      0.03716446598991752,
      0.03711844887584448,
      0.037151618860661983,
      0.037130330223590136,
      0.03710014000535011,
      0.03712763777002692,
      0.037091017700731754,
      0.03711099177598953,
      0.03714878484606743,
      0.037101919297128916,
      0.037096817046403885,
      0.03706647967919707,
      0.03708823677152395
    ],
    [
      0.1126600899733603,
      0.07504135696217418,
      0.0745316818356514,
      0.074413294903934,
      0.07436520420014858,
      0.07419159589335322,
      0.07411237992346287,
      0.07414283603429794,
      0.07403382705524564,
      0.07393357111141086,
      0.07386942254379392,
      0.07383638713508844,
      0.0738199120387435,
      0.07379552628844976,
      0.07372930366545916,
      0.07375845406204462,
      0.07407861109822989,
      0.07374507701024413,
      0.07357445172965527,
      0.07351141609251499,
      0.07354550203308463,
      0.0734774749726057,
      0.07340733893215656,
      0.07341142697259784,
      0.07338558882474899,
      0.07354206498712301,
      0.07342986622825265,
      0.07330083893612027,
      0.07335257809609175,
      0.07328924722969532,
      0.07324434304609895,
      0.07321839220821857,
      0.07321044011041522,
      0.0732228890992701,
      0.07320654205977917,
      0.07321436377242208,
      0.0732075129635632,
      0.07321375282481313,
      0.07316915784031153,
      0.0731925810687244,
      0.07316143997013569,
      0.07335683098062873,
      0.07318167109042406,
      0.07315221289172769,
      0.07321893097832799,
      0.07318402174860239,
      0.0731675592251122,
      0.07319205394014716,
      0.07312736799940467,
      0.07313172984868288,
      0.07315593771636486,
      0.0730763329192996,
      0.0731499451212585,
      0.07315310090780258,
      0.0732328318990767,
      0.07316761696711183,
      0.07351268408820033,
      0.07376830419525504,
      0.07382053788751364,
      0.0733710159547627,
      0.07308568805456161,
      0.07296872464939952,
      0.07296080980449915,
      0.07293668482452631,
      0.07290037395432591,
      0.07286882493644953,
      0.07288279198110104,
      0.07283466681838036,
      0.07288337405771017,
      0.07281776890158653,
      0.0727876927703619,
      0.07277558604255319,
      0.07278577098622918,
      0.07278295326977968,
      0.07285663578659296,
      0.07281666900962591,
      0.07279384881258011,
      0.07283970806747675,
      0.07278470927849412,
      0.07292754296213388,
      0.07276991475373507,
      0.07284103706479073,
      0.07290554605424404,
      0.07379791233688593,
      0.07320084003731608,
      0.07286536507308483,
      0.0727159851230681,
      0.07272996474057436,
      0.0726684289984405,
      0.07265379838645458,
      0.07264343369752169,
      0.07261178782209754,
      0.0726480190642178,
      0.07258959673345089,
      0.07260223291814327,
      0.07263609627261758,
      0.07254997035488486,
      0.07256185542792082,
      0.07258049119263887,
      0.07269106525927782
    ],
    [
      0.1687048370949924,
      0.1103741698898375,
      0.10971610574051738,
      0.10961128817871213,
      0.10965439165011048,
      0.10950274206697941,
      0.10944176279008389,
      0.1095544951967895,
      0.10941761592403054,
      0.1093307239934802,
      0.10923244338482618,
      0.1092615406960249,
      0.10925880400463939,
      0.10922354320064187,
      0.10925571294501424,
      0.1093508442863822,
      0.10993320029228926,
      0.10946128005161881,
      0.10924608819186687,
      0.10916229523718357,
      0.10914894798770547,
      0.10914116492494941,
      0.10910833301022649,
      0.10905853193253279,
      0.10907722404226661,
      0.10934566799551249,
      0.1091622388921678,
      0.10905305109918118,
      0.10910302121192217,
      0.1090700002387166,
      0.10894017294049263,
      0.10892662592232227,
      0.10892671393230557,
      0.10893218405544758,
      0.1089781760238111,
      0.10895955609157681,
      0.10896849166601896,
      0.10896029602736235,
      0.10895462008193135,
      0.10888427123427391,
      0.10888533107936382,
      0.1091867471113801,
      0.10894379019737244,
      0.10897480510175228,
      0.10902770608663559,
      0.10900399880483747,
      0.10892608482390642,
      0.10895937774330378,
      0.10891411313787103,
      0.10891235992312431,
      0.10893540596589446,
      0.1088339351117611,
      0.10890484601259232,
      0.10907052783295512,
      0.1091402592137456,
      0.10899953870102763,
      0.10995059367269278,
      0.11021211370825768,
      0.11027786415070295,
      0.10963147692382336,
      0.10920949187129736,
      0.10905873263254762,
      0.10904667200520635,
      0.10896216100081801,
      0.10893743811175227,
      0.10888772923499346,
      0.10889734607189894,
      0.10887276334688067,
      0.10893703624606133,
      0.10883121844381094,
      0.10884124413132668,
      0.10876589920371771,
      0.10878988029435277,
      0.10879122791811824,
      0.10887554893270135,
      0.10884599201381207,
      0.10881285881623626,
