{
  "mpi_implementation": "openmpi",
  "operation": "allreduce",
  "num_ranks": 4,
  "tensor_shape": {
    "batch": 1,
    "seq_len": 4096,
    "hidden_dim": 4096
  },
  "num_elements": 16777216,
  "tensor_size_bytes": 33554432,
  "tensor_size_mb": 32.0,
  "dtype": "bfloat16",
  "dtype_note": "Generated as bf16, converted to fp32 for MPI, size reported as bf16",
  "warmup_iterations": 10,
  "measurement_iterations": 100,
  "timing_method": "time.perf_counter()",
  "timings": [
    [
      0.34599163196980953,
      0.34830805612728,
      0.3470575213432312,
      0.3478573919273913,
      0.34742221888154745,
      0.3476889501325786,
      0.34786142501980066,
      0.35499215591698885,
      0.34820527862757444,
      0.347847247030586,
      0.34773884899914265,
      0.34792322805151343,
      0.3484171265736222,
      0.3480592970736325,
      0.3482301626354456,
      0.34840273624286056,
      0.34914263198152184,
      0.3499652328900993,
      0.3494789400137961,
      0.34935122402384877,
      0.3480793940834701,
      0.35111335571855307,
      0.3485162188299,
      0.34891132172197104,
      0.34862501872703433,
      0.34807216096669436,
      0.3494577440433204,
      0.3495546649210155,
      0.3485324280336499,
      0.3486631838604808,
      0.34895571414381266,
      0.34990201983600855,
      0.3502360060811043,
      0.34876249823719263,
      0.3491378929466009,
      0.3493372336961329,
      0.34905904484912753,
      0.3509032749570906,
      0.34904980286955833,
      0.3495418531820178,
      0.34911036817356944,
      0.34916609432548285,
      0.3496809829957783,
      0.34923739917576313,
      0.34877127036452293,
      0.34968418488278985,
      0.34837677190080285,
      0.3485313570126891,
      0.34916527615860105,
      0.348330101929605,
      0.3490867461077869,
      0.348511986900121,
      0.3480426538735628,
      0.3491185768507421,
      0.3485778057947755,
      0.3489981582388282,
      0.34886481473222375,
      0.3482692511752248,
      0.3504360755905509,
      0.3489892929792404,
      0.3492229408584535,
      0.3485872447490692,
      0.3485068208537996,
      0.34965278021991253,
      0.3495486229658127,
      0.3492385349236429,
      0.34857061598449945,
      0.3492811769247055,
      0.3487814078107476,
      0.34994980692863464,
      0.34989232011139393,
      0.34896921273320913,
      0.35124040907248855,
      0.3489979808218777,
      0.34899795381352305,
      0.35219770623371005,
      0.34812611201778054,
      0.34874344198033214,
      0.34899555472657084,
      0.3487608968280256,
      0.34850551513954997,
      0.3490226110443473,
      0.34845438599586487,
      0.3494956246577203,
      0.3487578588537872,
      0.348775418009609,
      0.3485969640314579,
      0.34902271535247564,
      0.34916742192581296,
      0.3486676416359842,
      0.34865284198895097,
      0.34837291575968266,
      0.3491307869553566,
      0.34941312577575445,
      0.3488887110725045,
      0.3497920660302043,
      0.3480360796675086,
      0.3491474441252649,
      0.35138171492144465,
      0.34837697027251124
    ],
    [
      0.36899365624412894,
      0.37149046920239925,
      0.369210887234658,
      0.3703754162415862,
      0.37011784594506025,
      0.3702148520387709,
      0.3700687210075557,
      0.37589910300448537,
      0.3706751149147749,
      0.3702615983784199,
      0.3695621336810291,
      0.370089597068727,
      0.37090182909742,
      0.3701687050051987,
      0.3700722958892584,
      0.3703992888331413,
      0.37145620211958885,
      0.37127738585695624,
      0.3698507398366928,
      0.37116841599345207,
      0.3706044228747487,
      0.37064928468316793,
      0.37109250389039516,
      0.37182145193219185,
      0.3713751561008394,
      0.3702815091237426,
      0.37227774411439896,
      0.3717140727676451,
      0.3713170560076833,
      0.37081942707300186,
      0.3716506720520556,
      0.3727633999660611,
      0.3729909509420395,
      0.37115778075531125,
      0.37203284492716193,
      0.37172856321558356,
      0.3721796809695661,
      0.37299052719026804,
      0.37164027290418744,
      0.37226111674681306,
      0.3717798553407192,
      0.37155903596431017,
      0.3721539741382003,
      0.37183143105357885,
      0.3715281276963651,
      0.3716886844485998,
      0.3711964273825288,
      0.3720169849693775,
      0.3713719821535051,
      0.37108563585206866,
      0.37140986416488886,
      0.3714381940662861,
      0.37120521860197186,
      0.3713598190806806,
      0.37155125522986054,
      0.37102067517116666,
      0.3720378731377423,
      0.3710628771223128,
      0.3727404512465,
      0.3717828360386193,
      0.3713741609826684,
      0.371408237144351,
      0.3714473359286785,
      0.3715760470367968,
      0.3727815099991858,
      0.37122734682634473,
      0.3714685430750251,
      0.37189983297139406,
      0.37184008210897446,
      0.37282451521605253,
      0.3716750708408654,
      0.37167041981592774,
      0.3717918670736253,
      0.3719292748719454,
      0.3719632560387254,
      0.37429676624014974,
      0.3714025658555329,
      0.3716481849551201,
      0.37114711198955774,
      0.371625036932528,
      0.37212115805596113,
      0.371916479896754,
      0.3715698281303048,
      0.37157047912478447,
      0.3716192408464849,
      0.37171260733157396,
      0.3717349153012037,
      0.37198360497131944,
      0.3712464878335595,
      0.37166549218818545,
      0.37158104171976447,
      0.370984666980803,
      0.3719726912677288,
      0.3722401997074485,
      0.371719597838819,
      0.3712172978557646,
      0.37082046177238226,
      0.3727445607073605,
      0.37325185677036643,
      0.3716799090616405
    ],
    [
      0.39168256102129817,
      0.39425545930862427,
      0.3925913400016725,
      0.393361940048635,
      0.39328465005382895,
      0.39344992581754923,
      0.39340232592076063,
      0.3993205688893795,
      0.39394489815458655,
      0.3935240050777793,
      0.39293165411800146,
      0.39329289086163044,
      0.39430287992581725,
      0.39362346194684505,
      0.3935712957754731,
      0.3937893118709326,
      0.39491700287908316,
      0.3944630487821996,
      0.39333167392760515,
      0.39422714710235596,
      0.3942183507606387,
      0.3940154733136296,
      0.39417417673394084,
      0.39423280116170645,
      0.39444234874099493,
      0.39355733525007963,
      0.39560878835618496,
      0.3945353841409087,
      0.39447315176948905,
      0.39414819702506065,
      0.3954304181970656,
      0.3956195283681154,
      0.3965381463058293,
      0.394504863768816,
      0.39533253107219934,
      0.394901717081666,
      0.39507312793284655,
      0.39595101308077574,
      0.3948921635746956,
      0.39517775923013687,
      0.3953112051822245,
      0.3946753665804863,
      0.3957440908998251,
      0.3947433941066265,
      0.39473397890105844,
      0.3948073429055512,
      0.3944655116647482,
      0.3951738756150007,
      0.39442938193678856,
      0.39417486311867833,
      0.39463060069829226,
      0.39426511991769075,
      0.39422456454485655,
      0.39450974483042955,
      0.3947206228040159,
      0.39409066596999764,
      0.3949135560542345,
      0.39399501075968146,
      0.3961239540949464,
      0.3945639031007886,
      0.39441610826179385,
      0.39433792512863874,
      0.3946398124098778,
      0.394517675973475,
      0.39561875304207206,
      0.39419779274612665,
      0.3944842261262238,
      0.3947442229837179,
      0.3951593218371272,
      0.3958091768436134,
      0.3947931220754981,
      0.39458988793194294,
      0.3947875681333244,
      0.3952295994386077,
      0.3948719771578908,
      0.3967909528873861,
      0.3943179748021066,
      0.3946455060504377,
      0.3946204809471965,
      0.39444769779220223,
      0.39527361700311303,
      0.3949334709905088,
      0.3946112100966275,
      0.3947094022296369,
