{
  "mpi_implementation": "openmpi",
  "operation": "allgather",
  "num_ranks": 4,
  "tensor_shape": {
    "batch": 1,
    "seq_len": 1,
    "hidden_dim": 2048
  },
  "num_elements": 2048,
  "tensor_size_bytes": 4096,
  "tensor_size_mb": 0.00390625,
  "dtype": "bfloat16",
  "dtype_note": "Generated as bf16, converted to fp32 for MPI, size reported as bf16",
  "warmup_iterations": 10,
  "measurement_iterations": 100,
  "timing_method": "time.perf_counter()",
  "timings": [
    [
      3.228103742003441e-05,
      3.089802339673042e-05,
      2.9799994081258774e-05,
      2.9736198484897614e-05,
      2.941768616437912e-05,
      3.349874168634415e-05,
      2.9060058295726776e-05,
      2.827215939760208e-05,
      2.8464943170547485e-05,
      2.792011946439743e-05,
      2.829683944582939e-05,
      2.7933157980442047e-05,
      2.8003938496112823e-05,
      2.814037725329399e-05,
      2.754293382167816e-05,
      2.7810223400592804e-05,
      2.8428155928850174e-05,
      2.812640741467476e-05,
      2.7668196707963943e-05,
      2.6948750019073486e-05,
      2.766866236925125e-05,
      2.7274247258901596e-05,
      2.8450042009353638e-05,
      2.8017908334732056e-05,
      2.8152018785476685e-05,
      2.8560403734445572e-05,
      2.817576751112938e-05,
      2.7068890631198883e-05,
      2.7445144951343536e-05,
      2.802908420562744e-05,
      2.7691014111042023e-05,
      3.486732020974159e-05,
      2.8294045478105545e-05,
      2.9198359698057175e-05,
      2.757180482149124e-05,
      2.759695053100586e-05,
      2.7542002499103546e-05,
      2.8286129236221313e-05,
      2.7556903660297394e-05,
      2.7759000658988953e-05,
      2.723000943660736e-05,
      2.7301721274852753e-05,
      2.7793925255537033e-05,
      2.8050970286130905e-05,
      2.7910806238651276e-05,
      2.7935951948165894e-05,
      2.847006544470787e-05,
      2.7202069759368896e-05,
      2.7203932404518127e-05,
      2.7447938919067383e-05,
      2.7188099920749664e-05,
      2.7165282517671585e-05,
      2.7403701096773148e-05,
      2.808310091495514e-05,
      2.741115167737007e-05,
      2.756575122475624e-05,
      2.752291038632393e-05,
      2.7182046324014664e-05,
      2.7962960302829742e-05,
      2.676481381058693e-05,
      2.7090776711702347e-05,
      2.7247704565525055e-05,
      2.687191590666771e-05,
      2.746935933828354e-05,
      2.7600210160017014e-05,
      3.3590011298656464e-05,
      3.3214688301086426e-05,
      2.82912515103817e-05,
      2.7679838240146637e-05,
      2.7159694582223892e-05,
      2.7413945645093918e-05,
      2.7283094823360443e-05,
      2.7209986001253128e-05,
      2.7300789952278137e-05,
      2.8022099286317825e-05,
      2.6591122150421143e-05,
      2.772687003016472e-05,
      2.743816003203392e-05,
      2.8104986995458603e-05,
      2.7276575565338135e-05,
      2.7762260288000107e-05,
      2.6745256036520004e-05,
      2.7146656066179276e-05,
      2.7163885533809662e-05,
      2.8196722269058228e-05,
      2.7553178369998932e-05,
      2.741767093539238e-05,
      2.7108006179332733e-05,
      2.6911962777376175e-05,
      2.6836059987545013e-05,
      2.750614657998085e-05,
      2.7177855372428894e-05,
      2.774316817522049e-05,
      2.750381827354431e-05,
      2.693990245461464e-05,
      2.7080997824668884e-05,
      2.702837809920311e-05,
      2.7043744921684265e-05,
      2.7676112949848175e-05,
      2.6499852538108826e-05
    ],
    [
      3.275880590081215e-05,
      3.056088462471962e-05,
      2.976600080728531e-05,
      2.8646085411310196e-05,
      2.786284312605858e-05,
      3.2986048609018326e-05,
      2.8403010219335556e-05,
      2.728961408138275e-05,
      2.7208123356103897e-05,
      2.6996247470378876e-05,
      2.719322219491005e-05,
      2.7455855160951614e-05,
      2.685096114873886e-05,
      2.7978327125310898e-05,
      2.649286761879921e-05,
      2.66428105533123e-05,
      2.7712900191545486e-05,
      2.8674956411123276e-05,
      2.6322901248931885e-05,
      2.6901252567768097e-05,
      2.7474015951156616e-05,
      2.643279731273651e-05,
      2.664513885974884e-05,
      2.6314053684473038e-05,
      2.733524888753891e-05,
      2.763792872428894e-05,
      2.7304980903863907e-05,
      2.6314985007047653e-05,
      2.7130357921123505e-05,
      2.7424655854701996e-05,
      2.7691014111042023e-05,
      3.113690763711929e-05,
      2.704281359910965e-05,
      2.9360875487327576e-05,
      2.6649795472621918e-05,
      2.6673078536987305e-05,
      2.7652829885482788e-05,
      2.7787871658802032e-05,
      2.7770642191171646e-05,
      2.6867259293794632e-05,
      2.6623252779245377e-05,
      2.5962945073843002e-05,
      2.6919879019260406e-05,
      2.7494970709085464e-05,
      2.679973840713501e-05,
      2.7231406420469284e-05,
      2.6998110115528107e-05,
      2.693384885787964e-05,
      2.6679597795009613e-05,
      2.6616733521223068e-05,
      2.6908237487077713e-05,
      2.711499109864235e-05,
      2.6508234441280365e-05,
      2.7441885322332382e-05,
      2.7318019419908524e-05,
      2.7605798095464706e-05,
      2.689473330974579e-05,
      2.6505906134843826e-05,
      2.6800669729709625e-05,
      2.6874244213104248e-05,
      2.6714988052845e-05,
      2.7560163289308548e-05,
      2.686772495508194e-05,
      2.607656642794609e-05,
      2.7434900403022766e-05,
      3.103725612163544e-05,
      3.2532960176467896e-05,
      3.0071940273046494e-05,
      2.799415960907936e-05,
      2.7161091566085815e-05,
      2.6592984795570374e-05,
      2.6273075491189957e-05,
      2.584792673587799e-05,
      2.7524307370185852e-05,
      2.735992893576622e-05,
      2.6436056941747665e-05,
      2.7209986001253128e-05,
      2.7106143534183502e-05,
      2.710428088903427e-05,
      2.6834197342395782e-05,
      2.6585999876260757e-05,
      2.6314053684473038e-05,
      2.6897992938756943e-05,
      2.7509871870279312e-05,
      2.7005095034837723e-05,
      2.6423949748277664e-05,
      2.7189962565898895e-05,
      2.6578549295663834e-05,
      2.6485882699489594e-05,
      2.665165811777115e-05,
      2.7338974177837372e-05,
      2.701999619603157e-05,
      2.8013717383146286e-05,
      2.664094790816307e-05,
      2.6653055101633072e-05,
      2.6905909180641174e-05,
      2.7123838663101196e-05,
      2.7068890631198883e-05,
      2.659764140844345e-05,
      2.6098918169736862e-05
    ],
    [
      3.083422780036926e-05,
      3.016972914338112e-05,
      3.0487310141324997e-05,
      2.777809277176857e-05,
      2.8395093977451324e-05,
      3.305496647953987e-05,
      2.8111040592193604e-05,
      2.664700150489807e-05,
      2.708612009882927e-05,
      2.8819777071475983e-05,
      2.7106143534183502e-05,
      2.664513885974884e-05,
      2.709031105041504e-05,
      2.725701779127121e-05,
      2.6888679713010788e-05,
      2.7080997824668884e-05,
      2.635456621646881e-05,
      2.708612009882927e-05,
      2.6679597795009613e-05,
      2.737203612923622e-05,
      2.6518013328313828e-05,
      2.72323377430439e-05,
      2.721371129155159e-05,
      2.6396941393613815e-05,
      2.698088064789772e-05,
      2.7170870453119278e-05,
      2.695200964808464e-05,
      2.598622813820839e-05,
      2.6883091777563095e-05,
      2.7349218726158142e-05,
      2.696225419640541e-05,
      2.9688235372304916e-05,
      2.7220696210861206e-05,
      2.8351321816444397e-05,
      2.7676112949848175e-05,
      2.7091708034276962e-05,
      2.698274329304695e-05,
      2.7097761631011963e-05,
      2.7166679501533508e-05,
      2.681231126189232e-05,
      2.692127600312233e-05,
      2.6058871299028397e-05,
      2.7101021260023117e-05,
      2.6043038815259933e-05,
      2.7697067707777023e-05,
      2.695806324481964e-05,
      2.6761088520288467e-05,
      2.6656780391931534e-05,
      2.6470981538295746e-05,
      2.5958754122257233e-05,
      2.643698826432228e-05,
      2.6137102395296097e-05,
