{
  "mpi_implementation": "openmpi",
  "operation": "allreduce",
  "num_ranks": 4,
  "tensor_shape": {
    "batch": 1,
    "seq_len": 2048,
    "hidden_dim": 2048
  },
  "num_elements": 4194304,
  "tensor_size_bytes": 8388608,
  "tensor_size_mb": 8.0,
  "dtype": "bfloat16",
  "dtype_note": "Generated as bf16, converted to fp32 for MPI, size reported as bf16",
  "warmup_iterations": 10,
  "measurement_iterations": 100,
  "timing_method": "time.perf_counter()",
  "timings": [
    [
      0.06380708981305361,
      0.05914828693494201,
      0.04938886407762766,
      0.0588494180701673,
      0.04895124910399318,
      0.05889285961166024,
      0.048981841653585434,
      0.05883606942370534,
      0.048868035431951284,
      0.05881217587739229,
      0.04893825901672244,
      0.05880896095186472,
      0.04897612985223532,
      0.05898378184065223,
      0.04886129219084978,
      0.05878443457186222,
      0.048919474240392447,
      0.058830684050917625,
      0.049037422984838486,
      0.060015309136360884,
      0.04972542403265834,
      0.05967402271926403,
      0.04975639283657074,
      0.05960071226581931,
      0.049767842050641775,
      0.05967749794945121,
      0.049769115168601274,
      0.059699033852666616,
      0.04982839711010456,
      0.05963772814720869,
      0.04975029407069087,
      0.059703283943235874,
      0.04998682579025626,
      0.05965021997690201,
      0.04973753495141864,
      0.05971918487921357,
      0.04965749429538846,
      0.05976276891306043,
      0.04984966525807977,
      0.059643385000526905,
      0.049659269861876965,
      0.05972147500142455,
      0.04970488790422678,
      0.059593343641608953,
      0.04972489830106497,
      0.059699207078665495,
      0.04993418790400028,
      0.059689118061214685,
      0.049944737926125526,
      0.05961650423705578,
      0.04969058511778712,
      0.05967777920886874,
      0.04980212403461337,
      0.05954146198928356,
      0.049836814403533936,
      0.05967166414484382,
      0.04979342129081488,
      0.05971497716382146,
      0.04978511482477188,
      0.05970287788659334,
      0.04974952572956681,
      0.059631302021443844,
      0.049772416707128286,
      0.059661034028977156,
      0.04973822180181742,
      0.05959427775815129,
      0.04976405808702111,
      0.059618924744427204,
      0.04965367401018739,
      0.059680270962417126,
      0.04994754400104284,
      0.05963684292510152,
      0.0497215548530221,
      0.059821811970323324,
      0.0497614829801023,
      0.0596346789970994,
      0.04972981195896864,
      0.05979780573397875,
      0.049823781941086054,
      0.05975407687947154,
      0.049787655007094145,
      0.05958736129105091,
      0.04972959775477648,
      0.059601844754070044,
      0.04974829079583287,
      0.05964916991069913,
      0.04983626306056976,
      0.059687668923288584,
      0.04990812996402383,
      0.059753840789198875,
      0.049787899013608694,
      0.05969101842492819,
      0.04973633075132966,
      0.05882467422634363,
      0.04899706831201911,
      0.058877635281533,
      0.048899243120104074,
      0.05895774904638529,
      0.04904506215825677,
      0.05890822596848011
    ],
    [
      0.0737240700982511,
      0.06542914360761642,
      0.051740183029323816,
      0.06512259319424629,
      0.05141059076413512,
      0.06513479724526405,
      0.05137127637863159,
      0.06507452810183167,
      0.05129676079377532,
      0.06509795086458325,
      0.051350981928408146,
      0.0651083281263709,
      0.051440000999718904,
      0.06527777202427387,
      0.051309938076883554,
      0.06507874606177211,
      0.05134220002219081,
      0.06511939875781536,
      0.05153013160452247,
      0.06615168508142233,
      0.05199982784688473,
      0.06581347528845072,
      0.052058870904147625,
      0.06576490588486195,
      0.05205903621390462,
      0.06581329321488738,
      0.052045498974621296,
      0.06585949379950762,
      0.05210823565721512,
      0.0657733459956944,
      0.052021445240825415,
      0.06584350066259503,
      0.05227256380021572,
      0.0657765930518508,
      0.052027984987944365,
      0.06586378579959273,
      0.05195406125858426,
      0.06585828587412834,
      0.05213919887319207,
      0.06580608803778887,
      0.05194765189662576,
      0.06586479069665074,
      0.05199618311598897,
      0.06574376299977303,
      0.05201685195788741,
      0.06584228202700615,
      0.052255419082939625,
      0.06582997692748904,
      0.05223211273550987,
      0.0657860110513866,
      0.05198002001270652,
      0.06584601616486907,
      0.0520800999365747,
      0.06570127001032233,
      0.052091226913034916,
      0.0657891989685595,
      0.052050174213945866,
      0.06582516711205244,
      0.05207114899531007,
      0.06586235202848911,
      0.05205353815108538,
      0.0658033499494195,
      0.05204767035320401,
      0.06582251004874706,
      0.052029948215931654,
      0.06576547585427761,
      0.05201733764261007,
      0.06577952904626727,
      0.051962168887257576,
      0.0658426838926971,
      0.05223254859447479,
      0.06580220209434628,
      0.052031902596354485,
      0.06599020585417747,
      0.05206440016627312,
      0.06579259596765041,
      0.05202262615785003,
      0.0659583960659802,
      0.052117245737463236,
      0.06590796681120992,
      0.05206443089991808,
      0.065759242977947,
      0.05201949691399932,
      0.06575747719034553,
      0.05203932477161288,
      0.06580379605293274,
      0.05209708819165826,
      0.06579469190910459,
      0.05214403010904789,
      0.06587033718824387,
      0.05206686211749911,
      0.0658369823358953,
      0.052031371742486954,
      0.06514977058395743,
      0.05140670808032155,
      0.06516851671040058,
      0.0513544580899179,
      0.06526370299980044,
      0.05149985337629914,
      0.06521334499120712
    ],
    [
      0.07674772711470723,
      0.06838608998805285,
      0.05414424603804946,
      0.06793480599299073,
      0.053812092170119286,
      0.06795893795788288,
      0.053806912153959274,
      0.06789966113865376,
      0.05370954843237996,
      0.0679181357845664,
      0.05378877092152834,
      0.0679067000746727,
      0.05384588474407792,
      0.06809268612414598,
      0.05372900515794754,
      0.06788102816790342,
      0.05376333510503173,
      0.06793893687427044,
      0.05393666122108698,
      0.068929357919842,
      0.05442066118121147,
      0.06865436490625143,
      0.054480573162436485,
      0.06856194883584976,
      0.05447286693379283,
      0.06863177521154284,
      0.0544579466804862,
      0.06866733636707067,
      0.05451551917940378,
      0.06858894880861044,
      0.05444454215466976,
      0.06865807296708226,
      0.05468516098335385,
      0.06860399106517434,
      0.05444444017484784,
      0.06867944076657295,
      0.054361732210963964,
      0.06866229278966784,
      0.054565242026001215,
      0.06860081618651748,
      0.05436356319114566,
      0.0686911647208035,
      0.0544163528829813,
      0.06855060299858451,
      0.054438809864223,
      0.06866857828572392,
      0.05467768665403128,
      0.06865876913070679,
      0.054634292144328356,
      0.06857464974746108,
      0.054400066845119,
      0.06866655591875315,
      0.05449021002277732,
      0.06851651705801487,
      0.0551186129450798,
      0.06861135177314281,
      0.054453501012176275,
      0.06865876726806164,
      0.05449014622718096,
      0.06866435520350933,
      0.054453950840979815,
      0.06864061579108238,
      0.054456657730042934,
      0.06863536918535829,
      0.054431269876658916,
      0.06858860002830625,
      0.054425140377134085,
      0.06858715694397688,
      0.05436194408684969,
      0.06865310575813055,
      0.054949186742305756,
      0.06860410794615746,
      0.05444072186946869,
      0.06880044471472502,
      0.05447465321049094,
      0.06862624222412705,
