{
  "mpi_implementation": "openmpi",
  "operation": "broadcast",
  "num_ranks": 4,
  "tensor_shape": {
    "batch": 1,
    "seq_len": 1,
    "hidden_dim": 4096
  },
  "num_elements": 4096,
  "tensor_size_bytes": 8192,
  "tensor_size_mb": 0.0078125,
  "dtype": "bfloat16",
  "dtype_note": "Generated as bf16, converted to fp32 for MPI, size reported as bf16",
  "warmup_iterations": 10,
  "measurement_iterations": 100,
  "timing_method": "time.perf_counter()",
  "timings": [
    [
      7.267575711011887e-06,
      6.392132490873337e-06,
      6.322748959064484e-06,
      6.149988621473312e-06,
      5.892012268304825e-06,
      5.216337740421295e-06,
      6.143935024738312e-06,
      5.377922207117081e-06,
      6.122048944234848e-06,
      5.424022674560547e-06,
      5.150213837623596e-06,
      4.941131919622421e-06,
      5.245208740234375e-06,
      4.721805453300476e-06,
      5.4300762712955475e-06,
      4.676170647144318e-06,
      4.434958100318909e-06,
      5.723442882299423e-06,
      5.771871656179428e-06,
      6.157904863357544e-06,
      5.9409067034721375e-06,
      4.998873919248581e-06,
      4.854053258895874e-06,
      5.465000867843628e-06,
      5.791895091533661e-06,
      4.927162081003189e-06,
      5.562789738178253e-06,
      5.5460259318351746e-06,
      6.491784006357193e-06,
      4.574190825223923e-06,
      5.645211786031723e-06,
      4.827044904232025e-06,
      5.3299590945243835e-06,
      6.136950105428696e-06,
      5.681067705154419e-06,
      4.931353032588959e-06,
      4.8014335334300995e-06,
      4.530884325504303e-06,
      6.358139216899872e-06,
      5.2587129175662994e-06,
      6.011221557855606e-06,
      5.598179996013641e-06,
      4.989095032215118e-06,
      4.598870873451233e-06,
      5.1800161600112915e-06,
      5.4640695452690125e-06,
      6.304122507572174e-06,
      5.178619176149368e-06,
      6.227754056453705e-06,
      5.82495704293251e-06,
      5.563721060752869e-06,
      6.124377250671387e-06,
      4.827044904232025e-06,
      5.856156349182129e-06,
      5.534850060939789e-06,
      5.529262125492096e-06,
      5.234032869338989e-06,
      6.323214620351791e-06,
      6.058253347873688e-06,
      5.6158751249313354e-06,
      4.612840712070465e-06,
      5.9371814131736755e-06,
      6.20400533080101e-06,
      5.862675607204437e-06,
      5.325768142938614e-06,
      5.153939127922058e-06,
      6.0568563640117645e-06,
      5.648937076330185e-06,
      7.631722837686539e-06,
      6.28223642706871e-06,
      5.06499782204628e-06,
      5.274079740047455e-06,
      5.919020622968674e-06,
      5.387701094150543e-06,
      6.355810910463333e-06,
      5.526933819055557e-06,
      7.115304470062256e-06,
      6.011687219142914e-06,
      4.40375879406929e-06,
      5.701091140508652e-06,
      5.514826625585556e-06,
      5.241017788648605e-06,
      5.2158720791339874e-06,
      5.390960723161697e-06,
      6.211921572685242e-06,
      5.862675607204437e-06,
      6.395857781171799e-06,
      5.466863512992859e-06,
      5.526002496480942e-06,
      5.858950316905975e-06,
      5.024950951337814e-06,
      6.105750799179077e-06,
      5.3620897233486176e-06,
      5.634967237710953e-06,
      5.22984191775322e-06,
      5.544163286685944e-06,
      5.942769348621368e-06,
      6.615184247493744e-06,
      5.433801561594009e-06,
      6.083864718675613e-06
    ],
    [
      4.976987838745117e-06,
      4.475004971027374e-06,
      4.880130290985107e-06,
      4.746951162815094e-06,
      5.82914799451828e-06,
      3.368128091096878e-06,
      5.081295967102051e-06,
      3.5781413316726685e-06,
      3.7122517824172974e-06,
      3.0496157705783844e-06,
      3.638211637735367e-06,
      3.1837262213230133e-06,
      3.860797733068466e-06,
      3.295019268989563e-06,
      3.2889656722545624e-06,
      3.1120143830776215e-06,
      3.5120174288749695e-06,
      5.228910595178604e-06,
      4.942063242197037e-06,
      4.0316954255104065e-06,
      4.195142537355423e-06,
      3.138091415166855e-06,
      3.223773092031479e-06,
      3.4212134778499603e-06,
      4.041939973831177e-06,
      3.202352672815323e-06,
      3.6479905247688293e-06,
      3.43983992934227e-06,
      5.674548447132111e-06,
      3.3550895750522614e-06,
      4.027970135211945e-06,
      3.255903720855713e-06,
      3.5921111702919006e-06,
      4.157889634370804e-06,
      4.098750650882721e-06,
      3.1632371246814728e-06,
      3.0850060284137726e-06,
      3.0654482543468475e-06,
      5.1227398216724396e-06,
      3.786291927099228e-06,
      5.511101335287094e-06,
      4.093628376722336e-06,
      3.519933670759201e-06,
      3.3061951398849487e-06,
      3.8477592170238495e-06,
      4.2566098272800446e-06,
      5.2871182560920715e-06,
      4.089903086423874e-06,
      5.33275306224823e-06,
      3.31830233335495e-06,
      4.0959566831588745e-06,
      5.049165338277817e-06,
      3.1739473342895508e-06,
      4.612840712070465e-06,
      4.677101969718933e-06,
      4.459172487258911e-06,
      3.6619603633880615e-06,
      4.250090569257736e-06,
      4.297122359275818e-06,
      4.427973181009293e-06,
      3.1352974474430084e-06,
      4.0191225707530975e-06,
      5.260109901428223e-06,
      4.520174115896225e-06,
      3.825407475233078e-06,
      3.095250576734543e-06,
      4.517845809459686e-06,
      4.395376890897751e-06,
      5.3727999329566956e-06,
      5.300156772136688e-06,
      3.4621916711330414e-06,
      3.5851262509822845e-06,
      4.4531188905239105e-06,
      3.1278468668460846e-06,
      4.588160663843155e-06,
      3.398861736059189e-06,
      6.491784006357193e-06,
      4.586763679981232e-06,
      3.121793270111084e-06,
      2.886168658733368e-06,
      3.26475128531456e-06,
      4.78280708193779e-06,
      4.058238118886948e-06,
      4.687812179327011e-06,
      5.083158612251282e-06,
      4.50480729341507e-06,
      5.505979061126709e-06,
      4.807021468877792e-06,
      4.1387975215911865e-06,
      3.68291512131691e-06,
      3.101769834756851e-06,
      4.976056516170502e-06,
      3.4067779779434204e-06,
      4.787929356098175e-06,
      3.06498259305954e-06,
      4.529021680355072e-06,
      4.14019450545311e-06,
      4.566274583339691e-06,
      4.620291292667389e-06,
      3.55718657374382e-06
    ],
    [
      6.370246410369873e-06,
      5.788635462522507e-06,
      5.484092980623245e-06,
      5.566980689764023e-06,
      4.3101608753204346e-06,
      4.4209882616996765e-06,
      5.824025720357895e-06,
      4.6193599700927734e-06,
      5.41098415851593e-06,
      4.725996404886246e-06,
      4.5192427933216095e-06,
      3.705732524394989e-06,
      4.940200597047806e-06,
      3.824010491371155e-06,
      4.6370550990104675e-06,
      3.807712346315384e-06,
      3.6158598959445953e-06,
      4.944857209920883e-06,
      4.071742296218872e-06,
      5.349982529878616e-06,
      5.139969289302826e-06,
      4.2030587792396545e-06,
      3.79001721739769e-06,
      4.62215393781662e-06,
      4.774890840053558e-06,
      3.972090780735016e-06,
      4.559755325317383e-06,
      5.153939127922058e-06,
      5.330424755811691e-06,
      3.931112587451935e-06,
      4.860106855630875e-06,
      3.977213054895401e-06,
      4.9211084842681885e-06,
      5.437992513179779e-06,
      4.780944436788559e-06,
      4.454050213098526e-06,
      4.031229764223099e-06,
      3.873370587825775e-06,
      5.365349352359772e-06,
      4.399102181196213e-06,
      4.4140033423900604e-06,
      5.123205482959747e-06,
      4.5318156480789185e-06,
      3.874301910400391e-06,
      4.407018423080444e-06,
      4.770234227180481e-06,
      5.526933819055557e-06,
      4.462897777557373e-06,
      5.1069073379039764e-06,
      5.125999450683594e-06,
      4.7800131142139435e-06,
      5.3620897233486176e-06,
      3.9120204746723175e-06,
      4.841946065425873e-06,
      4.365108907222748e-06,
      4.759058356285095e-06,
      4.827044904232025e-06,
