{
  "mpi_implementation": "openmpi",
  "operation": "allgather",
  "num_ranks": 4,
  "tensor_shape": {
    "batch": 1,
    "seq_len": 8192,
    "hidden_dim": 4096
  },
  "num_elements": 33554432,
  "tensor_size_bytes": 67108864,
  "tensor_size_mb": 64.0,
  "dtype": "bfloat16",
  "dtype_note": "Generated as bf16, converted to fp32 for MPI, size reported as bf16",
  "warmup_iterations": 10,
  "measurement_iterations": 100,
  "timing_method": "time.perf_counter()",
  "timings": [
    [
      0.6433556447736919,
      0.6832631481811404,
      0.6725249318405986,
      0.672567468136549,
      0.6736175930127501,
      0.6722456198185682,
      0.6731689400039613,
      0.6728762299753726,
      0.6722591551952064,
      0.6741023431532085,
      0.6757966494187713,
      0.6784013072028756,
      0.6719842730090022,
      0.6716946549713612,
      0.6706570722162724,
      0.6713488842360675,
      0.6736976667307317,
      0.6707492228597403,
      0.6748258280567825,
      0.6713487696833909,
      0.6661324892193079,
      0.6747339991852641,
      0.6710994737222791,
      0.672841418068856,
      0.6721587111242115,
      0.6739421430975199,
      0.6733798100613058,
      0.6731926118955016,
      0.6719590318389237,
      0.6730059119872749,
      0.6787888850085437,
      0.6791568426415324,
      0.6720390720292926,
      0.6729316553100944,
      0.6730331289581954,
      0.6719196112826467,
      0.6710004401393235,
      0.6746195210143924,
      0.671394360717386,
      0.6727468688040972,
      0.6722615789622068,
      0.671984473709017,
      0.6740035871043801,
      0.6717124017886817,
      0.6674160649999976,
      0.6744847651571035,
      0.6733861169777811,
      0.6708746696822345,
      0.6730320048518479,
      0.670455751940608,
      0.672338698990643,
      0.5687187383882701,
      0.6717911218293011,
      0.6765777911059558,
      0.6726519637741148,
      0.6724309911951423,
      0.6735709854401648,
      0.6716485652141273,
      0.6703029950149357,
      0.6699860007502139,
      0.6723785568028688,
      0.6788048739545047,
      0.6695112008601427,
      0.6689902599900961,
      0.6720886998809874,
      0.6701985420659184,
      0.6690778750926256,
      0.6714511788450181,
      0.670972554013133,
      0.6716532129794359,
      0.6736269304528832,
      0.6715651317499578,
      0.673566646873951,
      0.6736590471118689,
      0.671227699611336,
      0.670702317263931,
      0.674454181920737,
      0.6727989069186151,
      0.6720659881830215,
      0.6704508210532367,
      0.6724131219089031,
      0.6714924927800894,
      0.6725620389916003,
      0.6726708956994116,
      0.6740291337482631,
      0.6732225301675498,
      0.6718045440502465,
      0.6745078512467444,
      0.6726730512455106,
      0.6724856002256274,
      0.6774850920774043,
      0.6744884909130633,
      0.6728640072979033,
      0.6733859018422663,
      0.6734371846541762,
      0.6736220270395279,
      0.6712692878209054,
      0.6803053435869515,
      0.6753287026658654,
      0.6735261492431164
    ],
    [
      0.6422879020683467,
      0.6818538620136678,
      0.67109180893749,
      0.6709841941483319,
      0.6720913466997445,
      0.6713546090759337,
      0.6712443791329861,
      0.6712030819617212,
      0.6703838426619768,
      0.6724829557351768,
      0.6695725689642131,
      0.6758551970124245,
      0.6721804849803448,
      0.6704606045968831,
      0.6713447300717235,
      0.671176488045603,
      0.6735633760690689,
      0.6712707187980413,
      0.6749004158191383,
      0.6710461778566241,
      0.6719383019953966,
      0.6661672019399703,
      0.6707184696570039,
      0.6725186789408326,
      0.6708908970467746,
      0.6707723457366228,
      0.6717712352983654,
      0.6705535869114101,
      0.6716853519901633,
      0.6693032439798117,
      0.6751307109370828,
      0.6752219991758466,
      0.669782096054405,
      0.6707885479554534,
      0.6702903318218887,
      0.670564504340291,
      0.6687253681011498,
      0.6728506130166352,
      0.6703317100182176,
      0.671610597986728,
      0.6708575808443129,
      0.6708102952688932,
      0.6725290836766362,
      0.6695402478799224,
      0.6684913947246969,
      0.6724923602305353,
      0.6735928072594106,
      0.6767158186994493,
      0.6746814493089914,
      0.6704179719090462,
      0.6722424016334116,
      0.6539195771329105,
      0.6678707199171185,
      0.6721060951240361,
      0.6716425372287631,
      0.6711085718125105,
      0.6709684478119016,
      0.6697565331123769,
      0.6703889761120081,
      0.6696160710416734,
      0.6722812228836119,
      0.6787735060788691,
      0.6686076428741217,
      0.668848745059222,
      0.674131962005049,
      0.669757820200175,
      0.6694999081082642,
      0.6713242162950337,
      0.6697928300127387,
      0.6715093129314482,
      0.6736078048124909,
      0.6715357750654221,
      0.6735572987236083,
      0.6731857201084495,
      0.6710028750821948,
      0.6704432498663664,
      0.6746041369624436,
      0.6721818540245295,
      0.6719972030259669,
      0.6713754320517182,
      0.6723963641561568,
      0.6697490438818932,
      0.6723751523531973,
      0.6707693710923195,
      0.6705637914128602,
      0.672905364073813,
      0.6716652112081647,
      0.6727163400501013,
      0.6715597468428314,
      0.6717517105862498,
      0.6755929882638156,
      0.6733101191930473,
      0.6726513840258121,
      0.6732976119965315,
      0.6723469202406704,
      0.6729937018826604,
      0.6701315348036587,
      0.6763250967487693,
      0.6690667271614075,
      0.6722924499772489
    ],
    [
      0.6391470627859235,
      0.6779659991152585,
      0.6682635005563498,
      0.6691488563083112,
      0.6707726838067174,
      0.6697861291468143,
      0.6674060532823205,
      0.6687614256516099,
      0.669278449844569,
      0.6722901700995862,
      0.6682201400399208,
      0.6712173130363226,
      0.6713617811910808,
      0.666230948176235,
      0.6675041480921209,
      0.6673766681924462,
      0.6694089979864657,
      0.6695606582798064,
      0.6703870287165046,
      0.6671547400765121,
      0.6679225070402026,
      0.6650191941298544,
      0.6685799318365753,
      0.6680262321606278,
      0.6684577059932053,
      0.6696263398043811,
      0.6713211294263601,
      0.6665376112796366,
      0.6687995810061693,
      0.6654965281486511,
      0.6722033768892288,
      0.674158045090735,
      0.6681804498657584,
      0.6692697377875447,
      0.6690114899538457,
      0.6688829250633717,
      0.6659309729002416,
      0.6717702872119844,
      0.6683869869448245,
      0.671444620937109,
      0.6664151540026069,
      0.6679141698405147,
      0.6699444619007409,
      0.6675860178656876,
      0.666098119225353,
      0.6692347493954003,
      0.6664948440156877,
      0.6674121553078294,
      0.6725974441505969,
      0.665805796161294,
      0.6674460810609162,
      0.651487885043025,
      0.6653793402947485,
      0.6704495088197291,
      0.6683858931064606,
      0.6670597642660141,
      0.6677712490782142,
      0.6663177632726729,
      0.6684462619014084,
      0.6662700930610299,
      0.6684571821242571,
      0.6748225847259164,
      0.6658755969256163,
      0.6668324838392437,
      0.6721364487893879,
      0.6659795511513948,
      0.6671271710656583,
      0.6683308458887041,
      0.6654417510144413,
      0.6687934859655797,
      0.6688155839219689,
      0.6666089771315455,
      0.6684341952204704,
      0.6705247713252902,
      0.6669514966197312,
      0.6675929040648043,
      0.6702380548231304,
      0.6698264237493277,
      0.6671396140009165,
      0.6688327100127935,
      0.6698570847511292,
      0.6647064900025725,
      0.6679898020811379,
      0.6703825411386788,
      0.6686385399661958,
      0.6704044230282307,
      0.6676577432081103,
      0.6698931870050728,
      0.6708147469907999,
