{
  "mpi_implementation": "openmpi",
  "operation": "allgather",
  "num_ranks": 4,
  "tensor_shape": {
    "batch": 32,
    "seq_len": 1,
    "hidden_dim": 2048
  },
  "num_elements": 65536,
  "tensor_size_bytes": 131072,
  "tensor_size_mb": 0.125,
  "dtype": "bfloat16",
  "dtype_note": "Generated as bf16, converted to fp32 for MPI, size reported as bf16",
  "warmup_iterations": 10,
  "measurement_iterations": 100,
  "timing_method": "time.perf_counter()",
  "timings": [
    [
      0.0002414630725979805,
      0.0002792719751596451,
      0.0002234550192952156,
      0.0002722321078181267,
      0.00023647909983992577,
      0.00028247805312275887,
      0.00022271182388067245,
      0.0002729063853621483,
      0.00022126175463199615,
      0.0002725757658481598,
      0.0002219080924987793,
      0.0002694111317396164,
      0.00022046593949198723,
      0.00027177901938557625,
      0.0002208487130701542,
      0.0002709231339395046,
      0.0002772500738501549,
      0.00022027594968676567,
      0.0002706209197640419,
      0.00021882588043808937,
      0.0002758796326816082,
      0.0002184789627790451,
      0.0002715708687901497,
      0.00022032484412193298,
      0.0002779359929263592,
      0.00021973811089992523,
      0.00027064932510256767,
      0.00021320674568414688,
      0.0002832971513271332,
      0.0002188398502767086,
      0.0002715126611292362,
      0.00021889200434088707,
      0.0002808119170367718,
      0.0002210293896496296,
      0.00027114665135741234,
      0.00021892134100198746,
      0.0002769799903035164,
      0.0002197781577706337,
      0.0002708239480853081,
      0.00021283328533172607,
      0.000269448384642601,
      0.00021845707669854164,
      0.00027093710377812386,
      0.00027972133830189705,
      0.0002722339704632759,
      0.00022008176892995834,
      0.0002707722596824169,
      0.00023239990696310997,
      0.0002709520049393177,
      0.00022024894133210182,
      0.0002713659778237343,
      0.0002264450304210186,
      0.00027289101853966713,
      0.00021874159574508667,
      0.00027114013209939003,
      0.00022502010688185692,
      0.0002723238430917263,
      0.00021869316697120667,
      0.0002709287218749523,
      0.00023100199177861214,
      0.0002709096297621727,
      0.00021978514268994331,
      0.00027100415900349617,
      0.000229730736464262,
      0.0002714507281780243,
      0.00021837884560227394,
      0.0002711927518248558,
      0.00022607110440731049,
      0.0002723722718656063,
      0.00021223118528723717,
      0.0002696029841899872,
      0.00022205570712685585,
      0.00027204258367419243,
      0.00021920306608080864,
      0.0002708989195525646,
      0.00022697215899825096,
      0.0002719201147556305,
      0.0002196580171585083,
      0.00027071498334407806,
      0.00022884085774421692,
      0.00027176039293408394,
      0.00022008689120411873,
      0.00027162907645106316,
      0.00021807802841067314,
      0.00027030427008867264,
      0.00021775206550955772,
      0.0002716020680963993,
      0.00022377585992217064,
      0.000272135715931654,
      0.00021872995421290398,
      0.00027159228920936584,
      0.0002252599224448204,
      0.00027135806158185005,
      0.00021948199719190598,
      0.00027109403163194656,
      0.00022604316473007202,
      0.0002719499170780182,
      0.00021323608234524727,
      0.0002712360583245754,
      0.00027437321841716766
    ],
    [
      0.0002367282286286354,
      0.0002822037786245346,
      0.00022159330546855927,
      0.00027340417727828026,
      0.0002215229906141758,
      0.0002762051299214363,
      0.00022005988284945488,
      0.00027267588302493095,
      0.00026806117966771126,
      0.0002719038166105747,
      0.00021876581013202667,
      0.00027103209868073463,
      0.0002674800343811512,
      0.0002716509625315666,
      0.00021861866116523743,
      0.00027146702632308006,
      0.0002731727436184883,
      0.00021931109949946404,
      0.0002704598009586334,
      0.00021920260041952133,
      0.00027383584529161453,
      0.00021999096497893333,
      0.00026948191225528717,
      0.0002201399765908718,
      0.00027354806661605835,
      0.00022001191973686218,
      0.00027047470211982727,
      0.00026583485305309296,
      0.00027846405282616615,
      0.00022009015083312988,
      0.00027141300961375237,
      0.0002196100540459156,
      0.0002781050279736519,
      0.0002209814265370369,
      0.00027002906426787376,
      0.00021955883130431175,
      0.0002765650860965252,
      0.00021984009072184563,
      0.00026950519531965256,
      0.00026804301887750626,
      0.00026988983154296875,
      0.00021818187087774277,
      0.0002704118378460407,
      0.00021827872842550278,
      0.00027141720056533813,
      0.00021901633590459824,
      0.00026867911219596863,
      0.00022258982062339783,
      0.0002702372148633003,
      0.0002199169248342514,
      0.0002707713283598423,
      0.00022114114835858345,
      0.00027104606851935387,
      0.00021856185048818588,
      0.00027020135894417763,
      0.00022198865190148354,
      0.00027162814512848854,
      0.00022056279703974724,
      0.00026958761736750603,
      0.00022182008251547813,
      0.0002698390744626522,
      0.00021904287859797478,
      0.0002710046246647835,
      0.00022139912471175194,
      0.0002698102034628391,
      0.00021921144798398018,
      0.0002705720253288746,
      0.0002223239280283451,
      0.0002777990885078907,
      0.0002640611492097378,
      0.00026911497116088867,
      0.0002225758507847786,
      0.0002714642323553562,
      0.00022121425718069077,
      0.000269921962171793,
      0.00022213207557797432,
      0.0002715587615966797,
      0.0002200556918978691,
      0.0002699769102036953,
      0.00022217491641640663,
      0.0002712360583245754,
      0.0002195676788687706,
      0.0002727033570408821,
      0.00026733195409178734,
      0.0002686711959540844,
      0.00021913368254899979,
      0.0002717277966439724,
      0.00022255536168813705,
      0.0002712090499699116,
      0.00021941401064395905,
      0.0002719750627875328,
      0.00022138608619570732,
      0.00027180323377251625,
      0.00021965429186820984,
      0.0002708137035369873,
      0.0002213302068412304,
      0.00026973895728588104,
      0.00026683229953050613,
      0.00026931287720799446,
      0.0002746270038187504
    ],
    [
      0.00022864993661642075,
      0.00027378182858228683,
      0.0002151220105588436,
      0.000266385730355978,
      0.00021463492885231972,
      0.0002686218358576298,
      0.00021262001246213913,
      0.00026568397879600525,
      0.00026271864771842957,
      0.00026410818099975586,
      0.00021199975162744522,
      0.00026428839191794395,
      0.0002627689391374588,
      0.000264778733253479,
      0.0002119559794664383,
      0.0002635619603097439,
      0.00026742974296212196,
      0.0002123541198670864,
      0.0002648327499628067,
      0.00021177995949983597,
      0.0002670399844646454,
      0.00021351734176278114,
      0.0002635689452290535,
      0.0002134609967470169,
      0.0002666800282895565,
      0.00021280720829963684,
      0.0002647619694471359,
      0.00026060082018375397,
      0.00027268240228295326,
      0.000212955754250288,
      0.00026497291401028633,
      0.00021212082356214523,
      0.0002727978862822056,
      0.0002137371338903904,
      0.0002636844292283058,
      0.00021210499107837677,
      0.00027013011276721954,
      0.00021249474957585335,
      0.0002631368115544319,
      0.00026186369359493256,
      0.00026399455964565277,
      0.00021149590611457825,
      0.0002635689452290535,
      0.00021309824660420418,
      0.0002653859555721283,
      0.00021249009296298027,
      0.0002634050324559212,
      0.00021589500829577446,
      0.00026420503854751587,
      0.00021246587857604027,
      0.00026511168107390404,
      0.00021481281146407127,
      0.0002651768736541271,
