{
  "mpi_implementation": "openmpi",
  "operation": "broadcast",
  "num_ranks": 4,
  "tensor_shape": {
    "batch": 32,
    "seq_len": 8192,
    "hidden_dim": 4096
  },
  "num_elements": 1073741824,
  "tensor_size_bytes": 2147483648,
  "tensor_size_mb": 2048.0,
  "dtype": "bfloat16",
  "dtype_note": "Generated as bf16, converted to fp32 for MPI, size reported as bf16",
  "warmup_iterations": 10,
  "measurement_iterations": 100,
  "timing_method": "time.perf_counter()",
  "timings": [
    [
      0.91759292781353,
      0.6160918166860938,
      0.6153249880298972,
      0.6152238259091973,
      0.6149910520762205,
      0.6150189251638949,
      0.6150778257288039,
      0.6147616589441895,
      0.61503228219226,
      0.61450608773157,
      0.6146672898903489,
      0.6148697952739894,
      0.6142054470255971,
      0.6143480776809156,
      0.6140331728383899,
      0.6140114739537239,
      0.6140306629240513,
      0.6144011118449271,
      0.6141636781394482,
      0.6139905718155205,
      0.6138620730489492,
      0.613857647869736,
      0.6139463349245489,
      0.6143852528184652,
      0.6139644561335444,
      0.6142103206366301,
      0.6136695761233568,
      0.6137756942771375,
      0.6137308599427342,
      0.6136721610091627,
      0.6137048401869833,
      0.6141170267947018,
      0.6137646953575313,
      0.6137778330594301,
      0.6148875239305198,
      0.6141064302064478,
      0.6139051672071218,
      0.6136336228810251,
      0.6139502143487334,
      0.6135743441991508,
      0.6138347210362554,
      0.613698111847043,
      0.6134638679213822,
      0.6137182158418,
      0.6141336187720299,
      0.614250092767179,
      0.6133261909708381,
      0.6135771372355521,
      0.6133364862762392,
      0.6133709759451449,
      0.6138781360350549,
      0.6133797368966043,
      0.6133099612779915,
      0.6133927963674068,
      0.6134569207206368,
      0.6137770060449839,
      0.6140495892614126,
      0.6135485959239304,
      0.6134770908392966,
      0.6132755191065371,
      0.613732029683888,
      0.6138321999460459,
      0.613626612816006,
      0.6134613431058824,
      0.6133899507112801,
      0.6137196617200971,
      0.6140607572160661,
      0.6138965133577585,
      0.6134357778355479,
      0.6136035621166229,
      0.6135486038401723,
      0.6135364468209445,
      0.6137438393197954,
      0.6132127987220883,
      0.6136134150438011,
      0.6134979943744838,
      0.6135734072886407,
      0.6145627303048968,
      0.6142737180925906,
      0.6135985818691552,
      0.6136355153284967,
      0.6136895590461791,
      0.6134559139609337,
      0.6139068049378693,
      0.6133423540741205,
      0.6133761680684984,
      0.6137812766246498,
      0.6134253670461476,
      0.6148009649477899,
      0.6137122488580644,
      0.6134146531112492,
      0.6134838727302849,
      0.6135154371149838,
      0.6133873667567968,
      0.6136264512315392,
      0.6142569617368281,
      0.6135823302902281,
      0.6133060227148235,
      0.6131988032720983,
      0.6151978271082044
    ],
    [
      1.8263729368336499,
      1.2257557571865618,
      1.224847231991589,
      1.22432910092175,
      1.2236224049702287,
      1.2237711269408464,
      1.22375831566751,
      1.2230362663976848,
      1.223359506111592,
      1.2223956841044128,
      1.2226138659752905,
      1.2240815609693527,
      1.22239801986143,
      1.222180897835642,
      1.2216344960033894,
      1.2214471171610057,
      1.2214896497316658,
      1.2218381660059094,
      1.2217316152527928,
      1.2212636759504676,
      1.2210512640886009,
      1.2210393347777426,
      1.2220881856046617,
      1.2222727960906923,
      1.2215486080385745,
      1.2214048188179731,
      1.2210352518595755,
      1.2211325448006392,
      1.2209389391355217,
      1.2207088093273342,
      1.220635618083179,
      1.2211197698488832,
      1.220897221006453,
      1.22230833908543,
      1.2230106866918504,
      1.2220713649876416,
      1.221576418261975,
      1.2211803430691361,
      1.2209567539393902,
      1.221000884193927,
      1.2214656709693372,
      1.2210503150708973,
      1.2206216808408499,
      1.2206935249269009,
      1.2228409117087722,
      1.2223335313610733,
      1.2211473849602044,
      1.2210768111981452,
      1.2209322899580002,
      1.220860097091645,
      1.2213731571100652,
      1.2206451408565044,
      1.2203283356502652,
      1.2204977599903941,
      1.2202666429802775,
      1.2225343990139663,
      1.2217785120010376,
      1.2213328671641648,
      1.2210568832233548,
      1.22070806985721,
      1.2209486160427332,
      1.2210378129966557,
      1.2208019900135696,
      1.2203396260738373,
      1.2207127180881798,
      1.2206736309453845,
      1.2227404369041324,
      1.221940342336893,
      1.2209090171381831,
      1.220945097040385,
      1.221200147178024,
      1.2206831914372742,
      1.2210465697571635,
      1.2206432279199362,
      1.2209332790225744,
      1.2207477679476142,
      1.2204085551202297,
      1.2228874652646482,
      1.22213169420138,
      1.2214460503309965,
      1.221021931618452,
      1.2212115130387247,
      1.221033489331603,
      1.2215731721371412,
      1.2205487960018218,
      1.2208051541820168,
      1.2209542808122933,
      1.2205243478529155,
      1.2230741209350526,
      1.2217319933697581,
      1.2208624430932105,
      1.2209067670628428,
      1.221036994829774,
      1.221350895240903,
      1.2208498432300985,
      1.2217147760093212,
      1.220873946789652,
      1.2205167571082711,
      1.2205475941300392,
      1.224794832058251
    ],
    [
      2.7356589739210904,
      1.8327599824406207,
      1.8314145333133638,
      1.831055629067123,
      1.8300820840522647,
      1.8302913159132004,
      1.8307770318351686,
      1.8297903188504279,
      1.830076807178557,
      1.8295295182615519,
      1.829642741009593,
      1.8324454240500927,
      1.8302011140622199,
      1.8302726508118212,
      1.829337968956679,
      1.8288874011486769,
      1.82890496077016,
      1.829160448629409,
      1.8291408699005842,
      1.8290136819705367,
      1.8284437279216945,
      1.8284330233000219,
      1.8306238898076117,
      1.830422654747963,
      1.829402823932469,
      1.8292536502704024,
      1.828631651122123,
      1.8285759505815804,
      1.828763673081994,
      1.8282923731021583,
      1.8283084826543927,
      1.8287335261702538,
      1.828425615094602,
      1.8312106183730066,
      1.8313714102841914,
      1.8302736477926373,
      1.8294694386422634,
      1.829207899980247,
      1.828668198082596,
      1.8290214352309704,
      1.8292960077524185,
      1.8287910390645266,
      1.8284715847112238,
      1.8285565190017223,
      1.8317283811047673,
      1.8310672300867736,
      1.8295025578700006,
      1.829198527149856,
      1.8289886177517474,
      1.8292402341030538,
      1.8291936861351132,
      1.8288700310513377,
      1.828307565767318,
      1.8285211930051446,
      1.8282134141772985,
      1.8313055150210857,
      1.8303176509216428,
      1.82980075199157,
      1.8291542087681592,
      1.8286449289880693,
      1.828788216225803,
      1.8289351919665933,
      1.8286893349140882,
      1.8281837492249906,
      1.8286404153332114,
      1.828536709304899,
      1.8314990382641554,
      1.830321337096393,
      1.8291554632596672,
      1.8288885043002665,
      1.8296487722545862,
      1.8288771621882915,
      1.8290661396458745,
      1.8289965651929379,
      1.8288968750275671,
      1.8285722248256207,
      1.8287363308481872,
      1.8320102370344102,
      1.8307940238155425,
      1.8299471330828965,
      1.8288420010358095,
      1.82960547786206,
      1.8293001418933272,
      1.829552757088095,
      1.828530843835324,
      1.8288231729529798,
      1.8293045847676694,
      1.828437294345349,
      1.8316755560226738,
      1.8304315572604537,
