{
  "mpi_implementation": "openmpi",
  "operation": "allreduce",
  "num_ranks": 4,
  "tensor_shape": {
    "batch": 8,
    "seq_len": 4096,
    "hidden_dim": 4096
  },
  "num_elements": 134217728,
  "tensor_size_bytes": 268435456,
  "tensor_size_mb": 256.0,
  "dtype": "bfloat16",
  "dtype_note": "Generated as bf16, converted to fp32 for MPI, size reported as bf16",
  "warmup_iterations": 10,
  "measurement_iterations": 100,
  "timing_method": "time.perf_counter()",
  "timings": [
    [
      2.823829643893987,
      2.8355073239654303,
      2.819390580058098,
      2.8339252630248666,
      2.829273018054664,
      2.840503757353872,
      2.8272965271025896,
      2.845899822190404,
      2.837198633234948,
      2.8473620330914855,
      2.83990623569116,
      2.8385078739374876,
      2.833642343059182,
      2.8451274670660496,
      2.85094721801579,
      2.8460241560824215,
      2.847450939938426,
      2.84382902411744,
      2.8504349691793323,
      2.8510043281130493,
      2.8583681569434702,
      2.84325583698228,
      2.8473916170187294,
      2.8576900395564735,
      2.8506534676998854,
      2.8527243733406067,
      2.8552355458959937,
      2.853854747954756,
      2.8502822192385793,
      2.8713478432036936,
      2.8543190201744437,
      2.860323106870055,
      2.852962762117386,
      2.8593941130675375,
      2.846342397853732,
      2.844150590710342,
      2.8590157320722938,
      2.8513370333239436,
      2.854522333946079,
      2.8547041388228536,
      2.859326438046992,
      2.847648347262293,
      2.8566856631077826,
      2.8569717458449304,
      2.847294061910361,
      2.866776599083096,
      2.852138224057853,
      2.849876063875854,
      2.859933244995773,
      2.85388395935297,
      2.8554342282004654,
      2.8599292431026697,
      2.8603873969987035,
      2.861342575866729,
      2.8565812497399747,
      2.8671351219527423,
      2.855975260026753,
      2.8544172579422593,
      2.8585835550911725,
      2.858663617167622,
      2.8539912779815495,
      2.8611746500246227,
      2.8597583756782115,
      2.85197676718235,
      2.852726409677416,
      2.84997619362548,
      2.859766270034015,
      2.8696585837751627,
      2.8615973847918212,
      2.859232636168599,
      2.864929231349379,
      2.864065923728049,
      2.8668022667989135,
      2.8582456479780376,
      2.862522279843688,
      2.865525492001325,
      2.8607908552512527,
      2.85925129102543,
      2.8602880057878792,
      2.856436972040683,
      2.8556972122751176,
      2.849924403708428,
      2.858150034211576,
      2.846274479292333,
      2.859323325101286,
      2.854263400658965,
      2.860474162735045,
      2.8480686228722334,
      2.856957240961492,
      2.855620163027197,
      2.858297348022461,
      2.856219935696572,
      2.8616900839842856,
      2.8540046270936728,
      2.864884363953024,
      2.8532904451712966,
      2.8671743641607463,
      2.8535468662157655,
      2.864976983051747,
      2.8619383997283876
    ],
    [
      3.0107552581466734,
      3.0136718000285327,
      3.002709439024329,
      3.020409053657204,
      3.013510695192963,
      3.0277638691477478,
      3.013687543105334,
      3.0300833196379244,
      3.022585171274841,
      3.0330237769521773,
      3.029318230226636,
      3.0281491479836404,
      3.023826230317354,
      3.0311707770451903,
      3.03949007531628,
      3.0317886266857386,
      3.033942449837923,
      3.0315060392022133,
      3.0364648937247694,
      3.039424906950444,
      3.044130119960755,
      3.0313807991333306,
      3.0352449319325387,
      3.0432219370268285,
      3.037666587624699,
      3.039990244898945,
      3.042225864250213,
      3.040773801971227,
      3.039037789683789,
      3.054813391994685,
      3.036883544176817,
      3.0477953660301864,
      3.041904811747372,
      3.046197888907045,
      3.0374542488716543,
      3.0322754262015224,
      3.0471381139941514,
      3.0287407259456813,
      3.0420970702543855,
      3.0439212368801236,
      3.049026283901185,
      3.0388549137860537,
      3.045681146904826,
      3.0462076286785305,
      3.0366460508666933,
      3.0548615884035826,
      3.048273259308189,
      3.0439168559387326,
      3.048050967976451,
      3.044600550085306,
      3.046712804120034,
      3.0480408500880003,
      3.0505998828448355,
      3.0515291350893676,
      3.0465883067809045,
      3.0567209227010608,
      3.0455436217598617,
      3.045737471897155,
      3.0514816786162555,
      3.048994867131114,
      3.0465016909874976,
      3.0506398151628673,
      3.052132770884782,
      3.042869859840721,
      3.0442760777659714,
      3.0415535061620176,
      3.054764895234257,
      3.0579663207754493,
      3.052916772197932,
      3.047235557343811,
      3.0500473738647997,
      3.0551215168088675,
      3.058529892936349,
      3.0521396826952696,
      3.0554799870587885,
      3.0574841387569904,
      3.0548649011179805,
      3.0497016101144254,
      3.0510505228303373,
      3.049413152039051,
      3.0486319391056895,
      3.040324310772121,
      3.0503937867470086,
      3.0383046162314713,
      3.052540821954608,
      3.0447149043902755,
      3.055178347043693,
      3.0403760988265276,
      3.0516218710690737,
      3.0445809038355947,
      3.051772991195321,
      3.0479198060929775,
      3.0565986107103527,
      3.045453421305865,
      3.0577617129310966,
      3.044128193985671,
      3.0609889151528478,
      3.0441126539371908,
      3.059731889050454,
      3.055418138857931
    ],
    [
      3.1941912937909365,
      3.194764922838658,
      3.1860191016457975,
      3.203584387898445,
      3.1999656041152775,
      3.209500754252076,
      3.1966133429668844,
      3.209650774952024,
      3.207321736961603,
      3.216349027119577,
      3.2154961712658405,
      3.2050438039004803,
      3.2028117920272052,
      3.213122587185353,
      3.2231665877625346,
      3.2172229858115315,
      3.2160382862202823,
      3.212634601164609,
      3.221235010307282,
      3.2236121017485857,
      3.224970731884241,
      3.209941850975156,
      3.2174130571074784,
      3.2237946363165975,
      3.222647557966411,
      3.2186593101359904,
      3.223725142888725,
      3.223323541227728,
      3.222404927946627,
      3.2353397281840444,
      3.2238099589012563,
      3.230999648105353,
      3.2256990657188,
      3.2265726584009826,
      3.215146452188492,
      3.2101089572533965,
      3.2288084509782493,
      3.209463900886476,
      3.223376356996596,
      3.2258014059625566,
      3.232630298938602,
      3.220857403706759,
      3.2249414823018014,
      3.2264511650428176,
      3.2169027058407664,
      3.2350325491279364,
      3.231140735093504,
      3.2234963681548834,
      3.230185257270932,
      3.2274994868785143,
      3.2294181482866406,
      3.2282900530844927,
      3.2319310791790485,
      3.2309556119143963,
      3.230170289054513,
      3.2373862331733108,
      3.225763548631221,
      3.230177799705416,
      3.236990970093757,
      3.228602468036115,
      3.2283260128460824,
      3.231514697894454,
      3.232406442053616,
      3.22300500003621,
      3.2260702792555094,
      3.222851088270545,
      3.235415507107973,
      3.2420219741761684,
      3.233555398415774,
      3.2284795329906046,
      3.236220702994615,
      3.2393406247720122,
      3.243072752840817,
      3.231509415898472,
      3.2379592512734234,
      3.2394961891695857,
      3.241461892146617,
      3.230620705988258,
      3.231421017087996,
      3.2326276642270386,
      3.2320970497094095,
      3.2200556551106274,
      3.2323060468770564,
      3.219012121204287,
      3.2351030157878995,
      3.226211542263627,
      3.2349385409615934,
      3.2194459619931877,
      3.2335329870693386,
      3.225024429615587,
      3.2333886339329183,
      3.228773529175669,
      3.240496567916125,
