{
  "mpi_implementation": "openmpi",
  "operation": "broadcast",
  "num_ranks": 4,
  "tensor_shape": {
    "batch": 32,
    "seq_len": 2048,
    "hidden_dim": 4096
  },
  "num_elements": 268435456,
  "tensor_size_bytes": 536870912,
  "tensor_size_mb": 512.0,
  "dtype": "bfloat16",
  "dtype_note": "Generated as bf16, converted to fp32 for MPI, size reported as bf16",
  "warmup_iterations": 10,
  "measurement_iterations": 100,
  "timing_method": "time.perf_counter()",
  "timings": [
    [
      0.22961188899353147,
      0.15422262996435165,
      0.15418212162330747,
      0.15405568573623896,
      0.15398165583610535,
      0.1540536368265748,
      0.1538842488080263,
      0.1538922917097807,
      0.15386277763172984,
      0.15386222768574953,
      0.15378854284062982,
      0.15378616796806455,
      0.1536423941142857,
      0.15359404822811484,
      0.15366395469754934,
      0.15338614722713828,
      0.1533215488307178,
      0.15326631302013993,
      0.15317297773435712,
      0.15326338494196534,
      0.1531552760861814,
      0.1532018487341702,
      0.15304889995604753,
      0.1530996197834611,
      0.15307804802432656,
      0.1530667059123516,
      0.15313360514119267,
      0.1530538620427251,
      0.15310796489939094,
      0.1529157138429582,
      0.15307865990325809,
      0.15355262998491526,
      0.15300231985747814,
      0.15285888221114874,
      0.15264372108504176,
      0.15269181691110134,
      0.1526005039922893,
      0.1525629390962422,
      0.15268928604200482,
      0.15250743506476283,
      0.1524484809488058,
      0.15265848441049457,
      0.152622960973531,
      0.15257044695317745,
      0.1526248068548739,
      0.15246646804735065,
      0.15250522922724485,
      0.15243978798389435,
      0.1524483454413712,
      0.15253251884132624,
      0.15250799199566245,
      0.15241844486445189,
      0.15247494913637638,
      0.15269652288407087,
      0.15259458171203732,
      0.15247834892943501,
      0.15260581485927105,
      0.15245633805170655,
      0.1524705421179533,
      0.1525462898425758,
      0.15241183526813984,
      0.15241361409425735,
      0.15253809420391917,
      0.15248455293476582,
      0.15258351666852832,
      0.15255307592451572,
      0.15253497380763292,
      0.15252810111269355,
      0.15245103184133768,
      0.15254984609782696,
      0.15256766695529222,
      0.15261444123461843,
      0.15237939124926925,
      0.1525196242146194,
      0.15238378196954727,
      0.15320823434740305,
      0.15271183103322983,
      0.15246725967153907,
      0.15234249224886298,
      0.15219955705106258,
      0.15222032787278295,
      0.15223224507644773,
      0.15226068114861846,
      0.15236496226862073,
      0.15238601388409734,
      0.1521909930743277,
      0.15224999794736505,
      0.1521047563292086,
      0.15226882696151733,
      0.15213875519111753,
      0.1520756925456226,
      0.15223238989710808,
      0.15216110832989216,
      0.15232069976627827,
      0.15220672404393554,
      0.1522369310259819,
      0.15220809262245893,
      0.15230520628392696,
      0.15254603419452906,
      0.15238494472578168
    ],
    [
      0.4571795407682657,
      0.30660155415534973,
      0.3061076239682734,
      0.30573366302996874,
      0.30550437793135643,
      0.3055472890846431,
      0.3051374419592321,
      0.30530309956520796,
      0.3050307100638747,
      0.30520395981147885,
      0.3048453121446073,
      0.30469859717413783,
      0.30461354833096266,
      0.30447243992239237,
      0.3046019710600376,
      0.3042930490337312,
      0.3042395394295454,
      0.3041449040174484,
      0.30401068367064,
      0.3039710968732834,
      0.30387242417782545,
      0.3038796531036496,
      0.3038094541989267,
      0.30369623377919197,
      0.3036996996961534,
      0.30363822309300303,
      0.30369962379336357,
      0.3036609748378396,
      0.3037775601260364,
      0.3034088499844074,
      0.3037030757404864,
      0.30503768799826503,
      0.30393315805122256,
      0.3035181979648769,
      0.3031911998987198,
      0.30314881866797805,
      0.3031053771264851,
      0.3030611132271588,
      0.30306376703083515,
      0.3029060186818242,
      0.30272082705050707,
      0.30284489365294576,
      0.30289035476744175,
      0.302767236251384,
      0.3028320511803031,
      0.3026447365991771,
      0.3027147389948368,
      0.3025716138072312,
      0.30253987293690443,
      0.302606341894716,
      0.30257323710247874,
      0.3023738288320601,
      0.30247208708897233,
      0.30290962429717183,
      0.3027198831550777,
      0.30257754819467664,
      0.30257849069312215,
      0.3024874022230506,
      0.3024517926387489,
      0.302556814160198,
      0.3023829353041947,
      0.3024926329962909,
      0.302491954062134,
      0.30249996297061443,
      0.3026160830631852,
      0.30257036490365863,
      0.3024774328805506,
      0.3025645352900028,
      0.302418977022171,
      0.30242171697318554,
      0.3025689828209579,
      0.30260776821523905,
      0.3023595088161528,
      0.3024756950326264,
      0.3022960629314184,
      0.3042907533235848,
      0.3032499416731298,
      0.30275877797976136,
      0.30248820316046476,
      0.30235286010429263,
      0.3023494901135564,
      0.3022722457535565,
      0.30215042596682906,
      0.3023312143050134,
      0.30234006466344,
      0.302100429777056,
      0.30221820902079344,
      0.3018879177980125,
      0.30219597229734063,
      0.30210773507133126,
      0.3019662396982312,
      0.3021303550340235,
      0.3019195208325982,
      0.3020600490272045,
      0.30196890281513333,
      0.3019407629035413,
      0.30199681408703327,
      0.3021323559805751,
      0.3024335876107216,
      0.30301281018182635
    ],
    [
      0.6846653763204813,
      0.4561724136583507,
      0.4555120663717389,
      0.4550562957301736,
      0.4548816829919815,
      0.4550287500023842,
      0.45455549797043204,
      0.454710076097399,
      0.4546532300300896,
      0.45504895271733403,
      0.45452282624319196,
      0.4542777733877301,
      0.4542762408964336,
      0.454190734308213,
      0.4543178859166801,
      0.4540319270454347,
      0.45392414182424545,
      0.4538297178223729,
      0.45374232390895486,
      0.45370958372950554,
      0.4535954250022769,
      0.45357252284884453,
      0.45347669906914234,
      0.4535239920951426,
      0.45354714896529913,
      0.45335672004148364,
      0.453620424028486,
      0.4535017842426896,
      0.45360747585073113,
      0.45323525089770555,
      0.454020818695426,
      0.4561196253634989,
      0.4548922311514616,
      0.4544029622338712,
      0.45382866403087974,
      0.4537851451896131,
      0.4536192389205098,
      0.45372382178902626,
      0.4537175218574703,
      0.4534692270681262,
      0.45309830782935023,
      0.45329476008191705,
      0.4534069709479809,
      0.45337815675884485,
      0.4534018891863525,
      0.4532755659893155,
      0.45319620706140995,
      0.45309085911139846,
      0.4529916779138148,
      0.4530167691409588,
      0.4531026598997414,
      0.4529081378132105,
      0.4529194198548794,
      0.4534816420637071,
      0.45321180718019605,
      0.45299388701096177,
      0.4528910331428051,
      0.45290113193914294,
      0.4528379342518747,
      0.4530744841322303,
      0.4528142991475761,
      0.4529866031371057,
      0.45295042591169477,
      0.4530254900455475,
      0.4529375368729234,
      0.4529565158300102,
      0.45296156918630004,
      0.452956719789654,
      0.4527737647294998,
      0.45299627678468823,
      0.4531168220564723,
      0.4530710792168975,
      0.45279638981446624,
      0.45299747260287404,
      0.45289661502465606,
      0.4557280666194856,
      0.45445760898292065,
      0.45370340486988425,
      0.45342040015384555,
      0.45321980491280556,
      0.4531780257821083,
      0.45315947802737355,
