{
  "mpi_implementation": "openmpi",
  "operation": "allgather",
  "num_ranks": 4,
  "tensor_shape": {
    "batch": 8,
    "seq_len": 2048,
    "hidden_dim": 2048
  },
  "num_elements": 33554432,
  "tensor_size_bytes": 67108864,
  "tensor_size_mb": 64.0,
  "dtype": "bfloat16",
  "dtype_note": "Generated as bf16, converted to fp32 for MPI, size reported as bf16",
  "warmup_iterations": 10,
  "measurement_iterations": 100,
  "timing_method": "time.perf_counter()",
  "timings": [
    [
      0.6457283850759268,
      0.6747955591417849,
      0.671920393127948,
      0.672937098890543,
      0.6721288030967116,
      0.6725261081010103,
      0.6706553022377193,
      0.6729840021580458,
      0.6718891249038279,
      0.6773444022983313,
      0.6715977978892624,
      0.6714507709257305,
      0.6735235350206494,
      0.671257333829999,
      0.6725052958354354,
      0.6746711600571871,
      0.6734484531916678,
      0.6661381958983839,
      0.6759169860742986,
      0.6733202990144491,
      0.6731396210379899,
      0.6700249118730426,
      0.6735087567940354,
      0.6721429126337171,
      0.6740764500573277,
      0.6630352786742151,
      0.6749693751335144,
      0.6717196921817958,
      0.6745028262957931,
      0.6718375920318067,
      0.6707436931319535,
      0.6718105850741267,
      0.6728689488954842,
      0.6759179076179862,
      0.6739947199821472,
      0.6723080333322287,
      0.6731369215995073,
      0.6743838079273701,
      0.675013632979244,
      0.6770860427059233,
      0.6767544699832797,
      0.672692293766886,
      0.6704062731005251,
      0.6699770055711269,
      0.6707270913757384,
      0.6708866218104959,
      0.671987971290946,
      0.6703718928620219,
      0.6725943400524557,
      0.6718020420521498,
      0.674315245822072,
      0.6738290470093489,
      0.6729963878169656,
      0.6737982369959354,
      0.6731702792458236,
      0.672616062220186,
      0.673749168869108,
      0.674519102089107,
      0.6740472377277911,
      0.6725170509889722,
      0.6794089269824326,
      0.6727818944491446,
      0.6732451170682907,
      0.6721820263192058,
      0.672812168020755,
      0.6725588641129434,
      0.6724677057936788,
      0.6737207667902112,
      0.675111441873014,
      0.6778972609899938,
      0.6735770008526742,
      0.6728529944084585,
      0.673988759983331,
      0.6739516328088939,
      0.6783272312022746,
      0.6719720140099525,
      0.6744580189697444,
      0.6725607910193503,
      0.6712920926511288,
      0.6738749891519547,
      0.6742940777912736,
      0.6736596100963652,
      0.6732047987170517,
      0.6713563348166645,
      0.6717708371579647,
      0.6730176191776991,
      0.6731219971552491,
      0.6703782607801259,
      0.6722738477401435,
      0.6708213076926768,
      0.6712911049835384,
      0.673727102112025,
      0.6722940793260932,
      0.6716087711974978,
      0.6846137843094766,
      0.6752817588858306,
      0.6720671961084008,
      0.6749377390369773,
      0.6749908220954239,
      0.6793939541094005
    ],
    [
      0.6444934871979058,
      0.6748259849846363,
      0.6716225342825055,
      0.6710762018337846,
      0.6711650197394192,
      0.672536273021251,
      0.6704029091633856,
      0.673218066804111,
      0.672031981870532,
      0.676275908946991,
      0.6701018479652703,
      0.6715933359228075,
      0.6733940769918263,
      0.6704299952834845,
      0.6724949227645993,
      0.674697183072567,
      0.6734311846084893,
      0.6691417209804058,
      0.6698815459385514,
      0.6731501007452607,
      0.6719701061956584,
      0.667791357729584,
      0.6718939729034901,
      0.6705629262141883,
      0.6736278850585222,
      0.667644795961678,
      0.6692570298910141,
      0.6690505649894476,
      0.674331505317241,
      0.6718044807203114,
      0.670281901024282,
      0.6720064482651651,
      0.6731921918690205,
      0.6683796290308237,
      0.670738723129034,
      0.6708861128427088,
      0.671716719865799,
      0.6728373058140278,
      0.6719251801259816,
      0.6753065595403314,
      0.6716396752744913,
      0.6705941339023411,
      0.6705906740389764,
      0.66955825407058,
      0.6705756839364767,
      0.669867951888591,
      0.6710845855996013,
      0.6700243935920298,
      0.6707119517959654,
      0.6688046571798623,
      0.6726024751551449,
      0.6729759639129043,
      0.6701116259209812,
      0.6723035727627575,
      0.6712650801055133,
      0.6694379500113428,
      0.673395530320704,
      0.6731614982709289,
      0.6722297710366547,
      0.6697061937302351,
      0.6754892426542938,
      0.6723187495954335,
      0.6738409991376102,
      0.6705118892714381,
      0.6726812142878771,
      0.6722310190089047,
      0.671394269913435,
      0.6722983233630657,
      0.6733993240632117,
      0.6765319886617362,
      0.673488806001842,
      0.6715082759037614,
      0.6720526097342372,
      0.6714053461328149,
      0.6763901780359447,
      0.6695926836691797,
      0.6710181692615151,
      0.6709399931132793,
      0.6686116168275476,
      0.6722760437987745,
      0.6714351680129766,
      0.6734153376892209,
      0.6731324433349073,
      0.6719439500011504,
      0.6717554200440645,
      0.6730542406439781,
      0.673234777059406,
      0.6706175548024476,
      0.6719218799844384,
      0.670404396019876,
      0.6712035238742828,
      0.6736561739817262,
      0.6716260612010956,
      0.6702547008171678,
      0.6787128332071006,
      0.6749750729650259,
      0.6713466066867113,
      0.6733873067423701,
      0.6741970740258694,
      0.6773724840022624
    ],
    [
      0.6434830660000443,
      0.6711410656571388,
      0.6696914983913302,
      0.6691566840745509,
      0.6668652789667249,
      0.6691102348268032,
      0.6681418619118631,
      0.6672021439298987,
      0.6689010448753834,
      0.6739560249261558,
      0.6656496007926762,
      0.6687007620930672,
      0.6682110447436571,
      0.6676961053162813,
      0.6679728799499571,
      0.67211291519925,
      0.6685058590956032,
      0.665716809220612,
      0.6651894012466073,
      0.6707217921502888,
      0.6699842987582088,
      0.6659241239540279,
      0.6703597628511488,
      0.6682739872485399,
      0.6717940671369433,
      0.6643260167911649,
      0.6666928650811315,
      0.6686470597051084,
      0.6690590311773121,
      0.6669644489884377,
      0.668358052149415,
      0.6670085387304425,
      0.6685076272115111,
      0.666169079951942,
      0.6696745785884559,
      0.6664778213016689,
      0.6695814402773976,
      0.6725280666723847,
      0.6698657548986375,
      0.6721391873434186,
      0.6673649461008608,
      0.6658303150907159,
      0.6674213749356568,
      0.6671219482086599,
      0.6682141330093145,
      0.6675661369226873,
      0.6693122512660921,
      0.6673850980587304,
      0.6686679539270699,
      0.6675526271574199,
      0.6719500799663365,
      0.6729245036840439,
      0.6684569362550974,
      0.6680101212114096,
      0.6686407658271492,
      0.6686836699955165,
      0.6724090809002519,
      0.6730986330658197,
      0.6691336189396679,
      0.6681003733538091,
      0.6727650640532374,
      0.6703556957654655,
      0.670161766000092,
      0.6665782500058413,
      0.6720640040002763,
      0.6692718891426921,
      0.6687989789061248,
      0.670621832832694,
      0.6722781867720187,
      0.6718283812515438,
      0.6684020673856139,
      0.667362337000668,
      0.6717777769081295,
      0.6706101787276566,
      0.6722591728903353,
      0.6668821526691318,
      0.6693424340337515,
      0.669213199056685,
      0.6672427761368454,
      0.6705076578073204,
      0.6685372241772711,
      0.6713219950906932,
      0.6681273649446666,
      0.6682243878021836,
      0.6672627790831029,
      0.6688748681917787,
      0.6694635641761124,
      0.6676527638919652,
      0.6676741759292781,
