{
  "mpi_implementation": "openmpi",
  "operation": "allgather",
  "num_ranks": 4,
  "tensor_shape": {
    "batch": 8,
    "seq_len": 1,
    "hidden_dim": 2048
  },
  "num_elements": 16384,
  "tensor_size_bytes": 32768,
  "tensor_size_mb": 0.03125,
  "dtype": "bfloat16",
  "dtype_note": "Generated as bf16, converted to fp32 for MPI, size reported as bf16",
  "warmup_iterations": 10,
  "measurement_iterations": 100,
  "timing_method": "time.perf_counter()",
  "timings": [
    [
      7.82134011387825e-05,
      7.561594247817993e-05,
      7.1739312261343e-05,
      7.54399225115776e-05,
      7.451605051755905e-05,
      7.474888116121292e-05,
      7.802899926900864e-05,
      7.489603012800217e-05,
      7.408065721392632e-05,
      7.452396675944328e-05,
      7.330486550927162e-05,
      7.416121661663055e-05,
      7.512234151363373e-05,
      7.291091606020927e-05,
      7.556937634944916e-05,
      7.400009781122208e-05,
      7.400475442409515e-05,
      7.359124720096588e-05,
      7.283594459295273e-05,
      7.996615022420883e-05,
      7.239077240228653e-05,
      7.34720379114151e-05,
      7.294910028576851e-05,
      7.208995521068573e-05,
      7.366901263594627e-05,
      7.364572957158089e-05,
      7.358798757195473e-05,
      7.312605157494545e-05,
      7.380498573184013e-05,
      7.29965977370739e-05,
      7.446622475981712e-05,
      7.3207076638937e-05,
      8.455989882349968e-05,
      7.38152302801609e-05,
      7.262919098138809e-05,
      7.320428267121315e-05,
      7.412722334265709e-05,
      7.309811189770699e-05,
      7.319729775190353e-05,
      7.346179336309433e-05,
      7.379427552223206e-05,
      7.386505603790283e-05,
      7.279496639966965e-05,
      7.431115955114365e-05,
      7.378915324807167e-05,
      8.150842040777206e-05,
      7.312977686524391e-05,
      7.321592420339584e-05,
      7.334770634770393e-05,
      7.3947012424469e-05,
      7.355259731411934e-05,
      7.226318120956421e-05,
      7.449090480804443e-05,
      7.212208583950996e-05,
      7.285922765731812e-05,
      7.235677912831306e-05,
      7.317308336496353e-05,
      7.30450265109539e-05,
      7.78762623667717e-05,
      5.626305937767029e-05,
      7.414212450385094e-05,
      7.242662832140923e-05,
      7.409695535898209e-05,
      7.362104952335358e-05,
      7.34180212020874e-05,
      7.247691974043846e-05,
      7.37607479095459e-05,
      7.189996540546417e-05,
      7.290206849575043e-05,
      7.375609129667282e-05,
      7.39232636988163e-05,
      7.356470450758934e-05,
      7.477402687072754e-05,
      7.289601489901543e-05,
      7.338915020227432e-05,
      7.338915020227432e-05,
      7.210671901702881e-05,
      7.277820259332657e-05,
      7.365318015217781e-05,
      7.293699309229851e-05,
      7.268227636814117e-05,
      7.219891995191574e-05,
      7.371092215180397e-05,
      7.370300590991974e-05,
      7.368437945842743e-05,
      8.18539410829544e-05,
      7.449602708220482e-05,
      7.265899330377579e-05,
      7.25998543202877e-05,
      7.269997149705887e-05,
      7.335003465414047e-05,
      7.292674854397774e-05,
      7.42780975997448e-05,
      7.448811084032059e-05,
      7.287785410881042e-05,
      7.353723049163818e-05,
      7.317401468753815e-05,
      7.443036884069443e-05,
      8.018501102924347e-05,
      7.268507033586502e-05
    ],
    [
      7.697893306612968e-05,
      7.972819730639458e-05,
      7.161591202020645e-05,
      7.617427036166191e-05,
      7.64080323278904e-05,
      7.599405944347382e-05,
      7.625017315149307e-05,
      7.535796612501144e-05,
      7.483595982193947e-05,
      7.490487769246101e-05,
      7.583107799291611e-05,
      7.516704499721527e-05,
      8.278898894786835e-05,
      7.455330342054367e-05,
      7.497798651456833e-05,
      7.384363561868668e-05,
      7.416121661663055e-05,
      7.256120443344116e-05,
      7.377192378044128e-05,
      7.710279896855354e-05,
      7.418124005198479e-05,
      7.384922355413437e-05,
      7.311813533306122e-05,
      7.328903302550316e-05,
      7.48983584344387e-05,
      7.379474118351936e-05,
      7.417798042297363e-05,
      7.304735481739044e-05,
      7.401220500469208e-05,
      7.465295493602753e-05,
      7.372116670012474e-05,
      7.294118404388428e-05,
      7.740501314401627e-05,
      7.42604024708271e-05,
      7.448811084032059e-05,
      7.349206134676933e-05,
      7.412070408463478e-05,
      7.389206439256668e-05,
      7.330905646085739e-05,
      7.380731403827667e-05,
      7.374817505478859e-05,
      7.404200732707977e-05,
      7.422873750329018e-05,
      7.447414100170135e-05,
      7.336772978305817e-05,
      7.645366713404655e-05,
      7.357774302363396e-05,
      7.405271753668785e-05,
      7.367227226495743e-05,
      7.33761116862297e-05,
      7.367180660367012e-05,
      7.398612797260284e-05,
      7.49099999666214e-05,
      7.26538710296154e-05,
      7.421290501952171e-05,
      7.377378642559052e-05,
      7.337331771850586e-05,
      7.463991641998291e-05,
      7.697893306612968e-05,
      6.76540657877922e-05,
      7.294397801160812e-05,
      7.19618983566761e-05,
      7.355120033025742e-05,
      7.385201752185822e-05,
      7.37607479095459e-05,
      7.34538771212101e-05,
      7.466413080692291e-05,
      7.480988278985023e-05,
      7.540592923760414e-05,
      7.444387301802635e-05,
      7.372116670012474e-05,
      7.58068636059761e-05,
      7.636100053787231e-05,
      7.279403507709503e-05,
      7.344316691160202e-05,
      7.36406072974205e-05,
      7.34422355890274e-05,
      7.383711636066437e-05,
      7.419614121317863e-05,
      7.376400753855705e-05,
      7.356703281402588e-05,
      7.267389446496964e-05,
      7.456587627530098e-05,
      7.334398105740547e-05,
      7.354281842708588e-05,
      7.59810209274292e-05,
      7.366994395852089e-05,
      7.342314347624779e-05,
      7.38031230866909e-05,
      7.258635014295578e-05,
      7.331185042858124e-05,
      7.349485531449318e-05,
      7.44410790503025e-05,
      7.298681885004044e-05,
      7.366714999079704e-05,
      7.331883534789085e-05,
      7.45370052754879e-05,
      7.31353648006916e-05,
      7.650814950466156e-05,
      7.395679131150246e-05
    ],
    [
      7.478008046746254e-05,
      7.034279406070709e-05,
      6.975419819355011e-05,
      7.360987365245819e-05,
      7.304316386580467e-05,
      7.336679846048355e-05,
      7.473304867744446e-05,
      7.326342165470123e-05,
      7.358286529779434e-05,
      7.3213130235672e-05,
      7.281312718987465e-05,
      7.373280823230743e-05,
      7.481034845113754e-05,
      7.239822298288345e-05,
      7.417192682623863e-05,
      7.264409214258194e-05,
      7.260730490088463e-05,
      7.191905751824379e-05,
      7.237540557980537e-05,
      7.715309038758278e-05,
      7.196655496954918e-05,
      7.311301305890083e-05,
      7.23586417734623e-05,
      7.162289693951607e-05,
      7.227575406432152e-05,
      7.333187386393547e-05,
      7.201405242085457e-05,
      7.163407281041145e-05,
      7.266411557793617e-05,
      7.230415940284729e-05,
      7.281918078660965e-05,
      7.253233343362808e-05,
      7.712468504905701e-05,
      7.217470556497574e-05,
      7.157400250434875e-05,
      7.127691060304642e-05,
      7.249927148222923e-05,
      7.27139413356781e-05,
      7.20820389688015e-05,
      7.171789184212685e-05,
      7.271766662597656e-05,
      7.253792136907578e-05,
      7.277680560946465e-05,
      7.21546821296215e-05,
      7.353490218520164e-05,
      7.519125938415527e-05,
      7.228227332234383e-05,
      7.27321021258831e-05,
      7.192790508270264e-05,
      7.303711026906967e-05,
      7.238192483782768e-05,
      7.13057816028595e-05,
      7.310416549444199e-05,
      7.084989920258522e-05,
      7.251417264342308e-05,
      7.116002961993217e-05,
      7.178960368037224e-05,
      7.217330858111382e-05,
      7.515726611018181e-05,
