{
  "mpi_implementation": "openmpi",
  "operation": "broadcast",
  "num_ranks": 4,
  "tensor_shape": {
    "batch": 16,
    "seq_len": 2048,
    "hidden_dim": 2048
  },
  "num_elements": 67108864,
  "tensor_size_bytes": 134217728,
  "tensor_size_mb": 128.0,
  "dtype": "bfloat16",
  "dtype_note": "Generated as bf16, converted to fp32 for MPI, size reported as bf16",
  "warmup_iterations": 10,
  "measurement_iterations": 100,
  "timing_method": "time.perf_counter()",
  "timings": [
    [
      0.057276380248367786,
      0.03834498021751642,
      0.03814315889030695,
      0.038075936026871204,
      0.0380366719327867,
      0.037947578355669975,
      0.03795573068782687,
      0.03793041128665209,
      0.03794536832720041,
      0.03786208527162671,
      0.037847643718123436,
      0.03781930496916175,
      0.03780122520402074,
      0.03783590393140912,
      0.037761990912258625,
      0.03775881603360176,
      0.03774749580770731,
      0.037738373037427664,
      0.03770945407450199,
      0.03769642114639282,
      0.037701204884797335,
      0.03769825492054224,
      0.037729394156485796,
      0.037660913076251745,
      0.03763558296486735,
      0.037647409830242395,
      0.03767319116741419,
      0.037618549074977636,
      0.03764624381437898,
      0.03765313187614083,
      0.0377406757324934,
      0.037627942860126495,
      0.03760302532464266,
      0.03757266979664564,
      0.03755751298740506,
      0.03757832618430257,
      0.037567432038486004,
      0.03754798881709576,
      0.03760109283030033,
      0.03764033317565918,
      0.037597724702209234,
      0.037544696126133204,
      0.03770465822890401,
      0.037550626788288355,
      0.03756744880229235,
      0.03756827674806118,
      0.03756771981716156,
      0.037542938720434904,
      0.03750441921874881,
      0.03752528317272663,
      0.037486264016479254,
      0.037478975020349026,
      0.0374905182980001,
      0.03750815195962787,
      0.03748344490304589,
      0.03751786286011338,
      0.03747350489720702,
      0.03754700720310211,
      0.037522958125919104,
      0.037577871698886156,
      0.037724098190665245,
      0.037787772715091705,
      0.03751947870478034,
      0.03742397576570511,
      0.03736535180360079,
      0.03735991381108761,
      0.03728558495640755,
      0.03731725690886378,
      0.037304747849702835,
      0.03730727918446064,
      0.03729260992258787,
      0.037272409070283175,
      0.037328756880015135,
      0.0372816463932395,
      0.03730440279468894,
      0.03730862308293581,
      0.03731355583295226,
      0.037292166613042355,
      0.037301623262465,
      0.037277244962751865,
      0.03725704876706004,
      0.037269723135977983,
      0.03734516119584441,
      0.03729334892705083,
      0.03731892816722393,
      0.03728542011231184,
      0.03728778287768364,
      0.03728201799094677,
      0.03727160720154643,
      0.037265236023813486,
      0.03729982301592827,
      0.037298018112778664,
      0.037280597258359194,
      0.03727865591645241,
      0.03725933190435171,
      0.03725659288465977,
      0.037269089836627245,
      0.03724769689142704,
      0.03729643300175667,
      0.03729396080598235
    ],
    [
      0.11282248701900244,
      0.07516318093985319,
      0.07460156502202153,
      0.07441343599930406,
      0.07425295514985919,
      0.07408548891544342,
      0.0740763540379703,
      0.07395917596295476,
      0.07395572774112225,
      0.07384533574804664,
      0.07378025678917766,
      0.07374246697872877,
      0.07370368018746376,
      0.07370752096176147,
      0.07359733898192644,
      0.07365866517648101,
      0.07356134569272399,
      0.07353343814611435,
      0.07353468192741275,
      0.07346448581665754,
      0.07344527682289481,
      0.07343813590705395,
      0.07346395682543516,
      0.07337626488879323,
      0.07335286494344473,
      0.07331288093701005,
      0.07339391903951764,
      0.07331209490075707,
      0.07329306285828352,
      0.0734910978935659,
      0.07350015826523304,
      0.07333228783681989,
      0.0732718538492918,
      0.07317018089815974,
      0.07317567616701126,
      0.07319238921627402,
      0.07312170322984457,
      0.07315444201231003,
      0.07315284898504615,
      0.07331085484474897,
      0.07319648703560233,
      0.07311505312100053,
      0.07340748701244593,
      0.07317337905988097,
      0.07317360304296017,
      0.07316199038177729,
      0.07318727998062968,
      0.07311158487573266,
      0.07309406716376543,
      0.07308626128360629,
      0.07301094103604555,
      0.07302541797980666,
      0.07304594805464149,
      0.07306171022355556,
      0.07302428688853979,
      0.07307427609339356,
      0.07310422789305449,
      0.07311342377215624,
      0.07306667091324925,
      0.07361040404066443,
      0.07352399313822389,
      0.07360576698556542,
      0.07322563184425235,
      0.07301837718114257,
      0.0729044578038156,
      0.07285181758925319,
      0.07279031397774816,
      0.07279591728001833,
      0.07279655477032065,
      0.07273755315691233,
      0.07274296367540956,
      0.07271747291088104,
      0.07278641778975725,
      0.07273630704730749,
      0.07269483106210828,
      0.0727147082798183,
      0.0727235241793096,
      0.07271194225177169,
      0.072698547039181,
      0.07269734889268875,
      0.07262691110372543,
      0.07267255056649446,
      0.07278777286410332,
      0.07273628003895283,
      0.07271977514028549,
      0.07267234893515706,
      0.07267910288646817,
      0.07266793819144368,
      0.07265134621411562,
      0.07266910374164581,
      0.07265943009406328,
      0.07266607601195574,
      0.07266807183623314,
      0.0726670240983367,
      0.07262159511446953,
      0.07262222189456224,
      0.07264123484492302,
      0.07259182585403323,
      0.07262440584599972,
      0.07297811796888709
    ],
    [
      0.16886968119069934,
      0.11051547201350331,
      0.1098432089202106,
      0.10958996880799532,
      0.10948361409828067,
      0.10934848012402654,
      0.10947974817827344,
      0.10935711394995451,
      0.10941821336746216,
      0.10928152594715357,
      0.10925737721845508,
      0.10924609703943133,
      0.10922740586102009,
      0.10928123211488128,
      0.10909947333857417,
      0.10922792321071029,
      0.10914396774023771,
      0.10913799982517958,
      0.10913715418428183,
      0.10903692012652755,
      0.10904452437534928,
      0.10903074219822884,
      0.10915825609117746,
      0.10901278769597411,
      0.10896573308855295,
      0.10891726473346353,
      0.10906745214015245,
      0.10897288890555501,
      0.10895154904574156,
      0.10956425406038761,
      0.10943318484351039,
      0.10912160202860832,
      0.10903239902108908,
      0.10892328806221485,
      0.10892220493406057,
      0.10895167430862784,
      0.10890022711828351,
      0.10892411088570952,
      0.10903720697388053,
      0.1091728089377284,
      0.10896553378552198,
      0.10887676989659667,
      0.10930862883105874,
      0.10900821117684245,
      0.10902819596230984,
      0.10900396294891834,
      0.1089869923889637,
      0.10889095580205321,
      0.10889480682089925,
      0.10886141005903482,
      0.10880407132208347,
      0.10882017062976956,
      0.10887606209143996,
      0.10885952599346638,
      0.10882090777158737,
      0.10889551555737853,
      0.10915065091103315,
      0.10906239878386259,
      0.10898756003007293,
      0.11015505297109485,
      0.11014220165088773,
      0.11006043292582035,
      0.10951207997277379,
      0.10920123802497983,
      0.10902997199445963,
      0.10898542916402221,
      0.10887725278735161,
      0.10886541102081537,
      0.10889725713059306,
      0.1088062641210854,
      0.10879022441804409,
      0.10879189800471067,
      0.10881170490756631,
      0.10880508227273822,
      0.10878575686365366,
      0.10876651108264923,
