{
  "mpi_implementation": "openmpi",
  "operation": "broadcast",
  "num_ranks": 4,
  "tensor_shape": {
    "batch": 1,
    "seq_len": 8192,
    "hidden_dim": 4096
  },
  "num_elements": 33554432,
  "tensor_size_bytes": 67108864,
  "tensor_size_mb": 64.0,
  "dtype": "bfloat16",
  "dtype_note": "Generated as bf16, converted to fp32 for MPI, size reported as bf16",
  "warmup_iterations": 10,
  "measurement_iterations": 100,
  "timing_method": "time.perf_counter()",
  "timings": [
    [
      0.028486622031778097,
      0.018445779103785753,
      0.01826254418119788,
      0.018175577744841576,
      0.018105599097907543,
      0.01805787906050682,
      0.018107364885509014,
      0.018016272224485874,
      0.018031140323728323,
      0.01799326390028,
      0.018136169761419296,
      0.01828226074576378,
      0.018248009029775858,
      0.018143654335290194,
      0.018156745936721563,
      0.018018371891230345,
      0.0179249900393188,
      0.017904057633131742,
      0.01787085784599185,
      0.017845872789621353,
      0.017833800986409187,
      0.017884597182273865,
      0.017904254142194986,
      0.01783196534961462,
      0.01784267881885171,
      0.017845017835497856,
      0.017814846243709326,
      0.017798697110265493,
      0.017808467149734497,
      0.017832783050835133,
      0.01781576592475176,
      0.01778928516432643,
      0.01781358290463686,
      0.01780823478475213,
      0.0178068857640028,
      0.01781073398888111,
      0.017823041882365942,
      0.01780709996819496,
      0.017809989862143993,
      0.017804943025112152,
      0.017804706003516912,
      0.01783017022535205,
      0.017834643833339214,
      0.01781775988638401,
      0.017813859041780233,
      0.01779253175482154,
      0.017801987007260323,
      0.017862374894320965,
      0.017923593055456877,
      0.017819080967456102,
      0.017793205101042986,
      0.017826096154749393,
      0.017827977892011404,
      0.017807623837143183,
      0.0178112112917006,
      0.017813637852668762,
      0.017795424908399582,
      0.017859401181340218,
      0.01781271491199732,
      0.01782452128827572,
      0.01783481379970908,
      0.017813135869801044,
      0.017943850252777338,
      0.01787323784083128,
      0.017854508943855762,
      0.017884372733533382,
      0.01783135998994112,
      0.017847942654043436,
      0.017843627370893955,
      0.01782518206164241,
      0.017840947955846786,
      0.017810846213251352,
      0.01782761374488473,
      0.017825434915721416,
      0.01782463723793626,
      0.0178329236805439,
      0.01782224327325821,
      0.01783334417268634,
      0.01782950386404991,
      0.017794685903936625,
      0.01782636297866702,
      0.017812998965382576,
      0.017848786897957325,
      0.01782982237637043,
      0.01782423909753561,
      0.01781507022678852,
      0.017830151598900557,
      0.01786724617704749,
      0.017831526696681976,
      0.01780363218858838,
      0.017807106021791697,
      0.017829486168920994,
      0.0177993793040514,
      0.017820210196077824,
      0.017829709220677614,
      0.01784061873331666,
      0.017812063917517662,
      0.017804474104195833,
      0.01782026421278715,
      0.01779918000102043
    ],
    [
      0.055484102107584476,
      0.03561299992725253,
      0.0351630006916821,
      0.03493915405124426,
      0.03480085218325257,
      0.034762066788971424,
      0.0347412577830255,
      0.03460606187582016,
      0.034589915070682764,
      0.0345181580632925,
      0.03493121266365051,
      0.03501581121236086,
      0.034955829847604036,
      0.034845953807234764,
      0.03480333602055907,
      0.03460094099864364,
      0.034429938066750765,
      0.03439240995794535,
      0.034323656000196934,
      0.034270263742655516,
      0.03427543304860592,
      0.03440133621916175,
      0.03441796312108636,
      0.03429133910685778,
      0.034269724041223526,
      0.034281629137694836,
      0.03421798627823591,
      0.034194680862128735,
      0.0342076919041574,
      0.03425984689965844,
      0.03421726729720831,
      0.034161132760345936,
      0.034225014969706535,
      0.034212023951113224,
      0.03420914523303509,
      0.03421011520549655,
      0.034224684815853834,
      0.034188237972557545,
      0.03418149100616574,
      0.034189383033663034,
      0.03420528396964073,
      0.034218675922602415,
      0.034189163241535425,
      0.03421206399798393,
      0.034164056181907654,
      0.03417267929762602,
      0.034172418992966413,
      0.034262793604284525,
      0.03431073622778058,
      0.034213568083941936,
      0.0341673968359828,
      0.034210090059787035,
      0.03417970100417733,
      0.034194889944046736,
      0.03416893305256963,
      0.03415334690362215,
      0.03416631976142526,
      0.034234092105180025,
      0.03419373882934451,
      0.034199248999357224,
      0.03420416126027703,
      0.03417016100138426,
      0.03438294306397438,
      0.03427888220176101,
      0.03423404600471258,
      0.03426865907385945,
      0.03419601870700717,
      0.03422377072274685,
      0.03422213112935424,
      0.03419548273086548,
      0.03421319602057338,
      0.03416728274896741,
      0.034181876108050346,
      0.03419159399345517,
      0.03417360410094261,
      0.034196078311651945,
      0.03416834585368633,
      0.03421478485688567,
      0.034193245228379965,
      0.034141169395297766,
      0.03420142317190766,
      0.03417805768549442,
      0.03420731611549854,
      0.034161283168941736,
      0.03418610384687781,
      0.034178155940026045,
      0.03421055292710662,
      0.034244270995259285,
      0.03419886762276292,
      0.03414895571768284,
      0.034165268298238516,
      0.034184062387794256,
      0.0341513529419899,
      0.03418074594810605,
      0.03417450608685613,
      0.034223202150315046,
      0.03418378112837672,
      0.03417744720354676,
      0.03417090279981494,
      0.03427624795585871
    ],
    [
      0.08306928677484393,
      0.05290352180600166,
      0.052356208208948374,
      0.05205337284132838,
      0.051944205071777105,
      0.05202251300215721,
      0.05194729287177324,
      0.051785659044981,
      0.05177913187071681,
      0.05179368890821934,
      0.052556192968040705,
      0.05255156708881259,
      0.052502968814224005,
      0.05251116584986448,
      0.052407323848456144,
      0.05209235195070505,
      0.0518635269254446,
      0.05175292491912842,
      0.051687228959053755,
      0.0516282320022583,
      0.051643067970871925,
      0.051858370658010244,
      0.05181395309045911,
      0.05166803300380707,
      0.051654507871717215,
      0.05165116162970662,
      0.051587711088359356,
      0.0515314401127398,
      0.051547742914408445,
      0.05159461311995983,
      0.05155331315472722,
      0.051505517680197954,
      0.05156256863847375,
      0.05153349693864584,
      0.05155428405851126,
      0.051530638709664345,
      0.051558364648371935,
      0.05152631597593427,
      0.051490218844264746,
      0.05151698365807533,
      0.051566505804657936,
      0.05153465224429965,
      0.0515196998603642,
      0.051540997345000505,
      0.051471150014549494,
      0.05147896707057953,
      0.05149686289951205,
      0.051574348006397486,
      0.05161515064537525,
      0.05150240380316973,
      0.051505316980183125,
      0.05153703177347779,
      0.05148568795993924,
      0.05151105299592018,
      0.051476734690368176,
      0.051500404719263315,
      0.05148686468601227,
      0.05157194286584854,
      0.05154627515003085,
      0.0515014179982245,
      0.05151216313242912,
      0.05255273077636957,
      0.051737161353230476,
      0.05160570377483964,
      0.051590549759566784,
      0.0516109406016767,
      0.05150306597352028,
      0.05155564285814762,
      0.051530316937714815,
      0.05147187691181898,
      0.05150847090408206,
      0.05145646072924137,
      0.0515079740434885,
