{
  "mpi_implementation": "openmpi",
  "operation": "broadcast",
  "num_ranks": 4,
  "tensor_shape": {
    "batch": 1,
    "seq_len": 2048,
    "hidden_dim": 2048
  },
  "num_elements": 4194304,
  "tensor_size_bytes": 8388608,
  "tensor_size_mb": 8.0,
  "dtype": "bfloat16",
  "dtype_note": "Generated as bf16, converted to fp32 for MPI, size reported as bf16",
  "warmup_iterations": 10,
  "measurement_iterations": 100,
  "timing_method": "time.perf_counter()",
  "timings": [
    [
      0.0028433287516236305,
      0.0013166810385882854,
      0.0011382908560335636,
      0.0010996516793966293,
      0.0010804948396980762,
      0.0010792352259159088,
      0.0010765250772237778,
      0.001079467125236988,
      0.0010768272913992405,
      0.0010752412490546703,
      0.0010756002739071846,
      0.0010769637301564217,
      0.0010754610411822796,
      0.0010767527855932713,
      0.001074732281267643,
      0.0010733529925346375,
      0.0010752249509096146,
      0.001075715757906437,
      0.0010757115669548512,
      0.0010795979760587215,
      0.0010752598755061626,
      0.0010767658241093159,
      0.0010765790939331055,
      0.0010773511603474617,
      0.001077007967978716,
      0.0010768822394311428,
      0.0010800804011523724,
      0.0010765530169010162,
      0.0010760179720818996,
      0.0010773492977023125,
      0.001077319961041212,
      0.0010744021274149418,
      0.0010804091580212116,
      0.001084664836525917,
      0.0010841679759323597,
      0.0010856389999389648,
      0.001082472037523985,
      0.0010789921507239342,
      0.0010805819183588028,
      0.0010860748589038849,
      0.001086982898414135,
      0.0010838881134986877,
      0.0010815393179655075,
      0.0010834629647433758,
      0.0010804170742630959,
      0.001076467800885439,
      0.0010766107589006424,
      0.0010746200568974018,
      0.0010793027468025684,
      0.0010766377672553062,
      0.0010772361420094967,
      0.0010775779373943806,
      0.001078509259968996,
      0.0010795379057526588,
      0.0010798228904604912,
      0.001078363973647356,
      0.0010766899213194847,
      0.0010767839848995209,
      0.0010774172842502594,
      0.0010764161124825478,
      0.001075084786862135,
      0.001075184904038906,
      0.0010761762969195843,
      0.0010761572048068047,
      0.001078563742339611,
      0.0010741408914327621,
      0.0010727611370384693,
      0.0010736347176134586,
      0.001072663813829422,
      0.0010713711380958557,
      0.0010768561623990536,
      0.001073514111340046,
      0.0010728905908763409,
      0.0010723699815571308,
      0.001073199324309826,
      0.0010731709189713001,
      0.0010717459954321384,
      0.0010756840929389,
      0.0010722698643803596,
      0.0010711271315813065,
      0.0010721986182034016,
      0.0010713371448218822,
      0.0010731159709393978,
      0.0010706479661166668,
      0.00107205705717206,
      0.0010711010545492172,
      0.0010708891786634922,
      0.0010709520429372787,
      0.0010710600763559341,
      0.001070487778633833,
      0.0010717767290771008,
      0.0010708426125347614,
      0.0010714316740632057,
      0.0010696668177843094,
      0.0010709399357438087,
      0.0010701129212975502,
      0.0010691280476748943,
      0.0010700640268623829,
      0.0010716617107391357,
      0.0010703187435865402
    ],
    [
      0.004421810619533062,
      0.002751154825091362,
      0.002362792380154133,
      0.0022414051927626133,
      0.002190771047025919,
      0.002185935154557228,
      0.0021776766516268253,
      0.0021788720041513443,
      0.0021760063245892525,
      0.0021734703332185745,
      0.002169661223888397,
      0.0021709157153964043,
      0.0021711247973144054,
      0.0021715816110372543,
      0.0021701366640627384,
      0.002169072162359953,
      0.002169298008084297,
      0.002169105689972639,
      0.002170636784285307,
      0.002172284759581089,
      0.002169205341488123,
      0.0021662451326847076,
      0.002168548759073019,
      0.0021697194315493107,
      0.0021692030131816864,
      0.002167637925595045,
      0.0021710717119276524,
      0.002169376704841852,
      0.0021703559905290604,
      0.0021693608723580837,
      0.0021699946373701096,
      0.0021656169556081295,
      0.0021733189933001995,
      0.002178637310862541,
      0.002175701782107353,
      0.0021781660616397858,
      0.0021721040830016136,
      0.0021689883433282375,
      0.0021715229377150536,
      0.002175967674702406,
      0.002175397239625454,
      0.002172701060771942,
      0.0021677501499652863,
      0.002169098239392042,
      0.00216597318649292,
      0.0021641217172145844,
      0.0021628220565617085,
      0.0021579060703516006,
      0.0021662553772330284,
      0.002159831114113331,
      0.0021594553254544735,
      0.0021657487377524376,
      0.0021638572216033936,
      0.002168512437492609,
      0.0021674935705959797,
      0.002162001095712185,
      0.0021616267040371895,
      0.0021624937653541565,
      0.0021602720953524113,
      0.002159798052161932,
      0.002157383132725954,
      0.002158567775040865,
      0.0021592658013105392,
      0.0021635000593960285,
      0.0021597878076136112,
      0.0021504047326743603,
      0.0021498720161616802,
      0.0021499870344996452,
      0.0021489490754902363,
      0.0021496061235666275,
      0.002156105823814869,
      0.002150893211364746,
      0.0021494273096323013,
      0.0021499041467905045,
      0.002150655258446932,
      0.002150386106222868,
      0.0021490673534572124,
      0.002152959816157818,
      0.002149034757167101,
      0.002149648033082485,
      0.0021476908586919308,
      0.0021480503492057323,
      0.0021490463986992836,
      0.002146886195987463,
      0.002148794010281563,
      0.002147833351045847,
      0.0021484047174453735,
      0.0021493458189070225,
      0.002146508079022169,
      0.0021459818817675114,
      0.0021478552371263504,
      0.0021481341682374477,
      0.002147084102034569,
      0.0021469336934387684,
      0.002149531152099371,
      0.002145709004253149,
      0.00214636093005538,
      0.0021455371752381325,
      0.002148292027413845,
      0.0021470370702445507
    ],
    [
      0.00778193911537528,
      0.0044264402240514755,
      0.003862537909299135,
      0.0036094989627599716,
      0.003544213715940714,
      0.0035313116386532784,
      0.003520307131111622,
      0.003514313604682684,
      0.0035095238126814365,
      0.003504205960780382,
      0.00349257979542017,
      0.0034941285848617554,
      0.0034863287582993507,
      0.003492784220725298,
      0.003485508728772402,
      0.003486274741590023,
      0.0034834370017051697,
      0.0034831049852073193,
      0.003479189705103636,
      0.0034813829697668552,
      0.0034704641439020634,
      0.003471947740763426,
      0.0034680040553212166,
      0.0034759799018502235,
      0.0034672627225518227,
      0.00347097497433424,
      0.0034703160636126995,
      0.0034698951058089733,
      0.0034688073210418224,
      0.00346548343077302,
      0.003464693669229746,
      0.003466969355940819,
      0.0034794770181179047,
      0.003477437887340784,
      0.003475833684206009,
      0.003474207129329443,
      0.0034658387303352356,
      0.0034623020328581333,
      0.0034714331850409508,
      0.0034734918735921383,
      0.003469871822744608,
      0.0034627518616616726,
      0.003455393947660923,
      0.003453217912465334,
      0.003449792042374611,
      0.0034462381154298782,
      0.003441947977989912,
      0.0034440909512341022,
      0.0034497659653425217,
      0.003446068149060011,
      0.0034409048967063427,
      0.0034498642198741436,
      0.003445608075708151,
      0.0034538977779448032,
      0.003451467026025057,
      0.0034456755965948105,
      0.0034460448659956455,
      0.0034470129758119583,
      0.003444652073085308,
      0.003441976848989725,
      0.0034424462355673313,
