{
  "mpi_implementation": "openmpi",
  "operation": "allreduce",
  "num_ranks": 4,
  "tensor_shape": {
    "batch": 8,
    "seq_len": 2048,
    "hidden_dim": 2048
  },
  "num_elements": 33554432,
  "tensor_size_bytes": 67108864,
  "tensor_size_mb": 64.0,
  "dtype": "bfloat16",
  "dtype_note": "Generated as bf16, converted to fp32 for MPI, size reported as bf16",
  "warmup_iterations": 10,
  "measurement_iterations": 100,
  "timing_method": "time.perf_counter()",
  "timings": [
    [
      0.7000495661050081,
      0.7043763459660113,
      0.7006108933128417,
      0.7010520030744374,
      0.7022777637466788,
      0.7024441249668598,
      0.6989089651033282,
      0.699207903817296,
      0.6993166538886726,
      0.6968077272176743,
      0.6971050929278135,
      0.6970269051380455,
      0.7055483828298748,
      0.705289667006582,
      0.7028907579369843,
      0.700646550860256,
      0.7029937757179141,
      0.7002612613141537,
      0.702335789334029,
      0.7010090122930706,
      0.7000062372535467,
      0.6996966670267284,
      0.701985445804894,
      0.7004491952247918,
      0.7005015378817916,
      0.7008806690573692,
      0.7023296309635043,
      0.7029526140540838,
      0.7036523027345538,
      0.7011659010313451,
      0.7028419799171388,
      0.7052004691213369,
      0.701528528239578,
      0.6985172317363322,
      0.6994478297419846,
      0.6982232131995261,
      0.7024917788803577,
      0.7008417779579759,
      0.6995079428888857,
      0.6997851193882525,
      0.7004690458998084,
      0.7011845870874822,
      0.7028369940817356,
      0.7003742759115994,
      0.7014944581314921,
      0.7003802666440606,
      0.7017969908192754,
      0.7024138593114913,
      0.7010376253165305,
      0.7013950888067484,
      0.7027954156510532,
      0.7050313940271735,
      0.7037807628512383,
      0.7020969111472368,
      0.7052812781184912,
      0.7005133857019246,
      0.701984534971416,
      0.6979790618643165,
      0.7012833920307457,
      0.7003998816944659,
      0.7018263880163431,
      0.7018201379105449,
      0.7021314362064004,
      0.7018992439843714,
      0.7035972680896521,
      0.7031750441528857,
      0.7050887122750282,
      0.7048890450969338,
      0.702254279050976,
      0.7018961487337947,
      0.7020551231689751,
      0.7015039259567857,
      0.7010196768678725,
      0.6994663449004292,
      0.7013550489209592,
      0.7017556438222528,
      0.7010467629879713,
      0.7002462581731379,
      0.7032738430425525,
      0.701259805355221,
      0.7053888589143753,
      0.6991603830829263,
      0.7014727648347616,
      0.7008367367088795,
      0.7038036491721869,
      0.7004567137919366,
      0.7018334059976041,
      0.7008285908959806,
      0.7023852299898863,
      0.7031194348819554,
      0.7055322979576886,
      0.7024175929836929,
      0.702720932662487,
      0.7017012350261211,
      0.7035396881401539,
      0.7025586031377316,
      0.7014339216984808,
      0.7007598751224577,
      0.7008306793868542,
      0.7026819218881428
    ],
    [
      0.7452082033269107,
      0.7474446231499314,
      0.7432690467685461,
      0.7428364921361208,
      0.7459696112200618,
      0.745522472076118,
      0.7417888608761132,
      0.7416871809400618,
      0.742154052015394,
      0.7404315802268684,
      0.7407352598384023,
      0.7409687559120357,
      0.7478067590855062,
      0.7467576498165727,
      0.7453696662560105,
      0.743855191860348,
      0.7455605948343873,
      0.7432561777532101,
      0.74559186398983,
      0.7452362603507936,
      0.7441256758756936,
      0.7427443349733949,
      0.7443109010346234,
      0.7443405850790441,
      0.7442928338423371,
      0.74353052303195,
      0.7460338249802589,
      0.7449194840155542,
      0.7467064056545496,
      0.7435145028866827,
      0.7461596233770251,
      0.7463500346057117,
      0.7440955131314695,
      0.7436087299138308,
      0.7427983139641583,
      0.7416125196032226,
      0.7442534840665758,
      0.7421955061145127,
      0.7424426702782512,
      0.7428610012866557,
      0.7438512039370835,
      0.7428298890590668,
      0.7450257488526404,
      0.7436783332377672,
      0.7448334279470146,
      0.7426357711665332,
      0.7437728829681873,
      0.7452845443040133,
      0.743929454125464,
      0.7445600358769298,
      0.7451500305905938,
      0.7474754643626511,
      0.7463461412116885,
      0.7446290487423539,
      0.74778056377545,
      0.7431451608426869,
      0.7447109259665012,
      0.7430552197620273,
      0.7446424597874284,
      0.7443713960237801,
      0.7442784351296723,
      0.7437183340080082,
      0.7441016142256558,
      0.7447363142855465,
      0.7454432449303567,
      0.7458712989464402,
      0.7472161296755075,
      0.7469081720337272,
      0.7454961133189499,
      0.7458121608942747,
      0.7448140410706401,
      0.7455581692047417,
      0.744620556011796,
      0.7437753500416875,
      0.745386531110853,
      0.7444321569055319,
      0.7441204278729856,
      0.7436029152013361,
      0.7463206048123538,
      0.7450959132984281,
      0.7481853379867971,
      0.7438711528666317,
      0.7442308543249965,
      0.7442792179062963,
      0.747334947809577,
      0.7439199388027191,
      0.7463421588763595,
      0.7436226787976921,
      0.7451320490799844,
      0.7453917930833995,
      0.7473937273025513,
      0.7443493269383907,
      0.7461147080175579,
      0.7438158136792481,
      0.7473523649387062,
      0.7472811141051352,
      0.7454257551580667,
      0.7442404562607408,
      0.7453914112411439,
      0.745864172000438
    ],
    [
      0.7917184950783849,
      0.7939800559543073,
      0.7905523632653058,
      0.7900668308138847,
      0.792788895778358,
      0.7918837568722665,
      0.7889664047397673,
      0.7888332321308553,
      0.7892037639394403,
      0.7888912418857217,
      0.7878977148793638,
      0.7880599810741842,
      0.7946450808085501,
      0.793666569981724,
      0.7926158420741558,
      0.7906886250711977,
      0.792833836749196,
      0.7902963529340923,
      0.7926322100684047,
      0.792298894841224,
      0.7912007318809628,
      0.7893927642144263,
      0.7910396801307797,
      0.7911074082367122,
      0.7918189018964767,
      0.7908864705823362,
      0.7927812030538917,
      0.790965452324599,
      0.7939052688889205,
      0.7901908778585494,
      0.7936050510033965,
      0.7927751070819795,
      0.7908564740791917,
      0.7904508053325117,
      0.790074021089822,
      0.7886740290559828,
      0.7917066691443324,
      0.7894944939762354,
      0.7910240390338004,
      0.7901791292242706,
      0.7914152969606221,
      0.7905018758028746,
      0.7925815107300878,
      0.7910013231448829,
      0.7921579130925238,
      0.7901303051039577,
      0.7915937956422567,
      0.7924761311151087,
      0.7917642658576369,
      0.7918721158057451,
      0.7924971259199083,
      0.7946569151245058,
      0.7935591991990805,
      0.7918798951432109,
      0.7961303098127246,
      0.7898524580523372,
      0.7922604726627469,
      0.7904237676411867,
      0.7926447507925332,
      0.7913717459887266,
      0.7913981648162007,
      0.7907733046449721,
      0.7921225382015109,
      0.79154206905514,
      0.7922791438177228,
      0.7926750942133367,
      0.7947715846821666,
      0.7938166242092848,
      0.7923775259405375,
      0.7930940142832696,
      0.7922350661829114,
      0.7910049338825047,
      0.7920183008536696,
      0.7912269686348736,
      0.7922778250649571,
      0.7908459040336311,
      0.791063267737627,
      0.7909331349655986,
      0.7935790061019361,
      0.791483465116471,
      0.7952635679394007,
      0.7910701730288565,
      0.7916463268920779,
      0.7916966290213168,
      0.7942396034486592,
      0.7909318059682846,
      0.7934138588607311,
      0.7904567560181022,
      0.792300792876631,
