{
  "mpi_implementation": "openmpi",
  "operation": "broadcast",
  "num_ranks": 4,
  "tensor_shape": {
    "batch": 16,
    "seq_len": 4096,
    "hidden_dim": 4096
  },
  "num_elements": 268435456,
  "tensor_size_bytes": 536870912,
  "tensor_size_mb": 512.0,
  "dtype": "bfloat16",
  "dtype_note": "Generated as bf16, converted to fp32 for MPI, size reported as bf16",
  "warmup_iterations": 10,
  "measurement_iterations": 100,
  "timing_method": "time.perf_counter()",
  "timings": [
    [
      0.22961395187303424,
      0.15402210783213377,
      0.15381672885268927,
      0.15373669378459454,
      0.15368217742070556,
      0.15344802616164088,
      0.15373184392228723,
      0.15353384194895625,
      0.15357746742665768,
      0.153486680239439,
      0.15338586922734976,
      0.15352407097816467,
      0.15331068076193333,
      0.15328471781685948,
      0.15327640110626817,
      0.15343056013807654,
      0.1531818681396544,
      0.15322668896988034,
      0.1533094742335379,
      0.15367468120530248,
      0.15312135079875588,
      0.1529064360074699,
      0.15295144310221076,
      0.15286063821986318,
      0.15268771117553115,
      0.15268170135095716,
      0.15264536906033754,
      0.15273939399048686,
      0.15257732803002,
      0.15253499615937471,
      0.15268482500687242,
      0.15255236299708486,
      0.15262956684455276,
      0.15266094589605927,
      0.15265812212601304,
      0.1526534166187048,
      0.15279037225991488,
      0.15255315508693457,
      0.15269245207309723,
      0.15257636923342943,
      0.15256903879344463,
      0.15252242097631097,
      0.1527861012145877,
      0.15261061489582062,
      0.15259458916261792,
      0.1526647242717445,
      0.15249279513955116,
      0.15258124517276883,
      0.1525215650908649,
      0.15258266311138868,
      0.15252758096903563,
      0.15261372923851013,
      0.15256365668028593,
      0.1525602787733078,
      0.15244177216663957,
      0.15246677305549383,
      0.15244506113231182,
      0.15244265692308545,
      0.15245084185153246,
      0.15261645894497633,
      0.15267183491960168,
      0.1525813341140747,
      0.1525389631278813,
      0.15323639288544655,
      0.15276459697633982,
      0.15256102895364165,
      0.15243155462667346,
      0.15237502427771688,
      0.15235494310036302,
      0.1523176277987659,
      0.15224888222292066,
      0.15230572689324617,
      0.15227187285199761,
      0.1522100050933659,
      0.15229648118838668,
      0.15232117474079132,
      0.15225263498723507,
      0.15231693908572197,
      0.15230754669755697,
      0.1521867150440812,
      0.15226463414728642,
      0.15228373184800148,
      0.1522332327440381,
      0.15221574483439326,
      0.15224045515060425,
      0.15223324997350574,
      0.15255840588361025,
      0.15242616785690188,
      0.15243015019223094,
      0.1523563526570797,
      0.15242190891876817,
      0.1523349699564278,
      0.15235805371776223,
      0.15240450110286474,
      0.15227640187367797,
      0.15236882120370865,
      0.15230068797245622,
      0.1522746509872377,
      0.15238669887185097,
      0.1522795702330768
    ],
    [
      0.4573226789943874,
      0.30663083773106337,
      0.3058664323762059,
      0.3056151117198169,
      0.30534421326592565,
      0.3050523651763797,
      0.3052726071327925,
      0.3050609868951142,
      0.3048260877840221,
      0.3048095740377903,
      0.3046284858137369,
      0.3045991361141205,
      0.30443551018834114,
      0.3044321546331048,
      0.30441831704229116,
      0.3045249180868268,
      0.30418545100837946,
      0.3041674536652863,
      0.30440697772428393,
      0.3052718718536198,
      0.30418402422219515,
      0.3037598389200866,
      0.3038263996131718,
      0.30355245992541313,
      0.30323182977735996,
      0.30329984705895185,
      0.30316322296857834,
      0.3032350610010326,
      0.30296566989272833,
      0.3029243038035929,
      0.30308154271915555,
      0.302896233741194,
      0.3029405209235847,
      0.3030514088459313,
      0.30309668369591236,
      0.30298487888649106,
      0.3032173877581954,
      0.30286489613354206,
      0.30295295687392354,
      0.3028090470470488,
      0.3028696090914309,
      0.30286746006459,
      0.30306850699707866,
      0.3028963776305318,
      0.30285805836319923,
      0.30297116795554757,
      0.30268340511247516,
      0.30271195201203227,
      0.3026838251389563,
      0.30267646070569754,
      0.3029260030016303,
      0.302686451934278,
      0.3027773858048022,
      0.3026889958418906,
      0.30249825585633516,
      0.30257665691897273,
      0.30254596611484885,
      0.30261514615267515,
      0.3025330719538033,
      0.30289093405008316,
      0.3028572811745107,
      0.30269164592027664,
      0.30264499597251415,
      0.3047394063323736,
      0.3034430150873959,
      0.30307307420298457,
      0.30287395091727376,
      0.30274322303012013,
      0.3026219396851957,
      0.3025408540852368,
      0.302406788803637,
      0.30246135499328375,
      0.3023915677331388,
      0.30233788304030895,
      0.30228120600804687,
      0.30236349906772375,
      0.30225519090890884,
      0.30228349193930626,
      0.30230121966451406,
      0.30221511237323284,
      0.3023131089285016,
      0.30227256985381246,
      0.3022525468841195,
      0.3022884698584676,
      0.30228768987581134,
      0.3022032491862774,
      0.3026765822432935,
      0.3023621770553291,
      0.30235606571659446,
      0.3022118699736893,
      0.30225322442129254,
      0.3021604618988931,
      0.30225990107282996,
      0.30234567588195205,
      0.30221805395558476,
      0.30227187974378467,
      0.30220180796459317,
      0.30221335496753454,
      0.30225116992369294,
      0.30295466911047697
    ],
    [
      0.6846318049356341,
      0.45618239184841514,
      0.4552013538777828,
      0.4548713769763708,
      0.45478288596495986,
      0.4543854338116944,
      0.4546512379311025,
      0.45442043524235487,
      0.45419743191450834,
      0.45440103579312563,
      0.454091384075582,
      0.4540533171966672,
      0.45388203021138906,
      0.4538965607061982,
      0.4539712527766824,
      0.454076589550823,
      0.45377123821526766,
      0.45371594186872244,
      0.45481572207063437,
      0.45627531968057156,
      0.4550159852951765,
      0.45433231303468347,
      0.4543014792725444,
      0.45395507803186774,
      0.45369735499843955,
      0.45375167997553945,
      0.45347198843955994,
      0.45358362793922424,
      0.4532565106637776,
      0.4531636331230402,
      0.4534599003382027,
      0.4530717241577804,
      0.4533549416810274,
      0.4533296199515462,
      0.4533520652912557,
      0.45331033505499363,
      0.4535531778819859,
      0.4532250431366265,
      0.4531836472451687,
      0.4531201613135636,
      0.4532142821699381,
      0.4532674406655133,
      0.4534125276841223,
      0.45325358817353845,
      0.4531912449747324,
      0.45325487200170755,
      0.4530641152523458,
      0.4529588781297207,
      0.45300281094387174,
      0.4529283116571605,
      0.45323465717956424,
      0.45298812771216035,
      0.45311159174889326,
      0.4530426012352109,
      0.4527929648756981,
      0.45286085084080696,
      0.45276942336931825,
      0.4529924192465842,
      0.4529593950137496,
      0.453376745339483,
      0.4531390299089253,
      0.4531240430660546,
      0.45325097208842635,
      0.45607025688514113,
      0.45455480739474297,
      0.4540632087737322,
      0.4537116107530892,
      0.45353854494169354,
      0.45347278006374836,
      0.45320408791303635,
      0.4531599343754351,
      0.4532613013871014,
      0.45310408994555473,
      0.452981183771044,
      0.4529757248237729,
      0.4530715402215719,
      0.45296192495152354,
      0.4529220759868622,
      0.4528488270007074,
      0.452880650293082,
      0.45289049996063113,
