{
  "mpi_implementation": "openmpi",
  "operation": "allgather",
  "num_ranks": 4,
  "tensor_shape": {
    "batch": 16,
    "seq_len": 4096,
    "hidden_dim": 2048
  },
  "num_elements": 134217728,
  "tensor_size_bytes": 268435456,
  "tensor_size_mb": 256.0,
  "dtype": "bfloat16",
  "dtype_note": "Generated as bf16, converted to fp32 for MPI, size reported as bf16",
  "warmup_iterations": 10,
  "measurement_iterations": 100,
  "timing_method": "time.perf_counter()",
  "timings": [
    [
      2.6126605570316315,
      2.7369641889818013,
      2.741205464117229,
      2.751564375590533,
      2.7412517303600907,
      2.7488789767958224,
      2.7398416502401233,
      2.750476336106658,
      2.7368941358290613,
      2.743774286005646,
      2.7434922377578914,
      2.748967094346881,
      2.7381120938807726,
      2.747732619289309,
      2.7356221778318286,
      2.7464596116915345,
      2.7396204229444265,
      2.7472926368936896,
      2.730068749282509,
      2.7495912332087755,
      2.739692592062056,
      2.7500637876801193,
      2.7390596559271216,
      2.7453320249915123,
      2.7380547928623855,
      2.741044757887721,
      2.7311974111944437,
      2.7411223109811544,
      2.740152924321592,
      2.739880729932338,
      2.7353818779811263,
      2.7468847231939435,
      2.738962243311107,
      2.740990114863962,
      2.745948468800634,
      2.747296217828989,
      2.742316396906972,
      2.7473548729903996,
      2.7415435081347823,
      2.745637906715274,
      2.7441779049113393,
      2.7491449587978423,
      2.7383934897370636,
      2.7452111057937145,
      2.74174791527912,
      2.741790768224746,
      2.740217567887157,
      2.7395311729051173,
      2.735926814842969,
      2.7498518098145723,
      2.747157349716872,
      2.740762368775904,
      2.740671182051301,
      2.739686205983162,
      2.7328167371451855,
      2.7441456937231123,
      2.740694854874164,
      2.7490524840541184,
      2.7408295599743724,
      2.742079855874181,
      2.7360615581274033,
      2.7612600228749216,
      2.738851555623114,
      2.7409129859879613,
      2.7411540001630783,
      2.7459143586456776,
      2.732483602128923,
      2.7445214511826634,
      2.743360328953713,
      2.752848969772458,
      2.7434596940875053,
      2.7582703167572618,
      2.7484966749325395,
      2.752661769744009,
      2.741701316088438,
      2.748131345026195,
      2.7421971429139376,
      2.7441054359078407,
      2.7389112738892436,
      2.7502114279195666,
      2.7489087227731943,
      2.7496794280596077,
      2.7442126353271306,
      2.7491948921233416,
      2.743514370173216,
      2.751615831628442,
      2.7467836649157107,
      2.7487570396624506,
      2.7421135059557855,
      2.7450764500536025,
      2.740287576802075,
      2.748014650773257,
      2.7391688907518983,
      2.7520690793171525,
      2.7408990804105997,
      2.7485884982161224,
      2.7388649908825755,
      2.745914753060788,
      2.74568107817322,
      2.7497302358970046
    ],
    [
      2.603927010204643,
      2.730896510183811,
      2.734686812851578,
      2.74670817097649,
      2.735794714652002,
      2.7415127009153366,
      2.7322529503144324,
      2.744194590020925,
      2.7315581310540438,
      2.7376370220445096,
      2.7357797576114535,
      2.743577823974192,
      2.72945836186409,
      2.741420120932162,
      2.7319586728699505,
      2.744342892896384,
      2.734398551750928,
      2.7410826669074595,
      2.727473790757358,
      2.7430351679213345,
      2.7323516183532774,
      2.7363039911724627,
      2.728667648974806,
      2.7373858210630715,
      2.7358770882710814,
      2.740280036814511,
      2.728812927380204,
      2.7410333338193595,
      2.732119138818234,
      2.7382139042019844,
      2.732387623284012,
      2.7399526038207114,
      2.733612357173115,
      2.7358653298579156,
      2.7379566291347146,
      2.7414125581271946,
      2.7374852881766856,
      2.7408572798594832,
      2.7324019321240485,
      2.741163997910917,
      2.738077376037836,
      2.745460908859968,
      2.7319553303532302,
      2.7402032520622015,
      2.7344328253529966,
      2.7336589554324746,
      2.7382923029363155,
      2.7377775367349386,
      2.7343524140305817,
      2.743347856681794,
      2.742708916310221,
      2.7383224018849432,
      2.7391133927740157,
      2.7374168620444834,
      2.731585708912462,
      2.739006810821593,
      2.7359214588068426,
      2.7392902350984514,
      2.738089899998158,
      2.740041460841894,
      2.733021206688136,
      2.7568887718953192,
      2.7350924061611295,
      2.7379259280860424,
      2.737276114989072,
      2.7387765417806804,
      2.7335285069420934,
      2.7419521398842335,
      2.735358628910035,
      2.7417172994464636,
      2.741734002251178,
      2.7566168857738376,
      2.745249676052481,
      2.745114266872406,
      2.7344476976431906,
      2.741738717071712,
      2.7382263876497746,
      2.7411083350889385,
      2.730294741690159,
      2.744764376897365,
      2.7407951103523374,
      2.7436953033320606,
      2.738886675797403,
      2.742896895390004,
      2.7398167019709945,
      2.745691239833832,
      2.743245334830135,
      2.743777718860656,
      2.738144754897803,
      2.7382069816812873,
      2.727850711904466,
      2.740984161850065,
      2.735659121070057,
      2.74961523571983,
      2.7315714079886675,
      2.74059353210032,
      2.72909442987293,
      2.7376247122883797,
      2.7363697681576014,
      2.737361620180309
    ],
    [
      2.5946381147950888,
      2.716490495018661,
      2.719844065140933,
      2.73778807092458,
      2.7251231651753187,
      2.7322189901024103,
      2.723886506166309,
      2.736711751203984,
      2.720441136043519,
      2.727280765771866,
      2.72543723275885,
      2.7288847556337714,
      2.7183460840024054,
      2.7294592480175197,
      2.7175015658140182,
      2.731693127192557,
      2.7213929765857756,
      2.729672798886895,
      2.7160946698859334,
      2.733291694894433,
      2.7256748569197953,
      2.727299668826163,
      2.7206619228236377,
      2.7223749961704016,
      2.7245239773765206,
      2.7251496496610343,
      2.717845092061907,
      2.73156270198524,
      2.7203552201390266,
      2.722014978993684,
      2.721083426848054,
      2.7263004779815674,
      2.723199806176126,
      2.7262296811677516,
      2.7248236699961126,
      2.7273657168261707,
      2.7235321067273617,
      2.730003708973527,
      2.7187626739032567,
      2.7287982190027833,
      2.72859536902979,
      2.728480444755405,
      2.7214526189491153,
      2.725218486972153,
      2.723286203108728,
      2.7230770578607917,
      2.7248862530104816,
      2.7259405199438334,
      2.723418198991567,
      2.7315001962706447,
      2.7285695769824088,
      2.7291882932186127,
      2.7281967643648386,
      2.7248396277427673,
      2.720103075262159,
      2.726744499988854,
      2.72084370162338,
      2.731523114722222,
      2.725788979791105,
      2.729074003174901,
      2.7163601210340858,
      2.745914719067514,
      2.722159834112972,
      2.725315285846591,
      2.727559921797365,
      2.724887245334685,
      2.7231928599067032,
      2.732415250968188,
      2.726354288868606,
      2.7337379227392375,
      2.727187692653388,
      2.7440877039916813,
      2.728722264058888,
      2.734084310941398,
      2.721600496210158,
      2.727172700688243,
      2.724038986954838,
      2.7299736319109797,
      2.720104420091957,
      2.732200689148158,
      2.7274685613811016,
      2.7288344888947904,
      2.7307072090916336,
      2.7326947092078626,
      2.7299453476443887,
      2.7331634489819407,
      2.7319059278815985,
      2.7337298151105642,
      2.72094039991498,
      2.7272209050133824,
      2.727182290982455,
      2.7279315521009266,
      2.72697732411325,
