{
  "mpi_implementation": "openmpi",
  "operation": "broadcast",
  "num_ranks": 4,
  "tensor_shape": {
    "batch": 32,
    "seq_len": 1,
    "hidden_dim": 2048
  },
  "num_elements": 65536,
  "tensor_size_bytes": 131072,
  "tensor_size_mb": 0.125,
  "dtype": "bfloat16",
  "dtype_note": "Generated as bf16, converted to fp32 for MPI, size reported as bf16",
  "warmup_iterations": 10,
  "measurement_iterations": 100,
  "timing_method": "time.perf_counter()",
  "timings": [
    [
      7.616309449076653e-05,
      5.4910313338041306e-05,
      5.199341103434563e-05,
      5.163298919796944e-05,
      5.3023919463157654e-05,
      5.222205072641373e-05,
      5.562976002693176e-05,
      4.933914169669151e-05,
      5.055265501141548e-05,
      5.044415593147278e-05,
      5.184905603528023e-05,
      5.229935050010681e-05,
      4.991795867681503e-05,
      5.0827860832214355e-05,
      5.2323099225759506e-05,
      5.137734115123749e-05,
      5.073472857475281e-05,
      5.3199008107185364e-05,
      5.1909126341342926e-05,
      5.552731454372406e-05,
      5.224812775850296e-05,
      5.277199670672417e-05,
      5.4684001952409744e-05,
      5.2026938647031784e-05,
      5.319295451045036e-05,
      5.382439121603966e-05,
      5.20157627761364e-05,
      4.959991201758385e-05,
      5.210796371102333e-05,
      4.986301064491272e-05,
      5.239900201559067e-05,
      5.2197836339473724e-05,
      5.3165946155786514e-05,
      5.165114998817444e-05,
      5.1856040954589844e-05,
      6.110221147537231e-05,
      5.18234446644783e-05,
      5.1925890147686005e-05,
      5.200877785682678e-05,
      5.0347764045000076e-05,
      5.338480696082115e-05,
      5.2298884838819504e-05,
      5.056289955973625e-05,
      5.086790770292282e-05,
      5.9244222939014435e-05,
      5.222810432314873e-05,
      5.340762436389923e-05,
      5.0712842494249344e-05,
      5.2659772336483e-05,
      5.176616832613945e-05,
      5.168607458472252e-05,
      5.202414467930794e-05,
      5.2037183195352554e-05,
      5.657970905303955e-05,
      4.9991998821496964e-05,
      5.294801667332649e-05,
      4.936615005135536e-05,
      5.289493128657341e-05,
      5.234312266111374e-05,
      5.669286474585533e-05,
      5.459878593683243e-05,
      5.2875373512506485e-05,
      5.519995465874672e-05,
      5.117477849125862e-05,
      5.3273048251867294e-05,
      5.0931237637996674e-05,
      5.3477007895708084e-05,
      5.199108272790909e-05,
      5.1987357437610626e-05,
      5.2298884838819504e-05,
      5.150400102138519e-05,
      5.1138922572135925e-05,
      5.24730421602726e-05,
      5.3314026445150375e-05,
      5.1792245358228683e-05,
      5.0683971494436264e-05,
      5.0865113735198975e-05,
      5.112402141094208e-05,
      6.264215335249901e-05,
      6.121862679719925e-05,
      5.167815834283829e-05,
      5.4157804697752e-05,
      5.3907278925180435e-05,
      5.2889809012413025e-05,
      5.0980597734451294e-05,
      5.02467155456543e-05,
      5.9511978179216385e-05,
      5.2521005272865295e-05,
      5.101785063743591e-05,
      5.402136594057083e-05,
      5.16669824719429e-05,
      5.515618249773979e-05,
      5.222717300057411e-05,
      5.045020952820778e-05,
      5.136197432875633e-05,
      6.120884791016579e-05,
      5.262577906250954e-05,
      5.217595025897026e-05,
      5.24250790476799e-05,
      5.422299727797508e-05
    ],
    [
      7.540034130215645e-05,
      5.4022762924432755e-05,
      5.123624578118324e-05,
      5.0451140850782394e-05,
      5.244975909590721e-05,
      4.330882802605629e-05,
      5.239713937044144e-05,
      4.728185012936592e-05,
      4.8475805670022964e-05,
      4.808325320482254e-05,
      5.132891237735748e-05,
      5.111983045935631e-05,
      4.770606756210327e-05,
      4.715612158179283e-05,
      4.851166158914566e-05,
      5.083996802568436e-05,
      4.702480509877205e-05,
      5.228305235505104e-05,
      5.146907642483711e-05,
      5.01568429172039e-05,
      5.1522161811590195e-05,
      4.886370152235031e-05,
      4.8552174121141434e-05,
      5.117291584610939e-05,
      4.914402961730957e-05,
      5.1159877330064774e-05,
      4.8356130719184875e-05,
      4.762597382068634e-05,
      4.851212725043297e-05,
      4.84539195895195e-05,
      5.0758011639118195e-05,
      4.778290167450905e-05,
      5.284696817398071e-05,
      4.8994552344083786e-05,
      4.881294444203377e-05,
      5.978019908070564e-05,
      5.1421113312244415e-05,
      4.1188206523656845e-05,
      5.079992115497589e-05,
      4.9134716391563416e-05,
      5.0107017159461975e-05,
      5.044834688305855e-05,
      4.8290006816387177e-05,
      4.612607881426811e-05,
      5.3077004849910736e-05,
      5.0859060138463974e-05,
      5.1927752792835236e-05,
      4.941178485751152e-05,
      4.707789048552513e-05,
      5.111703649163246e-05,
      4.7900713980197906e-05,
      4.9173831939697266e-05,
      4.982808604836464e-05,
      5.1449984312057495e-05,
      4.8730988055467606e-05,
      5.1318202167749405e-05,
      4.6830158680677414e-05,
      4.8247165977954865e-05,
      4.893029108643532e-05,
      5.007907748222351e-05,
      5.411682650446892e-05,
      5.05116768181324e-05,
      5.4595060646533966e-05,
      4.6321190893650055e-05,
      5.117477849125862e-05,
      4.803808405995369e-05,
      5.263322964310646e-05,
      5.1036011427640915e-05,
      5.06499782204628e-05,
      4.993891343474388e-05,
      5.090516060590744e-05,
      5.014939233660698e-05,
      5.0638336688280106e-05,
      5.008932203054428e-05,
      5.0939153879880905e-05,
      4.894379526376724e-05,
      4.963483661413193e-05,
      4.985416308045387e-05,
      6.164005026221275e-05,
      6.018904969096184e-05,
      5.1354989409446716e-05,
      5.106627941131592e-05,
      4.988210275769234e-05,
      5.247211083769798e-05,
      5.050003528594971e-05,
      4.723900929093361e-05,
      5.889870226383209e-05,
      4.960689693689346e-05,
      4.980713129043579e-05,
      5.095405504107475e-05,
      4.9890950322151184e-05,
      4.97656874358654e-05,
      5.073891952633858e-05,
      4.889490082859993e-05,
      4.891306161880493e-05,
      6.076693534851074e-05,
      5.1524024456739426e-05,
      4.8673246055841446e-05,
      5.016801878809929e-05,
      5.343509837985039e-05
    ],
    [
      7.54757784307003e-05,
      4.81288880109787e-05,
      5.012424662709236e-05,
      5.130469799041748e-05,
      5.2897725254297256e-05,
      5.1904935389757156e-05,
      5.479203537106514e-05,
      4.868069663643837e-05,
      4.956824705004692e-05,
      4.9905385822057724e-05,
      4.902435466647148e-05,
      5.189375951886177e-05,
      4.9015041440725327e-05,
      4.9942173063755035e-05,
      5.174381658434868e-05,
      4.9551017582416534e-05,
      5.0123315304517746e-05,
      4.9670226871967316e-05,
      5.042506381869316e-05,
      5.4999254643917084e-05,
      5.101272836327553e-05,
      5.204696208238602e-05,
      5.4194126278162e-05,
      5.1312148571014404e-05,
      5.264114588499069e-05,
      5.2582938224077225e-05,
      5.132704973220825e-05,
      4.8640184104442596e-05,
      5.1299575716257095e-05,
      4.9262773245573044e-05,
      5.141785368323326e-05,
      5.143694579601288e-05,
      5.026394501328468e-05,
      5.087628960609436e-05,
      5.126791074872017e-05,
      6.0921069234609604e-05,
      4.9631111323833466e-05,
      5.156034603714943e-05,
      5.146302282810211e-05,
      4.9666035920381546e-05,
      5.2921008318662643e-05,
      5.1425304263830185e-05,
      4.9890950322151184e-05,
      5.020713433623314e-05,
      5.8780889958143234e-05,
      5.144532769918442e-05,
      5.304301157593727e-05,
      4.98499721288681e-05,
      5.187187343835831e-05,
      4.753377288579941e-05,
      5.0836242735385895e-05,
      5.145696923136711e-05,
      5.145883187651634e-05,
      5.61675988137722e-05,
      4.9375928938388824e-05,
      5.235802382230759e-05,
