{
  "mpi_implementation": "openmpi",
  "operation": "allreduce",
  "num_ranks": 4,
  "tensor_shape": {
    "batch": 1,
    "seq_len": 1,
    "hidden_dim": 2048
  },
  "num_elements": 2048,
  "tensor_size_bytes": 4096,
  "tensor_size_mb": 0.00390625,
  "dtype": "bfloat16",
  "dtype_note": "Generated as bf16, converted to fp32 for MPI, size reported as bf16",
  "warmup_iterations": 10,
  "measurement_iterations": 100,
  "timing_method": "time.perf_counter()",
  "timings": [
    [
      4.8924703150987625e-05,
      4.423130303621292e-05,
      4.365714266896248e-05,
      4.2310915887355804e-05,
      5.2758026868104935e-05,
      4.559103399515152e-05,
      4.761805757880211e-05,
      4.7380104660987854e-05,
      4.526134580373764e-05,
      4.172511398792267e-05,
      4.162406548857689e-05,
      4.1078776121139526e-05,
      4.159938544034958e-05,
      4.4046901166439056e-05,
      4.1567254811525345e-05,
      4.3773092329502106e-05,
      4.058098420500755e-05,
      4.1312072426080704e-05,
      4.1983090341091156e-05,
      4.075700417160988e-05,
      4.1114166378974915e-05,
      4.264200106263161e-05,
      4.0723010897636414e-05,
      4.1204970329999924e-05,
      4.278775304555893e-05,
      4.067691043019295e-05,
      4.644598811864853e-05,
      3.965897485613823e-05,
      4.301220178604126e-05,
      4.10950742661953e-05,
      4.329998046159744e-05,
      4.1659921407699585e-05,
      4.202593117952347e-05,
      4.276493564248085e-05,
      4.170369356870651e-05,
      4.1919760406017303e-05,
      4.174374043941498e-05,
      4.145968705415726e-05,
      4.296004772186279e-05,
      4.176795482635498e-05,
      4.1258055716753006e-05,
      4.045199602842331e-05,
      4.1392166167497635e-05,
      4.250695928931236e-05,
      4.143593832850456e-05,
      4.1910912841558456e-05,
      4.2257364839315414e-05,
      4.009995609521866e-05,
      4.239799454808235e-05,
      4.179961979389191e-05,
      4.77018766105175e-05,
      4.2125117033720016e-05,
      4.1068997234106064e-05,
      4.094000905752182e-05,
      4.037097096443176e-05,
      4.074675962328911e-05,
      4.214281216263771e-05,
      4.157423973083496e-05,
      4.065409302711487e-05,
      4.1767023503780365e-05,
      4.2209867388010025e-05,
      4.101777449250221e-05,
      4.1859690099954605e-05,
      4.211021587252617e-05,
      4.1851308196783066e-05,
      3.944104537367821e-05,
      4.126131534576416e-05,
      4.2901840060949326e-05,
      4.150206223130226e-05,
      4.213815554976463e-05,
      4.001474007964134e-05,
      4.2045023292303085e-05,
      4.117703065276146e-05,
      4.5761000365018845e-05,
      4.119286313652992e-05,
      4.129204899072647e-05,
      4.110205918550491e-05,
      4.050321877002716e-05,
      4.244362935423851e-05,
      4.132091999053955e-05,
      4.083290696144104e-05,
      4.170974716544151e-05,
      4.132511094212532e-05,
      4.0893908590078354e-05,
      4.215771332383156e-05,
      4.0928833186626434e-05,
      4.197796806693077e-05,
      4.210416227579117e-05,
      4.307227209210396e-05,
      4.0940940380096436e-05,
      4.149787127971649e-05,
      4.126736894249916e-05,
      4.17451374232769e-05,
      4.173861816525459e-05,
      4.1279010474681854e-05,
      4.113512113690376e-05,
      4.552723839879036e-05,
      4.116306081414223e-05,
      4.139728844165802e-05,
      4.127388820052147e-05
    ],
    [
      4.758080467581749e-05,
      4.343688488006592e-05,
      4.0943268686532974e-05,
      3.977213054895401e-05,
      4.873005673289299e-05,
      4.192627966403961e-05,
      4.2321160435676575e-05,
      4.194118082523346e-05,
      4.184059798717499e-05,
      3.9665959775447845e-05,
      3.995606675744057e-05,
      3.9082951843738556e-05,
      3.8662925362586975e-05,
      4.260614514350891e-05,
      3.993930295109749e-05,
      4.126178100705147e-05,
      3.9321836084127426e-05,
      3.975816071033478e-05,
      4.081008955836296e-05,
      3.870530053973198e-05,
      3.923894837498665e-05,
      3.993464633822441e-05,
      3.917887806892395e-05,
      4.045432433485985e-05,
      3.974325954914093e-05,
      3.9416830986738205e-05,
      4.417123273015022e-05,
      3.809807822108269e-05,
      4.062475636601448e-05,
      3.814511001110077e-05,
      4.096003249287605e-05,
      4.096701741218567e-05,
      4.1161663830280304e-05,
      4.06079925596714e-05,
      4.0133949369192123e-05,
      3.987783566117287e-05,
      3.90736386179924e-05,
      4.003383219242096e-05,
      4.182197153568268e-05,
      3.936793655157089e-05,
      3.980286419391632e-05,
      3.9173755794763565e-05,
      3.8498081266880035e-05,
      4.072114825248718e-05,
      3.915000706911087e-05,
      3.99341806769371e-05,
      4.065781831741333e-05,
      3.9313919842243195e-05,
      4.048878327012062e-05,
      3.95067036151886e-05,
      4.5239925384521484e-05,
      3.9404258131980896e-05,
      3.989599645137787e-05,
      3.9624981582164764e-05,
      3.823405131697655e-05,
      3.9075035601854324e-05,
      3.979960456490517e-05,
      3.993324935436249e-05,
      3.9171893149614334e-05,
      3.929995000362396e-05,
      3.9985403418540955e-05,
      3.954395651817322e-05,
      4.026712849736214e-05,
      4.054699093103409e-05,
      4.0743034332990646e-05,
      3.8475263863801956e-05,
      3.9360951632261276e-05,
      4.201289266347885e-05,
      4.023080691695213e-05,
      4.0399376302957535e-05,
      3.840215504169464e-05,
      4.084780812263489e-05,
      3.864802420139313e-05,
      4.507740959525108e-05,
      3.988528624176979e-05,
      3.853393718600273e-05,
      3.862427547574043e-05,
      3.9528124034404755e-05,
      4.0528830140829086e-05,
      3.998028114438057e-05,
      3.929482772946358e-05,
      3.927992656826973e-05,
      4.0479935705661774e-05,
      4.003802314400673e-05,
      4.0390994399785995e-05,
      3.938330337405205e-05,
      4.077702760696411e-05,
      3.987876698374748e-05,
      4.1672028601169586e-05,
      3.906385973095894e-05,
      3.886222839355469e-05,
      4.041893407702446e-05,
      4.0374696254730225e-05,
      3.9478763937950134e-05,
      4.016375169157982e-05,
      4.0424056351184845e-05,
      4.28520143032074e-05,
      3.900006413459778e-05,
      4.0242914110422134e-05,
      3.95728275179863e-05
    ],
    [
      4.680780693888664e-05,
      4.244595766067505e-05,
      4.16068360209465e-05,
      4.035886377096176e-05,
      4.903227090835571e-05,
      4.1806139051914215e-05,
      4.257122054696083e-05,
      4.311464726924896e-05,
      4.235701635479927e-05,
      4.035979509353638e-05,
      4.02349978685379e-05,
      3.936188295483589e-05,
      3.978610038757324e-05,
      4.2701605707407e-05,
      4.0508806705474854e-05,
      4.188995808362961e-05,
      3.959471359848976e-05,
      4.0457118302583694e-05,
      4.0626153349876404e-05,
      3.975909203290939e-05,
      4.010973498225212e-05,
      4.0702056139707565e-05,
      3.971206024289131e-05,
      4.0209852159023285e-05,
      4.0836166590452194e-05,
      3.973161801695824e-05,
      4.3272972106933594e-05,
      3.840075805783272e-05,
      4.137866199016571e-05,
      3.9878301322460175e-05,
      4.089204594492912e-05,
      4.0378887206315994e-05,
      3.957794979214668e-05,
      4.104338586330414e-05,
      4.050275310873985e-05,
      4.023825749754906e-05,
      3.9346981793642044e-05,
      3.9869919419288635e-05,
      4.143593832850456e-05,
      3.994675353169441e-05,
      3.994768485426903e-05,
      3.9585866034030914e-05,
      3.9623118937015533e-05,
      4.1286926716566086e-05,
      3.968598321080208e-05,
      4.05656173825264e-05,
      4.13237139582634e-05,
      3.9563048630952835e-05,
      4.063080996274948e-05,
      4.082918167114258e-05,
      4.590628668665886e-05,
      4.005897790193558e-05,
      4.024198278784752e-05,
      3.8798898458480835e-05,
      3.877095878124237e-05,
      3.9645005017519e-05,
