{
  "mpi_implementation": "openmpi",
  "operation": "broadcast",
  "num_ranks": 4,
  "tensor_shape": {
    "batch": 32,
    "seq_len": 8192,
    "hidden_dim": 2048
  },
  "num_elements": 536870912,
  "tensor_size_bytes": 1073741824,
  "tensor_size_mb": 1024.0,
  "dtype": "bfloat16",
  "dtype_note": "Generated as bf16, converted to fp32 for MPI, size reported as bf16",
  "warmup_iterations": 10,
  "measurement_iterations": 100,
  "timing_method": "time.perf_counter()",
  "timings": [
    [
      0.45877537317574024,
      0.3079402749426663,
      0.30751734506338835,
      0.3074804157949984,
      0.3076453013345599,
      0.30734510300680995,
      0.30737666599452496,
      0.3074089870788157,
      0.3070884831249714,
      0.30703002912923694,
      0.3070990117266774,
      0.307209849357605,
      0.30726902186870575,
      0.307084493804723,
      0.30691979220137,
      0.3069382873363793,
      0.3068792070262134,
      0.306991552002728,
      0.3078299858607352,
      0.30653207190334797,
      0.3068603598512709,
      0.30646874010562897,
      0.30620576441287994,
      0.30645221192389727,
      0.3065236690454185,
      0.3063106299377978,
      0.3061677631922066,
      0.30626447312533855,
      0.30638065095990896,
      0.3060331316664815,
      0.30622480623424053,
      0.30622822791337967,
      0.3060793178156018,
      0.30634292075410485,
      0.30619163205847144,
      0.30632144026458263,
      0.3061888227239251,
      0.3065589927136898,
      0.3062107400037348,
      0.3061450030654669,
      0.30747030582278967,
      0.306446704082191,
      0.30634795408695936,
      0.30640781484544277,
      0.30650711711496115,
      0.3062569620087743,
      0.30626720702275634,
      0.30611056508496404,
      0.3061959370970726,
      0.3061920120380819,
      0.3061175639741123,
      0.3060835166834295,
      0.3061819192953408,
      0.3060218933969736,
      0.3061247211880982,
      0.3059504609555006,
      0.3062695008702576,
      0.3060158980078995,
      0.3061555768363178,
      0.30618058890104294,
      0.306161911226809,
      0.30600685300305486,
      0.3073325608856976,
      0.30626911018043756,
      0.3062243787571788,
      0.30589632177725434,
      0.30604647286236286,
      0.3061674735508859,
      0.30628788098692894,
      0.30620300862938166,
      0.30606531584635377,
      0.3059436269104481,
      0.3060611141845584,
      0.3059649048373103,
      0.3060273537412286,
      0.30612178705632687,
      0.3059283890761435,
      0.30601092521101236,
      0.30594839388504624,
      0.306082583963871,
      0.3058584639802575,
      0.306171964854002,
      0.30590209690853953,
      0.3059081551618874,
      0.3073233258910477,
      0.30664352513849735,
      0.30627671675756574,
      0.3062584870494902,
      0.30620129220187664,
      0.3061578432098031,
      0.3062306186184287,
      0.30598491383716464,
      0.3061927002854645,
      0.30591232795268297,
      0.30629611294716597,
      0.3061881638132036,
      0.30608315858989954,
      0.3059455966576934,
      0.3059752890840173,
      0.3059665928594768
    ],
    [
      0.9133648439310491,
      0.6126549080945551,
      0.6119512193836272,
      0.611487696878612,
      0.611452772282064,
      0.6112524531781673,
      0.6110840691253543,
      0.611262921243906,
      0.6108695957809687,
      0.6105858981609344,
      0.6107243350706995,
      0.610668649431318,
      0.6103897411376238,
      0.6103368871845305,
      0.6100073889829218,
      0.6102395039051771,
      0.6099671609699726,
      0.6099406098946929,
      0.6118187899701297,
      0.6101171039044857,
      0.6103903311304748,
      0.6097910930402577,
      0.6092487243004143,
      0.609471004921943,
      0.6093635829165578,
      0.6089999130927026,
      0.6090389699675143,
      0.6090075629763305,
      0.6094584120437503,
      0.6088634170591831,
      0.6090053915977478,
      0.6089432798326015,
      0.6087538036517799,
      0.6089521939866245,
      0.6086763390339911,
      0.6087390477769077,
      0.6087487167678773,
      0.6092782537452877,
      0.6086761932820082,
      0.6086661219596863,
      0.6109203319065273,
      0.6096712108701468,
      0.6091690179891884,
      0.6091327560134232,
      0.609393103979528,
      0.6090660379268229,
      0.6089975740760565,
      0.6087170829996467,
      0.6086019868962467,
      0.6087643252685666,
      0.6087033310905099,
      0.6087967501953244,
      0.6086624669842422,
      0.6083007007837296,
      0.6086098509840667,
      0.6083107427693903,
      0.6084783948026597,
      0.6082329791970551,
      0.6084885960444808,
      0.6083865920081735,
      0.6083493339829147,
      0.6083728200756013,
      0.610939078964293,
      0.6093671033158898,
      0.609031839761883,
      0.6086562708951533,
      0.6087179523892701,
      0.6087810699827969,
      0.6090569836087525,
      0.6086066998541355,
      0.6085949586704373,
      0.6083089336752892,
      0.6086546992883086,
      0.608748571947217,
      0.6084399321116507,
      0.6083734291605651,
      0.60818757629022,
      0.6082830666564405,
      0.6081683221273124,
      0.6083531491458416,
      0.6080800630152225,
      0.6085098329931498,
      0.608006564900279,
      0.6081742611713707,
      0.6109119639731944,
      0.6095146359875798,
      0.6088531580753624,
      0.6089652399532497,
      0.6088540172204375,
      0.6085424097254872,
      0.6085854042321444,
      0.608367548789829,
      0.6085073109716177,
      0.6082312511280179,
      0.6086297687143087,
      0.60856062034145,
      0.6084631471894681,
      0.6080639478750527,
      0.6083976617082953,
      0.6095853792503476
    ],
    [
      1.3678839160129428,
      0.9147845800034702,
      0.9137981929816306,
      0.9134575519710779,
      0.9134857691824436,
      0.9133385098539293,
      0.9130740868858993,
      0.913621645886451,
      0.9130914229899645,
      0.9126498899422586,
      0.9128305739723146,
      0.9129071901552379,
      0.9125584773719311,
      0.9125858200713992,
      0.9123225039802492,
      0.9125828761607409,
      0.9121775841340423,
      0.9126032213680446,
      0.91548011591658,
      0.9138545510359108,
      0.9137745201587677,
      0.9130687778815627,
      0.9125241879373789,
      0.9126059752888978,
      0.9125087959691882,
      0.9122947477735579,
      0.9120891359634697,
      0.9122301391325891,
      0.9125928329303861,
      0.911862697917968,
      0.9121949747204781,
      0.9119608011096716,
      0.9120528399944305,
      0.9120727670378983,
      0.9115630136802793,
      0.9117171778343618,
      0.9115569633431733,
      0.9123677327297628,
      0.9117453480139375,
      0.9120556460693479,
      0.914524985011667,
      0.9132437058724463,
      0.9125202889554203,
      0.9124499107711017,
      0.9126324262470007,
      0.9122207537293434,
      0.9120908812619746,
      0.9116802853532135,
      0.9116452001035213,
      0.9118338478729129,
      0.9116990868933499,
      0.9119475451298058,
      0.9115987992845476,
      0.9114226023666561,
      0.9116996750235558,
      0.9113952969200909,
      0.9115942199714482,
      0.9113631481304765,
      0.9115240955725312,
      0.9114957707934082,
      0.9113223659805954,
      0.9117299499921501,
      0.9149176678620279,
      0.912922419141978,
      0.9124241471290588,
      0.912064956035465,
      0.9119059043005109,
      0.912235104944557,
      0.9121897877193987,
      0.9117103922180831,
      0.9117193049751222,
      0.9115973059087992,
      0.9119232925586402,
      0.9121042680926621,
      0.9115463122725487,
      0.9113301108591259,
      0.9113739840686321,
      0.9115074351429939,
      0.9113996629603207,
      0.9114115471020341,
      0.9112820066511631,
      0.9113800562918186,
      0.9112021857872605,
      0.9114381591789424,
      0.9146375600248575,
      0.9130654209293425,
      0.912242510356009,
