{
  "mpi_implementation": "openmpi",
  "operation": "broadcast",
  "num_ranks": 4,
  "tensor_shape": {
    "batch": 32,
    "seq_len": 4096,
    "hidden_dim": 2048
  },
  "num_elements": 268435456,
  "tensor_size_bytes": 536870912,
  "tensor_size_mb": 512.0,
  "dtype": "bfloat16",
  "dtype_note": "Generated as bf16, converted to fp32 for MPI, size reported as bf16",
  "warmup_iterations": 10,
  "measurement_iterations": 100,
  "timing_method": "time.perf_counter()",
  "timings": [
    [
      0.22929400065913796,
      0.1540998825803399,
      0.15379078267142177,
      0.15377189917489886,
      0.15371990203857422,
      0.15355601534247398,
      0.15360139915719628,
      0.15352966729551554,
      0.15358707262203097,
      0.15353420889005065,
      0.1534914611838758,
      0.15346174826845527,
      0.1535662980750203,
      0.15335091575980186,
      0.1533972229808569,
      0.15335481334477663,
      0.1533867521211505,
      0.15334153175354004,
      0.15337361302226782,
      0.15313902404159307,
      0.1531397351063788,
      0.1532234330661595,
      0.15310111409053206,
      0.15323333581909537,
      0.15312703605741262,
      0.15313564101234078,
      0.1531530451029539,
      0.15313013084232807,
      0.1532024242915213,
      0.15302849700674415,
      0.15310569386929274,
      0.15310416091233492,
      0.15311118913814425,
      0.15309240901842713,
      0.15320962900295854,
      0.15318377688527107,
      0.15301403123885393,
      0.15307869296520948,
      0.15309970593079925,
      0.15377274807542562,
      0.1529327780008316,
      0.15289286617189646,
      0.15285981260240078,
      0.15283617796376348,
      0.15274169482290745,
      0.15284965792670846,
      0.15277179889380932,
      0.1527986410073936,
      0.1527341939508915,
      0.15272462693974376,
      0.15261320630088449,
      0.1526351203210652,
      0.15264501422643661,
      0.15269339783117175,
      0.15270132198929787,
      0.15268765902146697,
      0.15279853669926524,
      0.15273980796337128,
      0.15256672399118543,
      0.15272302413359284,
      0.15274457819759846,
      0.15274120355024934,
      0.15276916418224573,
      0.15271956799551845,
      0.15258037811145186,
      0.15277847880497575,
      0.15267024980857968,
      0.15260903676971793,
      0.1526686060242355,
      0.15259852586314082,
      0.152682869695127,
      0.15258678793907166,
      0.15251269983127713,
      0.15252330666407943,
      0.15255532693117857,
      0.15263576433062553,
      0.15275205438956618,
      0.15261865593492985,
      0.15261152014136314,
      0.15262727392837405,
      0.15252243215218186,
      0.15259463479742408,
      0.15262395702302456,
      0.15355614200234413,
      0.1528679458424449,
      0.1525897290557623,
      0.1525066331960261,
      0.15255340607836843,
      0.15249546570703387,
      0.15244085201993585,
      0.15251968009397388,
      0.15247618313878775,
      0.15251103602349758,
      0.15245572058483958,
      0.15242197597399354,
      0.15253384225070477,
      0.15252196742221713,
      0.15235986793413758,
      0.15254585770890117,
      0.15234606293961406
    ],
    [
      0.4567860341630876,
      0.3065264681354165,
      0.30573229771107435,
      0.30540415504947305,
      0.3052215026691556,
      0.3049284559674561,
      0.30497641395777464,
      0.3048270456492901,
      0.30490496614947915,
      0.3046674062497914,
      0.3045604210346937,
      0.304523634724319,
      0.3045917907729745,
      0.3044456820935011,
      0.304344117641449,
      0.3042653417214751,
      0.3042602841742337,
      0.30445805098861456,
      0.3042794638313353,
      0.30393703328445554,
      0.3039783970452845,
      0.303960754070431,
      0.3038279600441456,
      0.30387791991233826,
      0.30381275014951825,
      0.30387487169355154,
      0.30365586979314685,
      0.30365881929174066,
      0.3038464328274131,
      0.3035245551727712,
      0.30371337197721004,
      0.30360088404268026,
      0.30373598309233785,
      0.3035531979985535,
      0.3037951020523906,
      0.3035740670748055,
      0.3034454877488315,
      0.3035120852291584,
      0.30365713592618704,
      0.3049780107103288,
      0.3036391516216099,
      0.30336620518937707,
      0.3032341147772968,
      0.30324067221954465,
      0.3030944559723139,
      0.3030618289485574,
      0.30289539182558656,
      0.3031335729174316,
      0.30297913076356053,
      0.3028999329544604,
      0.30279625905677676,
      0.30279255425557494,
      0.30284994607791305,
      0.3028454389423132,
      0.3027005922049284,
      0.3027042243629694,
      0.3029217040166259,
      0.30289612617343664,
      0.30267453473061323,
      0.3028255789540708,
      0.3027991931885481,
      0.3030610950663686,
      0.3027674527838826,
      0.30268628988415003,
      0.3025699811987579,
      0.3027892052195966,
      0.30268618278205395,
      0.3025965220294893,
      0.3026825347915292,
      0.30261260690167546,
      0.30270315194502473,
      0.3024612399749458,
      0.3023929297924042,
      0.302415007725358,
      0.30241839308291674,
      0.3024873989634216,
      0.30253248475492,
      0.30251464806497097,
      0.3025246891193092,
      0.3024724153801799,
      0.3024268001317978,
      0.3024305300787091,
      0.30261746933683753,
      0.3044938058592379,
      0.303346361964941,
      0.3029161631129682,
      0.3027507537044585,
      0.3028056160546839,
      0.30261542508378625,
      0.3025176478549838,
      0.3025556658394635,
      0.3025370789691806,
      0.30252828588709235,
      0.302381485234946,
      0.30237819626927376,
      0.30244623497128487,
      0.3024611519649625,
      0.30228463280946016,
      0.30236677872017026,
      0.30301536386832595
    ],
    [
      0.6844116868451238,
      0.45601357286795974,
      0.45495915319770575,
      0.45463243685662746,
      0.4546222910284996,
      0.4542129151523113,
      0.4543295409530401,
      0.45411166036501527,
      0.45433892821893096,
      0.45399692794308066,
      0.45394963398575783,
      0.45401877211406827,
      0.45404813904315233,
      0.4539400730282068,
      0.4539250237867236,
      0.45360049698501825,
      0.4538974049501121,
      0.4542701761238277,
      0.4539443259127438,
      0.4537126231007278,
      0.4537735660560429,
      0.45376541977748275,
      0.45340592227876186,
      0.45358058996498585,
      0.4535250458866358,
      0.45361286774277687,
      0.4533264762721956,
      0.4534127302467823,
      0.45354676712304354,
      0.4532527276314795,
      0.45342549495399,
      0.4532035253942013,
      0.45345880510285497,
      0.45334421191364527,
      0.4535351153463125,
      0.453311906196177,
      0.4532443289645016,
      0.45331913186237216,
      0.4545355448499322,
      0.4557851692661643,
      0.45426594698801637,
      0.45382412802428007,
      0.45362593326717615,
      0.4536238429136574,
      0.4534891489893198,
      0.45337074203416705,
      0.4531868388876319,
      0.4534012316726148,
      0.453182355966419,
      0.45315234921872616,
      0.45287789730355144,
      0.452921983320266,
      0.45313199423253536,
      0.4530476429499686,
      0.4528271649032831,
      0.4528750739991665,
      0.45319188199937344,
      0.4531064764596522,
      0.4528547339141369,
      0.4530946398153901,
      0.4530384219251573,
      0.4535600543022156,
      0.4530857019126415,
      0.4529135408811271,
      0.4528042720630765,
      0.4528650250285864,
      0.4528962215408683,
      0.4528734367340803,
      0.4528472190722823,
      0.45273349015042186,
      0.45295839570462704,
      0.45282670808956027,
      0.4525844659656286,
      0.4525602301582694,
      0.45254759583622217,
      0.4526052358560264,
      0.4527186877094209,
      0.45270118582993746,
      0.45277438405901194,
      0.4526746151968837,
      0.4526122957468033,
      0.45258230715990067,
