{
  "mpi_implementation": "openmpi",
  "operation": "broadcast",
  "num_ranks": 4,
  "tensor_shape": {
    "batch": 1,
    "seq_len": 2048,
    "hidden_dim": 4096
  },
  "num_elements": 8388608,
  "tensor_size_bytes": 16777216,
  "tensor_size_mb": 16.0,
  "dtype": "bfloat16",
  "dtype_note": "Generated as bf16, converted to fp32 for MPI, size reported as bf16",
  "warmup_iterations": 10,
  "measurement_iterations": 100,
  "timing_method": "time.perf_counter()",
  "timings": [
    [
      0.006159644108265638,
      0.003360997885465622,
      0.0032329708337783813,
      0.0031533590517938137,
      0.0031253579072654247,
      0.003112231846898794,
      0.0030965199694037437,
      0.003103150986135006,
      0.0030959961004555225,
      0.0031196209602057934,
      0.0031148791313171387,
      0.0031034843996167183,
      0.0031013689003884792,
      0.003090502228587866,
      0.0030760769732296467,
      0.0030783689580857754,
      0.003074983134865761,
      0.0030756350606679916,
      0.0030749421566724777,
      0.003071750048547983,
      0.0030648931860923767,
      0.0030699833296239376,
      0.0030584540218114853,
      0.0030690510757267475,
      0.0030679237097501755,
      0.0031542018987238407,
      0.0031472817063331604,
      0.0031394618563354015,
      0.0032036001794040203,
      0.0031724139116704464,
      0.003129611723124981,
      0.0031385677866637707,
      0.003111397847533226,
      0.003102957271039486,
      0.003100117202848196,
      0.0030989497900009155,
      0.0031017446890473366,
      0.0031237066723406315,
      0.00310036214068532,
      0.0031042969785630703,
      0.0030781859531998634,
      0.003077440895140171,
      0.003077288158237934,
      0.00307456124573946,
      0.0030777580104768276,
      0.0030681691132485867,
      0.0030825110152363777,
      0.0030910694040358067,
      0.003077699802815914,
      0.003072461113333702,
      0.003062289208173752,
      0.003081240225583315,
      0.003069068770855665,
      0.0030701737850904465,
      0.003115162719041109,
      0.0031726895831525326,
      0.003137533087283373,
      0.0031107659451663494,
      0.0031092087738215923,
      0.0031052078120410442,
      0.003106385003775358,
      0.0031126290559768677,
      0.003099968656897545,
      0.0030893180519342422,
      0.003087927121669054,
      0.00307849096134305,
      0.00306867528706789,
      0.003078056965023279,
      0.0030738995410501957,
      0.0030743000097572803,
      0.0030812681652605534,
      0.003078375943005085,
      0.0031082159839570522,
      0.003091102931648493,
      0.0030816690996289253,
      0.0030826213769614697,
      0.0030872891657054424,
      0.003081012051552534,
      0.003071230836212635,
      0.0030706156976521015,
      0.0030787670984864235,
      0.0030992538668215275,
      0.0030781878158450127,
      0.0031000091694295406,
      0.003077489323914051,
      0.0030785957351326942,
      0.003070543985813856,
      0.0030696960166096687,
      0.003067350946366787,
      0.0030726888217031956,
      0.0030919392593204975,
      0.0030773673206567764,
      0.0030808961018919945,
      0.003086478915065527,
      0.0030802409164607525,
      0.0030688163824379444,
      0.0030626230873167515,
      0.0030625401996076107,
      0.003190301824361086,
      0.003065976779907942
    ],
    [
      0.012123024091124535,
      0.006629481911659241,
      0.006374636199325323,
      0.006226508412510157,
      0.006137631833553314,
      0.006090507376939058,
      0.006040467880666256,
      0.006032164208590984,
      0.0060225967317819595,
      0.006032570730894804,
      0.006015520077198744,
      0.005985401105135679,
      0.005976468324661255,
      0.005950986873358488,
      0.005916448775678873,
      0.0059237112291157246,
      0.005905416794121265,
      0.005904784891754389,
      0.00589947123080492,
      0.005884291138499975,
      0.005875607952475548,
      0.005877163726836443,
      0.005853245034813881,
      0.005880720913410187,
      0.005857122130692005,
      0.0060236188583076,
      0.005973369348794222,
      0.005999366752803326,
      0.006027105264365673,
      0.005983952898532152,
      0.005917830858379602,
      0.005925399716943502,
      0.005891247186809778,
      0.005870369262993336,
      0.005863386671990156,
      0.005886738654226065,
      0.005880093201994896,
      0.005894033703953028,
      0.0058570681139826775,
      0.005840747617185116,
      0.005818871781229973,
      0.005804641172289848,
      0.005794875789433718,
      0.005798070225864649,
      0.005798297002911568,
      0.0057924180291593075,
      0.005800650920718908,
      0.005814511328935623,
      0.005799443926662207,
      0.005784633103758097,
      0.005777515936642885,
      0.005798135418444872,
      0.0057829502038657665,
      0.005798832047730684,
      0.005891589913517237,
      0.005928090773522854,
      0.005858727730810642,
      0.005833420902490616,
      0.00583264883607626,
      0.005819640122354031,
      0.005831996910274029,
      0.005835333839058876,
      0.005816266406327486,
      0.005795287899672985,
      0.005799551028758287,
      0.00578068383038044,
      0.005769767798483372,
      0.0057710628025233746,
      0.005761933047324419,
      0.005767407827079296,
      0.0057700020261108875,
      0.005768633913248777,
      0.005809966009110212,
      0.005782102234661579,
      0.0057722399942576885,
      0.005768531933426857,
      0.005776206962764263,
      0.005767743103206158,
      0.005759958177804947,
      0.005751369055360556,
      0.005765571724623442,
      0.005785177927464247,
      0.00576870096847415,
      0.005792161915451288,
      0.005761315114796162,
      0.005755721125751734,
      0.005751991178840399,
      0.0057457671500742435,
      0.005742555949836969,
      0.005735112354159355,
      0.0057719070464372635,
      0.005756823346018791,
      0.005751487798988819,
      0.00576952937990427,
      0.005752874072641134,
      0.005734022706747055,
      0.0057290238328278065,
      0.0057327658869326115,
      0.00585522223263979,
      0.005752825178205967
    ],
    [
      0.018352034967392683,
      0.010129434987902641,
      0.00979120610281825,
      0.009532485622912645,
      0.009421769995242357,
      0.009345673024654388,
      0.00928517896682024,
      0.009254381991922855,
      0.009282303042709827,
      0.00929653411731124,
      0.009256256744265556,
      0.009205082897096872,
      0.00918642058968544,
      0.009139671921730042,
      0.009102973155677319,
      0.009107266087085009,
      0.00907313684001565,
      0.009067877195775509,
      0.009071861393749714,
      0.009049360174685717,
      0.009035053662955761,
      0.009035758208483458,
      0.009015083778649569,
      0.009051020257174969,
      0.009024681989103556,
      0.009274655021727085,
      0.009201187174767256,
      0.009308899752795696,
      0.00928926421329379,
      0.00921343918889761,
      0.009110703133046627,
      0.009094040840864182,
      0.009088641032576561,
      0.009039560798555613,
      0.009007143322378397,
      0.009057226125150919,
      0.009052994661033154,
      0.009074901230633259,
      0.009025280829519033,
      0.008988377172499895,
      0.008949970826506615,
      0.008935074787586927,
      0.008916551247239113,
      0.008925914764404297,
      0.00892668729647994,
      0.008921175729483366,
      0.008926569949835539,
      0.00893925316631794,
      0.00892270216718316,
      0.008892962709069252,
      0.008898537140339613,
      0.008917237166315317,
      0.008897315245121717,
      0.008950113784521818,
      0.009128047153353691,
      0.009146739263087511,
      0.009036515839397907,
      0.008998174220323563,
      0.008987399749457836,
      0.008980901911854744,
      0.009004264138638973,
      0.009006423875689507,
      0.008957862854003906,
      0.008931718301028013,
      0.008933915756642818,
