{
  "mpi_implementation": "openmpi",
  "operation": "allgather",
  "num_ranks": 4,
  "tensor_shape": {
    "batch": 1,
    "seq_len": 4096,
    "hidden_dim": 4096
  },
  "num_elements": 16777216,
  "tensor_size_bytes": 33554432,
  "tensor_size_mb": 32.0,
  "dtype": "bfloat16",
  "dtype_note": "Generated as bf16, converted to fp32 for MPI, size reported as bf16",
  "warmup_iterations": 10,
  "measurement_iterations": 100,
  "timing_method": "time.perf_counter()",
  "timings": [
    [
      0.31465394608676434,
      0.32704447908326983,
      0.329599694814533,
      0.3275115513242781,
      0.3268648819066584,
      0.3269256567582488,
      0.32588420109823346,
      0.32460072822868824,
      0.32506575621664524,
      0.32772313989698887,
      0.32696092315018177,
      0.32665008679032326,
      0.3267808319069445,
      0.3243499859236181,
      0.3255900368094444,
      0.32798055512830615,
      0.3251600628718734,
      0.3276254623197019,
      0.3247322146780789,
      0.3259530500508845,
      0.32639018213376403,
      0.3259198609739542,
      0.3269371218048036,
      0.3250112538225949,
      0.32681941194459796,
      0.327803504653275,
      0.3255940009839833,
      0.32620633905753493,
      0.3267759522423148,
      0.32676868699491024,
      0.32591638807207346,
      0.3272790848277509,
      0.328678818885237,
      0.3286515213549137,
      0.3273945199325681,
      0.32581264013424516,
      0.3252753373235464,
      0.3281888086348772,
      0.3270033588632941,
      0.32812270475551486,
      0.3302506669424474,
      0.32841537799686193,
      0.32967904210090637,
      0.331109254155308,
      0.3259043707512319,
      0.32642652094364166,
      0.32895483914762735,
      0.3262342857196927,
      0.32533245999366045,
      0.32731132907792926,
      0.3273479249328375,
      0.32739175390452147,
      0.3276946032419801,
      0.3276049722917378,
      0.3301254133693874,
      0.3292191866785288,
      0.32709670811891556,
      0.325615300796926,
      0.3271209388040006,
      0.32695306465029716,
      0.328107126057148,
      0.32709111785516143,
      0.32875493727624416,
      0.32682229299098253,
      0.32640090212225914,
      0.3262217822484672,
      0.32930227601900697,
      0.33130736416205764,
      0.3257421040907502,
      0.3284655949100852,
      0.32890319311991334,
      0.32701055612415075,
      0.32617644034326077,
      0.32843743497505784,
      0.32885838113725185,
      0.32732470287010074,
      0.32975905295461416,
      0.32855185214430094,
      0.32691500009968877,
      0.32793987402692437,
      0.32782988296821713,
      0.3277100599370897,
      0.32684442214667797,
      0.329061069060117,
      0.3280007787980139,
      0.3287427369505167,
      0.328501776792109,
      0.3296733507886529,
      0.32799520203843713,
      0.32846291176974773,
      0.32606782810762525,
      0.3270891080610454,
      0.32853734213858843,
      0.3271301952190697,
      0.32825833605602384,
      0.32926297979429364,
      0.32635887805372477,
      0.3275893060490489,
      0.3280073730275035,
      0.3307816879823804
    ],
    [
      0.31495779985561967,
      0.3264517090283334,
      0.3280011862516403,
      0.32739549595862627,
      0.327471312135458,
      0.32779675209894776,
      0.33062503580003977,
      0.32504409179091454,
      0.32483392115682364,
      0.3286306131631136,
      0.3275309829041362,
      0.32772954320535064,
      0.3265308076515794,
      0.3251891233958304,
      0.3254320272244513,
      0.32813073601573706,
      0.32600861601531506,
      0.32682040706276894,
      0.3254944495856762,
      0.3254086971282959,
      0.32606636360287666,
      0.32754565263167024,
      0.3262580633163452,
      0.32540861517190933,
      0.32649020478129387,
      0.32727246172726154,
      0.32599026709795,
      0.3258218513801694,
      0.32639407413080335,
      0.32780217891559005,
      0.3249236950650811,
      0.32706458307802677,
      0.324744185898453,
      0.32639774307608604,
      0.3271586480550468,
      0.32536975806578994,
      0.32518359180539846,
      0.3283492741174996,
      0.32592577394098043,
      0.32817814499139786,
      0.3297255081124604,
      0.3294941047206521,
      0.32926243310794234,
      0.3306890958920121,
      0.3254742920398712,
      0.32638173596933484,
      0.32808339688926935,
      0.3264664732851088,
      0.324955060146749,
      0.3271001148968935,
      0.3262369642034173,
      0.32682746928185225,
      0.32716806512326,
      0.3275407636538148,
      0.32907358603551984,
      0.3287340300157666,
      0.326347345020622,
      0.32574630388990045,
      0.3268419187515974,
      0.32678674766793847,
      0.3278702888637781,
      0.32681594928726554,
      0.32814349699765444,
      0.32706517074257135,
      0.32673467323184013,
      0.3256855197250843,
      0.32970178313553333,
      0.32801724411547184,
      0.3254158063791692,
      0.3283226601779461,
      0.3279033428989351,
      0.3263367060571909,
      0.32551025319844484,
      0.32758922362700105,
      0.3287203502841294,
      0.32755686808377504,
      0.3286547954194248,
      0.3279593992047012,
      0.32598482770845294,
      0.3263021749444306,
      0.3273971788585186,
      0.3268501069396734,
      0.3262589438818395,
      0.3290841174311936,
      0.32668441673740745,
      0.3255171780474484,
      0.32903507677838206,
      0.32797048706561327,
      0.3260740311816335,
      0.3295586621388793,
      0.3254822068847716,
      0.32586796302348375,
      0.3292270149104297,
      0.3264411189593375,
      0.32616718392819166,
      0.3295924700796604,
      0.3257300700061023,
      0.32680498622357845,
      0.32860280526801944,
      0.32982449140399694
    ],
    [
      0.31294605089351535,
      0.32472464675083756,
      0.32567776227369905,
      0.3256643218919635,
      0.32388694398105145,
      0.32472519809380174,
      0.3245989130809903,
      0.32234053686261177,
      0.32276543974876404,
      0.32607100810855627,
      0.32539992732927203,
      0.32409690972417593,
      0.3244615732692182,
      0.32343090884387493,
      0.3238258231431246,
      0.3245344618335366,
      0.3263013628311455,
      0.32565992372110486,
      0.32928725704550743,
      0.32188928918913007,
      0.3238499681465328,
      0.32433272898197174,
      0.32518572313711047,
      0.32328131701797247,
      0.3243581159040332,
      0.3249916401691735,
      0.3240365469828248,
      0.32508479384705424,
      0.3239236888475716,
      0.32552043069154024,
      0.3233827278017998,
      0.3250045860186219,
      0.3226327458396554,
      0.32541795214638114,
      0.32408480579033494,
      0.32366503635421395,
      0.32282530795782804,
      0.3265075357630849,
      0.32394566386938095,
      0.3265093807131052,
      0.3271846300922334,
      0.32570137502625585,
      0.3272720966488123,
      0.32760226679965854,
      0.32349077705293894,
      0.32399571407586336,
      0.32571704033762217,
      0.3242909526452422,
      0.3229139340110123,
      0.324671464972198,
      0.3253769800066948,
      0.3242417946457863,
      0.32488267263397574,
      0.3255913099274039,
      0.32735325768589973,
      0.3260928438976407,
      0.3240658496506512,
      0.3239494888111949,
      0.3254082528874278,
      0.3242897200398147,
      0.3248141501098871,
      0.3243779679760337,
      0.3248265818692744,
      0.32491048285737634,
      0.3252275208942592,
      0.3239777581766248,
      0.3276757407002151,
      0.3274723431095481,
      0.32375342678278685,
      0.32545296708121896,
      0.3265448887832463,
      0.3260766048915684,
      0.3235765499994159,
      0.325005816295743,
      0.32667537685483694,
      0.3250528979115188,
      0.32556381775066257,
      0.3265862362459302,
      0.3242191378958523,
      0.32494414038956165,
      0.32625382812693715,
      0.3247728212736547,
      0.32508957432582974,
