{
  "implementation": "intelmpi",
  "operation": "allgather",
  "num_ranks": 4,
  "hidden_dim": 4096,
  "seq_len": 1,
  "batch": 16,
  "tensor_size_mb": 0.125,
  "num_elements": 65536,
  "mean_time_ms": 0.18084020586684346,
  "median_time_ms": 0.1796097494661808,
  "min_time_ms": 0.17647817730903625,
  "max_time_ms": 0.19334815442562103
}