{
  "implementation": "intelmpi",
  "operation": "allreduce",
  "num_ranks": 4,
  "hidden_dim": 4096,
  "seq_len": 2048,
  "batch": 8,
  "tensor_size_mb": 128.0,
  "num_elements": 67108864,
  "mean_time_ms": 1491.185373183107,
  "median_time_ms": 1491.2696203682572,
  "min_time_ms": 1478.5169870592654,
  "max_time_ms": 1497.345614247024
}