{
  "implementation": "intelmpi",
  "operation": "gather",
  "num_ranks": 4,
  "hidden_dim": 4096,
  "seq_len": 2048,
  "batch": 16,
  "tensor_size_mb": 256.0,
  "num_elements": 134217728,
  "mean_time_ms": 1553.5171046468895,
  "median_time_ms": 1250.4800609312952,
  "min_time_ms": 1241.7615740559995,
  "max_time_ms": 2489.8112500086427
}