{
  "implementation": "intelmpi",
  "operation": "reduce",
  "num_ranks": 4,
  "hidden_dim": 2048,
  "seq_len": 8192,
  "batch": 16,
  "tensor_size_mb": 512.0,
  "num_elements": 268435456,
  "mean_time_ms": 4059.517151266337,
  "median_time_ms": 4067.4020217265934,
  "min_time_ms": 3178.7806819193065,
  "max_time_ms": 4933.1814288161695
}