{
  "implementation": "intelmpi",
  "operation": "broadcast",
  "num_ranks": 4,
  "hidden_dim": 4096,
  "seq_len": 4096,
  "batch": 1,
  "tensor_size_mb": 32.0,
  "num_elements": 16777216,
  "mean_time_ms": 9.025781555101275,
  "median_time_ms": 8.934639859944582,
  "min_time_ms": 8.921412285417318,
  "max_time_ms": 16.620540991425514
}