{
  "implementation": "intelmpi",
  "operation": "gather",
  "num_ranks": 4,
  "hidden_dim": 4096,
  "seq_len": 4096,
  "batch": 1,
  "tensor_size_mb": 32.0,
  "num_elements": 16777216,
  "mean_time_ms": 191.8659869383555,
  "median_time_ms": 154.23601679503918,
  "min_time_ms": 153.13297370448709,
  "max_time_ms": 317.0769279822707
}