{
  "implementation": "intelmpi",
  "operation": "gather",
  "num_ranks": 4,
  "hidden_dim": 4096,
  "seq_len": 2048,
  "batch": 8,
  "tensor_size_mb": 128.0,
  "num_elements": 67108864,
  "mean_time_ms": 776.6537674586289,
  "median_time_ms": 621.4141726959497,
  "min_time_ms": 617.35824868083,
  "max_time_ms": 1260.274204891175
}