{
  "implementation": "intelmpi",
  "operation": "allreduce",
  "num_ranks": 4,
  "hidden_dim": 4096,
  "seq_len": 4096,
  "batch": 16,
  "tensor_size_mb": 512.0,
  "num_elements": 268435456,
  "mean_time_ms": 6009.753346934449,
  "median_time_ms": 6011.682779761031,
  "min_time_ms": 5945.8921030163765,
  "max_time_ms": 6025.788194965571
}