{
  "implementation": "intelmpi",
  "operation": "broadcast",
  "num_ranks": 4,
  "hidden_dim": 4096,
  "seq_len": 2048,
  "batch": 16,
  "tensor_size_mb": 256.0,
  "num_elements": 134217728,
  "mean_time_ms": 77.33954592375085,
  "median_time_ms": 76.67088997550309,
  "min_time_ms": 76.50974486023188,
  "max_time_ms": 130.73759619146585
}