{
  "implementation": "intelmpi",
  "operation": "allgather",
  "num_ranks": 8,
  "hidden_dim": 2048,
  "seq_len": 2048,
  "batch": 8,
  "tensor_size_mb": 64.0,
  "num_elements": 33554432,
  "mean_time_ms": 1273.8497782096965,
  "median_time_ms": 1275.1561347395182,
  "min_time_ms": 1130.225086119026,
  "max_time_ms": 1283.3620300516486
}