{
  "implementation": "intelmpi",
  "operation": "allgather",
  "num_ranks": 8,
  "hidden_dim": 4096,
  "seq_len": 1,
  "batch": 1,
  "tensor_size_mb": 0.0078,
  "num_elements": 4096,
  "mean_time_ms": 0.046024846960790455,
  "median_time_ms": 0.04580337554216385,
  "min_time_ms": 0.04393700510263443,
  "max_time_ms": 0.05357293412089348
}