{
  "implementation": "intelmpi",
  "operation": "broadcast",
  "num_ranks": 4,
  "hidden_dim": 4096,
  "seq_len": 8192,
  "batch": 8,
  "tensor_size_mb": 512.0,
  "num_elements": 268435456,
  "mean_time_ms": 155.06538616260514,
  "median_time_ms": 153.6017705220729,
  "min_time_ms": 153.34756392985582,
  "max_time_ms": 261.7124258540571
}