{
  "implementation": "intelmpi",
  "operation": "allgather",
  "num_ranks": 8,
  "hidden_dim": 4096,
  "seq_len": 2048,
  "batch": 16,
  "tensor_size_mb": 256.0,
  "num_elements": 134217728,
  "mean_time_ms": 4886.187665229081,
  "median_time_ms": 4892.4643765203655,
  "min_time_ms": 4417.243703268468,
  "max_time_ms": 4927.027900703251
}