{
  "implementation": "intelmpi",
  "operation": "reduce",
  "num_ranks": 4,
  "hidden_dim": 2048,
  "seq_len": 4096,
  "batch": 8,
  "tensor_size_mb": 128.0,
  "num_elements": 67108864,
  "mean_time_ms": 1008.0030190059914,
  "median_time_ms": 1011.4699571859092,
  "min_time_ms": 785.2802891284227,
  "max_time_ms": 1232.588074170053
}