{
  "implementation": "intelmpi",
  "operation": "allgather",
  "num_ranks": 4,
  "hidden_dim": 2048,
  "seq_len": 4096,
  "batch": 1,
  "tensor_size_mb": 16.0,
  "num_elements": 8388608,
  "mean_time_ms": 141.8786597205326,
  "median_time_ms": 141.237084986642,
  "min_time_ms": 133.1733432598412,
  "max_time_ms": 156.48181177675724
}