{
  "implementation": "intelmpi",
  "operation": "allreduce",
  "num_ranks": 4,
  "hidden_dim": 2048,
  "seq_len": 8192,
  "batch": 1,
  "tensor_size_mb": 32.0,
  "num_elements": 16777216,
  "mean_time_ms": 370.3447241173126,
  "median_time_ms": 370.37509912624955,
  "min_time_ms": 367.0558468438685,
  "max_time_ms": 372.3807968199253
}