{
  "implementation": "intelmpi",
  "operation": "broadcast",
  "num_ranks": 4,
  "hidden_dim": 4096,
  "seq_len": 8192,
  "batch": 16,
  "tensor_size_mb": 1024.0,
  "num_elements": 536870912,
  "mean_time_ms": 310.9183596842922,
  "median_time_ms": 308.09542699716985,
  "min_time_ms": 307.6710640452802,
  "max_time_ms": 522.175258025527
}