{
  "implementation": "intelmpi",
  "operation": "broadcast",
  "num_ranks": 4,
  "hidden_dim": 2048,
  "seq_len": 1,
  "batch": 32,
  "tensor_size_mb": 0.125,
  "num_elements": 65536,
  "mean_time_ms": 0.024724019458517432,
  "median_time_ms": 0.02511194907128811,
  "min_time_ms": 0.020420178771018982,
  "max_time_ms": 0.030281953513622284
}