{
  "implementation": "intelmpi",
  "operation": "allreduce",
  "num_ranks": 8,
  "hidden_dim": 4096,
  "seq_len": 8192,
  "batch": 32,
  "tensor_size_mb": 2048.0,
  "num_elements": 1073741824,
  "mean_time_ms": 32437.066191820195,
  "median_time_ms": 32436.27974903211,
  "min_time_ms": 31884.811740834266,
  "max_time_ms": 32538.288494106382
}