{
  "implementation": "intelmpi",
  "operation": "allreduce",
  "num_ranks": 8,
  "hidden_dim": 2048,
  "seq_len": 4096,
  "batch": 1,
  "tensor_size_mb": 16.0,
  "num_elements": 8388608,
  "mean_time_ms": 241.78139255964197,
  "median_time_ms": 242.0607430394739,
  "min_time_ms": 236.67210573330522,
  "max_time_ms": 243.8137959688902
}