{
  "implementation": "intelmpi",
  "operation": "allreduce",
  "num_ranks": 4,
  "hidden_dim": 4096,
  "seq_len": 4096,
  "batch": 1,
  "tensor_size_mb": 32.0,
  "num_elements": 16777216,
  "mean_time_ms": 370.46513207955286,
  "median_time_ms": 370.48947042785585,
  "min_time_ms": 367.4294329248369,
  "max_time_ms": 373.48615238443017
}