{
  "implementation": "intelmpi",
  "operation": "broadcast",
  "num_ranks": 4,
  "hidden_dim": 4096,
  "seq_len": 1,
  "batch": 8,
  "tensor_size_mb": 0.0625,
  "num_elements": 32768,
  "mean_time_ms": 0.016624140553176403,
  "median_time_ms": 0.01443689689040184,
  "min_time_ms": 0.010486692190170288,
  "max_time_ms": 0.034174881875514984
}