{
  "implementation": "intelmpi",
  "operation": "gather",
  "num_ranks": 4,
  "hidden_dim": 2048,
  "seq_len": 1,
  "batch": 8,
  "tensor_size_mb": 0.0312,
  "num_elements": 16384,
  "mean_time_ms": 0.025824939366430044,
  "median_time_ms": 0.017787795513868332,
  "min_time_ms": 0.01409091055393219,
  "max_time_ms": 0.0617150217294693
}