{
  "implementation": "intelmpi",
  "operation": "broadcast",
  "num_ranks": 4,
  "hidden_dim": 4096,
  "seq_len": 2048,
  "batch": 1,
  "tensor_size_mb": 16.0,
  "num_elements": 8388608,
  "mean_time_ms": 4.504205395933241,
  "median_time_ms": 4.4652719516307116,
  "min_time_ms": 4.454601090401411,
  "max_time_ms": 8.285521063953638
}