{
  "implementation": "intelmpi",
  "operation": "allreduce",
  "num_ranks": 8,
  "hidden_dim": 4096,
  "seq_len": 1,
  "batch": 32,
  "tensor_size_mb": 0.25,
  "num_elements": 131072,
  "mean_time_ms": 0.540029969997704,
  "median_time_ms": 0.5385114345699549,
  "min_time_ms": 0.5179340951144695,
  "max_time_ms": 0.6317631341516972
}