{
  "implementation": "intelmpi",
  "operation": "reduce",
  "num_ranks": 4,
  "hidden_dim": 4096,
  "seq_len": 2048,
  "batch": 8,
  "tensor_size_mb": 128.0,
  "num_elements": 67108864,
  "mean_time_ms": 1006.9251359975897,
  "median_time_ms": 1010.3631396777928,
  "min_time_ms": 784.1751649975777,
  "max_time_ms": 1230.6962818838656
}