{
  "implementation": "intelmpi",
  "operation": "allgather",
  "num_ranks": 8,
  "hidden_dim": 4096,
  "seq_len": 2048,
  "batch": 8,
  "tensor_size_mb": 128.0,
  "num_elements": 67108864,
  "mean_time_ms": 2503.430167607148,
  "median_time_ms": 2505.6202828418463,
  "min_time_ms": 2251.932349987328,
  "max_time_ms": 2537.1946720406413
}