{
  "implementation": "intelmpi",
  "operation": "gather",
  "num_ranks": 4,
  "hidden_dim": 4096,
  "seq_len": 1,
  "batch": 8,
  "tensor_size_mb": 0.0625,
  "num_elements": 32768,
  "mean_time_ms": 0.04309734329581261,
  "median_time_ms": 0.029643531888723373,
  "min_time_ms": 0.023295637220144272,
  "max_time_ms": 0.10218191891908646
}