{
  "implementation": "intelmpi",
  "operation": "allreduce",
  "num_ranks": 8,
  "hidden_dim": 2048,
  "seq_len": 2048,
  "batch": 16,
  "tensor_size_mb": 128.0,
  "num_elements": 67108864,
  "mean_time_ms": 2012.8003260452533,
  "median_time_ms": 2012.7157480455935,
  "min_time_ms": 1992.334885057062,
  "max_time_ms": 2031.7976190708578
}