{
  "implementation": "intelmpi",
  "operation": "reduce",
  "num_ranks": 4,
  "hidden_dim": 2048,
  "seq_len": 1,
  "batch": 16,
  "tensor_size_mb": 0.0625,
  "num_elements": 32768,
  "mean_time_ms": 0.06070244708098471,
  "median_time_ms": 0.060008373111486435,
  "min_time_ms": 0.045726075768470764,
  "max_time_ms": 0.08267117664217949
}