{
  "implementation": "intelmpi",
  "operation": "allreduce",
  "num_ranks": 4,
  "hidden_dim": 2048,
  "seq_len": 4096,
  "batch": 8,
  "tensor_size_mb": 128.0,
  "num_elements": 67108864,
  "mean_time_ms": 1490.1063845178578,
  "median_time_ms": 1489.859846420586,
  "min_time_ms": 1482.408840674907,
  "max_time_ms": 1501.0438398458064
}