{
  "implementation": "intelmpi",
  "operation": "reduce",
  "num_ranks": 4,
  "hidden_dim": 4096,
  "seq_len": 1,
  "batch": 32,
  "tensor_size_mb": 0.25,
  "num_elements": 131072,
  "mean_time_ms": 0.2285371778998524,
  "median_time_ms": 0.22245757281780243,
  "min_time_ms": 0.15990016981959343,
  "max_time_ms": 0.325067900121212
}