{
  "implementation": "intelmpi",
  "operation": "allgather",
  "num_ranks": 4,
  "hidden_dim": 2048,
  "seq_len": 2048,
  "batch": 1,
  "tensor_size_mb": 8.0,
  "num_elements": 4194304,
  "mean_time_ms": 34.93375546298921,
  "median_time_ms": 40.929351234808564,
  "min_time_ms": 24.4599599391222,
  "max_time_ms": 68.47436400130391
}