{
  "implementation": "intelmpi",
  "operation": "allgather",
  "num_ranks": 4,
  "hidden_dim": 4096,
  "seq_len": 1,
  "batch": 1,
  "tensor_size_mb": 0.0078,
  "num_elements": 4096,
  "mean_time_ms": 0.03975004889070988,
  "median_time_ms": 0.037585850805044174,
  "min_time_ms": 0.03392715007066727,
  "max_time_ms": 0.06700120866298676
}