{
  "implementation": "intelmpi",
  "operation": "allreduce",
  "num_ranks": 4,
  "hidden_dim": 2048,
  "seq_len": 8192,
  "batch": 16,
  "tensor_size_mb": 512.0,
  "num_elements": 268435456,
  "mean_time_ms": 6006.1474239767995,
  "median_time_ms": 6006.672964897007,
  "min_time_ms": 5942.208807915449,
  "max_time_ms": 6023.605067748576
}