{
  "implementation": "intelmpi",
  "operation": "gather",
  "num_ranks": 4,
  "hidden_dim": 4096,
  "seq_len": 4096,
  "batch": 8,
  "tensor_size_mb": 256.0,
  "num_elements": 134217728,
  "mean_time_ms": 1547.8030131943524,
  "median_time_ms": 1245.3053831122816,
  "min_time_ms": 1239.8964278399944,
  "max_time_ms": 2476.224602200091
}