{
  "implementation": "intelmpi",
  "operation": "gather",
  "num_ranks": 4,
  "hidden_dim": 2048,
  "seq_len": 1,
  "batch": 32,
  "tensor_size_mb": 0.125,
  "num_elements": 65536,
  "mean_time_ms": 0.08773814653977752,
  "median_time_ms": 0.04387088119983673,
  "min_time_ms": 0.041448045521974564,
  "max_time_ms": 0.22920779883861542
}