{
  "implementation": "intelmpi",
  "operation": "allreduce",
  "num_ranks": 8,
  "hidden_dim": 4096,
  "seq_len": 8192,
  "batch": 8,
  "tensor_size_mb": 512.0,
  "num_elements": 268435456,
  "mean_time_ms": 8140.185183041613,
  "median_time_ms": 8141.425569541752,
  "min_time_ms": 8003.312092274427,
  "max_time_ms": 8166.994369123131
}