{
  "implementation": "intelmpi",
  "operation": "allgather",
  "num_ranks": 4,
  "hidden_dim": 2048,
  "seq_len": 8192,
  "batch": 8,
  "tensor_size_mb": 256.0,
  "num_elements": 134217728,
  "mean_time_ms": 2495.6632779329084,
  "median_time_ms": 2493.3119593188167,
  "min_time_ms": 2333.3467268384993,
  "max_time_ms": 2544.2626820877194
}