{
  "implementation": "intelmpi",
  "operation": "allgather",
  "num_ranks": 4,
  "hidden_dim": 4096,
  "seq_len": 2048,
  "batch": 1,
  "tensor_size_mb": 16.0,
  "num_elements": 8388608,
  "mean_time_ms": 141.32208413328044,
  "median_time_ms": 140.9755398053676,
  "min_time_ms": 132.982624694705,
  "max_time_ms": 154.15159473195672
}