{
  "implementation": "intelmpi",
  "operation": "allreduce",
  "num_ranks": 4,
  "hidden_dim": 4096,
  "seq_len": 1,
  "batch": 32,
  "tensor_size_mb": 0.25,
  "num_elements": 131072,
  "mean_time_ms": 0.39603552548214793,
  "median_time_ms": 0.3932889085263014,
  "min_time_ms": 0.38605229929089546,
  "max_time_ms": 0.42777927592396736
}