{
  "implementation": "intelmpi",
  "operation": "allreduce",
  "num_ranks": 8,
  "hidden_dim": 4096,
  "seq_len": 2048,
  "batch": 32,
  "tensor_size_mb": 512.0,
  "num_elements": 268435456,
  "mean_time_ms": 8151.340297479765,
  "median_time_ms": 8151.933205779642,
  "min_time_ms": 8031.577184796333,
  "max_time_ms": 8172.336689196527
}