{
  "implementation": "intelmpi",
  "operation": "allgather",
  "num_ranks": 8,
  "hidden_dim": 2048,
  "seq_len": 1,
  "batch": 1,
  "tensor_size_mb": 0.0039,
  "num_elements": 2048,
  "mean_time_ms": 0.04131996596697718,
  "median_time_ms": 0.0407705083489418,
  "min_time_ms": 0.03643101081252098,
  "max_time_ms": 0.052039045840501785
}