{
  "implementation": "intelmpi",
  "operation": "allreduce",
  "num_ranks": 4,
  "hidden_dim": 2048,
  "seq_len": 1,
  "batch": 32,
  "tensor_size_mb": 0.125,
  "num_elements": 65536,
  "mean_time_ms": 0.18169618444517255,
  "median_time_ms": 0.1810144167393446,
  "min_time_ms": 0.17248233780264854,
  "max_time_ms": 0.20209001377224922
}