{
  "implementation": "intelmpi",
  "operation": "broadcast",
  "num_ranks": 4,
  "hidden_dim": 4096,
  "seq_len": 2048,
  "batch": 8,
  "tensor_size_mb": 128.0,
  "num_elements": 67108864,
  "mean_time_ms": 38.44790472299792,
  "median_time_ms": 38.15249539911747,
  "min_time_ms": 38.05086109787226,
  "max_time_ms": 65.55920327082276
}