{
  "implementation": "intelmpi",
  "operation": "allreduce",
  "num_ranks": 4,
  "hidden_dim": 4096,
  "seq_len": 8192,
  "batch": 16,
  "tensor_size_mb": 1024.0,
  "num_elements": 536870912,
  "mean_time_ms": 11971.909290407784,
  "median_time_ms": 11972.648883936927,
  "min_time_ms": 11834.01114307344,
  "max_time_ms": 12008.20178212598
}