{
  "implementation": "intelmpi",
  "operation": "allgather",
  "num_ranks": 4,
  "hidden_dim": 4096,
  "seq_len": 8192,
  "batch": 16,
  "tensor_size_mb": 1024.0,
  "num_elements": 536870912,
  "mean_time_ms": 9716.142782003153,
  "median_time_ms": 9664.022027514875,
  "min_time_ms": 9095.240923110396,
  "max_time_ms": 11688.71498433873
}