{
  "implementation": "intelmpi",
  "operation": "reduce",
  "num_ranks": 4,
  "hidden_dim": 4096,
  "seq_len": 4096,
  "batch": 8,
  "tensor_size_mb": 256.0,
  "num_elements": 134217728,
  "mean_time_ms": 2034.7425109369212,
  "median_time_ms": 2038.5335916653275,
  "min_time_ms": 1583.2092128694057,
  "max_time_ms": 2483.9556580409408
}