{
  "implementation": "intelmpi",
  "operation": "allreduce",
  "num_ranks": 8,
  "hidden_dim": 4096,
  "seq_len": 2048,
  "batch": 1,
  "tensor_size_mb": 16.0,
  "num_elements": 8388608,
  "mean_time_ms": 241.59234379359987,
  "median_time_ms": 241.79595452733338,
  "min_time_ms": 235.35494832322001,
  "max_time_ms": 246.54343724250793
}