{
  "implementation": "intelmpi",
  "operation": "broadcast",
  "num_ranks": 4,
  "hidden_dim": 2048,
  "seq_len": 2048,
  "batch": 32,
  "tensor_size_mb": 256.0,
  "num_elements": 134217728,
  "mean_time_ms": 77.17123777954839,
  "median_time_ms": 76.52578270062804,
  "min_time_ms": 76.39807695522904,
  "max_time_ms": 130.83067536354065
}