implementation,operation,num_ranks,hidden_dim,seq_len,batch,tensor_size_mb,num_elements,mean_time_ms,median_time_ms,min_time_ms,max_time_ms
deepspeed_oneccl,allreduce,8,2048,2048,8,64.0,33554432,38.34267012833152,38.30388165079057,36.8156498298049,40.498074144124985
deepspeed_oneccl,allreduce,8,2048,2048,16,128.0,67108864,74.40086693735793,74.48295364156365,70.1111564412713,77.76249898597598
deepspeed_oneccl,allreduce,8,2048,4096,8,128.0,67108864,73.8080200611148,73.8154670689255,71.99768302962184,75.6129682995379
deepspeed_oneccl,allreduce,8,2048,4096,16,256.0,134217728,142.94048937852494,143.2418222539127,136.81325362995267,146.49992669001222
deepspeed_oneccl,allreduce,8,4096,2048,8,128.0,67108864,73.63292904861737,73.67890677414834,70.28802344575524,75.75387507677078
deepspeed_oneccl,allreduce,8,4096,2048,16,256.0,134217728,142.94160060002469,143.1337569374591,134.81404213234782,145.4835617914796
deepspeed_oneccl,allreduce,8,4096,4096,8,256.0,134217728,144.30597487546038,144.49791982769966,139.82444535940886,147.7156737819314
deepspeed_oneccl,allreduce,8,4096,4096,16,512.0,268435456,278.8821782794548,279.36639497056603,267.9168111644685,288.64534525200725
