{
  "implementation": "deepspeed_oneccl",
  "operation": "allreduce",
  "num_ranks": 8,
  "hidden_dim": 4096,
  "seq_len": 4096,
  "batch": 16,
  "tensor_size_mb": 512.0,
  "num_elements": 268435456,
  "mean_time_ms": 278.8821782794548,
  "median_time_ms": 279.36639497056603,
  "min_time_ms": 267.9168111644685,
  "max_time_ms": 288.64534525200725
}