{
  "implementation": "deepspeed_oneccl",
  "operation": "allreduce",
  "num_ranks": 8,
  "hidden_dim": 4096,
  "seq_len": 2048,
  "batch": 8,
  "tensor_size_mb": 128.0,
  "num_elements": 67108864,
  "mean_time_ms": 73.63292904861737,
  "median_time_ms": 73.67890677414834,
  "min_time_ms": 70.28802344575524,
  "max_time_ms": 75.75387507677078
}