{
  "implementation": "deepspeed_oneccl",
  "operation": "allreduce",
  "num_ranks": 8,
  "hidden_dim": 4096,
  "seq_len": 2048,
  "batch": 16,
  "tensor_size_mb": 256.0,
  "num_elements": 134217728,
  "mean_time_ms": 142.94160060002469,
  "median_time_ms": 143.1337569374591,
  "min_time_ms": 134.81404213234782,
  "max_time_ms": 145.4835617914796
}