{
  "implementation": "deepspeed_oneccl",
  "operation": "allreduce",
  "num_ranks": 4,
  "hidden_dim": 2048,
  "seq_len": 4096,
  "batch": 16,
  "tensor_size_mb": 256.0,
  "num_elements": 134217728,
  "mean_time_ms": 110.75477768084966,
  "median_time_ms": 110.66279676742852,
  "min_time_ms": 105.23245390504599,
  "max_time_ms": 112.76783514767885
}