{
  "implementation": "deepspeed_oneccl",
  "operation": "allreduce",
  "num_ranks": 8,
  "hidden_dim": 2048,
  "seq_len": 2048,
  "batch": 16,
  "tensor_size_mb": 128.0,
  "num_elements": 67108864,
  "mean_time_ms": 74.42718475183938,
  "median_time_ms": 74.34871443547308,
  "min_time_ms": 72.80248729512095,
  "max_time_ms": 77.40910025313497
}