{
  "implementation": "deepspeed_oneccl",
  "operation": "allreduce",
  "num_ranks": 4,
  "hidden_dim": 4096,
  "seq_len": 4096,
  "batch": 16,
  "tensor_size_mb": 512.0,
  "num_elements": 268435456,
  "mean_time_ms": 220.9171440009959,
  "median_time_ms": 221.14341449923813,
  "min_time_ms": 206.19077421724796,
  "max_time_ms": 226.78670892491937
}