implementation,operation,num_ranks,hidden_dim,seq_len,batch,tensor_size_mb,num_elements,mean_time_ms,median_time_ms,min_time_ms,max_time_ms
oneccl_pytorch,allreduce,8,2048,2048,8,64.0,33554432,46.16286370321177,44.50887907296419,34.66735500842333,75.68778656423092
oneccl_pytorch,allreduce,8,2048,2048,16,128.0,67108864,82.39859295194037,81.29481226205826,70.02527080476284,117.6620190963149
oneccl_pytorch,allreduce,8,2048,4096,8,128.0,67108864,81.75262241857126,80.82835841923952,67.51304492354393,112.68196161836386
oneccl_pytorch,allreduce,8,2048,4096,16,256.0,134217728,153.37773593957536,152.15611783787608,135.89453138411045,182.68903996795416
oneccl_pytorch,allreduce,8,4096,2048,8,128.0,67108864,81.92173296469264,80.2229717373848,67.97739304602146,108.7814373895526
oneccl_pytorch,allreduce,8,4096,2048,16,256.0,134217728,153.11690592672676,151.66374715045094,138.39035481214523,181.26116134226322
oneccl_pytorch,allreduce,8,4096,4096,8,256.0,134217728,153.445364596555,152.40557584911585,132.91653525084257,181.6900447010994
oneccl_pytorch,allreduce,8,4096,4096,16,512.0,268435456,298.0207933706697,297.37104661762714,272.5810259580612,336.48531418293715
