{
  "mpi_implementation": "intelmpi",
  "operation": "broadcast",
  "num_ranks": 16,
  "data_size_name": "1MB",
  "num_elements": 262144,
  "dtype": "<class 'numpy.float16'>",
  "mean_time_us": 74.9799024197273,
  "median_time_us": 73.30370135605335,
  "min_time_us": 72.63291627168655,
  "max_time_us": 89.6938145160675,
  "std_dev_us": 3.3550313960123486,
  "p95_time_us": 81.27805776894093,
  "p99_time_us": 83.43105670064683,
  "load_imbalance_percent": 0.6385527671783628,
  "per_rank_means_us": [
    75.45868866145611,
    75.29303431510925,
    75.2447871491313,
    75.16204379498959,
    74.90021642297506,
    74.90028161555529,
    74.9373622238636,
    74.79679770767689,
    74.86578077077866,
    74.86370392143726,
    74.87144321203232,
    74.83556866645813,
    74.96205624192953,
    74.9230245128274,
    74.84145928174257,
    74.82219021767378
  ],
  "bandwidth_gbps": 87.1018814636375
}