{
  "mpi_implementation": "intelmpi",
  "operation": "allgather",
  "num_ranks": 16,
  "data_size_name": "64KB",
  "num_elements": 16384,
  "dtype": "<class 'numpy.float16'>",
  "mean_time_us": 112.94429743429646,
  "median_time_us": 110.52703484892845,
  "min_time_us": 105.53281754255295,
  "max_time_us": 216.1259762942791,
  "std_dev_us": 9.271960990022468,
  "p95_time_us": 121.44239153712988,
  "p99_time_us": 159.92111060768366,
  "load_imbalance_percent": 1.7244842526039064,
  "per_rank_means_us": [
    112.28099931031466,
    112.96121403574944,
    112.78371326625347,
    111.4092068746686,
    112.57997713983059,
    112.84170672297478,
    113.02734259516001,
    113.22872713208199,
    112.89410758763552,
    112.34018485993147,
    114.24112599343061,
    111.72038968652487,
    114.892004057765,
    112.53668460994959,
    113.97661175578833,
    113.39476332068443
  ],
  "bandwidth_gbps": 2.2592436983842785
}