{
  "mpi_implementation": "intelmpi",
  "operation": "gather",
  "num_ranks": 16,
  "data_size_name": "1MB",
  "num_elements": 262144,
  "dtype": "<class 'numpy.float16'>",
  "mean_time_us": 691.6730455122888,
  "median_time_us": 663.6525504291058,
  "min_time_us": 398.93295615911484,
  "max_time_us": 5655.880551785231,
  "std_dev_us": 409.5137483220395,
  "p95_time_us": 1545.4470179975033,
  "p99_time_us": 2578.4387253224813,
  "load_imbalance_percent": 133.97514342945084,
  "per_rank_means_us": [
    1618.3430003002286,
    635.9149143099785,
    538.5317513719201,
    652.5544635951519,
    476.3083206489682,
    642.3800950869918,
    641.4603814482689,
    753.2862992957234,
    473.9521164447069,
    599.798602052033,
    581.0211272910237,
    745.0336590409279,
    559.9978053942323,
    736.3785756751895,
    661.4043843001127,
    750.4032319411635
  ],
  "bandwidth_gbps": 1.3813056920967064
}