{
  "mpi_implementation": "intelmpi",
  "operation": "alltoall",
  "num_ranks": 16,
  "data_size_name": "64KB",
  "num_elements": 16384,
  "dtype": "<class 'numpy.float16'>",
  "mean_time_us": 117.04515549354255,
  "median_time_us": 116.01438745856285,
  "min_time_us": 110.78920215368271,
  "max_time_us": 152.84260734915733,
  "std_dev_us": 4.862347239257214,
  "p95_time_us": 125.1699635758996,
  "p99_time_us": 134.22624208033074,
  "load_imbalance_percent": 1.5146106082489381,
  "per_rank_means_us": [
    115.92377908527851,
    117.8420102223754,
    117.25053191184998,
    116.49938300251961,
    117.03718453645706,
    117.27804783731699,
    116.84346478432417,
    116.92880187183619,
    117.77643579989672,
    117.2057818621397,
    116.66364967823029,
    115.62272440642118,
    117.02372692525387,
    116.93364009261131,
    117.07539204508066,
    118.8179338350892
  ],
  "bandwidth_gbps": 3.1946671053874303
}