{
  "mpi_implementation": "intelmpi",
  "operation": "broadcast",
  "num_ranks": 16,
  "data_size_name": "16MB",
  "num_elements": 4194304,
  "dtype": "<class 'numpy.float16'>",
  "mean_time_us": 1298.7886532209814,
  "median_time_us": 1327.8806582093239,
  "min_time_us": 1205.3088285028934,
  "max_time_us": 1383.8852755725384,
  "std_dev_us": 56.11667765907635,
  "p95_time_us": 1370.253530330956,
  "p99_time_us": 1381.9948956370354,
  "load_imbalance_percent": 0.10969470256126133,
  "per_rank_means_us": [
    1300.2133555710316,
    1299.46393892169,
    1299.4070211425424,
    1299.252761527896,
    1298.5630985349417,
    1298.4642619267106,
    1298.7291347235441,
    1298.4502175822854,
    1298.4295655041933,
    1298.4445737674832,
    1298.5146418213844,
    1298.485272563994,
    1298.6475229263306,
    1298.514367081225,
    1298.4263524413109,
    1298.6123654991388
  ],
  "bandwidth_gbps": 90.3254064527027
}