{
  "mpi_implementation": "intelmpi",
  "operation": "sendrecv",
  "num_ranks": 16,
  "data_size_name": "1KB",
  "num_elements": 256,
  "dtype": "<class 'numpy.float16'>",
  "mean_time_us": 1.2694441829808056,
  "median_time_us": 1.2454111129045486,
  "min_time_us": 1.101754605770111,
  "max_time_us": 1.92178413271904,
  "std_dev_us": 0.10521988735944621,
  "p95_time_us": 1.490325666964054,
  "p99_time_us": 1.7128698527812956,
  "load_imbalance_percent": 2.882105160350915,
  "per_rank_means_us": [
    1.2598466128110886,
    1.2431992217898369,
    1.276172697544098,
    1.2568430975079536,
    1.2762844562530518,
    1.2406473979353905,
    1.2611225247383118,
    1.2667058035731316,
    1.215650700032711,
    1.280386932194233,
    1.2795813381671906,
    1.3060308992862701,
    1.3002986088395119,
    1.252349466085434,
    1.3022031635046005,
    1.2937840074300766
  ],
  "bandwidth_gbps": 3.969953961715532
}