{
  "mpi_implementation": "intelmpi",
  "operation": "gather",
  "num_ranks": 16,
  "data_size_name": "64KB",
  "num_elements": 16384,
  "dtype": "<class 'numpy.float16'>",
  "mean_time_us": 21.8827003845945,
  "median_time_us": 16.452278941869736,
  "min_time_us": 13.05295154452324,
  "max_time_us": 112.91587725281715,
  "std_dev_us": 21.596725762120126,
  "p95_time_us": 103.53541001677513,
  "p99_time_us": 107.48974978923798,
  "load_imbalance_percent": 381.7866418890811,
  "per_rank_means_us": [
    105.42792733758688,
    16.280957497656345,
    16.33799634873867,
    16.71920996159315,
    15.152357518672943,
    16.595409251749516,
    16.41879789531231,
    16.620378009974957,
    15.282547101378439,
    16.494649462401867,
    16.246717423200607,
    16.68479759246111,
    15.726559795439243,
    16.717691905796528,
    16.68973360210657,
    16.727475449442863
  ],
  "bandwidth_gbps": 4.324292224261295
}