{
  "mpi_implementation": "intelmpi",
  "operation": "broadcast",
  "num_ranks": 2,
  "data_size_name": "64KB",
  "num_elements": 16384,
  "dtype": "<class 'numpy.float16'>",
  "mean_time_us": 6.372558418661356,
  "median_time_us": 5.295500159263611,
  "min_time_us": 2.4619512259960175,
  "max_time_us": 18.170103430747986,
  "std_dev_us": 4.604698327989112,
  "p95_time_us": 16.966066323220726,
  "p99_time_us": 18.045930191874504,
  "load_imbalance_percent": 24.033199938764923,
  "per_rank_means_us": [
    4.841028712689877,
    7.904088124632836
  ],
  "bandwidth_gbps": 3.359097898513583
}