{
  "mpi_implementation": "intelmpi",
  "operation": "scatter",
  "num_ranks": 16,
  "data_size_name": "1MB",
  "num_elements": 262144,
  "dtype": "<class 'numpy.float16'>",
  "mean_time_us": 3129.599173553288,
  "median_time_us": 3395.040985196829,
  "min_time_us": 1237.7272360026836,
  "max_time_us": 5424.136761575937,
  "std_dev_us": 1758.378529302537,
  "p95_time_us": 4952.710308134556,
  "p99_time_us": 5258.867228403687,
  "load_imbalance_percent": 9.499997771830387,
  "per_rank_means_us": [
    3426.9110253080726,
    3030.6254466995597,
    3083.989294245839,
    3091.366793960333,
    3089.6868091076612,
    3074.7834034264088,
    3093.3816405013204,
    3134.2241540551186,
    3141.6596099734306,
    3124.621626920998,
    3151.1407252401114,
    3149.029896594584,
    3129.0682405233383,
    3109.9193170666695,
    3111.0364757478237,
    3132.142317481339
  ],
  "bandwidth_gbps": 1.4403213531308794
}