{
  "mpi_implementation": "intelmpi",
  "operation": "reduce",
  "num_ranks": 16,
  "data_size_name": "1MB",
  "num_elements": 262144,
  "dtype": "<class 'numpy.float16'>",
  "mean_time_us": 3259.1728057013825,
  "median_time_us": 3253.32535430789,
  "min_time_us": 267.2825939953327,
  "max_time_us": 6390.940397977829,
  "std_dev_us": 1505.7152369682362,
  "p95_time_us": 6260.348041541874,
  "p99_time_us": 6331.239356659353,
  "load_imbalance_percent": 93.0995776356196,
  "per_rank_means_us": [
    6293.448922224343,
    4775.960338301957,
    4741.38074554503,
    3257.5301080942154,
    4762.355145066977,
    3260.560967028141,
    3254.2821019887924,
    1749.3084259331226,
    4769.160216674209,
    3257.036437280476,
    3242.19087138772,
    1753.361877053976,
    3259.5174619928002,
    1760.5280876159668,
    1734.6495622768998,
    275.49362275749445
  ],
  "bandwidth_gbps": 1.2224335564875506
}