{
  "mpi_implementation": "intelmpi",
  "operation": "allgather",
  "num_ranks": 4,
  "data_size_name": "16MB",
  "num_elements": 4194304,
  "dtype": "<class 'numpy.float16'>",
  "mean_time_us": 15998.199190944431,
  "median_time_us": 18827.437423169613,
  "min_time_us": 11483.886744827032,
  "max_time_us": 30866.077169775963,
  "std_dev_us": 4372.544072044703,
  "p95_time_us": 20100.9325450285,
  "p99_time_us": 30611.288170330226,
  "load_imbalance_percent": 0.22557154682262556,
  "per_rank_means_us": [
    16034.28657632321,
    15960.478759370744,
    16015.594927594066,
    15982.436500489712
  ],
  "bandwidth_gbps": 1.0124383422004781
}