{
  "mpi_implementation": "intelmpi",
  "operation": "allreduce",
  "num_ranks": 4,
  "data_size_name": "16MB",
  "num_elements": 4194304,
  "dtype": "<class 'numpy.float16'>",
  "mean_time_us": 69613.13614156097,
  "median_time_us": 69280.37689067423,
  "min_time_us": 67367.71436408162,
  "max_time_us": 77516.08127728105,
  "std_dev_us": 1664.8469752557894,
  "p95_time_us": 71816.70537684113,
  "p99_time_us": 75180.29244616625,
  "load_imbalance_percent": 0.8264567495937462,
  "per_rank_means_us": [
    69369.01897657663,
    70094.85458489507,
    70188.4586038068,
    68800.21240096539
  ],
  "bandwidth_gbps": 0.4031421543126815
}