{
  "mpi_implementation": "deepspeed_gloo",
  "operation": "allreduce",
  "num_ranks": 16,
  "data_size_name": "64KB",
  "num_elements": 16384,
  "dtype": "float16",
  "mean_time_us": 2076.9777544774115,
  "median_time_us": 2069.6900319308043,
  "min_time_us": 1926.0216504335403,
  "max_time_us": 2318.3259181678295,
  "std_dev_us": 56.22330064090844,
  "p95_time_us": 2181.7317698150873,
  "p99_time_us": 2240.099017508328,
  "load_imbalance_percent": 0.6305402733321797,
  "per_rank_means_us": [
    2072.7837504819036,
    2073.297780007124,
    2069.853590801358,
    2071.8292333185673,
    2071.822532452643,
    2079.8418624326587,
    2088.0674803629518,
    2090.073935687542,
    2081.8395353853703,
    2084.2476189136505,
    2079.8822259530425,
    2073.8701475784183,
    2066.13851711154,
    2075.0553952530026,
    2073.9440014585853,
    2079.0964644402266
  ],
  "bandwidth_gbps": 0.21061803526998832
}