{
  "mpi_implementation": "deepspeed_gloo",
  "operation": "gather",
  "num_ranks": 2,
  "data_size_name": "1MB",
  "num_elements": 262144,
  "dtype": "float16",
  "mean_time_us": 220.89381236582994,
  "median_time_us": 235.89306510984898,
  "min_time_us": 108.79337787628174,
  "max_time_us": 501.1921748518944,
  "std_dev_us": 107.68990731882458,
  "p95_time_us": 407.302938401699,
  "p99_time_us": 433.71097184717655,
  "load_imbalance_percent": 45.05072192696839,
  "per_rank_means_us": [
    320.4080695286393,
    121.37955520302057
  ],
  "bandwidth_gbps": 1.9484791443293796
}