{
  "mpi_implementation": "deepspeed_gloo",
  "operation": "reduce",
  "num_ranks": 2,
  "data_size_name": "64KB",
  "num_elements": 16384,
  "dtype": "float16",
  "mean_time_us": 135.12096367776394,
  "median_time_us": 134.07343067228794,
  "min_time_us": 104.38309982419014,
  "max_time_us": 165.7339744269848,
  "std_dev_us": 9.90576679288289,
  "p95_time_us": 153.61239202320576,
  "p99_time_us": 162.5254424288869,
  "load_imbalance_percent": 1.8416476186412802,
  "per_rank_means_us": [
    137.60941568762064,
    132.63251166790724
  ],
  "bandwidth_gbps": 0.3682718432417093
}