{
  "mpi_implementation": "deepspeed_gloo",
  "operation": "scatter",
  "num_ranks": 2,
  "data_size_name": "1MB",
  "num_elements": 262144,
  "dtype": "float16",
  "mean_time_us": 123.03445721045136,
  "median_time_us": 119.49753388762474,
  "min_time_us": 99.96071457862854,
  "max_time_us": 439.18704614043236,
  "std_dev_us": 27.319458130617928,
  "p95_time_us": 141.9146079570054,
  "p99_time_us": 193.71540285646887,
  "load_imbalance_percent": 0.9144597049628106,
  "per_rank_means_us": [
    124.15955774486065,
    121.90935667604208
  ],
  "bandwidth_gbps": 2.2235685423375147
}