{
  "mpi_implementation": "deepspeed_gloo",
  "operation": "allgather",
  "num_ranks": 2,
  "data_size_name": "1MB",
  "num_elements": 262144,
  "dtype": "float16",
  "mean_time_us": 912.5317470170557,
  "median_time_us": 580.1755469292402,
  "min_time_us": 338.9008343219757,
  "max_time_us": 15678.46816033125,
  "std_dev_us": 1614.4517639078858,
  "p95_time_us": 2841.590368188917,
  "p99_time_us": 8328.320449218118,
  "load_imbalance_percent": 2.698629133975086,
  "per_rank_means_us": [
    887.9058994352818,
    937.1575945988297
  ],
  "bandwidth_gbps": 0.06228685672691174
}