{
  "mpi_implementation": "deepspeed_gloo",
  "operation": "allreduce",
  "num_ranks": 16,
  "data_size_name": "16MB",
  "num_elements": 4194304,
  "dtype": "float16",
  "mean_time_us": 33338.399388303515,
  "median_time_us": 26621.047873049974,
  "min_time_us": 13606.061227619648,
  "max_time_us": 100739.71142992377,
  "std_dev_us": 17260.159661682406,
  "p95_time_us": 67912.76957374062,
  "p99_time_us": 86299.25060551614,
  "load_imbalance_percent": 4.49233615734023,
  "per_rank_means_us": [
    34836.07235830277,
    33870.00490445644,
    34514.81269672513,
    33088.49816210568,
    33083.315370604396,
    32199.363037943836,
    32842.562571167946,
    33947.34574481845,
    33089.47445824742,
    32226.196941919625,
    32814.68940898776,
    34745.29428873211,
    32353.949933312837,
    32271.274011582133,
    33137.88794912398,
    34393.648374825716
  ],
  "bandwidth_gbps": 1.2408215015282438
}