{
  "mpi_implementation": "deepspeed_gloo",
  "operation": "broadcast",
  "num_ranks": 2,
  "data_size_name": "1KB",
  "num_elements": 256,
  "dtype": "float16",
  "mean_time_us": 55.187002290040255,
  "median_time_us": 55.37550896406174,
  "min_time_us": 35.171862691640854,
  "max_time_us": 70.41031494736671,
  "std_dev_us": 6.6130653795824585,
  "p95_time_us": 64.12742659449576,
  "p99_time_us": 67.95423105359075,
  "load_imbalance_percent": 8.396048929070638,
  "per_rank_means_us": [
    50.55347457528114,
    59.820530004799366
  ],
  "bandwidth_gbps": 0.013544525643993255
}