{
  "mpi_implementation": "deepspeed_gloo",
  "operation": "allgather",
  "num_ranks": 2,
  "data_size_name": "16MB",
  "num_elements": 4194304,
  "dtype": "float16",
  "mean_time_us": 3782.5208506546915,
  "median_time_us": 3748.7095687538385,
  "min_time_us": 3326.450940221548,
  "max_time_us": 8332.106284797192,
  "std_dev_us": 425.24019290798884,
  "p95_time_us": 3956.330800428986,
  "p99_time_us": 4440.00074639914,
  "load_imbalance_percent": 0.41815469839476943,
  "per_rank_means_us": [
    3766.704061999917,
    3798.337639309466
  ],
  "bandwidth_gbps": 1.8752761265791176
}