{
  "mpi_implementation": "deepspeed_gloo",
  "operation": "broadcast",
  "num_ranks": 16,
  "data_size_name": "1KB",
  "num_elements": 256,
  "dtype": "float16",
  "mean_time_us": 110.38117401767522,
  "median_time_us": 108.13004337251186,
  "min_time_us": 59.040263295173645,
  "max_time_us": 272.9599364101887,
  "std_dev_us": 21.073976912560738,
  "p95_time_us": 149.270030669868,
  "p99_time_us": 166.62192530930042,
  "load_imbalance_percent": 22.733438331355664,
  "per_rank_means_us": [
    84.56084877252579,
    107.38629382103682,
    96.09011467546225,
    113.22528589516878,
    90.75503796339035,
    120.57790532708168,
    106.73601645976305,
    119.50467713177204,
    89.35499005019665,
    120.46980671584606,
    107.28752706199884,
    124.2323825135827,
    102.60553564876318,
    135.4746101424098,
    116.55121110379696,
    131.28654100000858
  ],
  "bandwidth_gbps": 0.027950601951287752
}