{
  "mpi_implementation": "deepspeed_gloo",
  "operation": "reduce",
  "num_ranks": 16,
  "data_size_name": "1MB",
  "num_elements": 262144,
  "dtype": "float16",
  "mean_time_us": 1739.5718075567856,
  "median_time_us": 1732.89910890162,
  "min_time_us": 1432.9850673675537,
  "max_time_us": 2325.5026899278164,
  "std_dev_us": 119.25488985515032,
  "p95_time_us": 1953.848358243704,
  "p99_time_us": 2048.762370832264,
  "load_imbalance_percent": 12.463201758274339,
  "per_rank_means_us": [
    1956.3781516626477,
    1642.5157338380814,
    1659.9935106933117,
    1675.8435359224677,
    1674.1447057574987,
    1687.5258972868323,
    1695.9574772045016,
    1704.380656592548,
    1714.405994862318,
    1730.4925294592977,
    1742.781950160861,
    1761.3789206370711,
    1767.8551049903035,
    1796.229393221438,
    1795.081845484674,
    1828.183513134718
  ],
  "bandwidth_gbps": 3.35948869628807
}