{
  "mpi_implementation": "deepspeed_gloo",
  "operation": "scatter",
  "num_ranks": 8,
  "data_size_name": "64KB",
  "num_elements": 16384,
  "dtype": "float16",
  "mean_time_us": 133.55048489756882,
  "median_time_us": 131.61450624465942,
  "min_time_us": 59.99766290187836,
  "max_time_us": 690.5361078679562,
  "std_dev_us": 54.8365036996799,
  "p95_time_us": 181.60149920731783,
  "p99_time_us": 221.81539330631426,
  "load_imbalance_percent": 26.667659992447806,
  "per_rank_means_us": [
    165.48395156860352,
    100.66953022032976,
    109.52337179332972,
    103.06600015610456,
    133.6797047406435,
    136.22162397950888,
    150.5944225937128,
    169.16527412831783
  ],
  "bandwidth_gbps": 0.35355229396155546
}