{
  "mpi_implementation": "deepspeed_gloo",
  "operation": "reduce",
  "num_ranks": 16,
  "data_size_name": "64KB",
  "num_elements": 16384,
  "dtype": "float16",
  "mean_time_us": 1169.2406368092634,
  "median_time_us": 1161.7818381637335,
  "min_time_us": 999.081414192915,
  "max_time_us": 1528.7850983440876,
  "std_dev_us": 72.10926025383031,
  "p95_time_us": 1296.8284310773013,
  "p99_time_us": 1380.9911627322435,
  "load_imbalance_percent": 11.242091469185722,
  "per_rank_means_us": [
    1300.6877386942506,
    1085.7621813192964,
    1102.489922195673,
    1113.4084733203053,
    1127.6000132784247,
    1133.3597917109728,
    1155.5042443796992,
    1162.760048173368,
    1168.8197776675224,
    1162.0482243597507,
    1182.2291743010283,
    1183.4670323878527,
    1187.4998779967427,
    1197.9075986891985,
    1217.2025488689542,
    1227.1035416051745
  ],
  "bandwidth_gbps": 0.31939168593995626
}