{
  "mpi_implementation": "deepspeed_gloo",
  "operation": "scatter",
  "num_ranks": 2,
  "data_size_name": "1KB",
  "num_elements": 256,
  "dtype": "float16",
  "mean_time_us": 56.959884241223335,
  "median_time_us": 56.70241080224514,
  "min_time_us": 35.86476668715477,
  "max_time_us": 73.45713675022125,
  "std_dev_us": 6.2566210601181025,
  "p95_time_us": 66.02278444916008,
  "p99_time_us": 68.63949820399282,
  "load_imbalance_percent": 7.306588711843859,
  "per_rank_means_us": [
    52.79805976897478,
    61.12170871347189
  ],
  "bandwidth_gbps": 0.012982731952227603
}