{
  "mpi_implementation": "deepspeed_gloo",
  "operation": "broadcast",
  "num_ranks": 2,
  "data_size_name": "1MB",
  "num_elements": 262144,
  "dtype": "float16",
  "mean_time_us": 162.99218405038118,
  "median_time_us": 162.7060119062662,
  "min_time_us": 125.14693662524223,
  "max_time_us": 223.87923672795296,
  "std_dev_us": 17.516358814458552,
  "p95_time_us": 192.8161364048719,
  "p99_time_us": 202.87243649363512,
  "load_imbalance_percent": 5.144546909124977,
  "per_rank_means_us": [
    154.606974683702,
    171.37739341706038
  ],
  "bandwidth_gbps": 4.362005669988373
}