{
  "mpi_implementation": "deepspeed_gloo",
  "operation": "gather",
  "num_ranks": 8,
  "data_size_name": "64KB",
  "num_elements": 16384,
  "dtype": "float16",
  "mean_time_us": 101.44588246475905,
  "median_time_us": 85.95362305641174,
  "min_time_us": 29.458198696374893,
  "max_time_us": 262.2036263346672,
  "std_dev_us": 53.24476290048678,
  "p95_time_us": 230.3746063262224,
  "p99_time_us": 245.86086161434648,
  "load_imbalance_percent": 121.24016796411902,
  "per_rank_means_us": [
    224.4390407577157,
    41.754189878702164,
    61.682811938226216,
    78.46884895116091,
    89.21745233237743,
    82.96963758766651,
    107.99615178257227,
    125.0389264896512
  ],
  "bandwidth_gbps": 0.9311107874930293
}