{
  "mpi_implementation": "deepspeed_gloo",
  "operation": "gather",
  "num_ranks": 16,
  "data_size_name": "64KB",
  "num_elements": 16384,
  "dtype": "float16",
  "mean_time_us": 128.89127858215943,
  "median_time_us": 117.21695773303509,
  "min_time_us": 31.179748475551605,
  "max_time_us": 501.7458461225033,
  "std_dev_us": 78.8048998470474,
  "p95_time_us": 374.5068330317735,
  "p99_time_us": 411.0762756317854,
  "load_imbalance_percent": 204.65945355100592,
  "per_rank_means_us": [
    392.67946500331163,
    43.276059441268444,
    52.113174460828304,
    68.62967740744352,
    83.70916824787855,
    80.28937969356775,
    100.43502319604158,
    109.1728312894702,
    126.68104376643895,
    113.83466888219118,
    118.83276049047709,
    134.15023684501648,
    150.14066360890865,
    146.76340389996767,
    158.93952455371618,
    182.61337652802467
  ],
  "bandwidth_gbps": 0.9731645090307018
}