{
  "mpi_implementation": "deepspeed_gloo",
  "operation": "scatter",
  "num_ranks": 8,
  "data_size_name": "16MB",
  "num_elements": 4194304,
  "dtype": "float16",
  "mean_time_us": 5090.591072803363,
  "median_time_us": 4955.050302669406,
  "min_time_us": 1215.5254371464252,
  "max_time_us": 10994.46089938283,
  "std_dev_us": 2457.1441390850364,
  "p95_time_us": 8973.854780197144,
  "p99_time_us": 9412.021809257567,
  "load_imbalance_percent": 63.98465075491424,
  "per_rank_means_us": [
    8347.787992097437,
    2575.9767973795533,
    2748.5294453799725,
    3275.7795741781592,
    4245.429374277592,
    5561.136202886701,
    6516.188238747418,
    7453.900957480073
  ],
  "bandwidth_gbps": 5.6846807289576535
}