{
  "mpi_implementation": "deepspeed_gloo",
  "operation": "broadcast",
  "num_ranks": 4,
  "data_size_name": "1MB",
  "num_elements": 262144,
  "dtype": "float16",
  "mean_time_us": 346.4343899395317,
  "median_time_us": 356.30748607218266,
  "min_time_us": 137.1540129184723,
  "max_time_us": 568.8569508492947,
  "std_dev_us": 99.5866808189926,
  "p95_time_us": 503.2212007790802,
  "p99_time_us": 547.749986872077,
  "load_imbalance_percent": 24.029610039824775,
  "per_rank_means_us": [
    269.5541316643357,
    419.6718754246831,
    266.8303297832608,
    429.6812228858471
  ],
  "bandwidth_gbps": 3.4334202950038923
}