{
  "mpi_implementation": "deepspeed_gloo",
  "operation": "reduce",
  "num_ranks": 8,
  "data_size_name": "16MB",
  "num_elements": 4194304,
  "dtype": "float16",
  "mean_time_us": 10313.989284913987,
  "median_time_us": 10162.72185370326,
  "min_time_us": 8812.948130071163,
  "max_time_us": 15774.856321513653,
  "std_dev_us": 926.57440943502,
  "p95_time_us": 11570.355645380914,
  "p99_time_us": 14836.406069807708,
  "load_imbalance_percent": 7.016372980073076,
  "per_rank_means_us": [
    11037.657242268324,
    10104.887941852212,
    10184.21480897814,
    10308.069526217878,
    10189.656103029847,
    10225.34316405654,
    10181.309478357434,
    10280.77601455152
  ],
  "bandwidth_gbps": 3.9620012205602713
}