{
  "mpi_implementation": "deepspeed_gloo",
  "operation": "allreduce",
  "num_ranks": 4,
  "data_size_name": "64KB",
  "num_elements": 16384,
  "dtype": "float16",
  "mean_time_us": 452.36732461489737,
  "median_time_us": 452.1911032497883,
  "min_time_us": 389.64860141277313,
  "max_time_us": 556.0857243835926,
  "std_dev_us": 22.494312188319995,
  "p95_time_us": 487.6061575487256,
  "p99_time_us": 504.84356470406055,
  "load_imbalance_percent": 0.6267392580122659,
  "per_rank_means_us": [
    455.2024882286787,
    449.9545507133007,
    452.09443662315607,
    452.217822894454
  ],
  "bandwidth_gbps": 0.2195170764998723
}