{
  "mpi_implementation": "deepspeed_gloo",
  "operation": "broadcast",
  "num_ranks": 16,
  "data_size_name": "64KB",
  "num_elements": 16384,
  "dtype": "float16",
  "mean_time_us": 165.04309693118557,
  "median_time_us": 164.8864708840847,
  "min_time_us": 74.08391684293747,
  "max_time_us": 324.26416873931885,
  "std_dev_us": 36.76136743041067,
  "p95_time_us": 226.17431823164222,
  "p99_time_us": 246.4498672634363,
  "load_imbalance_percent": 29.729829700660996,
  "per_rank_means_us": [
    107.00799990445375,
    158.79447106271982,
    140.84587339311838,
    180.50757236778736,
    128.70417907834053,
    188.24406433850527,
    160.85999086499214,
    199.70690365880728,
    110.44526472687721,
    174.3062073364854,
    158.52611977607012,
    194.46798134595156,
    145.09852044284344,
    199.02406726032495,
    180.04020676016808,
    214.1101285815239
  ],
  "bandwidth_gbps": 1.5058131519691191
}