{
  "mpi_implementation": "deepspeed_gloo",
  "operation": "reduce",
  "num_ranks": 16,
  "data_size_name": "16MB",
  "num_elements": 4194304,
  "dtype": "float16",
  "mean_time_us": 15566.966072947253,
  "median_time_us": 15859.351959079504,
  "min_time_us": 10426.272172480822,
  "max_time_us": 23396.671749651432,
  "std_dev_us": 1667.041379425569,
  "p95_time_us": 17638.121056370437,
  "p99_time_us": 18409.538096748292,
  "load_imbalance_percent": 11.382939173767873,
  "per_rank_means_us": [
    17338.94435223192,
    15182.015467435122,
    15299.193589016795,
    15498.417993076146,
    15495.759025216103,
    15475.611425936222,
    15471.4918974787,
    15476.327175274491,
    15451.314970850945,
    15536.969732493162,
    15474.754786118865,
    15683.748191222548,
    15752.601069398224,
    15458.304164931178,
    15295.700808055699,
    15180.302518419921
  ],
  "bandwidth_gbps": 5.342640241207055
}