{
  "mpi_implementation": "deepspeed_gloo",
  "operation": "scatter",
  "num_ranks": 16,
  "data_size_name": "16MB",
  "num_elements": 4194304,
  "dtype": "float16",
  "mean_time_us": 10381.289057258982,
  "median_time_us": 10234.904009848833,
  "min_time_us": 1361.9042001664639,
  "max_time_us": 21121.44185230136,
  "std_dev_us": 5549.360196798217,
  "p95_time_us": 19201.6598302871,
  "p99_time_us": 20072.688991203904,
  "load_imbalance_percent": 78.04950386559504,
  "per_rank_means_us": [
    18483.833661302924,
    10376.116721890867,
    9556.153109297156,
    6477.082972414792,
    9121.332550421357,
    6680.534514598548,
    10956.42629545182,
    10422.497144900262,
    9562.95657902956,
    7793.4767585247755,
    11750.594228506088,
    9977.298090234399,
    9451.62400137633,
    13279.325100593269,
    11043.487493880093,
    11167.885693721473
  ],
  "bandwidth_gbps": 5.918156576340937
}