{
  "implementation": "deepspeed_oneccl",
  "operation": "allreduce",
  "num_ranks": 4,
  "hidden_dim": 4096,
  "seq_len": 4096,
  "batch": 8,
  "tensor_size_mb": 256.0,
  "num_elements": 134217728,
  "mean_time_ms": 111.21943548321724,
  "median_time_ms": 111.35549191385508,
  "min_time_ms": 104.23971712589264,
  "max_time_ms": 112.4157290905714
}