{
  "implementation": "deepspeed_oneccl",
  "operation": "allreduce",
  "num_ranks": 8,
  "hidden_dim": 4096,
  "seq_len": 2048,
  "batch": 16,
  "tensor_size_mb": 256.0,
  "num_elements": 134217728,
  "mean_time_ms": 146.75965577131137,
  "median_time_ms": 146.45675639621913,
  "min_time_ms": 137.78325775638223,
  "max_time_ms": 150.7548950612545
}