{
  "implementation": "deepspeed_oneccl",
  "operation": "allreduce",
  "num_ranks": 8,
  "hidden_dim": 4096,
  "seq_len": 4096,
  "batch": 8,
  "tensor_size_mb": 256.0,
  "num_elements": 134217728,
  "mean_time_ms": 146.110087793204,
  "median_time_ms": 146.20201336219907,
  "min_time_ms": 137.32604775577784,
  "max_time_ms": 148.96439015865326
}