{
  "implementation": "deepspeed_oneccl",
  "operation": "allreduce",
  "num_ranks": 4,
  "hidden_dim": 2048,
  "seq_len": 4096,
  "batch": 16,
  "tensor_size_mb": 256.0,
  "num_elements": 134217728,
  "mean_time_ms": 111.36163848568685,
  "median_time_ms": 111.4608149509877,
  "min_time_ms": 107.13765304535627,
  "max_time_ms": 112.95828083530068
}