{
  "implementation": "deepspeed_oneccl",
  "backend": "ccl",
  "operation": "allreduce",
  "num_ranks": 4,
  "tensor_shape": {
    "batch": 16,
    "seq_len": 2048,
    "hidden_dim": 4096
  },
  "num_elements": 134217728,
  "tensor_size_bytes": 268435456,
  "tensor_size_mb": 256.0,
  "dtype": "bfloat16",
  "warmup_iterations": 10,
  "measurement_iterations": 100,
  "timing_method": "time.perf_counter()",
  "timings": [
    [
      0.19272891897708178,
      0.1938801477663219,
      0.23500670213252306,
      0.1938785151578486,
      0.19440825190395117,
      0.19387141522020102,
      0.1943445149809122,
      0.19397136429324746,
      0.19421861600130796,
      0.1890805927105248,
      0.1945819053798914,
      0.1936075589619577,
      0.19425942422822118,
      0.24245345825329423,
      0.19487751880660653,
      0.19418537197634578,
      0.1882646670565009,
      0.19427586486563087,
      0.1943179308436811,
      0.19202639814466238,
      0.19438706384971738,
      0.19359944108873606,
      0.23911515809595585,
      0.18836848996579647,
      0.1942118057049811,
      0.19362697703763843,
      0.2362263253889978,
      0.1936593041755259,
      0.19401834905147552,
      0.19346959190443158,
      0.19423061003908515,
      0.19366262294352055,
      0.19420267781242728,
      0.18780920514836907,
      0.1944128000177443,
      0.19359251856803894,
      0.19221719680354,
      0.18136515002697706,
      0.1943504479713738,
      0.19399782409891486,
      0.18840353284031153,
      0.19390812888741493,
      0.19432378839701414,
      0.19062944315373898,
      0.19432990299537778,
      0.19362355209887028,
      0.19438783498480916,
      0.18809990026056767,
      0.19447913626208901,
      0.19366048090159893,
      0.19015612127259374,
      0.19431075872853398,
      0.19432999100536108,
      0.19372580479830503,
      0.19440696714445949,
      0.19346902100369334,
      0.19413537718355656,
      0.18923886073753238,
      0.19448482291772962,
      0.19354300713166595,
      0.19427845487371087,
      0.19376588007435203,
      0.1943102148361504,
      0.19361264118924737,
      0.18853007210418582,
      0.193888233974576,
      0.19439757615327835,
      0.19386600609868765,
      0.19414910534396768,
      0.19351279502734542,
      0.19425768917426467,
      0.1877619018778205,
      0.19450338184833527,
      0.19366390258073807,
      0.19393980503082275,
      0.19357725838199258,
      0.19427422666922212,
      0.19354965025559068,
      0.18861419009044766,
      0.19390986301004887,
      0.1942691900767386,
      0.19120589410886168,
      0.19451366504654288,
      0.1940739182755351,
      0.195025566034019,
      0.1879143537953496,
      0.19453920470550656,
      0.19362497935071588,
      0.18957965401932597,
      0.19399495795369148,
      0.19421730283647776,
      0.193664635065943,
      0.18837909772992134,
      0.19354207394644618,
      0.19417616818100214,
      0.18909646291285753,
      0.19488399429246783,
      0.19364390103146434,
      0.19443424372002482,
      0.1937295300886035
    ],
    [
      0.191802270244807,
      0.1930459919385612,
      0.1912657911889255,
      0.18995752790942788,
      0.18790055625140667,
      0.19343384774401784,
      0.1937066838145256,
      0.193296333309263,
      0.1935960492119193,
      0.1932732667773962,
      0.1936342786066234,
      0.19301615189760923,
      0.19365188432857394,
      0.19075361592695117,
      0.19444876303896308,
      0.1935034659691155,
      0.19371964689344168,
      0.1931203929707408,
      0.19355284608900547,
      0.19321356993168592,
      0.19350679824128747,
      0.19283040799200535,
      0.19117045402526855,
      0.1881387745961547,
      0.1936167269013822,
      0.19288868084549904,
      0.19148385431617498,
      0.19351516710594296,
      0.1936536068096757,
      0.19307717215269804,
      0.19353601476177573,
      0.19294134713709354,
      0.19355170987546444,
      0.19307049503549933,
      0.19351145718246698,
      0.19290559412911534,
      0.193798644002527,
      0.1806628331542015,
      0.18886124901473522,
      0.1874868622981012,
      0.19389922497794032,
      0.1929207220673561,
      0.19356265710666776,
      0.1932364385575056,
      0.1933629265986383,
      0.19293463183566928,
      0.1936388248577714,
      0.19309448590502143,
      0.19347186107188463,
      0.19284323835745454,
      0.19416576996445656,
      0.1811997308395803,
      0.19361953297629952,
      0.19310113601386547,
      0.19376512803137302,
      0.192829096224159,
      0.19352487986907363,
      0.1932234358973801,
      0.19355450104922056,
      0.19293424719944596,
      0.19367682607844472,
      0.19304285291582346,
      0.19374293088912964,
      0.1929293186403811,
      0.19405247690156102,
      0.19289717823266983,
      0.19354328699409962,
      0.19315744005143642,
      0.19336033519357443,
      0.19290090817958117,
      0.19362911209464073,
      0.1933186762034893,
      0.19345075823366642,
      0.1921862279996276,
      0.18895892379805446,
      0.19295827066525817,
      0.1936300820671022,
      0.1929631931707263,
      0.19162797089666128,
      0.19294190919026732,
      0.19352405425161123,
      0.19320713821798563,
      0.19368067383766174,
      0.19334973627701402,
      0.19440748682245612,
      0.1930331801995635,
      0.19356244103983045,
      0.19288656627759337,
      0.19363605696707964,
      0.19289490301162004,
      0.19355639908462763,
      0.19296920718625188,
      0.18762764800339937,
      0.1927968799136579,
      0.19358016178011894,
      0.19317212793976068,
      0.19382446119561791,
      0.19294745801016688,
      0.19358237320557237,
      0.19313895888626575
    ],
    [
      0.19208506681025028,
      0.19338462874293327,
      0.23440457414835691,
      0.19334687991067767,
      0.19391195196658373,
      0.189240459818393,
      0.19387831073254347,
      0.1934051620773971,
      0.19371340796351433,
      0.19257361302152276,
      0.19394786469638348,
      0.19307171599939466,
      0.18964104633778334,
      0.2419862598180771,
      0.19435528526082635,
      0.19215086614713073,
      0.1917567178606987,
      0.1936077019199729,
      0.19372656801715493,
      0.1895063160918653,
      0.19380163913592696,
      0.19307192228734493,
      0.23464229004457593,
      0.1877898289822042,
      0.19368562614545226,
      0.19308585673570633,
      0.23959220899268985,
      0.19299843488261104,
      0.19349000789225101,
      0.18889043107628822,
      0.19374651182442904,
      0.19310189597308636,
      0.19200951280072331,
      0.1912908786907792,
      0.19377721892669797,
      0.19310405990108848,
      0.18973668478429317,
      0.18075035093352199,
      0.19383399793878198,
      0.19067549472674727,
      0.19193975580856204,
      0.19321402302011847,
      0.19378296984359622,
      0.18935330910608172,
      0.19368405686691403,
      0.19309404073283076,
      0.18972270796075463,
      0.19159585982561111,
      0.19386782217770815,
      0.19305734476074576,
      0.19372828723862767,
      0.19368676887825131,
      0.1937449174001813,
      0.18911905493587255,
      0.1938844001851976,
      0.1930353408679366,
      0.19362609880045056,
      0.19275933597236872,
      0.19384373910725117,
      0.193024767562747,
      0.18962557800114155,
      0.19325382867828012,
      0.19381243688985705,
      0.19303971901535988,
      0.1920293839648366,
      0.1932382546365261,
      0.19383866619318724,
      0.18929508980363607,
      0.19363804860040545,
      0.19302462507039309,
      0.19371272111311555,
      0.19126594392582774,
      0.19383470714092255,
      0.19313913211226463,
      0.18994057271629572,
      0.19309137389063835,
      0.19376272428780794,
      0.19067527679726481,
      0.18995787994936109,
      0.1933130812831223,
      0.1936887986958027,
      0.18929566908627748,
