{
  "implementation": "deepspeed_oneccl",
  "backend": "ccl",
  "operation": "allreduce",
  "num_ranks": 4,
  "tensor_shape": {
    "batch": 8,
    "seq_len": 4096,
    "hidden_dim": 4096
  },
  "num_elements": 134217728,
  "tensor_size_bytes": 268435456,
  "tensor_size_mb": 256.0,
  "dtype": "bfloat16",
  "warmup_iterations": 10,
  "measurement_iterations": 100,
  "timing_method": "time.perf_counter()",
  "timings": [
    [
      0.19219780014827847,
      0.1935421829111874,
      0.19430307811126113,
      0.1936681610532105,
      0.19418777199462056,
      0.1937672169879079,
      0.18964655557647347,
      0.19388303207233548,
      0.19465862680226564,
      0.193450597114861,
      0.1927078189328313,
      0.19355182815343142,
      0.19429378490895033,
      0.1884479969739914,
      0.19472322473302484,
      0.19347485434263945,
      0.19443715270608664,
      0.1936828549951315,
      0.1943135019391775,
      0.1937272776849568,
      0.1883785012178123,
      0.19400719413533807,
      0.19433903694152832,
      0.23426307877525687,
      0.18572695273905993,
      0.1934692058712244,
      0.19431650126352906,
      0.18779103783890605,
      0.19448638195171952,
      0.1940178000368178,
      0.19007221097126603,
      0.1935698976740241,
      0.19428548403084278,
      0.19356424221768975,
      0.194498754106462,
      0.19355470221489668,
      0.19427337823435664,
      0.18888796214014292,
      0.1822937079705298,
      0.19106585206463933,
      0.19463032577186823,
      0.19372027972713113,
      0.194378774613142,
      0.19394862512126565,
      0.18864684691652656,
      0.19517501071095467,
      0.194963033311069,
      0.19321553222835064,
      0.1943078339099884,
      0.19369913497939706,
      0.1945280018262565,
      0.18790133716538548,
      0.19453268498182297,
      0.19368472509086132,
      0.19168369565159082,
      0.19384354818612337,
      0.1947087198495865,
      0.19359284220263362,
      0.18855745065957308,
      0.1938385870307684,
      0.19417738169431686,
      0.18902031611651182,
      0.19446769915521145,
      0.19367952831089497,
      0.19434228911995888,
      0.19214681209996343,
      0.1943955230526626,
      0.1936948001384735,
      0.18947894871234894,
      0.19386108592152596,
      0.19443192426115274,
      0.19374743709340692,
      0.19451133720576763,
      0.19363305671140552,
      0.19426156021654606,
      0.1877510817721486,
      0.194524469319731,
      0.19354471191763878,
      0.19449541391804814,
      0.18779815593734384,
      0.19423732766881585,
      0.1935449568554759,
      0.18833358539268374,
      0.19386015785858035,
      0.19435144262388349,
      0.19357028231024742,
      0.19434693595394492,
      0.19353422289714217,
      0.19424142688512802,
      0.18792121158912778,
      0.19445414701476693,
      0.19357309630140662,
      0.19165208982303739,
      0.18429653020575643,
      0.19423406571149826,
      0.19376608124002814,
      0.18839094787836075,
      0.19392520189285278,
      0.19427543692290783,
      0.18975583603605628
    ],
    [
      0.1912155239842832,
      0.19292556587606668,
      0.19340666383504868,
      0.19299880182370543,
      0.19342515105381608,
      0.19294915860518813,
      0.1938260169699788,
      0.18820291897282004,
      0.18790528690442443,
      0.19308762811124325,
      0.19183773593977094,
      0.1927778720855713,
      0.19350931094959378,
      0.19318071519955993,
      0.19352953415364027,
      0.1928363312035799,
      0.19345112098380923,
      0.19298682361841202,
      0.19359494978561997,
      0.19294706359505653,
      0.19396993098780513,
      0.1929919677786529,
      0.19342721300199628,
      0.19071330409497023,
      0.18522482085973024,
      0.1928150444291532,
      0.1935723447240889,
      0.19304606411606073,
      0.19340213481336832,
      0.19327190797775984,
      0.189445944968611,
      0.1928727487102151,
      0.19350277120247483,
      0.1930414349772036,
      0.1937424698844552,
      0.1927954270504415,
      0.19358468567952514,
      0.19296118104830384,
      0.18125539366155863,
      0.24099696287885308,
      0.19339194893836975,
      0.19275744631886482,
      0.18935729516670108,
      0.18719287309795618,
      0.19439928606152534,
      0.19425792945548892,
      0.1940270410850644,
      0.19298533210530877,
      0.1934022600762546,
      0.19278739904984832,
      0.19371413020417094,
      0.19289111299440265,
      0.1932862689718604,
      0.19283751072362065,
      0.19374807411804795,
      0.1927757733501494,
      0.19379410473629832,
      0.19278203509747982,
      0.19369609374552965,
      0.19281447399407625,
      0.19337084889411926,
      0.1930192750878632,
      0.19344698963686824,
      0.1928572142496705,
      0.19346993789076805,
      0.1913000913336873,
      0.19359731813892722,
      0.1928778779692948,
      0.19378894427791238,
      0.1927479370497167,
      0.1935750050470233,
      0.19311211165040731,
      0.1936369608156383,
      0.19293758738785982,
      0.19344414211809635,
      0.19328634580597281,
      0.19331318931654096,
      0.192799661308527,
      0.1891791899688542,
      0.18703519087284803,
      0.19343327032402158,
      0.19277270836755633,
      0.19381262501701713,
      0.19291639607399702,
      0.1935835164040327,
      0.19297922402620316,
      0.19353684317320585,
      0.19277148181572556,
      0.19349764240905643,
      0.1930456841364503,
      0.19335833191871643,
      0.19286654377356172,
      0.19356202706694603,
      0.183221940882504,
      0.19343069894239306,
      0.1931393789127469,
      0.19351779809221625,
      0.19281425140798092,
      0.1935408776625991,
      0.1930668968707323
    ],
    [
      0.19175818376243114,
      0.19312511291354895,
      0.18958809692412615,
      0.19317709002643824,
      0.19368932582437992,
      0.19323629001155496,
      0.19324196223169565,
      0.19323814287781715,
      0.19418210769072175,
      0.18887239508330822,
      0.19210826931521297,
      0.19309598999097943,
      0.19379450287669897,
      0.1919298260472715,
      0.19405232090502977,
      0.19300232082605362,
      0.18979156389832497,
      0.19315373292192817,
      0.1938693686388433,
      0.19319577980786562,
      0.1919034169986844,
      0.19339342880994081,
      0.19383921474218369,
      0.23345893900841475,
      0.1850643791258335,
      0.19291914673522115,
      0.1897029490210116,
      0.1912618880160153,
      0.19388057524338365,
      0.19346443889662623,
      0.19355798000469804,
      0.19294368289411068,
      0.19378557102754712,
      0.18898204481229186,
      0.19403916830196977,
      0.19304205384105444,
      0.19379461091011763,
      0.1923472099006176,
      0.1815596572123468,
      0.19050032459199429,
      0.1898852768354118,
      0.19321390893310308,
      0.19391113612800837,
      0.19350910419598222,
      0.18914887122809887,
      0.19458244368433952,
      0.19444415206089616,
      0.18919534794986248,
      0.193820727057755,
      0.19319170294329524,
      0.1916919299401343,
      0.19145204685628414,
      0.19393446575850248,
      0.1931017437018454,
      0.1899585947394371,
      0.19328544568270445,
      0.19417321169748902,
      0.18894961709156632,
      0.19215642428025603,
      0.19328488688915968,
      0.19371218606829643,
      0.19249883200973272,
      0.19383750017732382,
      0.19315464701503515,
      0.18968468299135566,
      0.1915544169023633,
      0.19390623411163688,
      0.19312441209331155,
      0.1930037778802216,
      0.19321465538814664,
      0.19389699399471283,
      0.18913970468565822,
      0.1939578289166093,
      0.19317111233249307,
      0.19371369294822216,
      0.1912348698824644,
      0.19381510885432363,
      0.1930408300831914,
      0.18989797215908766,
      0.18717586901038885,
      0.19372708722949028,
      0.19302924815565348,
