{
  "mpi_implementation": "deepspeed_oneccl",
  "operation": "gather",
  "num_ranks": 2,
  "data_size_name": "16MB",
  "num_elements": 4194304,
  "dtype": "float16",
  "mean_time_us": 888.5348099283874,
  "median_time_us": 881.7478083074093,
  "min_time_us": 873.9917539060116,
  "max_time_us": 1248.4639883041382,
  "std_dev_us": 37.179109590388315,
  "p95_time_us": 902.4293161928654,
  "p99_time_us": 939.8228442296357,
  "load_imbalance_percent": 0.002416260276065604,
  "per_rank_means_us": [
    888.5562792420387,
    888.5133406147361
  ],
  "bandwidth_gbps": 12.515379014835945
}