{
  "mpi_implementation": "deepspeed_oneccl",
  "operation": "allgather",
  "num_ranks": 8,
  "data_size_name": "16MB",
  "num_elements": 4194304,
  "dtype": "float16",
  "mean_time_us": 10162.408802425489,
  "median_time_us": 10129.647562280297,
  "min_time_us": 9116.53321236372,
  "max_time_us": 15970.825217664242,
  "std_dev_us": 507.93649114883436,
  "p95_time_us": 10750.499344430864,
  "p99_time_us": 11180.373067036271,
  "load_imbalance_percent": 0.6767049294097915,
  "per_rank_means_us": [
    10218.37655454874,
    10156.059856526554,
    10229.18286267668,
    10004.302430897951,
    10105.34156113863,
    10194.359417073429,
    10231.178323738277,
    10160.46941280365
  ],
  "bandwidth_gbps": 3.9133857611110168
}