{
  "mpi_implementation": "deepspeed_oneccl",
  "operation": "gather",
  "num_ranks": 4,
  "data_size_name": "1MB",
  "num_elements": 262144,
  "dtype": "float16",
  "mean_time_us": 172.42947593331337,
  "median_time_us": 199.637608602643,
  "min_time_us": 99.86618533730507,
  "max_time_us": 433.3481192588806,
  "std_dev_us": 48.63777171438078,
  "p95_time_us": 216.88379347324366,
  "p99_time_us": 321.60132192075247,
  "load_imbalance_percent": 24.101195097414056,
  "per_rank_means_us": [
    213.98704033344984,
    107.60002303868532,
    157.8049175441265,
    210.3259228169918
  ],
  "bandwidth_gbps": 4.507057751491498
}