{
  "mpi_implementation": "deepspeed_oneccl",
  "operation": "gather",
  "num_ranks": 2,
  "data_size_name": "1KB",
  "num_elements": 256,
  "dtype": "float16",
  "mean_time_us": 38.6489974334836,
  "median_time_us": 38.501108065247536,
  "min_time_us": 31.135044991970062,
  "max_time_us": 48.09815436601639,
  "std_dev_us": 2.2640176480986827,
  "p95_time_us": 41.747814975678914,
  "p99_time_us": 45.416899956762784,
  "load_imbalance_percent": 3.914294895219888,
  "per_rank_means_us": [
    40.16183316707611,
    37.13616169989109
  ],
  "bandwidth_gbps": 0.01982766966792526
}