{
  "mpi_implementation": "deepspeed_oneccl",
  "operation": "allreduce",
  "num_ranks": 8,
  "data_size_name": "64KB",
  "num_elements": 16384,
  "dtype": "float16",
  "mean_time_us": 60.942204436287284,
  "median_time_us": 60.541555285453796,
  "min_time_us": 52.928924560546875,
  "max_time_us": 76.13608613610268,
  "std_dev_us": 3.9561409586216407,
  "p95_time_us": 68.36866959929466,
  "p99_time_us": 71.17674220353365,
  "load_imbalance_percent": 2.5831136457260735,
  "per_rank_means_us": [
    61.68717984110116,
    60.51931995898485,
    60.37846673280001,
    61.22989114373922,
    62.5164108350873,
    60.357796028256416,
    59.891240671277046,
    60.95733027905226
  ],
  "bandwidth_gbps": 3.206634821805371
}