{
  "mpi_implementation": "deepspeed_oneccl",
  "operation": "broadcast",
  "num_ranks": 2,
  "data_size_name": "64KB",
  "num_elements": 16384,
  "dtype": "float16",
  "mean_time_us": 27.95437118038535,
  "median_time_us": 27.61976793408394,
  "min_time_us": 25.981105864048004,
  "max_time_us": 35.970937460660934,
  "std_dev_us": 1.5011563904194665,
  "p95_time_us": 30.831107869744294,
  "p99_time_us": 34.49180629104375,
  "load_imbalance_percent": 0.6683068596174124,
  "per_rank_means_us": [
    28.14119216054678,
    27.767550200223923
  ],
  "bandwidth_gbps": 1.69679081388274
}