{
  "mpi_implementation": "deepspeed_oneccl",
  "operation": "broadcast",
  "num_ranks": 4,
  "data_size_name": "64KB",
  "num_elements": 16384,
  "dtype": "float16",
  "mean_time_us": 33.34736684337258,
  "median_time_us": 33.4479846060276,
  "min_time_us": 27.656089514493942,
  "max_time_us": 43.692998588085175,
  "std_dev_us": 2.4103505974166337,
  "p95_time_us": 36.558881402015686,
  "p99_time_us": 39.71208352595567,
  "load_imbalance_percent": 3.5870130985433137,
  "per_rank_means_us": [
    34.54354126006365,
    32.323794439435005,
    33.09859428554773,
    33.42353738844395
  ],
  "bandwidth_gbps": 2.79381860812107
}