{
  "mpi_implementation": "deepspeed_oneccl",
  "operation": "allgather",
  "num_ranks": 4,
  "data_size_name": "1MB",
  "num_elements": 262144,
  "dtype": "float16",
  "mean_time_us": 342.32720849104226,
  "median_time_us": 292.82551258802414,
  "min_time_us": 254.19192388653755,
  "max_time_us": 4268.670920282602,
  "std_dev_us": 391.6907132492696,
  "p95_time_us": 367.24691744893784,
  "p99_time_us": 573.5145090147529,
  "load_imbalance_percent": 0.5361028288024764,
  "per_rank_means_us": [
    344.1624343395233,
    342.1745728701353,
    341.7135216295719,
    341.2583051249385
  ],
  "bandwidth_gbps": 0.45754873975403465
}