{
  "mpi_implementation": "deepspeed_oneccl",
  "operation": "reduce",
  "num_ranks": 16,
  "data_size_name": "1MB",
  "num_elements": 262144,
  "dtype": "float16",
  "mean_time_us": 27702.434338571038,
  "median_time_us": 22138.942265883088,
  "min_time_us": 186.57604232430458,
  "max_time_us": 100612.63479292393,
  "std_dev_us": 25322.3208822901,
  "p95_time_us": 74591.36850666253,
  "p99_time_us": 88528.46495807171,
  "load_imbalance_percent": 111.29122949287533,
  "per_rank_means_us": [
    56544.22216583043,
    11537.691317498684,
    33669.699085876346,
    13081.995849497616,
    47672.27460164577,
    17130.781072191894,
    31080.65165579319,
    13986.062402836978,
    58532.81411342323,
    14106.783890165389,
    30168.820307590067,
    13822.769159451127,
    45440.21422974765,
    13424.90803450346,
    30900.991898961365,
    12138.26963212341
  ],
  "bandwidth_gbps": 0.0776492934120979
}