{
  "mpi_implementation": "deepspeed_oneccl",
  "operation": "broadcast",
  "num_ranks": 4,
  "data_size_name": "1KB",
  "num_elements": 256,
  "dtype": "float16",
  "mean_time_us": 31.927485251799226,
  "median_time_us": 30.410941690206528,
  "min_time_us": 23.36176112294197,
  "max_time_us": 43.40987652540207,
  "std_dev_us": 4.212889888553995,
  "p95_time_us": 40.362169966101646,
  "p99_time_us": 42.58112981915474,
  "load_imbalance_percent": 6.035036515832478,
  "per_rank_means_us": [
    28.699804097414017,
    33.31433515995741,
    33.854320645332336,
    31.84148110449314
  ],
  "bandwidth_gbps": 0.04393812619338783
}