{
  "mpi_implementation": "deepspeed_oneccl",
  "operation": "broadcast",
  "num_ranks": 8,
  "data_size_name": "16MB",
  "num_elements": 4194304,
  "dtype": "float16",
  "mean_time_us": 8564.397570444271,
  "median_time_us": 6655.0124902278185,
  "min_time_us": 943.3850646018982,
  "max_time_us": 41168.78658533096,
  "std_dev_us": 7730.5143026208725,
  "p95_time_us": 25013.009202666577,
  "p99_time_us": 35235.953773371875,
  "load_imbalance_percent": 143.84362271622072,
  "per_rank_means_us": [
    20883.737299591303,
    6068.814801983535,
    6045.876648277044,
    6420.415146276355,
    7535.912282764912,
    7398.304101079702,
    7211.436899378896,
    6950.683384202421
  ],
  "bandwidth_gbps": 1.5181404453214966
}