{
  "mpi_implementation": "deepspeed_oneccl",
  "operation": "reduce",
  "num_ranks": 8,
  "data_size_name": "1KB",
  "num_elements": 256,
  "dtype": "float16",
  "mean_time_us": 48.86321083176881,
  "median_time_us": 47.61945456266403,
  "min_time_us": 37.80703991651535,
  "max_time_us": 295.3028306365013,
  "std_dev_us": 10.078581103929233,
  "p95_time_us": 60.35268306732178,
  "p99_time_us": 63.275364227592945,
  "load_imbalance_percent": 10.737803666691583,
  "per_rank_means_us": [
    54.11004647612572,
    47.317505814135075,
    48.51175006479025,
    47.3623676225543,
    52.558016031980515,
    45.16212735325098,
    50.3770774230361,
    45.50679586827755
  ],
  "bandwidth_gbps": 0.012917916355230085
}