{
  "mpi_implementation": "deepspeed_oneccl",
  "operation": "reduce",
  "num_ranks": 4,
  "data_size_name": "1MB",
  "num_elements": 262144,
  "dtype": "float16",
  "mean_time_us": 3421.0892859846354,
  "median_time_us": 4208.760568872094,
  "min_time_us": 160.6512814760208,
  "max_time_us": 15037.884935736656,
  "std_dev_us": 3111.2210533830494,
  "p95_time_us": 9472.870035097,
  "p99_time_us": 11471.45009599626,
  "load_imbalance_percent": 34.74068726572664,
  "per_rank_means_us": [
    4609.599215909839,
    2575.0143732875586,
    4300.722191110253,
    2199.021363630891
  ],
  "bandwidth_gbps": 0.1298802995465481
}