{
  "mpi_implementation": "deepspeed_oneccl",
  "operation": "allreduce",
  "num_ranks": 2,
  "data_size_name": "64KB",
  "num_elements": 16384,
  "dtype": "float16",
  "mean_time_us": 39.520496502518654,
  "median_time_us": 39.00937736034393,
  "min_time_us": 36.36116161942482,
  "max_time_us": 55.83604797720909,
  "std_dev_us": 2.6776300414344423,
  "p95_time_us": 42.52826329320669,
  "p99_time_us": 54.638069123029695,
  "load_imbalance_percent": 0.027901621334003344,
  "per_rank_means_us": [
    39.50946964323521,
    39.5315233618021
  ],
  "bandwidth_gbps": 1.0931138298848273
}