{
  "mpi_implementation": "deepspeed_oneccl",
  "operation": "reduce",
  "num_ranks": 16,
  "data_size_name": "1KB",
  "num_elements": 256,
  "dtype": "float16",
  "mean_time_us": 63.0807102425024,
  "median_time_us": 66.6577834635973,
  "min_time_us": 36.25405952334404,
  "max_time_us": 179.31126058101654,
  "std_dev_us": 10.289769735811586,
  "p95_time_us": 74.14612919092178,
  "p99_time_us": 79.68022022396326,
  "load_imbalance_percent": 16.46223762843914,
  "per_rank_means_us": [
    73.4652066603303,
    46.22952081263065,
    53.10076288878918,
    48.7495306879282,
    72.92470429092646,
    48.34319930523634,
    70.75183559209108,
    66.52863696217537,
    72.53088057041168,
    64.93581458926201,
    69.86554246395826,
    68.10546852648258,
    69.89273242652416,
    50.64487922936678,
    68.15771106630564,
    65.06493780761957
  ],
  "bandwidth_gbps": 0.04254832912628419
}