{
  "mpi_implementation": "deepspeed_oneccl",
  "operation": "reduce",
  "num_ranks": 2,
  "data_size_name": "16MB",
  "num_elements": 4194304,
  "dtype": "float16",
  "mean_time_us": 2377.5416798889637,
  "median_time_us": 2197.23884947598,
  "min_time_us": 1386.4333741366863,
  "max_time_us": 9889.106266200542,
  "std_dev_us": 1294.6415624432652,
  "p95_time_us": 5224.40292406827,
  "p99_time_us": 8258.324600756161,
  "load_imbalance_percent": 23.12773168966326,
  "per_rank_means_us": [
    2927.413140423596,
    1827.6702193543315
  ],
  "bandwidth_gbps": 1.5800214477827859
}