{
  "mpi_implementation": "deepspeed_oneccl",
  "operation": "reduce",
  "num_ranks": 2,
  "data_size_name": "64KB",
  "num_elements": 16384,
  "dtype": "float16",
  "mean_time_us": 54.69592520967126,
  "median_time_us": 54.99296821653843,
  "min_time_us": 46.98103293776512,
  "max_time_us": 70.68365812301636,
  "std_dev_us": 4.2865435379694405,
  "p95_time_us": 61.211502179503434,
  "p99_time_us": 66.36473815888162,
  "load_imbalance_percent": 5.154943735284446,
  "per_rank_means_us": [
    57.51546937972307,
    51.876381039619446
  ],
  "bandwidth_gbps": 0.8634974175187098
}