{
  "mpi_implementation": "deepspeed_oneccl",
  "operation": "allgather",
  "num_ranks": 2,
  "data_size_name": "1MB",
  "num_elements": 262144,
  "dtype": "float16",
  "mean_time_us": 93.39774027466774,
  "median_time_us": 89.99346755445004,
  "min_time_us": 85.76596155762672,
  "max_time_us": 295.47465965151787,
  "std_dev_us": 21.37086376289768,
  "p95_time_us": 96.31086140871042,
  "p99_time_us": 172.41280991583957,
  "load_imbalance_percent": 1.6883820979914725,
  "per_rank_means_us": [
    91.82082954794168,
    94.9746510013938
  ],
  "bandwidth_gbps": 3.305063456716578
}