{
  "mpi_implementation": "deepspeed_oneccl",
  "operation": "allreduce",
  "num_ranks": 4,
  "data_size_name": "1KB",
  "num_elements": 256,
  "dtype": "float16",
  "mean_time_us": 30.38011956959963,
  "median_time_us": 28.57181243598461,
  "min_time_us": 25.517772883176804,
  "max_time_us": 44.41896453499794,
  "std_dev_us": 4.588596960562845,
  "p95_time_us": 41.351793333888054,
  "p99_time_us": 42.59523469954729,
  "load_imbalance_percent": 0.7605975462291182,
  "per_rank_means_us": [
    30.321776866912842,
    30.385800637304783,
    30.201710760593414,
    30.611190013587475
  ],
  "bandwidth_gbps": 0.042939961630796004
}