{
  "mpi_implementation": "deepspeed_oneccl",
  "operation": "allreduce",
  "num_ranks": 8,
  "data_size_name": "16MB",
  "num_elements": 4194304,
  "dtype": "float16",
  "mean_time_us": 6390.787722193636,
  "median_time_us": 6840.064190328121,
  "min_time_us": 3162.16005012393,
  "max_time_us": 15511.020086705685,
  "std_dev_us": 2348.4035659676415,
  "p95_time_us": 9855.516371317208,
  "p99_time_us": 11360.210408456622,
  "load_imbalance_percent": 3.3572657694981496,
  "per_rank_means_us": [
    6101.863267831504,
    6588.069903664291,
    6274.670707061887,
    6546.268067322671,
    6122.751608490944,
    6605.343450792134,
    6411.025240086019,
    6476.309532299638
  ],
  "bandwidth_gbps": 4.029393273339129
}