{
  "mpi_implementation": "deepspeed_oneccl",
  "operation": "gather",
  "num_ranks": 8,
  "data_size_name": "64KB",
  "num_elements": 16384,
  "dtype": "float16",
  "mean_time_us": 3332.848663558252,
  "median_time_us": 84.85396392643452,
  "min_time_us": 48.05903881788254,
  "max_time_us": 648843.677714467,
  "std_dev_us": 45754.74241147489,
  "p95_time_us": 121.89508415758608,
  "p99_time_us": 367.28109233081335,
  "load_imbalance_percent": 98.2359217006652,
  "per_rank_means_us": [
    6606.903267093003,
    54.794931784272194,
    66.58255122601986,
    72.23107852041721,
    86.68775204569101,
    6579.529955051839,
    6594.579932279885,
    6601.47984046489
  ],
  "bandwidth_gbps": 0.00037627033041298674
}