{
  "mpi_implementation": "deepspeed_oneccl",
  "operation": "gather",
  "num_ranks": 16,
  "data_size_name": "16MB",
  "num_elements": 4194304,
  "dtype": "float16",
  "mean_time_us": 10581.170483201277,
  "median_time_us": 10999.342892318964,
  "min_time_us": 1414.6878384053707,
  "max_time_us": 19478.297792375088,
  "std_dev_us": 5589.102795608397,
  "p95_time_us": 18651.170865632594,
  "p99_time_us": 18905.40228690952,
  "load_imbalance_percent": 76.76319521065287,
  "per_rank_means_us": [
    18703.615036793053,
    1634.3539487570524,
    2643.3574641123414,
    3798.8990172743797,
    4939.082292839885,
    6199.095984920859,
    7477.28846501559,
    8754.97822649777,
    10034.18677020818,
    11311.591230332851,
    12584.775001741946,
    13797.541754320264,
    15069.25000809133,
    16196.511979214849,
    17524.755001068115,
    18629.44555003196
  ],
  "bandwidth_gbps": 6.4173985495248
}