{
  "implementation": "deepspeed_oneccl",
  "backend": "ccl",
  "operation": "allreduce",
  "num_ranks": 4,
  "tensor_shape": {
    "batch": 16,
    "seq_len": 4096,
    "hidden_dim": 4096
  },
  "num_elements": 268435456,
  "tensor_size_bytes": 536870912,
  "tensor_size_mb": 512.0,
  "dtype": "bfloat16",
  "warmup_iterations": 10,
  "measurement_iterations": 100,
  "timing_method": "time.perf_counter()",
  "timings": [
    [
      0.2948841801844537,
      0.29521036986261606,
      0.31948904879391193,
      0.29649334819987416,
      0.29546500416472554,
      0.2963066566735506,
      0.29568308824673295,
      0.29586857464164495,
      0.2954127858392894,
      0.29664595518261194,
      0.29833842907100916,
      0.2955436152406037,
      0.2730667470023036,
      0.2953668311238289,
      0.31936851097270846,
      0.29623816767707467,
      0.295581660233438,
      0.2955309539102018,
      0.29714565398171544,
      0.2957779229618609,
      0.27976721292361617,
      0.29544884199276567,
      0.31933708069846034,
      0.2955021457746625,
      0.2929451949894428,
      0.2953161629848182,
      0.3206603857688606,
      0.2957834471017122,
      0.2846902492456138,
      0.29561937879770994,
      0.2956867176108062,
      0.29536768328398466,
      0.295174618717283,
      0.2959644109942019,
      0.29578004591166973,
      0.2954356987029314,
      0.2921651299111545,
      0.2954705189913511,
      0.295445725787431,
      0.2920814868994057,
      0.295828347094357,
      0.29499782295897603,
      0.2955750427208841,
      0.29526519728824496,
      0.29520626179873943,
      0.2916732090525329,
      0.2950170380063355,
      0.29650395130738616,
      0.2965769632719457,
      0.29545696498826146,
      0.2948437612503767,
      0.3187958770431578,
      0.29852346098050475,
      0.2955076196230948,
      0.2949212263338268,
      0.29508335515856743,
      0.2952451519668102,
      0.3196443198248744,
      0.2951647159643471,
      0.29777261381968856,
      0.2951605059206486,
      0.2958078752271831,
      0.29488236317411065,
      0.294926683884114,
      0.29476548498496413,
      0.2952266330830753,
      0.3168942080810666,
      0.2951170369051397,
      0.29497496224939823,
      0.3005033559165895,
      0.2975542969070375,
      0.29539385391399264,
      0.29507093969732523,
      0.2953248848207295,
      0.2948236200027168,
      0.2874848870560527,
      0.29496364714577794,
      0.27477256674319506,
      0.29564706794917583,
      0.2956543741747737,
      0.3010944467969239,
      0.29581357166171074,
      0.2950293240137398,
      0.29550555907189846,
      0.2953029149211943,
      0.2915693479590118,
      0.2947917398996651,
      0.29136784793809056,
      0.295352335087955,
      0.295676551759243,
      0.2948681451380253,
      0.29533060314133763,
      0.2956087840721011,
      0.2956811096519232,
      0.29476432921364903,
      0.3190701501443982,
      0.2925681108608842,
      0.29531126329675317,
      0.2953114630654454,
      0.2880012011155486
    ],
    [
      0.29493221873417497,
      0.2952582063153386,
      0.31955923372879624,
      0.2965719969943166,
      0.29551924485713243,
      0.29636713210493326,
      0.29571499628946185,
      0.2959325942210853,
      0.2954592667520046,
      0.2965430272743106,
      0.29837973276153207,
      0.2955976789817214,
      0.27310442505404353,
      0.29540672013536096,
      0.3194319913163781,
      0.2962699607014656,
      0.2956160237081349,
      0.2956001190468669,
      0.2972171036526561,
      0.29580483585596085,
      0.2798186670988798,
      0.2955268006771803,
      0.3194121168926358,
      0.29553907457739115,
      0.2929773470386863,
      0.29532979195937514,
      0.320727813988924,
      0.29581978963688016,
      0.28474604105576873,
      0.2954952181316912,
      0.2957359100691974,
      0.29543629894033074,
      0.29523388110101223,
      0.2960144318640232,
      0.29583672899752855,
      0.2954986682161689,
      0.29224633798003197,
      0.29552278900519013,
      0.29549833200871944,
      0.2921491931192577,
      0.29570581298321486,
      0.29505494283512235,
      0.29562686011195183,
      0.29534979816526175,
      0.2952639367431402,
      0.29157678317278624,
      0.2950759860686958,
      0.29656502697616816,
      0.2966418256983161,
      0.29550808016210794,
      0.29490859108045697,
      0.31886939192190766,
      0.29841857915744185,
      0.2955553522333503,
      0.29498964827507734,
      0.2951300968416035,
      0.29513538628816605,
      0.31972170202061534,
      0.2950540999881923,
      0.2976603377610445,
      0.29521015007048845,
      0.29570490308105946,
      0.2949396423064172,
      0.2949796346947551,
      0.2948393588885665,
      0.29530092095956206,
      0.3167668879032135,
      0.29519018018618226,
      0.2950489902868867,
      0.30056715477257967,
      0.2976027629338205,
      0.29544909996911883,
      0.29513077763840556,
      0.2953665601089597,
      0.29485633689910173,
      0.2875603358261287,
      0.2949986099265516,
      0.27477300725877285,
      0.29550613509491086,
      0.2957182750105858,
      0.30112773505970836,
      0.2958695190027356,
      0.29509257385507226,
      0.29558001924306154,
      0.2951935827732086,
      0.29147190414369106,
      0.29465527925640345,
      0.29143683100119233,
      0.29540748428553343,
      0.2957492540590465,
      0.29493766697123647,
      0.2953992900438607,
      0.2954899510368705,
      0.29575867066159844,
      0.29481919342651963,
      0.31915159709751606,
      0.29262894904240966,
      0.2951906477101147,
      0.2953800712712109,
      0.28799222176894546
    ],
    [
      0.29339518398046494,
      0.29374424321576953,
      0.3141928734257817,
      0.29126325715333223,
      0.29394215112552047,
      0.29103110171854496,
      0.294312187936157,
      0.29073697701096535,
      0.29402901884168386,
      0.29120108392089605,
      0.2929754597134888,
      0.29411904606968164,
      0.2717590588144958,
      0.2940787058323622,
      0.3141785841435194,
      0.2949477508664131,
      0.2941091493703425,
      0.29403268825262785,
      0.29185075126588345,
      0.2943909913301468,
      0.27835493395105004,
      0.2940684203058481,
      0.3140783766284585,
      0.29408991103991866,
      0.2842827858403325,
      0.2939884918741882,
      0.31555998558178544,
      0.29173238296061754,
      0.2834915900602937,
      0.29410579008981586,
      0.29063329100608826,
      0.2902233307249844,
      0.2900414001196623,
      0.29463791102170944,
      0.2905822638422251,
      0.2939176307991147,
      0.2906284020282328,
      0.2940202089957893,
      0.29035547794774175,
      0.29078555991873145,
      0.2906281827017665,
      0.29375650361180305,
      0.2903635078109801,
      0.2903141132555902,
      0.2927018110640347,
      0.2865262506529689,
      0.29363785590976477,
      0.29530595522373915,
      0.29537901701405644,
      0.2940320447087288,
      0.2934010364115238,
      0.3177014817483723,
      0.2970881089568138,
      0.2939628050662577,
      0.29351048124954104,
      0.29396299831569195,
      0.2937107062898576,
      0.3181623239070177,
      0.2936548232100904,
      0.2925544925965369,
      0.29363262886181474,
      0.2943191071972251,
      0.29340327763929963,
      0.29374033305794,
      0.29332892084494233,
      0.2937768646515906,
      0.3119112253189087,
      0.2939173490740359,
      0.293582403101027,
      0.2991699520498514,
      0.2960702069103718,
      0.290602277033031,
      0.29005387984216213,
      0.2902639452368021,
      0.29328677570447326,
      0.2831225860863924,
      0.2934954590164125,
      0.2734902328811586,
      0.2904788260348141,
      0.29087492264807224,
      0.30031111324205995,
      0.29070932511240244,
      0.29393999790772796,
      0.2906807386316359,
      0.29387371614575386,
