{
  "implementation": "deepspeed_oneccl",
  "backend": "ccl",
  "operation": "allreduce",
  "num_ranks": 4,
  "tensor_shape": {
    "batch": 16,
    "seq_len": 4096,
    "hidden_dim": 2048
  },
  "num_elements": 134217728,
  "tensor_size_bytes": 268435456,
  "tensor_size_mb": 256.0,
  "dtype": "bfloat16",
  "warmup_iterations": 10,
  "measurement_iterations": 100,
  "timing_method": "time.perf_counter()",
  "timings": [
    [
      0.1424136320129037,
      0.1580537031404674,
      0.14582227682694793,
      0.1468558725900948,
      0.14036722481250763,
      0.14637177111580968,
      0.14624167187139392,
      0.14670138014480472,
      0.1443374240770936,
      0.146308034658432,
      0.15799585497006774,
      0.15784219093620777,
      0.14433853095397353,
      0.14608661085367203,
      0.14634080277755857,
      0.14640318416059017,
      0.15592148201540112,
      0.1473787510767579,
      0.14628384495154023,
      0.14662790996953845,
      0.1571831558831036,
      0.14615918323397636,
      0.1462434441782534,
      0.14678518008440733,
      0.1595547515898943,
      0.146406639367342,
      0.1441094228066504,
      0.14683243166655302,
      0.14624467585235834,
      0.14613730926066637,
      0.1578842089511454,
      0.14655557787045836,
      0.1461959769949317,
      0.14613601798191667,
      0.157855034340173,
      0.1465567979030311,
      0.14630589401349425,
      0.14604273671284318,
      0.14628964383155107,
      0.14642308186739683,
      0.15778929833322763,
      0.14615765772759914,
      0.14626065827906132,
      0.1463519148528576,
      0.1579273622483015,
      0.14556835312396288,
      0.14629654912278056,
      0.14651730982586741,
      0.15785412630066276,
      0.14626186899840832,
      0.14637243980541825,
      0.1462307833135128,
      0.15807982999831438,
      0.13683519465848804,
      0.1463584741577506,
      0.15745776100084186,
      0.15782527392730117,
      0.14591106912121177,
      0.14627793617546558,
      0.14650616608560085,
      0.14517537783831358,
      0.1445288392715156,
      0.15809996984899044,
      0.157707829028368,
      0.15786529891192913,
      0.14463004609569907,
      0.15806410927325487,
      0.1464715413749218,
      0.14648016588762403,
      0.14008763805031776,
      0.14642787678167224,
      0.14637278206646442,
      0.14643399324268103,
      0.14559630304574966,
      0.14634116180241108,
      0.14613543590530753,
      0.14631921891123056,
      0.1461845594458282,
      0.14633069606497884,
      0.1466040750965476,
      0.14441934507340193,
      0.14609237480908632,
      0.15804361831396818,
      0.1463395138271153,
      0.14628358790650964,
      0.14622223284095526,
      0.14637240255251527,
      0.14620390813797712,
      0.154149548150599,
      0.146241360809654,
      0.14628434972837567,
      0.14631253201514482,
      0.15786462603136897,
      0.14619291899725795,
      0.14640136202797294,
      0.14657881064340472,
      0.15803164103999734,
      0.1463859137147665,
      0.14766621077433228,
      0.1467834091745317
    ],
    [
      0.1424886886961758,
      0.158113282173872,
      0.14587573194876313,
      0.14691002992913127,
      0.14044302375987172,
      0.14643324771896005,
      0.1463068532757461,
      0.14678190695121884,
      0.1443820921704173,
      0.14636083599179983,
      0.15807308023795485,
      0.15791715821251273,
      0.1443964634090662,
      0.14612219901755452,
      0.146403341088444,
      0.14648209605365992,
      0.15597847988829017,
      0.14744343515485525,
      0.14630828518420458,
      0.14668895304203033,
      0.15724555309861898,
      0.14620279474183917,
      0.146308409050107,
      0.1468408089131117,
      0.15962274372577667,
      0.14646379603073,
      0.14416289469227195,
      0.14689787570387125,
      0.14631279837340117,
      0.14621255407109857,
      0.15795347886160016,
      0.14660084107890725,
      0.146254844032228,
      0.14619365287944674,
      0.15790571132674813,
      0.14660901902243495,
      0.14637559605762362,
      0.1461022780276835,
      0.1463484140112996,
      0.1465058089233935,
      0.15786970499902964,
      0.14615157525986433,
      0.14633696991950274,
      0.14641583804041147,
      0.15782455215230584,
      0.14563733572140336,
      0.1463622972369194,
      0.14659982593730092,
      0.15793096600100398,
      0.1463226811029017,
      0.14643344609066844,
      0.14629689790308475,
      0.15796509897336364,
      0.13692893320694566,
      0.14643074991181493,
      0.15753836371004581,
      0.1579116969369352,
      0.14597194315865636,
      0.14634848199784756,
      0.1465692617930472,
      0.14527140883728862,
      0.14461573213338852,
      0.1581421778537333,
      0.15777354734018445,
      0.1579514229670167,
      0.14468330098316073,
      0.15814907988533378,
      0.14653819613158703,
      0.14655890688300133,
      0.14015153888612986,
      0.14648002805188298,
      0.1464038291014731,
      0.14651332097128034,
      0.14566368283703923,
      0.1463982560671866,
      0.14621257316321135,
      0.14640584541484714,
      0.146096077747643,
      0.14638191182166338,
      0.14665884478017688,
      0.14449676498770714,
      0.14616763684898615,
      0.15809984877705574,
      0.14641282008960843,
      0.14635179191827774,
      0.14627211913466454,
      0.14644091483205557,
      0.14626547135412693,
      0.15423224493861198,
      0.146320017054677,
      0.14634042885154486,
      0.1463775346055627,
      0.1579413888975978,
      0.14627096243202686,
      0.14644706202670932,
      0.14664630591869354,
      0.15811766684055328,
      0.14645803393796086,
      0.14774181181564927,
      0.14684251695871353
    ],
    [
      0.14025392616167665,
      0.1574520356953144,
      0.1451617074199021,
      0.14623483503237367,
      0.13982211612164974,
      0.14575315872207284,
      0.14557537715882063,
      0.14604116696864367,
      0.14201289601624012,
      0.1456933212466538,
      0.15731023298576474,
      0.15711919032037258,
      0.14200834929943085,
      0.14553909422829747,
      0.14572419319301844,
      0.14569668099284172,
      0.15353083424270153,
      0.14499313617125154,
      0.14570482401177287,
      0.14601792627945542,
      0.15488034998998046,
      0.14561272598803043,
      0.145589514169842,
      0.14610126474872231,
      0.15724258497357368,
      0.14428071305155754,
      0.14197661634534597,
      0.1460694270208478,
      0.1451123496517539,
      0.14561499515548348,
      0.1572337243705988,
      0.14589956309646368,
      0.14553453493863344,
      0.14560146629810333,
      0.15717074694111943,
      0.1458365162834525,
      0.14565225597471,
      0.14545922726392746,
      0.14558186195790768,
      0.14580740733072162,
      0.15710447588935494,
      0.1455830717459321,
      0.14548895368352532,
      0.1457592616789043,
      0.15706858597695827,
      0.14521998818963766,
      0.1455840291455388,
      0.145910759922117,
      0.15721540665253997,
      0.14565664576366544,
      0.1457731407135725,
      0.1456017317250371,
      0.1572865811176598,
      0.13629469787701964,
      0.1456720302812755,
      0.15684008365496993,
      0.15717087918892503,
      0.14536604704335332,
      0.14555811183527112,
      0.1458537681028247,
      0.14275040291249752,
      0.14241798222064972,
      0.15746981976553798,
      0.15707954531535506,
      0.15723003819584846,
      0.14364911895245314,
      0.1573910191655159,
      0.14581587491557002,
      0.14578722324222326,
      0.13960785325616598,
      0.14568975195288658,
      0.14565866207703948,
      0.14564614603295922,
      0.14344234112650156,
      0.14563414687290788,
      0.14549373788759112,
      0.14557352801784873,
      0.14377619931474328,
      0.14564286079257727,
      0.14592838380485773,
      0.14215004909783602,
      0.1438381909392774,
