implementation,operation,num_ranks,hidden_dim,seq_len,batch,tensor_size_mb,num_elements,mean_time_ms,median_time_ms,min_time_ms,max_time_ms
deepspeed_oneccl,allreduce,8,2048,2048,8,64.0,33554432,33.988946775207296,33.948410768061876,32.647209241986275,36.5500720217824
deepspeed_oneccl,allreduce,8,2048,2048,16,128.0,67108864,58.71400721371174,58.68177814409137,57.21312668174505,60.521229170262814
deepspeed_oneccl,allreduce,8,2048,4096,8,128.0,67108864,58.691189396195114,58.67497902363539,56.53203371912241,60.599641874432564
deepspeed_oneccl,allreduce,8,2048,4096,16,256.0,134217728,107.53957177279517,107.52298729494214,104.90298271179199,109.81523524969816
deepspeed_oneccl,allreduce,8,4096,2048,8,128.0,67108864,58.67695151944645,58.709769044071436,57.1808610111475,60.057262890040874
deepspeed_oneccl,allreduce,8,4096,2048,16,256.0,134217728,107.47081591165625,107.4740937910974,104.56898435950279,110.10243464261293
deepspeed_oneccl,allreduce,8,4096,4096,8,256.0,134217728,107.44956673122942,107.47473454102874,105.01952655613422,109.6662925556302
deepspeed_oneccl,allreduce,8,4096,4096,16,512.0,268435456,193.2084482803475,193.20688815787435,188.90956044197083,197.2413994371891
