{
  "implementation": "deepspeed_oneccl",
  "operation": "allreduce",
  "num_ranks": 8,
  "hidden_dim": 2048,
  "seq_len": 4096,
  "batch": 16,
  "tensor_size_mb": 256.0,
  "num_elements": 134217728,
  "mean_time_ms": 107.53957177279517,
  "median_time_ms": 107.52298729494214,
  "min_time_ms": 104.90298271179199,
  "max_time_ms": 109.81523524969816
}