{
  "implementation": "deepspeed_oneccl",
  "operation": "allreduce",
  "num_ranks": 8,
  "hidden_dim": 4096,
  "seq_len": 2048,
  "batch": 8,
  "tensor_size_mb": 128.0,
  "num_elements": 67108864,
  "mean_time_ms": 58.67695151944645,
  "median_time_ms": 58.709769044071436,
  "min_time_ms": 57.1808610111475,
  "max_time_ms": 60.057262890040874
}