{
  "implementation": "deepspeed_oneccl",
  "operation": "allreduce",
  "num_ranks": 4,
  "hidden_dim": 2048,
  "seq_len": 2048,
  "batch": 8,
  "tensor_size_mb": 64.0,
  "num_elements": 33554432,
  "mean_time_ms": 28.174928636290133,
  "median_time_ms": 28.19874882698059,
  "min_time_ms": 26.185495778918266,
  "max_time_ms": 28.518397361040115
}