{
  "implementation": "deepspeed_oneccl",
  "operation": "allreduce",
  "num_ranks": 8,
  "hidden_dim": 2048,
  "seq_len": 2048,
  "batch": 16,
  "tensor_size_mb": 128.0,
  "num_elements": 67108864,
  "mean_time_ms": 74.2516709730262,
  "median_time_ms": 74.27339907735586,
  "min_time_ms": 70.36916492506862,
  "max_time_ms": 75.48071397468448
}