{
  "implementation": "deepspeed_oneccl",
  "operation": "allreduce",
  "num_ranks": 4,
  "hidden_dim": 2048,
  "seq_len": 4096,
  "batch": 16,
  "tensor_size_mb": 256.0,
  "num_elements": 134217728,
  "mean_time_ms": 111.35875655454583,
  "median_time_ms": 111.52755375951529,
  "min_time_ms": 104.62619317695498,
  "max_time_ms": 112.79341066256166
}