{
  "implementation": "mpi_oneccl",
  "operation": "allreduce",
  "num_ranks": 4,
  "hidden_dim": 2048,
  "seq_len": 2048,
  "batch": 16,
  "tensor_size_mb": 128.0,
  "num_elements": 67108864,
  "mean_time_ms": 58.416796198580414,
  "median_time_ms": 58.399681467562914,
  "min_time_ms": 58.11663810163736,
  "max_time_ms": 60.74861437082291
}