{
  "implementation": "mpi_oneccl",
  "operation": "allreduce",
  "num_ranks": 4,
  "hidden_dim": 4096,
  "seq_len": 2048,
  "batch": 16,
  "tensor_size_mb": 256.0,
  "num_elements": 134217728,
  "mean_time_ms": 122.28883567731827,
  "median_time_ms": 122.34396394342184,
  "min_time_ms": 121.78987544029951,
  "max_time_ms": 124.95474517345428
}