{
  "implementation": "mpi_oneccl",
  "operation": "allreduce",
  "num_ranks": 8,
  "hidden_dim": 2048,
  "seq_len": 4096,
  "batch": 8,
  "tensor_size_mb": 128.0,
  "num_elements": 67108864,
  "mean_time_ms": 42.0926683396101,
  "median_time_ms": 41.8684845790267,
  "min_time_ms": 41.539425030350685,
  "max_time_ms": 43.85922849178314
}